policy,episode,seed,by_type,events,expected_lost,expected_saved,expected_saved_per_patient,mean_response_minutes,mean_scene_minutes,mean_transport_minutes,p90_response_minutes,reached_patients,response_rate,seeded_patients,terminal_patients,unreached_patients
greedy,0,1000,"{""cardiac"": {""expected_lost"": 8.286562733321494, ""expected_saved"": 0.7134372666785054, ""mean_response_minutes"": 31.579574053741542, ""mean_scene_minutes"": 12.0, ""mean_transport_minutes"": 40.228571428571435, ""p90_response_minutes"": 54.945515930960084, ""patients"": 9, ""response_count"": 7, ""response_minutes"": 221.0570183761908, ""scene_count"": 7, ""scene_minutes"": 84.0, ""transport_count"": 7, ""transport_minutes"": 281.6}, ""minor"": {""expected_lost"": 1.4137063371780725, ""expected_saved"": 12.586293662821927, ""mean_response_minutes"": 35.06807702837529, ""mean_scene_minutes"": 10.0, ""mean_transport_minutes"": 39.13214285714286, ""p90_response_minutes"": 51.87938496729575, ""patients"": 14, ""response_count"": 14, ""response_minutes"": 490.95307839725405, ""scene_count"": 14, ""scene_minutes"": 140.0, ""transport_count"": 14, ""transport_minutes"": 547.85}, ""stroke"": {""expected_lost"": 10.358294378543917, ""expected_saved"": 4.64170562145608, ""mean_response_minutes"": 87.93703085484812, ""mean_scene_minutes"": 14.0, ""mean_transport_minutes"": 25.789285714285693, ""p90_response_minutes"": 147.08562524047107, ""patients"": 15, ""response_count"": 14, ""response_minutes"": 1231.1184319678737, ""scene_count"": 14, ""scene_minutes"": 196.0, ""transport_count"": 14, ""transport_minutes"": 361.0499999999997}, ""trauma"": {""expected_lost"": 7.465220379602227, ""expected_saved"": 0.5347796195775586, ""mean_response_minutes"": 151.84112596276591, ""mean_scene_minutes"": 13.714285714285714, ""mean_transport_minutes"": 25.95999999999999, ""p90_response_minutes"": 350.7361048389467, ""patients"": 8, ""response_count"": 7, ""response_minutes"": 1062.8878817393613, ""scene_count"": 7, ""scene_minutes"": 96.0, ""transport_count"": 5, ""transport_minutes"": 129.79999999999995}}","{""arrive_hospital"": 95, ""arrive_scene"": 42, ""hospital_release"": 67, ""patient_arrival"": 46, ""reposition_complete"": 39, ""restock_complete"": 39, ""scene_complete"": 41, ""transfer_ready"": 72}",27.523784,18.476216,0.4016568732724798,71.57181929715902,12.285714285714286,33.00749999999999,126.32576419937067,42,0.9130434782608695,46,46,4
greedy,1,1001,"{""cardiac"": {""expected_lost"": 13.220236917628366, ""expected_saved"": 0.7797630823716348, ""mean_response_minutes"": 33.4428940767812, ""mean_scene_minutes"": 12.0, ""mean_transport_minutes"": 40.768749999999976, ""p90_response_minutes"": 55.86037930893119, ""patients"": 14, ""response_count"": 8, ""response_minutes"": 267.5431526142496, ""scene_count"": 8, ""scene_minutes"": 96.0, ""transport_count"": 8, ""transport_minutes"": 326.1499999999998}, ""minor"": {""expected_lost"": 2.3488382459205965, ""expected_saved"": 10.651161754079402, ""mean_response_minutes"": 24.413673064356544, ""mean_scene_minutes"": 10.0, ""mean_transport_minutes"": 44.127272727272704, ""p90_response_minutes"": 56.24458009103617, ""patients"": 13, ""response_count"": 12, ""response_minutes"": 292.96407677227853, ""scene_count"": 12, ""scene_minutes"": 120.0, ""transport_count"": 11, ""transport_minutes"": 485.39999999999975}, ""stroke"": {""expected_lost"": 8.719259870996758, ""expected_saved"": 2.280740129003241, ""mean_response_minutes"": 47.030392642244934, ""mean_scene_minutes"": 14.0, ""mean_transport_minutes"": 26.0, ""p90_response_minutes"": 73.97156903187181, ""patients"": 11, ""response_count"": 8, ""response_minutes"": 376.24314113795947, ""scene_count"": 8, ""scene_minutes"": 112.0, ""transport_count"": 7, ""transport_minutes"": 182.0}, ""trauma"": {""expected_lost"": 11.719724242168784, ""expected_saved"": 2.2802757578312125, ""mean_response_minutes"": 33.082187022382115, ""mean_scene_minutes"": 16.0, ""mean_transport_minutes"": 23.918181818181832, ""p90_response_minutes"": 77.72271323536097, ""patients"": 14, ""response_count"": 11, ""response_minutes"": 363.90405724620325, ""scene_count"": 11, ""scene_minutes"": 176.0, ""transport_count"": 11, ""transport_minutes"": 263.10000000000014}}","{""arrive_hospital"": 82, ""arrive_scene"": 39, ""hospital_release"": 60, ""patient_arrival"": 52, ""reposition_complete"": 36, ""restock_complete"": 37, ""scene_complete"": 39, ""transfer_ready"": 63}",36.008059,15.991941,0.307537321601644,33.350113532581815,12.923076923076923,33.963513513513504,68.37221966725195,39,0.75,52,52,13
greedy,2,1002,"{""cardiac"": {""expected_lost"": 7.62261934866199, ""expected_saved"": 1.3773806513380094, ""mean_response_minutes"": 29.03106899495377, ""mean_scene_minutes"": 10.666666666666664, ""mean_transport_minutes"": 42.837500000000006, ""p90_response_minutes"": 62.61908045515128, ""patients"": 9, ""response_count"": 9, ""response_minutes"": 261.27962095458395, ""scene_count"": 9, ""scene_minutes"": 95.99999999999997, ""transport_count"": 8, ""transport_minutes"": 342.70000000000005}, ""minor"": {""expected_lost"": 0.7371480708180157, ""expected_saved"": 6.262851929181984, ""mean_response_minutes"": 35.93853046420743, ""mean_scene_minutes"": 10.0, ""mean_transport_minutes"": 39.0, ""p90_response_minutes"": 61.58816806027856, ""patients"": 7, ""response_count"": 7, ""response_minutes"": 251.56971324945204, ""scene_count"": 7, ""scene_minutes"": 70.0, ""transport_count"": 7, ""transport_minutes"": 273.0}, ""stroke"": {""expected_lost"": 5.7384570910884545, ""expected_saved"": 4.2615429089115455, ""mean_response_minutes"": 53.01870804114443, ""mean_scene_minutes"": 14.0, ""mean_transport_minutes"": 26.415, ""p90_response_minutes"": 98.45295881998945, ""patients"": 10, ""response_count"": 10, ""response_minutes"": 530.1870804114443, ""scene_count"": 10, ""scene_minutes"": 140.0, ""transport_count"": 10, ""transport_minutes"": 264.15}, ""trauma"": {""expected_lost"": 8.825162972679674, ""expected_saved"": 2.1748370273203257, ""mean_response_minutes"": 28.348477643373975, ""mean_scene_minutes"": 14.4, ""mean_transport_minutes"": 25.75, ""p90_response_minutes"": 49.6790327577694, ""patients"": 11, ""response_count"": 10, ""response_minutes"": 283.48477643373974, ""scene_count"": 10, ""scene_minutes"": 144.0, ""transport_count"": 9, ""transport_minutes"": 231.75}}","{""arrive_hospital"": 74, ""arrive_scene"": 36, ""hospital_release"": 53, ""patient_arrival"": 37, ""reposition_complete"": 33, ""restock_complete"": 34, ""scene_complete"": 34, ""transfer_ready"": 59}",22.923387,14.076613,0.3804489869392396,36.84781086247833,12.5,32.69411764705882,75.72054966261467,36,0.972972972972973,37,37,1
greedy,3,1003,"{""cardiac"": {""expected_lost"": 13.139409852804397, ""expected_saved"": 0.8605901471956036, ""mean_response_minutes"": 48.729400051638926, ""mean_scene_minutes"": 12.0, ""mean_transport_minutes"": 42.235714285714266, ""p90_response_minutes"": 104.16024502885922, ""patients"": 14, ""response_count"": 7, ""response_minutes"": 341.10580036147246, ""scene_count"": 7, ""scene_minutes"": 84.0, ""transport_count"": 7, ""transport_minutes"": 295.64999999999986}, ""minor"": {""expected_lost"": 2.9958176120373206, ""expected_saved"": 13.004182387962679, ""mean_response_minutes"": 49.88545441755876, ""mean_scene_minutes"": 10.0, ""mean_transport_minutes"": 38.440000000000005, ""p90_response_minutes"": 82.64643214816874, ""patients"": 16, ""response_count"": 16, ""response_minutes"": 798.1672706809402, ""scene_count"": 16, ""scene_minutes"": 160.0, ""transport_count"": 15, ""transport_minutes"": 576.6}, ""stroke"": {""expected_lost"": 10.589004580130984, ""expected_saved"": 4.410995419869016, ""mean_response_minutes"": 119.23252382926034, ""mean_scene_minutes"": 14.0, ""mean_transport_minutes"": 28.48214285714285, ""p90_response_minutes"": 373.797550014217, ""patients"": 15, ""response_count"": 14, ""response_minutes"": 1669.2553336096448, ""scene_count"": 14, ""scene_minutes"": 196.0, ""transport_count"": 14, ""transport_minutes"": 398.7499999999999}, ""trauma"": {""expected_lost"": 9.516873107301592, ""expected_saved"": 1.483126892698408, ""mean_response_minutes"": 22.973902759577566, ""mean_scene_minutes"": 16.0, ""mean_transport_minutes"": 21.833333333333332, ""p90_response_minutes"": 33.37622773862381, ""patients"": 11, ""response_count"": 6, ""response_minutes"": 137.8434165574654, ""scene_count"": 6, ""scene_minutes"": 96.0, ""transport_count"": 6, ""transport_minutes"": 131.0}}","{""arrive_hospital"": 100, ""arrive_scene"": 43, ""hospital_release"": 71, ""patient_arrival"": 56, ""reposition_complete"": 40, ""restock_complete"": 41, ""scene_complete"": 43, ""transfer_ready"": 78}",36.241105,19.758895,0.3528374079951019,68.52027491184937,12.465116279069768,33.38095238095237,183.56884837502741,43,0.7678571428571429,56,56,13
greedy,4,1004,"{""cardiac"": {""expected_lost"": 6.818348840115851, ""expected_saved"": 1.1816511598841486, ""mean_response_minutes"": 15.263855119840457, ""mean_scene_minutes"": 12.0, ""mean_transport_minutes"": 37.76666666666667, ""p90_response_minutes"": 20.759286774708073, ""patients"": 8, ""response_count"": 6, ""response_minutes"": 91.58313071904274, ""scene_count"": 6, ""scene_minutes"": 72.0, ""transport_count"": 6, ""transport_minutes"": 226.60000000000002}, ""minor"": {""expected_lost"": 0.4592079672547352, ""expected_saved"": 5.540792032745265, ""mean_response_minutes"": 25.70789082003762, ""mean_scene_minutes"": 10.0, ""mean_transport_minutes"": 38.333333333333336, ""p90_response_minutes"": 53.45507121266496, ""patients"": 6, ""response_count"": 6, ""response_minutes"": 154.24734492022571, ""scene_count"": 6, ""scene_minutes"": 60.0, ""transport_count"": 6, ""transport_minutes"": 230.0}, ""stroke"": {""expected_lost"": 8.019533312555858, ""expected_saved"": 3.9804666874441437, ""mean_response_minutes"": 58.649759106859115, ""mean_scene_minutes"": 12.727272727272727, ""mean_transport_minutes"": 28.5, ""p90_response_minutes"": 168.16409681290042, ""patients"": 12, ""response_count"": 11, ""response_minutes"": 645.1473501754502, ""scene_count"": 11, ""scene_minutes"": 140.0, ""transport_count"": 9, ""transport_minutes"": 256.5}, ""trauma"": {""expected_lost"": 10.74786253714272, ""expected_saved"": 2.2521374628572803, ""mean_response_minutes"": 25.16558291148099, ""mean_scene_minutes"": 16.0, ""mean_transport_minutes"": 26.175000000000004, ""p90_response_minutes"": 34.48021433539236, ""patients"": 13, ""response_count"": 10, ""response_minutes"": 251.65582911480988, ""scene_count"": 10, ""scene_minutes"": 160.0, ""transport_count"": 10, ""transport_minutes"": 261.75000000000006}}","{""arrive_hospital"": 64, ""arrive_scene"": 33, ""hospital_release"": 48, ""patient_arrival"": 39, ""reposition_complete"": 31, ""restock_complete"": 31, ""scene_complete"": 32, ""transfer_ready"": 52}",26.044953,12.955047,0.33218070110079057,34.625262270591776,13.090909090909092,31.44677419354839,61.599140928939164,33,0.8461538461538461,39,39,6
greedy,5,1005,"{""cardiac"": {""expected_lost"": 7.301933088681054, ""expected_saved"": 0.6980669113189456, ""mean_response_minutes"": 30.02155228476847, ""mean_scene_minutes"": 11.999999999999991, ""mean_transport_minutes"": 43.980000000000004, ""p90_response_minutes"": 59.41763052901476, ""patients"": 8, ""response_count"": 6, ""response_minutes"": 180.12931370861082, ""scene_count"": 6, ""scene_minutes"": 71.99999999999994, ""transport_count"": 5, ""transport_minutes"": 219.9}, ""minor"": {""expected_lost"": 1.5432709432867886, ""expected_saved"": 9.456729056713213, ""mean_response_minutes"": 42.19623316689127, ""mean_scene_minutes"": 10.0, ""mean_transport_minutes"": 41.395454545454534, ""p90_response_minutes"": 84.54317961817287, ""patients"": 11, ""response_count"": 11, ""response_minutes"": 464.15856483580393, ""scene_count"": 11, ""scene_minutes"": 110.0, ""transport_count"": 11, ""transport_minutes"": 455.34999999999985}, ""stroke"": {""expected_lost"": 4.6275504771648555, ""expected_saved"": 3.3724495228351437, ""mean_response_minutes"": 81.17475964469396, ""mean_scene_minutes"": 14.0, ""mean_transport_minutes"": 28.01250000000001, ""p90_response_minutes"": 253.12897280873923, ""patients"": 8, ""response_count"": 8, ""response_minutes"": 649.3980771575517, ""scene_count"": 8, ""scene_minutes"": 112.0, ""transport_count"": 8, ""transport_minutes"": 224.10000000000008}, ""trauma"": {""expected_lost"": 10.250223184521827, ""expected_saved"": 1.7497768154781734, ""mean_response_minutes"": 58.15395338286637, ""mean_scene_minutes"": 15.99999999999999, ""mean_transport_minutes"": 28.19000000000001, ""p90_response_minutes"": 146.42351298390832, ""patients"": 12, ""response_count"": 11, ""response_minutes"": 639.69348721153, ""scene_count"": 11, ""scene_minutes"": 175.9999999999999, ""transport_count"": 10, ""transport_minutes"": 281.9000000000001}}","{""arrive_hospital"": 74, ""arrive_scene"": 36, ""hospital_release"": 58, ""patient_arrival"": 39, ""reposition_complete"": 34, ""restock_complete"": 34, ""scene_complete"": 36, ""transfer_ready"": 58}",23.722978,15.277022,0.39171852067552493,53.70498452537491,13.05555555555555,34.74264705882353,120.47519265187671,36,0.9230769230769231,39,39,3
greedy,6,1006,"{""cardiac"": {""expected_lost"": 9.241562784144051, ""expected_saved"": 0.7584372158559478, ""mean_response_minutes"": 69.51470019956345, ""mean_scene_minutes"": 12.0, ""mean_transport_minutes"": 40.94285714285714, ""p90_response_minutes"": 180.7261356797933, ""patients"": 10, ""response_count"": 7, ""response_minutes"": 486.6029013969441, ""scene_count"": 7, ""scene_minutes"": 84.0, ""transport_count"": 7, ""transport_minutes"": 286.6}, ""minor"": {""expected_lost"": 2.5743451467908125, ""expected_saved"": 14.425654853209188, ""mean_response_minutes"": 45.17961706861303, ""mean_scene_minutes"": 10.0, ""mean_transport_minutes"": 42.19411764705882, ""p90_response_minutes"": 81.14628171961843, ""patients"": 17, ""response_count"": 17, ""response_minutes"": 768.0534901664214, ""scene_count"": 17, ""scene_minutes"": 170.0, ""transport_count"": 17, ""transport_minutes"": 717.3}, ""stroke"": {""expected_lost"": 8.454074278403409, ""expected_saved"": 2.545925721596591, ""mean_response_minutes"": 97.95245593122605, ""mean_scene_minutes"": 14.0, ""mean_transport_minutes"": 25.68888888888887, ""p90_response_minutes"": 251.56606638992787, ""patients"": 11, ""response_count"": 9, ""response_minutes"": 881.5721033810345, ""scene_count"": 9, ""scene_minutes"": 126.0, ""transport_count"": 9, ""transport_minutes"": 231.19999999999982}, ""trauma"": {""expected_lost"": 13.090566022247344, ""expected_saved"": 0.9094339777526567, ""mean_response_minutes"": 112.50953262401143, ""mean_scene_minutes"": 16.0, ""mean_transport_minutes"": 26.7, ""p90_response_minutes"": 237.38803213669578, ""patients"": 14, ""response_count"": 10, ""response_minutes"": 1125.0953262401142, ""scene_count"": 10, ""scene_minutes"": 160.0, ""transport_count"": 10, ""transport_minutes"": 267.0}}","{""arrive_hospital"": 100, ""arrive_scene"": 43, ""hospital_release"": 68, ""patient_arrival"": 52, ""reposition_complete"": 40, ""restock_complete"": 41, ""scene_complete"": 43, ""transfer_ready"": 76}",33.360548,18.639452,0.3584509955464302,75.84474002754683,12.55813953488372,34.932558139534876,184.57477269675869,43,0.8269230769230769,52,52,9
greedy,7,1007,"{""cardiac"": {""expected_lost"": 17.796735094774366, ""expected_saved"": 1.2032649052256328, ""mean_response_minutes"": 27.58339037143672, ""mean_scene_minutes"": 12.0, ""mean_transport_minutes"": 42.574999999999996, ""p90_response_minutes"": 53.277355104421176, ""patients"": 19, ""response_count"": 8, ""response_minutes"": 220.66712297149377, ""scene_count"": 8, ""scene_minutes"": 96.0, ""transport_count"": 8, ""transport_minutes"": 340.59999999999997}, ""minor"": {""expected_lost"": 1.2631827056347733, ""expected_saved"": 8.736817294365226, ""mean_response_minutes"": 42.37258390905166, ""mean_scene_minutes"": 10.0, ""mean_transport_minutes"": 40.769999999999975, ""p90_response_minutes"": 61.40550179647617, ""patients"": 10, ""response_count"": 10, ""response_minutes"": 423.7258390905166, ""scene_count"": 10, ""scene_minutes"": 100.0, ""transport_count"": 10, ""transport_minutes"": 407.69999999999976}, ""stroke"": {""expected_lost"": 5.894687784039462, ""expected_saved"": 4.105312215960537, ""mean_response_minutes"": 46.416363438448435, ""mean_scene_minutes"": 14.0, ""mean_transport_minutes"": 26.625, ""p90_response_minutes"": 127.97737131766648, ""patients"": 10, ""response_count"": 10, ""response_minutes"": 464.16363438448434, ""scene_count"": 10, ""scene_minutes"": 140.0, ""transport_count"": 10, ""transport_minutes"": 266.25}, ""trauma"": {""expected_lost"": 8.545783234869312, ""expected_saved"": 1.4542167651306908, ""mean_response_minutes"": 65.56539313771482, ""mean_scene_minutes"": 16.0, ""mean_transport_minutes"": 24.47222222222221, ""p90_response_minutes"": 182.1762727038011, ""patients"": 10, ""response_count"": 9, ""response_minutes"": 590.0885382394334, ""scene_count"": 9, ""scene_minutes"": 144.0, ""transport_count"": 9, ""transport_minutes"": 220.2499999999999}}","{""arrive_hospital"": 82, ""arrive_scene"": 37, ""hospital_release"": 59, ""patient_arrival"": 49, ""reposition_complete"": 34, ""restock_complete"": 35, ""scene_complete"": 37, ""transfer_ready"": 64}",33.500389,15.499611,0.3163185955241241,45.909327964484554,12.972972972972974,33.37297297297297,134.73860191491295,37,0.7551020408163265,49,49,12
greedy,8,1008,"{""cardiac"": {""expected_lost"": 13.378588290349926, ""expected_saved"": 0.621411709650076, ""mean_response_minutes"": 77.23189131786306, ""mean_scene_minutes"": 12.0, ""mean_transport_minutes"": 41.09999999999999, ""p90_response_minutes"": 184.40365006930517, ""patients"": 14, ""response_count"": 6, ""response_minutes"": 463.39134790717833, ""scene_count"": 6, ""scene_minutes"": 72.0, ""transport_count"": 6, ""transport_minutes"": 246.5999999999999}, ""minor"": {""expected_lost"": 1.1723887114918745, ""expected_saved"": 6.827611288508127, ""mean_response_minutes"": 42.25165744388022, ""mean_scene_minutes"": 10.0, ""mean_transport_minutes"": 40.050000000000004, ""p90_response_minutes"": 66.04848987938382, ""patients"": 8, ""response_count"": 8, ""response_minutes"": 338.01325955104176, ""scene_count"": 8, ""scene_minutes"": 80.0, ""transport_count"": 8, ""transport_minutes"": 320.40000000000003}, ""stroke"": {""expected_lost"": 11.097720437498408, ""expected_saved"": 3.902279562501593, ""mean_response_minutes"": 182.10206786668124, ""mean_scene_minutes"": 14.0, ""mean_transport_minutes"": 28.52307692307692, ""p90_response_minutes"": 667.8060930464237, ""patients"": 15, ""response_count"": 13, ""response_minutes"": 2367.326882266856, ""scene_count"": 13, ""scene_minutes"": 182.0, ""transport_count"": 13, ""transport_minutes"": 370.79999999999995}, ""trauma"": {""expected_lost"": 11.287403134420636, ""expected_saved"": 1.712596865579363, ""mean_response_minutes"": 38.45823621425387, ""mean_scene_minutes"": 16.0, ""mean_transport_minutes"": 29.4, ""p90_response_minutes"": 78.71176560880629, ""patients"": 13, ""response_count"": 10, ""response_minutes"": 384.5823621425387, ""scene_count"": 10, ""scene_minutes"": 160.0, ""transport_count"": 10, ""transport_minutes"": 294.0}}","{""arrive_hospital"": 78, ""arrive_scene"": 37, ""hospital_release"": 58, ""patient_arrival"": 50, ""reposition_complete"": 35, ""restock_complete"": 36, ""scene_complete"": 37, ""transfer_ready"": 63}",36.936101,13.063899,0.2612779885247832,96.03550950993557,13.35135135135135,33.29189189189189,176.98992542319183,37,0.74,50,50,13
greedy,9,1009,"{""cardiac"": {""expected_lost"": 13.58947072088459, ""expected_saved"": 1.4105292791154123, ""mean_response_minutes"": 88.32850619086366, ""mean_scene_minutes"": 12.000000000000005, ""mean_transport_minutes"": 38.83636363636362, ""p90_response_minutes"": 249.14964368059077, ""patients"": 15, ""response_count"": 11, ""response_minutes"": 971.6135680995003, ""scene_count"": 11, ""scene_minutes"": 132.00000000000006, ""transport_count"": 11, ""transport_minutes"": 427.1999999999998}, ""minor"": {""expected_lost"": 1.3319310775818893, ""expected_saved"": 10.668068922418112, ""mean_response_minutes"": 36.24415021254756, ""mean_scene_minutes"": 10.0, ""mean_transport_minutes"": 39.333333333333336, ""p90_response_minutes"": 65.80875876050366, ""patients"": 12, ""response_count"": 12, ""response_minutes"": 434.92980255057074, ""scene_count"": 12, ""scene_minutes"": 120.0, ""transport_count"": 12, ""transport_minutes"": 472.0}, ""stroke"": {""expected_lost"": 6.227005825270041, ""expected_saved"": 1.772994174729959, ""mean_response_minutes"": 34.739474309910634, ""mean_scene_minutes"": 14.0, ""mean_transport_minutes"": 28.79000000000001, ""p90_response_minutes"": 44.28865484821965, ""patients"": 8, ""response_count"": 5, ""response_minutes"": 173.69737154955317, ""scene_count"": 5, ""scene_minutes"": 70.0, ""transport_count"": 5, ""transport_minutes"": 143.95000000000005}, ""trauma"": {""expected_lost"": 14.514615106547868, ""expected_saved"": 1.4853848934521319, ""mean_response_minutes"": 42.94315405915118, ""mean_scene_minutes"": 16.0, ""mean_transport_minutes"": 23.068181818181817, ""p90_response_minutes"": 78.25574559385569, ""patients"": 16, ""response_count"": 11, ""response_minutes"": 472.374694650663, ""scene_count"": 11, ""scene_minutes"": 176.0, ""transport_count"": 11, ""transport_minutes"": 253.75}}","{""arrive_hospital"": 86, ""arrive_mortuary"": 1, ""arrive_scene"": 39, ""hospital_release"": 60, ""patient_arrival"": 51, ""reposition_complete"": 38, ""restock_complete"": 38, ""scene_complete"": 39, ""transfer_ready"": 65}",35.663023,15.336977,0.3007250445042277,52.63116504744326,12.76923076923077,33.25384615384615,75.49896254986909,39,0.7647058823529411,51,51,12
greedy,10,1010,"{""cardiac"": {""expected_lost"": 12.020591342268876, ""expected_saved"": 0.9794086577311236, ""mean_response_minutes"": 58.01544514917653, ""mean_scene_minutes"": 12.00000000000001, ""mean_transport_minutes"": 40.53636363636363, ""p90_response_minutes"": 101.81749872905834, ""patients"": 13, ""response_count"": 11, ""response_minutes"": 638.1698966409418, ""scene_count"": 11, ""scene_minutes"": 132.0000000000001, ""transport_count"": 11, ""transport_minutes"": 445.9}, ""minor"": {""expected_lost"": 2.290776518198043, ""expected_saved"": 14.709223481801954, ""mean_response_minutes"": 42.70049112108674, ""mean_scene_minutes"": 10.0, ""mean_transport_minutes"": 41.19999999999999, ""p90_response_minutes"": 74.13650539407664, ""patients"": 17, ""response_count"": 17, ""response_minutes"": 725.9083490584746, ""scene_count"": 17, ""scene_minutes"": 170.0, ""transport_count"": 17, ""transport_minutes"": 700.3999999999999}, ""stroke"": {""expected_lost"": 4.76541276836106, ""expected_saved"": 2.2345872316389404, ""mean_response_minutes"": 56.64786045579923, ""mean_scene_minutes"": 14.0, ""mean_transport_minutes"": 29.24285714285715, ""p90_response_minutes"": 107.24892998058621, ""patients"": 7, ""response_count"": 7, ""response_minutes"": 396.53502319059464, ""scene_count"": 7, ""scene_minutes"": 98.0, ""transport_count"": 7, ""transport_minutes"": 204.70000000000005}, ""trauma"": {""expected_lost"": 7.490819764046713, ""expected_saved"": 0.5091802350642881, ""mean_response_minutes"": 208.9125623863484, ""mean_scene_minutes"": 16.0, ""mean_transport_minutes"": 28.142857142857142, ""p90_response_minutes"": 553.4822771037689, ""patients"": 8, ""response_count"": 7, ""response_minutes"": 1462.387936704439, ""scene_count"": 7, ""scene_minutes"": 112.0, ""transport_count"": 7, ""transport_minutes"": 197.0}}","{""arrive_hospital"": 104, ""arrive_scene"": 42, ""hospital_release"": 73, ""patient_arrival"": 45, ""reposition_complete"": 41, ""restock_complete"": 41, ""scene_complete"": 42, ""transfer_ready"": 75}",26.5676,18.4324,0.4096088801385847,76.73812394272503,12.190476190476193,36.857142857142854,109.32627757127418,42,0.9333333333333333,45,45,3
greedy,11,1011,"{""cardiac"": {""expected_lost"": 15.374780910333275, ""expected_saved"": 0.6252190896667259, ""mean_response_minutes"": 48.66328188554032, ""mean_scene_minutes"": 12.0, ""mean_transport_minutes"": 42.00499999999999, ""p90_response_minutes"": 86.84163610059574, ""patients"": 16, ""response_count"": 10, ""response_minutes"": 486.63281885540323, ""scene_count"": 10, ""scene_minutes"": 120.0, ""transport_count"": 10, ""transport_minutes"": 420.0499999999999}, ""minor"": {""expected_lost"": 3.391653986598464, ""expected_saved"": 11.608346013401537, ""mean_response_minutes"": 54.4195500886162, ""mean_scene_minutes"": 10.0, ""mean_transport_minutes"": 40.092857142857135, ""p90_response_minutes"": 95.01729980103916, ""patients"": 15, ""response_count"": 14, ""response_minutes"": 761.8737012406268, ""scene_count"": 14, ""scene_minutes"": 140.0, ""transport_count"": 14, ""transport_minutes"": 561.2999999999998}, ""stroke"": {""expected_lost"": 15.00347222427046, ""expected_saved"": 2.996527775729541, ""mean_response_minutes"": 68.67048668735463, ""mean_scene_minutes"": 12.833333333333334, ""mean_transport_minutes"": 26.472727272727255, ""p90_response_minutes"": 168.98369885269892, ""patients"": 18, ""response_count"": 12, ""response_minutes"": 824.0458402482554, ""scene_count"": 12, ""scene_minutes"": 154.0, ""transport_count"": 11, ""transport_minutes"": 291.1999999999998}, ""trauma"": {""expected_lost"": 13.655875798537167, ""expected_saved"": 1.344124201462834, ""mean_response_minutes"": 25.981458010161692, ""mean_scene_minutes"": 16.0, ""mean_transport_minutes"": 28.000000000000007, ""p90_response_minutes"": 45.434175463431444, ""patients"": 15, ""response_count"": 7, ""response_minutes"": 181.87020607113183, ""scene_count"": 7, ""scene_minutes"": 112.0, ""transport_count"": 7, ""transport_minutes"": 196.00000000000006}}","{""arrive_hospital"": 101, ""arrive_scene"": 43, ""hospital_release"": 69, ""patient_arrival"": 64, ""reposition_complete"": 41, ""restock_complete"": 42, ""scene_complete"": 42, ""transfer_ready"": 77}",47.425783,16.574217,0.25897214187907236,52.42843177710273,12.232558139534884,34.96547619047618,118.59511274333397,43,0.671875,64,64,21
greedy,12,1012,"{""cardiac"": {""expected_lost"": 8.347984233064457, ""expected_saved"": 1.652015766935543, ""mean_response_minutes"": 22.04189402503362, ""mean_scene_minutes"": 12.0, ""mean_transport_minutes"": 38.589999999999996, ""p90_response_minutes"": 52.739210481258226, ""patients"": 10, ""response_count"": 10, ""response_minutes"": 220.4189402503362, ""scene_count"": 10, ""scene_minutes"": 120.0, ""transport_count"": 10, ""transport_minutes"": 385.9}, ""minor"": {""expected_lost"": 0.12264605953691518, ""expected_saved"": 4.877353940463085, ""mean_response_minutes"": 15.320000000000004, ""mean_scene_minutes"": 10.00000000000001, ""mean_transport_minutes"": 40.299999999999976, ""p90_response_minutes"": 19.360000000000014, ""patients"": 5, ""response_count"": 5, ""response_minutes"": 76.60000000000002, ""scene_count"": 5, ""scene_minutes"": 50.00000000000006, ""transport_count"": 5, ""transport_minutes"": 201.4999999999999}, ""stroke"": {""expected_lost"": 2.150986201612766, ""expected_saved"": 1.8490137983872335, ""mean_response_minutes"": 35.30249417682715, ""mean_scene_minutes"": 14.0, ""mean_transport_minutes"": 24.0, ""p90_response_minutes"": 71.06110759489307, ""patients"": 4, ""response_count"": 4, ""response_minutes"": 141.2099767073086, ""scene_count"": 4, ""scene_minutes"": 56.0, ""transport_count"": 4, ""transport_minutes"": 96.0}, ""trauma"": {""expected_lost"": 7.61389411181095, ""expected_saved"": 2.38610588818905, ""mean_response_minutes"": 14.98432433502548, ""mean_scene_minutes"": 16.0, ""mean_transport_minutes"": 29.410000000000007, ""p90_response_minutes"": 20.89150443682785, ""patients"": 10, ""response_count"": 10, ""response_minutes"": 149.8432433502548, ""scene_count"": 10, ""scene_minutes"": 160.0, ""transport_count"": 10, ""transport_minutes"": 294.1000000000001}}","{""arrive_hospital"": 63, ""arrive_scene"": 29, ""hospital_release"": 51, ""patient_arrival"": 29, ""reposition_complete"": 29, ""restock_complete"": 29, ""scene_complete"": 29, ""transfer_ready"": 48}",18.235511,10.764489,0.37118928944741075,20.278350355444815,13.310344827586208,33.706896551724135,35.08118687104324,29,1.0,29,29,0
greedy,13,1013,"{""cardiac"": {""expected_lost"": 9.081650583983892, ""expected_saved"": 0.9183494160161071, ""mean_response_minutes"": 30.01368723650063, ""mean_scene_minutes"": 12.0, ""mean_transport_minutes"": 40.574999999999996, ""p90_response_minutes"": 61.51810318837357, ""patients"": 10, ""response_count"": 6, ""response_minutes"": 180.08212341900378, ""scene_count"": 6, ""scene_minutes"": 72.0, ""transport_count"": 6, ""transport_minutes"": 243.45}, ""minor"": {""expected_lost"": 3.7621821966550875, ""expected_saved"": 12.23781780334491, ""mean_response_minutes"": 98.32179227865245, ""mean_scene_minutes"": 9.999999999999993, ""mean_transport_minutes"": 38.03125, ""p90_response_minutes"": 260.69111446999096, ""patients"": 16, ""response_count"": 16, ""response_minutes"": 1573.1486764584392, ""scene_count"": 16, ""scene_minutes"": 159.9999999999999, ""transport_count"": 16, ""transport_minutes"": 608.5}, ""stroke"": {""expected_lost"": 8.881568416040809, ""expected_saved"": 4.1184315839591905, ""mean_response_minutes"": 83.50293952820688, ""mean_scene_minutes"": 12.727272727272727, ""mean_transport_minutes"": 25.279999999999983, ""p90_response_minutes"": 306.4453334139881, ""patients"": 13, ""response_count"": 11, ""response_minutes"": 918.5323348102758, ""scene_count"": 11, ""scene_minutes"": 140.0, ""transport_count"": 10, ""transport_minutes"": 252.79999999999984}, ""trauma"": {""expected_lost"": 9.089143229235562, ""expected_saved"": 0.9108567707644368, ""mean_response_minutes"": 38.54540344185349, ""mean_scene_minutes"": 16.000000000000018, ""mean_transport_minutes"": 24.657142857142844, ""p90_response_minutes"": 71.51507928069009, ""patients"": 10, ""response_count"": 7, ""response_minutes"": 269.81782409297443, ""scene_count"": 7, ""scene_minutes"": 112.00000000000011, ""transport_count"": 7, ""transport_minutes"": 172.5999999999999}}","{""arrive_hospital"": 90, ""arrive_scene"": 40, ""hospital_release"": 64, ""patient_arrival"": 49, ""reposition_complete"": 37, ""restock_complete"": 37, ""scene_complete"": 39, ""transfer_ready"": 68}",30.814544,18.185456,0.37113174640989083,73.53952396951733,12.1,32.752564102564094,114.27108827496083,40,0.8163265306122449,49,49,9
greedy,14,1014,"{""cardiac"": {""expected_lost"": 9.369304222123722, ""expected_saved"": 1.630695777876278, ""mean_response_minutes"": 19.7684345903928, ""mean_scene_minutes"": 12.0, ""mean_transport_minutes"": 37.375, ""p90_response_minutes"": 44.80255594439233, ""patients"": 11, ""response_count"": 8, ""response_minutes"": 158.1474767231424, ""scene_count"": 8, ""scene_minutes"": 96.0, ""transport_count"": 8, ""transport_minutes"": 299.0}, ""minor"": {""expected_lost"": 3.055212294340543, ""expected_saved"": 8.944787705659456, ""mean_response_minutes"": 35.50238175993261, ""mean_scene_minutes"": 10.0, ""mean_transport_minutes"": 39.209999999999994, ""p90_response_minutes"": 63.9580282571206, ""patients"": 12, ""response_count"": 10, ""response_minutes"": 355.0238175993261, ""scene_count"": 10, ""scene_minutes"": 100.0, ""transport_count"": 10, ""transport_minutes"": 392.0999999999999}, ""stroke"": {""expected_lost"": 6.94031761206646, ""expected_saved"": 5.05968238793354, ""mean_response_minutes"": 31.80296380966685, ""mean_scene_minutes"": 14.0, ""mean_transport_minutes"": 26.968181818181826, ""p90_response_minutes"": 58.0879887605343, ""patients"": 12, ""response_count"": 11, ""response_minutes"": 349.83260190633536, ""scene_count"": 11, ""scene_minutes"": 154.0, ""transport_count"": 11, ""transport_minutes"": 296.6500000000001}, ""trauma"": {""expected_lost"": 11.208450009939119, ""expected_saved"": 1.7915499900608811, ""mean_response_minutes"": 29.453050526911362, ""mean_scene_minutes"": 16.0, ""mean_transport_minutes"": 26.619999999999994, ""p90_response_minutes"": 42.922013712532674, ""patients"": 13, ""response_count"": 10, ""response_minutes"": 294.53050526911363, ""scene_count"": 10, ""scene_minutes"": 160.0, ""transport_count"": 10, ""transport_minutes"": 266.19999999999993}}","{""arrive_hospital"": 84, ""arrive_scene"": 39, ""hospital_release"": 59, ""patient_arrival"": 48, ""reposition_complete"": 36, ""restock_complete"": 36, ""scene_complete"": 39, ""transfer_ready"": 68}",30.573284,17.426716,0.363056580448545,29.680369269177373,13.076923076923077,32.1525641025641,63.41258509838195,39,0.8125,48,48,9
greedy,15,1015,"{""cardiac"": {""expected_lost"": 11.676471716052532, ""expected_saved"": 1.323528283947468, ""mean_response_minutes"": 23.739681533372092, ""mean_scene_minutes"": 12.0, ""mean_transport_minutes"": 38.375, ""p90_response_minutes"": 42.17090826943262, ""patients"": 13, ""response_count"": 8, ""response_minutes"": 189.91745226697674, ""scene_count"": 8, ""scene_minutes"": 96.0, ""transport_count"": 8, ""transport_minutes"": 307.0}, ""minor"": {""expected_lost"": 1.3419734313915421, ""expected_saved"": 10.65802656860846, ""mean_response_minutes"": 34.8149359631235, ""mean_scene_minutes"": 10.000000000000005, ""mean_transport_minutes"": 39.40833333333333, ""p90_response_minutes"": 57.13190740015264, ""patients"": 12, ""response_count"": 12, ""response_minutes"": 417.77923155748203, ""scene_count"": 12, ""scene_minutes"": 120.00000000000006, ""transport_count"": 12, ""transport_minutes"": 472.9}, ""stroke"": {""expected_lost"": 10.433328536751764, ""expected_saved"": 5.566671463248235, ""mean_response_minutes"": 68.95778485612456, ""mean_scene_minutes"": 14.0, ""mean_transport_minutes"": 27.096153846153847, ""p90_response_minutes"": 162.48091780446896, ""patients"": 16, ""response_count"": 13, ""response_minutes"": 896.4512031296193, ""scene_count"": 13, ""scene_minutes"": 182.0, ""transport_count"": 13, ""transport_minutes"": 352.25}, ""trauma"": {""expected_lost"": 10.149020629179148, ""expected_saved"": 1.8509793708208528, ""mean_response_minutes"": 21.972200487030932, ""mean_scene_minutes"": 16.0, ""mean_transport_minutes"": 22.25, ""p90_response_minutes"": 38.78939372750899, ""patients"": 12, ""response_count"": 8, ""response_minutes"": 175.77760389624746, ""scene_count"": 8, ""scene_minutes"": 128.0, ""transport_count"": 8, ""transport_minutes"": 178.0}}","{""arrive_hospital"": 94, ""arrive_scene"": 41, ""hospital_release"": 67, ""patient_arrival"": 53, ""reposition_complete"": 39, ""restock_complete"": 40, ""scene_complete"": 41, ""transfer_ready"": 74}",33.600794,19.399206,0.3660227488042457,40.97379245976404,12.829268292682928,31.95487804878049,70.5696942314421,41,0.7735849056603774,53,53,12
greedy,16,1016,"{""cardiac"": {""expected_lost"": 16.04427023809647, ""expected_saved"": 0.9557297619035314, ""mean_response_minutes"": 71.05916419136913, ""mean_scene_minutes"": 11.0, ""mean_transport_minutes"": 39.340909090909086, ""p90_response_minutes"": 218.00965325712812, ""patients"": 17, ""response_count"": 12, ""response_minutes"": 852.7099702964297, ""scene_count"": 12, ""scene_minutes"": 132.0, ""transport_count"": 11, ""transport_minutes"": 432.74999999999994}, ""minor"": {""expected_lost"": 3.3134058202256633, ""expected_saved"": 13.686594179774335, ""mean_response_minutes"": 55.96413506863262, ""mean_scene_minutes"": 10.000000000000007, ""mean_transport_minutes"": 40.593749999999986, ""p90_response_minutes"": 100.50370692920585, ""patients"": 17, ""response_count"": 17, ""response_minutes"": 951.3902961667545, ""scene_count"": 17, ""scene_minutes"": 170.0000000000001, ""transport_count"": 16, ""transport_minutes"": 649.4999999999998}, ""stroke"": {""expected_lost"": 5.034416029105001, ""expected_saved"": 2.965583970894998, ""mean_response_minutes"": 115.12623111450834, ""mean_scene_minutes"": 14.0, ""mean_transport_minutes"": 25.78125, ""p90_response_minutes"": 265.24195321199676, ""patients"": 8, ""response_count"": 8, ""response_minutes"": 921.0098489160667, ""scene_count"": 8, ""scene_minutes"": 112.0, ""transport_count"": 8, ""transport_minutes"": 206.25}, ""trauma"": {""expected_lost"": 6.144965410636432, ""expected_saved"": 0.8550345893635668, ""mean_response_minutes"": 43.4639785805969, ""mean_scene_minutes"": 16.0, ""mean_transport_minutes"": 23.892857142857142, ""p90_response_minutes"": 89.4043692217709, ""patients"": 7, ""response_count"": 7, ""response_minutes"": 304.2478500641783, ""scene_count"": 7, ""scene_minutes"": 112.0, ""transport_count"": 7, ""transport_minutes"": 167.25}}","{""arrive_hospital"": 103, ""arrive_scene"": 44, ""hospital_release"": 71, ""patient_arrival"": 49, ""reposition_complete"": 41, ""restock_complete"": 41, ""scene_complete"": 43, ""transfer_ready"": 75}",30.537057,18.462943,0.3767947449374783,68.84904466916888,11.954545454545457,34.66071428571428,148.92222578491155,44,0.8979591836734694,49,49,5
greedy,17,1017,"{""cardiac"": {""expected_lost"": 9.501228179115115, ""expected_saved"": 0.49877182088488464, ""mean_response_minutes"": 45.069876972819195, ""mean_scene_minutes"": 12.0, ""mean_transport_minutes"": 39.17142857142858, ""p90_response_minutes"": 69.13258120422348, ""patients"": 10, ""response_count"": 7, ""response_minutes"": 315.48913880973436, ""scene_count"": 7, ""scene_minutes"": 84.0, ""transport_count"": 7, ""transport_minutes"": 274.20000000000005}, ""minor"": {""expected_lost"": 2.6945405072922166, ""expected_saved"": 16.305459492707786, ""mean_response_minutes"": 42.69633962375322, ""mean_scene_minutes"": 10.0, ""mean_transport_minutes"": 40.136842105263156, ""p90_response_minutes"": 93.66704701723786, ""patients"": 19, ""response_count"": 19, ""response_minutes"": 811.2304528513112, ""scene_count"": 19, ""scene_minutes"": 190.0, ""transport_count"": 19, ""transport_minutes"": 762.5999999999999}, ""stroke"": {""expected_lost"": 3.848375619940207, ""expected_saved"": 1.1516243800597932, ""mean_response_minutes"": 84.86862390722453, ""mean_scene_minutes"": 14.0, ""mean_transport_minutes"": 28.930000000000017, ""p90_response_minutes"": 152.26715264394485, ""patients"": 5, ""response_count"": 5, ""response_minutes"": 424.3431195361227, ""scene_count"": 5, ""scene_minutes"": 70.0, ""transport_count"": 5, ""transport_minutes"": 144.6500000000001}, ""trauma"": {""expected_lost"": 10.31447325264841, ""expected_saved"": 0.6855267473515916, ""mean_response_minutes"": 69.25828415231412, ""mean_scene_minutes"": 16.0, ""mean_transport_minutes"": 26.227777777777785, ""p90_response_minutes"": 117.87898703122698, ""patients"": 11, ""response_count"": 9, ""response_minutes"": 623.324557370827, ""scene_count"": 9, ""scene_minutes"": 144.0, ""transport_count"": 9, ""transport_minutes"": 236.05000000000007}}","{""arrive_hospital"": 95, ""arrive_scene"": 40, ""hospital_release"": 59, ""patient_arrival"": 45, ""reposition_complete"": 37, ""restock_complete"": 37, ""scene_complete"": 40, ""transfer_ready"": 69}",26.358618,18.641382,0.4142529431334236,54.35968171419988,12.2,35.4375,104.82303632527729,40,0.8888888888888888,45,45,5
greedy,18,1018,"{""cardiac"": {""expected_lost"": 6.754502583742446, ""expected_saved"": 1.2454974162575536, ""mean_response_minutes"": 19.203040240691557, ""mean_scene_minutes"": 12.000000000000002, ""mean_transport_minutes"": 40.97142857142857, ""p90_response_minutes"": 35.27073921145034, ""patients"": 8, ""response_count"": 7, ""response_minutes"": 134.4212816848409, ""scene_count"": 7, ""scene_minutes"": 84.00000000000001, ""transport_count"": 7, ""transport_minutes"": 286.79999999999995}, ""minor"": {""expected_lost"": 0.7237923044454975, ""expected_saved"": 6.276207695554502, ""mean_response_minutes"": 34.85814216448703, ""mean_scene_minutes"": 10.0, ""mean_transport_minutes"": 45.235714285714266, ""p90_response_minutes"": 50.40752190898306, ""patients"": 7, ""response_count"": 7, ""response_minutes"": 244.00699515140917, ""scene_count"": 7, ""scene_minutes"": 70.0, ""transport_count"": 7, ""transport_minutes"": 316.64999999999986}, ""stroke"": {""expected_lost"": 6.44504467484992, ""expected_saved"": 6.554955325150079, ""mean_response_minutes"": 26.325484275904046, ""mean_scene_minutes"": 14.0, ""mean_transport_minutes"": 27.338461538461537, ""p90_response_minutes"": 53.7649037005288, ""patients"": 13, ""response_count"": 13, ""response_minutes"": 342.2312955867526, ""scene_count"": 13, ""scene_minutes"": 182.0, ""transport_count"": 13, ""transport_minutes"": 355.4}, ""trauma"": {""expected_lost"": 10.34158781718717, ""expected_saved"": 1.6584121828128304, ""mean_response_minutes"": 129.3912375608205, ""mean_scene_minutes"": 16.0, ""mean_transport_minutes"": 24.568181818181813, ""p90_response_minutes"": 299.4506886039244, ""patients"": 12, ""response_count"": 11, ""response_minutes"": 1423.3036131690258, ""scene_count"": 11, ""scene_minutes"": 176.0, ""transport_count"": 11, ""transport_minutes"": 270.24999999999994}}","{""arrive_hospital"": 79, ""arrive_scene"": 38, ""hospital_release"": 61, ""patient_arrival"": 40, ""reposition_complete"": 36, ""restock_complete"": 36, ""scene_complete"": 38, ""transfer_ready"": 65}",24.264927,15.735073,0.3933768154943742,56.420083831369176,13.473684210526315,32.344736842105256,156.14189292735745,38,0.95,40,40,2
greedy,19,1019,"{""cardiac"": {""expected_lost"": 11.136020132147104, ""expected_saved"": 0.8639798676852242, ""mean_response_minutes"": 80.21047083446925, ""mean_scene_minutes"": 12.0, ""mean_transport_minutes"": 35.72999999999998, ""p90_response_minutes"": 113.17079982081978, ""patients"": 12, ""response_count"": 10, ""response_minutes"": 802.1047083446925, ""scene_count"": 10, ""scene_minutes"": 120.0, ""transport_count"": 10, ""transport_minutes"": 357.29999999999984}, ""minor"": {""expected_lost"": 0.9565514772454626, ""expected_saved"": 8.043448522754536, ""mean_response_minutes"": 33.72246016689581, ""mean_scene_minutes"": 10.0, ""mean_transport_minutes"": 37.03888888888889, ""p90_response_minutes"": 56.116624604848994, ""patients"": 9, ""response_count"": 9, ""response_minutes"": 303.5021415020623, ""scene_count"": 9, ""scene_minutes"": 90.0, ""transport_count"": 9, ""transport_minutes"": 333.35}, ""stroke"": {""expected_lost"": 7.90636985592836, ""expected_saved"": 3.093630144071641, ""mean_response_minutes"": 116.20325849228665, ""mean_scene_minutes"": 14.0, ""mean_transport_minutes"": 26.26363636363635, ""p90_response_minutes"": 123.08004916136537, ""patients"": 11, ""response_count"": 11, ""response_minutes"": 1278.235843415153, ""scene_count"": 11, ""scene_minutes"": 154.0, ""transport_count"": 11, ""transport_minutes"": 288.89999999999986}, ""trauma"": {""expected_lost"": 10.448951934082116, ""expected_saved"": 1.5510480659178834, ""mean_response_minutes"": 74.29258015415623, ""mean_scene_minutes"": 16.0, ""mean_transport_minutes"": 27.229166666666668, ""p90_response_minutes"": 203.31414797267018, ""patients"": 12, ""response_count"": 12, ""response_minutes"": 891.5109618498747, ""scene_count"": 12, ""scene_minutes"": 192.0, ""transport_count"": 12, ""transport_minutes"": 326.75}}","{""arrive_hospital"": 85, ""arrive_scene"": 42, ""hospital_release"": 62, ""patient_arrival"": 44, ""reposition_complete"": 40, ""restock_complete"": 40, ""scene_complete"": 42, ""transfer_ready"": 68}",30.447893,13.552107,0.30800242273702927,77.98461083599484,13.238095238095237,31.102380952380948,120.63072346879278,42,0.9545454545454546,44,44,2
greedy,20,1020,"{""cardiac"": {""expected_lost"": 10.925675979041838, ""expected_saved"": 1.0743240209581626, ""mean_response_minutes"": 53.01213828212584, ""mean_scene_minutes"": 12.0, ""mean_transport_minutes"": 37.166666666666664, ""p90_response_minutes"": 126.76564981400556, ""patients"": 12, ""response_count"": 12, ""response_minutes"": 636.14565938551, ""scene_count"": 12, ""scene_minutes"": 144.0, ""transport_count"": 12, ""transport_minutes"": 446.0}, ""minor"": {""expected_lost"": 2.2553909245946486, ""expected_saved"": 11.744609075405352, ""mean_response_minutes"": 31.019216525763056, ""mean_scene_minutes"": 10.0, ""mean_transport_minutes"": 38.65, ""p90_response_minutes"": 53.98045633761534, ""patients"": 14, ""response_count"": 13, ""response_minutes"": 403.24981483491973, ""scene_count"": 13, ""scene_minutes"": 130.0, ""transport_count"": 13, ""transport_minutes"": 502.45}, ""stroke"": {""expected_lost"": 10.165538070167411, ""expected_saved"": 2.834461929832588, ""mean_response_minutes"": 112.93548328536188, ""mean_scene_minutes"": 14.0, ""mean_transport_minutes"": 25.45999999999999, ""p90_response_minutes"": 309.6766367943437, ""patients"": 13, ""response_count"": 11, ""response_minutes"": 1242.2903161389806, ""scene_count"": 11, ""scene_minutes"": 154.0, ""transport_count"": 10, ""transport_minutes"": 254.5999999999999}, ""trauma"": {""expected_lost"": 8.20064348619637, ""expected_saved"": 0.79935651380363, ""mean_response_minutes"": 43.192654515317514, ""mean_scene_minutes"": 15.999999999999986, ""mean_transport_minutes"": 32.68749999999999, ""p90_response_minutes"": 68.75257758176141, ""patients"": 9, ""response_count"": 8, ""response_minutes"": 345.5412361225401, ""scene_count"": 8, ""scene_minutes"": 127.99999999999989, ""transport_count"": 8, ""transport_minutes"": 261.49999999999994}}","{""arrive_hospital"": 101, ""arrive_scene"": 44, ""hospital_release"": 70, ""patient_arrival"": 48, ""reposition_complete"": 42, ""restock_complete"": 42, ""scene_complete"": 44, ""transfer_ready"": 76}",31.547248,16.452752,0.3427656570833277,59.70970514731707,12.636363636363633,34.05930232558139,125.4180890685438,44,0.9166666666666666,48,48,4
greedy,21,1021,"{""cardiac"": {""expected_lost"": 14.65540760906135, ""expected_saved"": 1.344592390707767, ""mean_response_minutes"": 74.51731880783795, ""mean_scene_minutes"": 12.0, ""mean_transport_minutes"": 38.050000000000004, ""p90_response_minutes"": 166.67376297578483, ""patients"": 16, ""response_count"": 12, ""response_minutes"": 894.2078256940554, ""scene_count"": 12, ""scene_minutes"": 144.0, ""transport_count"": 12, ""transport_minutes"": 456.6}, ""minor"": {""expected_lost"": 3.7395799866566892, ""expected_saved"": 9.26042001334331, ""mean_response_minutes"": 42.84784996089035, ""mean_scene_minutes"": 9.166666666666666, ""mean_transport_minutes"": 42.57272727272723, ""p90_response_minutes"": 84.84389975244437, ""patients"": 13, ""response_count"": 12, ""response_minutes"": 514.1741995306842, ""scene_count"": 12, ""scene_minutes"": 110.0, ""transport_count"": 11, ""transport_minutes"": 468.2999999999995}, ""stroke"": {""expected_lost"": 11.56411489442036, ""expected_saved"": 3.4358851055796404, ""mean_response_minutes"": 88.01731493762101, ""mean_scene_minutes"": 14.0, ""mean_transport_minutes"": 25.75, ""p90_response_minutes"": 181.4596021181128, ""patients"": 15, ""response_count"": 11, ""response_minutes"": 968.1904643138311, ""scene_count"": 11, ""scene_minutes"": 154.0, ""transport_count"": 11, ""transport_minutes"": 283.25}, ""trauma"": {""expected_lost"": 13.029744054132731, ""expected_saved"": 1.9702559458672666, ""mean_response_minutes"": 56.14593243956464, ""mean_scene_minutes"": 16.0, ""mean_transport_minutes"": 23.97222222222222, ""p90_response_minutes"": 119.2684623978694, ""patients"": 15, ""response_count"": 9, ""response_minutes"": 505.3133919560818, ""scene_count"": 9, ""scene_minutes"": 144.0, ""transport_count"": 9, ""transport_minutes"": 215.75}}","{""arrive_hospital"": 99, ""arrive_scene"": 44, ""hospital_release"": 68, ""patient_arrival"": 59, ""reposition_complete"": 41, ""restock_complete"": 42, ""scene_complete"": 43, ""transfer_ready"": 76}",42.988847,16.011153,0.27137548229657604,65.49740639760573,12.545454545454545,33.11395348837208,166.4853332046187,44,0.7457627118644068,59,59,15
greedy,22,1022,"{""cardiac"": {""expected_lost"": 17.291626101832755, ""expected_saved"": 0.708373898167242, ""mean_response_minutes"": 44.134525598794085, ""mean_scene_minutes"": 10.285714285714286, ""mean_transport_minutes"": 37.98333333333333, ""p90_response_minutes"": 81.21548408541437, ""patients"": 18, ""response_count"": 7, ""response_minutes"": 308.9416791915586, ""scene_count"": 7, ""scene_minutes"": 72.0, ""transport_count"": 6, ""transport_minutes"": 227.89999999999998}, ""minor"": {""expected_lost"": 3.4414776912254434, ""expected_saved"": 18.558522308774556, ""mean_response_minutes"": 52.373004159225324, ""mean_scene_minutes"": 9.54545454545454, ""mean_transport_minutes"": 40.44761904761905, ""p90_response_minutes"": 71.87170956541598, ""patients"": 22, ""response_count"": 22, ""response_minutes"": 1152.2060915029572, ""scene_count"": 22, ""scene_minutes"": 209.9999999999999, ""transport_count"": 21, ""transport_minutes"": 849.4}, ""stroke"": {""expected_lost"": 8.360535107002576, ""expected_saved"": 2.6394648929974243, ""mean_response_minutes"": 58.69219980946823, ""mean_scene_minutes"": 14.0, ""mean_transport_minutes"": 29.96875, ""p90_response_minutes"": 133.2190535954213, ""patients"": 11, ""response_count"": 8, ""response_minutes"": 469.5375984757458, ""scene_count"": 8, ""scene_minutes"": 112.0, ""transport_count"": 8, ""transport_minutes"": 239.75}, ""trauma"": {""expected_lost"": 9.535064670567063, ""expected_saved"": 0.46493532943293586, ""mean_response_minutes"": 67.42616245167616, ""mean_scene_minutes"": 16.0, ""mean_transport_minutes"": 35.56666666666664, ""p90_response_minutes"": 125.00421244016894, ""patients"": 10, ""response_count"": 6, ""response_minutes"": 404.556974710057, ""scene_count"": 6, ""scene_minutes"": 96.0, ""transport_count"": 6, ""transport_minutes"": 213.39999999999986}}","{""arrive_hospital"": 102, ""arrive_scene"": 43, ""hospital_release"": 73, ""patient_arrival"": 61, ""reposition_complete"": 40, ""restock_complete"": 40, ""scene_complete"": 41, ""transfer_ready"": 75}",38.628704,22.371296,0.366742564415937,54.30796148558881,11.3953488372093,37.3280487804878,127.22780074676257,43,0.7049180327868853,61,61,18
greedy,23,1023,"{""cardiac"": {""expected_lost"": 4.333697705964304, ""expected_saved"": 0.6663022940356965, ""mean_response_minutes"": 77.56060281288289, ""mean_scene_minutes"": 12.0, ""mean_transport_minutes"": 39.91999999999998, ""p90_response_minutes"": 192.6304651505226, ""patients"": 5, ""response_count"": 5, ""response_minutes"": 387.80301406441447, ""scene_count"": 5, ""scene_minutes"": 60.0, ""transport_count"": 5, ""transport_minutes"": 199.5999999999999}, ""minor"": {""expected_lost"": 0.9260305632562202, ""expected_saved"": 12.073969436743779, ""mean_response_minutes"": 26.648601062476033, ""mean_scene_minutes"": 10.0, ""mean_transport_minutes"": 39.23076923076923, ""p90_response_minutes"": 45.05672554634451, ""patients"": 13, ""response_count"": 13, ""response_minutes"": 346.4318138121884, ""scene_count"": 13, ""scene_minutes"": 130.0, ""transport_count"": 13, ""transport_minutes"": 510.0}, ""stroke"": {""expected_lost"": 4.312982871209249, ""expected_saved"": 3.6870171287907514, ""mean_response_minutes"": 34.812179049507115, ""mean_scene_minutes"": 14.0, ""mean_transport_minutes"": 25.581250000000026, ""p90_response_minutes"": 69.85421871941558, ""patients"": 8, ""response_count"": 8, ""response_minutes"": 278.4974323960569, ""scene_count"": 8, ""scene_minutes"": 112.0, ""transport_count"": 8, ""transport_minutes"": 204.6500000000002}, ""trauma"": {""expected_lost"": 9.51174147686014, ""expected_saved"": 1.488258523139859, ""mean_response_minutes"": 51.61248074848636, ""mean_scene_minutes"": 16.0, ""mean_transport_minutes"": 27.82272727272729, ""p90_response_minutes"": 91.79116326443688, ""patients"": 11, ""response_count"": 11, ""response_minutes"": 567.73728823335, ""scene_count"": 11, ""scene_minutes"": 176.0, ""transport_count"": 11, ""transport_minutes"": 306.0500000000002}}","{""arrive_hospital"": 81, ""arrive_scene"": 37, ""hospital_release"": 63, ""patient_arrival"": 37, ""reposition_complete"": 36, ""restock_complete"": 37, ""scene_complete"": 37, ""transfer_ready"": 63}",19.084453,17.915547,0.4842039833164888,42.71539320286513,12.91891891891892,32.981081081081086,90.82198453010301,37,1.0,37,37,0
greedy,24,1024,"{""cardiac"": {""expected_lost"": 6.923995077945839, ""expected_saved"": 1.0760049220541619, ""mean_response_minutes"": 16.9791400215877, ""mean_scene_minutes"": 12.0, ""mean_transport_minutes"": 37.666666666666664, ""p90_response_minutes"": 25.70021034127626, ""patients"": 8, ""response_count"": 6, ""response_minutes"": 101.8748401295262, ""scene_count"": 6, ""scene_minutes"": 72.0, ""transport_count"": 6, ""transport_minutes"": 226.0}, ""minor"": {""expected_lost"": 2.7335040561527153, ""expected_saved"": 11.266495943847286, ""mean_response_minutes"": 19.556369816558043, ""mean_scene_minutes"": 10.0, ""mean_transport_minutes"": 39.88333333333333, ""p90_response_minutes"": 41.3677240929384, ""patients"": 14, ""response_count"": 12, ""response_minutes"": 234.6764377986965, ""scene_count"": 12, ""scene_minutes"": 120.0, ""transport_count"": 12, ""transport_minutes"": 478.6}, ""stroke"": {""expected_lost"": 6.747024997888333, ""expected_saved"": 3.2529750021116657, ""mean_response_minutes"": 51.55417855319328, ""mean_scene_minutes"": 14.0, ""mean_transport_minutes"": 29.27777777777778, ""p90_response_minutes"": 96.31957955704712, ""patients"": 10, ""response_count"": 9, ""response_minutes"": 463.98760697873956, ""scene_count"": 9, ""scene_minutes"": 126.0, ""transport_count"": 9, ""transport_minutes"": 263.5}, ""trauma"": {""expected_lost"": 12.308243389565721, ""expected_saved"": 1.6917566104342776, ""mean_response_minutes"": 48.68855747858178, ""mean_scene_minutes"": 16.0, ""mean_transport_minutes"": 23.33333333333332, ""p90_response_minutes"": 126.67523098489734, ""patients"": 14, ""response_count"": 9, ""response_minutes"": 438.197017307236, ""scene_count"": 9, ""scene_minutes"": 144.0, ""transport_count"": 9, ""transport_minutes"": 209.9999999999999}}","{""arrive_hospital"": 80, ""arrive_scene"": 36, ""hospital_release"": 55, ""patient_arrival"": 46, ""reposition_complete"": 33, ""restock_complete"": 35, ""scene_complete"": 36, ""transfer_ready"": 62}",28.712768,17.287232,0.37580940170537813,34.40933061706106,12.833333333333334,32.724999999999994,62.31572755228609,36,0.782608695652174,46,46,10
greedy,25,1025,"{""cardiac"": {""expected_lost"": 7.8985591497761165, ""expected_saved"": 0.10144085022388273, ""mean_response_minutes"": 64.03577155003207, ""mean_scene_minutes"": 12.0, ""mean_transport_minutes"": 44.14999999999994, ""p90_response_minutes"": 89.32263387420177, ""patients"": 8, ""response_count"": 3, ""response_minutes"": 192.10731465009619, ""scene_count"": 3, ""scene_minutes"": 36.0, ""transport_count"": 3, ""transport_minutes"": 132.44999999999982}, ""minor"": {""expected_lost"": 4.8846226612145545, ""expected_saved"": 20.115377338785446, ""mean_response_minutes"": 55.01649501982886, ""mean_scene_minutes"": 10.0, ""mean_transport_minutes"": 38.512499999999996, ""p90_response_minutes"": 93.60419280503694, ""patients"": 25, ""response_count"": 24, ""response_minutes"": 1320.3958804758927, ""scene_count"": 24, ""scene_minutes"": 240.0, ""transport_count"": 24, ""transport_minutes"": 924.3}, ""stroke"": {""expected_lost"": 8.494679472139612, ""expected_saved"": 1.505320527860388, ""mean_response_minutes"": 127.13857300797018, ""mean_scene_minutes"": 14.0, ""mean_transport_minutes"": 26.0, ""p90_response_minutes"": 291.2031978546003, ""patients"": 10, ""response_count"": 7, ""response_minutes"": 889.9700110557912, ""scene_count"": 7, ""scene_minutes"": 98.0, ""transport_count"": 6, ""transport_minutes"": 156.0}, ""trauma"": {""expected_lost"": 10.930399500057, ""expected_saved"": 1.0696004999430007, ""mean_response_minutes"": 36.00795962253767, ""mean_scene_minutes"": 14.222222222222221, ""mean_transport_minutes"": 26.43125, ""p90_response_minutes"": 58.03957503720465, ""patients"": 12, ""response_count"": 9, ""response_minutes"": 324.071636602839, ""scene_count"": 9, ""scene_minutes"": 128.0, ""transport_count"": 8, ""transport_minutes"": 211.45}}","{""arrive_hospital"": 101, ""arrive_scene"": 43, ""hospital_release"": 68, ""patient_arrival"": 55, ""reposition_complete"": 40, ""restock_complete"": 41, ""scene_complete"": 42, ""transfer_ready"": 74}",32.208261,22.791739,0.4143952584875037,63.408019599642316,11.674418604651162,34.73658536585366,99.24688291900824,43,0.7818181818181819,55,55,12
greedy,26,1026,"{""cardiac"": {""expected_lost"": 15.122795964002664, ""expected_saved"": 1.877204035997336, ""mean_response_minutes"": 56.2181129919071, ""mean_scene_minutes"": 12.0, ""mean_transport_minutes"": 39.44615384615384, ""p90_response_minutes"": 159.46251783489953, ""patients"": 17, ""response_count"": 14, ""response_minutes"": 787.0535818866994, ""scene_count"": 14, ""scene_minutes"": 168.0, ""transport_count"": 13, ""transport_minutes"": 512.8}, ""minor"": {""expected_lost"": 1.472414309538781, ""expected_saved"": 4.52758569046122, ""mean_response_minutes"": 27.538258223876465, ""mean_scene_minutes"": 10.0, ""mean_transport_minutes"": 36.14, ""p90_response_minutes"": 45.988282141225085, ""patients"": 6, ""response_count"": 5, ""response_minutes"": 137.69129111938233, ""scene_count"": 5, ""scene_minutes"": 50.0, ""transport_count"": 5, ""transport_minutes"": 180.7}, ""stroke"": {""expected_lost"": 7.551182329175909, ""expected_saved"": 3.4488176708240905, ""mean_response_minutes"": 60.90284928038657, ""mean_scene_minutes"": 14.0, ""mean_transport_minutes"": 27.33636363636364, ""p90_response_minutes"": 121.7550579376973, ""patients"": 11, ""response_count"": 11, ""response_minutes"": 669.9313420842523, ""scene_count"": 11, ""scene_minutes"": 154.0, ""transport_count"": 11, ""transport_minutes"": 300.70000000000005}, ""trauma"": {""expected_lost"": 13.426162449956895, ""expected_saved"": 1.5738375500431045, ""mean_response_minutes"": 62.34220953610917, ""mean_scene_minutes"": 16.0, ""mean_transport_minutes"": 30.153846153846164, ""p90_response_minutes"": 86.80997160543723, ""patients"": 15, ""response_count"": 14, ""response_minutes"": 872.7909335055284, ""scene_count"": 14, ""scene_minutes"": 224.0, ""transport_count"": 13, ""transport_minutes"": 392.0000000000001}}","{""arrive_hospital"": 87, ""arrive_scene"": 44, ""hospital_release"": 68, ""patient_arrival"": 49, ""reposition_complete"": 41, ""restock_complete"": 41, ""scene_complete"": 44, ""transfer_ready"": 70}",37.572555,11.427445,0.2332131621903214,56.07879883172415,13.545454545454545,33.004761904761914,135.25386477584073,44,0.8979591836734694,49,49,5
greedy,27,1027,"{""cardiac"": {""expected_lost"": 9.957066138172506, ""expected_saved"": 1.0429338618274953, ""mean_response_minutes"": 59.47537567049143, ""mean_scene_minutes"": 12.0, ""mean_transport_minutes"": 38.01999999999998, ""p90_response_minutes"": 100.85376077035889, ""patients"": 11, ""response_count"": 10, ""response_minutes"": 594.7537567049143, ""scene_count"": 10, ""scene_minutes"": 120.0, ""transport_count"": 10, ""transport_minutes"": 380.1999999999998}, ""minor"": {""expected_lost"": 0.9891927550076293, ""expected_saved"": 6.01080724499237, ""mean_response_minutes"": 41.7839821936959, ""mean_scene_minutes"": 10.000000000000002, ""mean_transport_minutes"": 40.685714285714276, ""p90_response_minutes"": 101.73011013159112, ""patients"": 7, ""response_count"": 7, ""response_minutes"": 292.48787535587127, ""scene_count"": 7, ""scene_minutes"": 70.00000000000001, ""transport_count"": 7, ""transport_minutes"": 284.79999999999995}, ""stroke"": {""expected_lost"": 4.885975894937218, ""expected_saved"": 5.114024105062782, ""mean_response_minutes"": 29.993247744579975, ""mean_scene_minutes"": 14.0, ""mean_transport_minutes"": 25.75, ""p90_response_minutes"": 73.17230865218838, ""patients"": 10, ""response_count"": 10, ""response_minutes"": 299.93247744579975, ""scene_count"": 10, ""scene_minutes"": 140.0, ""transport_count"": 10, ""transport_minutes"": 257.5}, ""trauma"": {""expected_lost"": 9.787318758034456, ""expected_saved"": 2.212681241965544, ""mean_response_minutes"": 34.21142977975753, ""mean_scene_minutes"": 16.00000000000001, ""mean_transport_minutes"": 25.924999999999994, ""p90_response_minutes"": 64.60785006278782, ""patients"": 12, ""response_count"": 12, ""response_minutes"": 410.53715735709034, ""scene_count"": 12, ""scene_minutes"": 192.0000000000001, ""transport_count"": 12, ""transport_minutes"": 311.0999999999999}}","{""arrive_hospital"": 82, ""arrive_scene"": 39, ""hospital_release"": 63, ""patient_arrival"": 40, ""reposition_complete"": 38, ""restock_complete"": 38, ""scene_complete"": 39, ""transfer_ready"": 66}",25.619554,14.380446,0.3595111613462048,40.96695556060706,13.384615384615387,31.63076923076922,96.39137270535167,39,0.975,40,40,1
greedy,28,1028,"{""cardiac"": {""expected_lost"": 20.57242132118231, ""expected_saved"": 1.4275786788176907, ""mean_response_minutes"": 51.22351753512652, ""mean_scene_minutes"": 12.0, ""mean_transport_minutes"": 41.22083333333333, ""p90_response_minutes"": 121.5803488908996, ""patients"": 22, ""response_count"": 12, ""response_minutes"": 614.6822104215182, ""scene_count"": 12, ""scene_minutes"": 144.0, ""transport_count"": 12, ""transport_minutes"": 494.65}, ""minor"": {""expected_lost"": 3.7953734427538603, ""expected_saved"": 12.204626557246137, ""mean_response_minutes"": 54.1709623387843, ""mean_scene_minutes"": 10.0, ""mean_transport_minutes"": 42.03333333333332, ""p90_response_minutes"": 88.6003156852941, ""patients"": 16, ""response_count"": 15, ""response_minutes"": 812.5644350817645, ""scene_count"": 15, ""scene_minutes"": 150.0, ""transport_count"": 15, ""transport_minutes"": 630.4999999999998}, ""stroke"": {""expected_lost"": 6.8343463546140075, ""expected_saved"": 2.1656536453859925, ""mean_response_minutes"": 35.00640224450077, ""mean_scene_minutes"": 14.0, ""mean_transport_minutes"": 28.529999999999973, ""p90_response_minutes"": 62.01977066817798, ""patients"": 9, ""response_count"": 5, ""response_minutes"": 175.03201122250385, ""scene_count"": 5, ""scene_minutes"": 70.0, ""transport_count"": 5, ""transport_minutes"": 142.64999999999986}, ""trauma"": {""expected_lost"": 11.305894571009658, ""expected_saved"": 0.6941054289903411, ""mean_response_minutes"": 71.62139614338854, ""mean_scene_minutes"": 16.0, ""mean_transport_minutes"": 24.571428571428573, ""p90_response_minutes"": 176.17781875112155, ""patients"": 12, ""response_count"": 7, ""response_minutes"": 501.34977300371975, ""scene_count"": 7, ""scene_minutes"": 112.0, ""transport_count"": 7, ""transport_minutes"": 172.0}}","{""arrive_hospital"": 98, ""arrive_scene"": 39, ""hospital_release"": 66, ""patient_arrival"": 59, ""reposition_complete"": 37, ""restock_complete"": 38, ""scene_complete"": 39, ""transfer_ready"": 71}",42.508036,16.491964,0.2795248188210197,53.93919050588476,12.205128205128204,36.917948717948704,126.32600579125324,39,0.6610169491525424,59,59,20
greedy,29,1029,"{""cardiac"": {""expected_lost"": 8.458502736529997, ""expected_saved"": 0.5414972634700028, ""mean_response_minutes"": 30.021730311325996, ""mean_scene_minutes"": 12.0, ""mean_transport_minutes"": 39.50000000000002, ""p90_response_minutes"": 60.229924600054765, ""patients"": 9, ""response_count"": 4, ""response_minutes"": 120.08692124530398, ""scene_count"": 4, ""scene_minutes"": 48.0, ""transport_count"": 4, ""transport_minutes"": 158.00000000000009}, ""minor"": {""expected_lost"": 2.368417791707455, ""expected_saved"": 10.631582208292546, ""mean_response_minutes"": 37.63052432586278, ""mean_scene_minutes"": 10.0, ""mean_transport_minutes"": 41.15, ""p90_response_minutes"": 67.18936773443478, ""patients"": 13, ""response_count"": 12, ""response_minutes"": 451.56629191035336, ""scene_count"": 12, ""scene_minutes"": 120.0, ""transport_count"": 12, ""transport_minutes"": 493.79999999999995}, ""stroke"": {""expected_lost"": 10.610376048224506, ""expected_saved"": 6.389623951775494, ""mean_response_minutes"": 22.225684943872942, ""mean_scene_minutes"": 14.0, ""mean_transport_minutes"": 25.370833333333337, ""p90_response_minutes"": 43.91770932807343, ""patients"": 17, ""response_count"": 13, ""response_minutes"": 288.93390427034825, ""scene_count"": 13, ""scene_minutes"": 182.0, ""transport_count"": 12, ""transport_minutes"": 304.45000000000005}, ""trauma"": {""expected_lost"": 8.274898571972383, ""expected_saved"": 1.7251014280276156, ""mean_response_minutes"": 25.913492560868832, ""mean_scene_minutes"": 16.0, ""mean_transport_minutes"": 28.118750000000006, ""p90_response_minutes"": 35.58324047837218, ""patients"": 10, ""response_count"": 8, ""response_minutes"": 207.30794048695066, ""scene_count"": 8, ""scene_minutes"": 128.0, ""transport_count"": 8, ""transport_minutes"": 224.95000000000005}}","{""arrive_hospital"": 80, ""arrive_scene"": 37, ""hospital_release"": 61, ""patient_arrival"": 49, ""reposition_complete"": 34, ""restock_complete"": 36, ""scene_complete"": 37, ""transfer_ready"": 64}",29.712195,19.287805,0.39362867044011574,28.862028592242066,12.91891891891892,32.81111111111112,54.66078399728815,37,0.7551020408163265,49,49,12
greedy,30,1030,"{""cardiac"": {""expected_lost"": 9.545461919480985, ""expected_saved"": 0.45453808051901506, ""mean_response_minutes"": 81.27057938985511, ""mean_scene_minutes"": 12.0, ""mean_transport_minutes"": 36.833333333333336, ""p90_response_minutes"": 188.2674253991197, ""patients"": 10, ""response_count"": 6, ""response_minutes"": 487.62347633913066, ""scene_count"": 6, ""scene_minutes"": 72.0, ""transport_count"": 6, ""transport_minutes"": 221.0}, ""minor"": {""expected_lost"": 1.771482272147935, ""expected_saved"": 9.228517727852065, ""mean_response_minutes"": 26.130221182644295, ""mean_scene_minutes"": 10.0, ""mean_transport_minutes"": 42.55999999999999, ""p90_response_minutes"": 38.518764018355526, ""patients"": 11, ""response_count"": 10, ""response_minutes"": 261.30221182644294, ""scene_count"": 10, ""scene_minutes"": 100.0, ""transport_count"": 10, ""transport_minutes"": 425.59999999999985}, ""stroke"": {""expected_lost"": 9.079416543780122, ""expected_saved"": 5.920583456219879, ""mean_response_minutes"": 40.22621878371946, ""mean_scene_minutes"": 14.0, ""mean_transport_minutes"": 27.489285714285707, ""p90_response_minutes"": 81.92188080652558, ""patients"": 15, ""response_count"": 14, ""response_minutes"": 563.1670629720725, ""scene_count"": 14, ""scene_minutes"": 196.0, ""transport_count"": 14, ""transport_minutes"": 384.8499999999999}, ""trauma"": {""expected_lost"": 11.288080016324987, ""expected_saved"": 1.7119199836750152, ""mean_response_minutes"": 43.67128447316511, ""mean_scene_minutes"": 16.0, ""mean_transport_minutes"": 23.272727272727273, ""p90_response_minutes"": 78.0407569620312, ""patients"": 13, ""response_count"": 11, ""response_minutes"": 480.3841292048162, ""scene_count"": 11, ""scene_minutes"": 176.0, ""transport_count"": 11, ""transport_minutes"": 256.0}}","{""arrive_hospital"": 86, ""arrive_scene"": 41, ""hospital_release"": 59, ""patient_arrival"": 49, ""reposition_complete"": 38, ""restock_complete"": 40, ""scene_complete"": 41, ""transfer_ready"": 71}",31.684441,17.315559,0.35337876016869324,43.71894830103567,13.268292682926829,31.401219512195116,85.65232180966564,41,0.8367346938775511,49,49,8
greedy,31,1031,"{""cardiac"": {""expected_lost"": 6.442170902427017, ""expected_saved"": 0.5578290975729837, ""mean_response_minutes"": 71.22646373360492, ""mean_scene_minutes"": 12.0, ""mean_transport_minutes"": 43.833333333333336, ""p90_response_minutes"": 145.21096899098688, ""patients"": 7, ""response_count"": 6, ""response_minutes"": 427.3587824016295, ""scene_count"": 6, ""scene_minutes"": 72.0, ""transport_count"": 6, ""transport_minutes"": 263.0}, ""minor"": {""expected_lost"": 2.234800087301674, ""expected_saved"": 8.765199912698325, ""mean_response_minutes"": 49.83899824184767, ""mean_scene_minutes"": 10.0, ""mean_transport_minutes"": 40.924999999999976, ""p90_response_minutes"": 80.48651495301374, ""patients"": 11, ""response_count"": 11, ""response_minutes"": 548.2289806603244, ""scene_count"": 11, ""scene_minutes"": 110.0, ""transport_count"": 10, ""transport_minutes"": 409.2499999999998}, ""stroke"": {""expected_lost"": 5.734937637855175, ""expected_saved"": 3.2650623621448256, ""mean_response_minutes"": 45.61876897403562, ""mean_scene_minutes"": 12.444444444444445, ""mean_transport_minutes"": 25.15625, ""p90_response_minutes"": 83.68618207148174, ""patients"": 9, ""response_count"": 9, ""response_minutes"": 410.56892076632056, ""scene_count"": 9, ""scene_minutes"": 112.0, ""transport_count"": 8, ""transport_minutes"": 201.25}, ""trauma"": {""expected_lost"": 10.592121317601295, ""expected_saved"": 1.407878682398706, ""mean_response_minutes"": 38.38812540618917, ""mean_scene_minutes"": 14.545454545454545, ""mean_transport_minutes"": 29.7, ""p90_response_minutes"": 52.02850372281341, ""patients"": 12, ""response_count"": 11, ""response_minutes"": 422.26937946808084, ""scene_count"": 11, ""scene_minutes"": 160.0, ""transport_count"": 10, ""transport_minutes"": 297.0}}","{""arrive_hospital"": 74, ""arrive_scene"": 37, ""hospital_release"": 54, ""patient_arrival"": 39, ""reposition_complete"": 34, ""restock_complete"": 34, ""scene_complete"": 35, ""transfer_ready"": 58}",25.00403,13.99597,0.3588710270465343,48.87638008909069,12.27027027027027,34.42647058823529,92.96334134127538,37,0.9487179487179487,39,39,2
greedy,32,1032,"{""cardiac"": {""expected_lost"": 6.503829697353607, ""expected_saved"": 0.4961703024093621, ""mean_response_minutes"": 106.8576734333171, ""mean_scene_minutes"": 12.0, ""mean_transport_minutes"": 29.600000000000023, ""p90_response_minutes"": 272.05022942910716, ""patients"": 7, ""response_count"": 5, ""response_minutes"": 534.2883671665855, ""scene_count"": 5, ""scene_minutes"": 60.0, ""transport_count"": 5, ""transport_minutes"": 148.0000000000001}, ""minor"": {""expected_lost"": 2.880488817507188, ""expected_saved"": 10.119511182492811, ""mean_response_minutes"": 66.15665269499003, ""mean_scene_minutes"": 10.0, ""mean_transport_minutes"": 40.676923076923075, ""p90_response_minutes"": 147.6255605725671, ""patients"": 13, ""response_count"": 13, ""response_minutes"": 860.0364850348705, ""scene_count"": 13, ""scene_minutes"": 130.0, ""transport_count"": 13, ""transport_minutes"": 528.8}, ""stroke"": {""expected_lost"": 6.501802271993659, ""expected_saved"": 3.4981977280063403, ""mean_response_minutes"": 96.49727864388164, ""mean_scene_minutes"": 14.0, ""mean_transport_minutes"": 26.244444444444426, ""p90_response_minutes"": 183.1191333170329, ""patients"": 10, ""response_count"": 9, ""response_minutes"": 868.4755077949347, ""scene_count"": 9, ""scene_minutes"": 126.0, ""transport_count"": 9, ""transport_minutes"": 236.19999999999982}, ""trauma"": {""expected_lost"": 13.661559426060602, ""expected_saved"": 2.338440573069871, ""mean_response_minutes"": 121.09415788149032, ""mean_scene_minutes"": 16.0, ""mean_transport_minutes"": 24.323333333333327, ""p90_response_minutes"": 425.562732507069, ""patients"": 16, ""response_count"": 15, ""response_minutes"": 1816.4123682223549, ""scene_count"": 15, ""scene_minutes"": 240.0, ""transport_count"": 15, ""transport_minutes"": 364.8499999999999}}","{""arrive_hospital"": 82, ""arrive_scene"": 42, ""hospital_release"": 53, ""patient_arrival"": 46, ""reposition_complete"": 39, ""restock_complete"": 39, ""scene_complete"": 42, ""transfer_ready"": 64}",29.54768,16.45232,0.3576591257821388,97.1241125766368,13.238095238095237,30.424999999999997,200.51898394741974,42,0.9130434782608695,46,46,4
greedy,33,1033,"{""cardiac"": {""expected_lost"": 16.701418335712717, ""expected_saved"": 1.2985816642872854, ""mean_response_minutes"": 46.88686070119176, ""mean_scene_minutes"": 12.0, ""mean_transport_minutes"": 39.69166666666666, ""p90_response_minutes"": 61.90956914561492, ""patients"": 18, ""response_count"": 12, ""response_minutes"": 562.6423284143011, ""scene_count"": 12, ""scene_minutes"": 144.0, ""transport_count"": 12, ""transport_minutes"": 476.29999999999995}, ""minor"": {""expected_lost"": 2.1439386787088006, ""expected_saved"": 12.856061321291198, ""mean_response_minutes"": 41.73986140453452, ""mean_scene_minutes"": 10.0, ""mean_transport_minutes"": 40.976666666666674, ""p90_response_minutes"": 75.01351107825093, ""patients"": 15, ""response_count"": 15, ""response_minutes"": 626.0979210680179, ""scene_count"": 15, ""scene_minutes"": 150.0, ""transport_count"": 15, ""transport_minutes"": 614.6500000000001}, ""stroke"": {""expected_lost"": 6.1008458460187045, ""expected_saved"": 1.8991541539812957, ""mean_response_minutes"": 90.10126370345888, ""mean_scene_minutes"": 14.0, ""mean_transport_minutes"": 29.264285714285716, ""p90_response_minutes"": 209.4737339580255, ""patients"": 8, ""response_count"": 7, ""response_minutes"": 630.7088459242121, ""scene_count"": 7, ""scene_minutes"": 98.0, ""transport_count"": 7, ""transport_minutes"": 204.85000000000002}, ""trauma"": {""expected_lost"": 9.812681017497884, ""expected_saved"": 1.1873189825021178, ""mean_response_minutes"": 48.701126831541174, ""mean_scene_minutes"": 16.0, ""mean_transport_minutes"": 24.821428571428573, ""p90_response_minutes"": 100.91766187369221, ""patients"": 11, ""response_count"": 7, ""response_minutes"": 340.90788782078823, ""scene_count"": 7, ""scene_minutes"": 112.0, ""transport_count"": 7, ""transport_minutes"": 173.75}}","{""arrive_hospital"": 102, ""arrive_scene"": 41, ""hospital_release"": 67, ""patient_arrival"": 52, ""reposition_complete"": 39, ""restock_complete"": 41, ""scene_complete"": 41, ""transfer_ready"": 75}",34.758884,17.241116,0.3315599254242673,52.6916337372517,12.292682926829269,35.84268292682927,139.85592801272242,41,0.7884615384615384,52,52,11
greedy,34,1034,"{""cardiac"": {""expected_lost"": 16.458931693133067, ""expected_saved"": 0.5410683061902195, ""mean_response_minutes"": 108.44699824906844, ""mean_scene_minutes"": 12.000000000000002, ""mean_transport_minutes"": 35.527272727272724, ""p90_response_minutes"": 262.82446301767027, ""patients"": 17, ""response_count"": 11, ""response_minutes"": 1192.916980739753, ""scene_count"": 11, ""scene_minutes"": 132.00000000000003, ""transport_count"": 11, ""transport_minutes"": 390.79999999999995}, ""minor"": {""expected_lost"": 1.1548570388131312, ""expected_saved"": 9.84514296118687, ""mean_response_minutes"": 35.96612298058481, ""mean_scene_minutes"": 10.0, ""mean_transport_minutes"": 41.718181818181826, ""p90_response_minutes"": 57.02801258385688, ""patients"": 11, ""response_count"": 11, ""response_minutes"": 395.6273527864329, ""scene_count"": 11, ""scene_minutes"": 110.0, ""transport_count"": 11, ""transport_minutes"": 458.9000000000001}, ""stroke"": {""expected_lost"": 7.433362463407888, ""expected_saved"": 2.5666375365921126, ""mean_response_minutes"": 148.93421880878614, ""mean_scene_minutes"": 14.0, ""mean_transport_minutes"": 26.730000000000018, ""p90_response_minutes"": 473.9156065994205, ""patients"": 10, ""response_count"": 10, ""response_minutes"": 1489.3421880878614, ""scene_count"": 10, ""scene_minutes"": 140.0, ""transport_count"": 10, ""transport_minutes"": 267.3000000000002}, ""trauma"": {""expected_lost"": 11.759398523588608, ""expected_saved"": 1.2406014764113922, ""mean_response_minutes"": 113.5420785904175, ""mean_scene_minutes"": 16.0, ""mean_transport_minutes"": 23.4, ""p90_response_minutes"": 246.70527720517447, ""patients"": 13, ""response_count"": 10, ""response_minutes"": 1135.420785904175, ""scene_count"": 10, ""scene_minutes"": 160.0, ""transport_count"": 10, ""transport_minutes"": 234.0}}","{""arrive_hospital"": 93, ""arrive_scene"": 42, ""hospital_release"": 65, ""patient_arrival"": 51, ""reposition_complete"": 40, ""restock_complete"": 41, ""scene_complete"": 42, ""transfer_ready"": 72}",36.80655,14.19345,0.27830294667412936,100.31684065519576,12.904761904761905,32.16666666666667,259.851104202053,42,0.8235294117647058,51,51,9
greedy,35,1035,"{""cardiac"": {""expected_lost"": 9.481816772497394, ""expected_saved"": 0.5181832275026063, ""mean_response_minutes"": 73.48712445548459, ""mean_scene_minutes"": 12.0, ""mean_transport_minutes"": 40.8916666666666, ""p90_response_minutes"": 157.90278373993047, ""patients"": 10, ""response_count"": 6, ""response_minutes"": 440.92274673290757, ""scene_count"": 6, ""scene_minutes"": 72.0, ""transport_count"": 6, ""transport_minutes"": 245.34999999999962}, ""minor"": {""expected_lost"": 2.0534737575202175, ""expected_saved"": 8.946526242479782, ""mean_response_minutes"": 34.9258826616663, ""mean_scene_minutes"": 10.0, ""mean_transport_minutes"": 40.34000000000001, ""p90_response_minutes"": 48.87972541470896, ""patients"": 11, ""response_count"": 10, ""response_minutes"": 349.258826616663, ""scene_count"": 10, ""scene_minutes"": 100.0, ""transport_count"": 10, ""transport_minutes"": 403.4000000000001}, ""stroke"": {""expected_lost"": 9.20283810163824, ""expected_saved"": 4.797161898361759, ""mean_response_minutes"": 58.32603001091439, ""mean_scene_minutes"": 14.0, ""mean_transport_minutes"": 26.20357142857143, ""p90_response_minutes"": 123.75450565475424, ""patients"": 14, ""response_count"": 14, ""response_minutes"": 816.5644201528014, ""scene_count"": 14, ""scene_minutes"": 196.0, ""transport_count"": 14, ""transport_minutes"": 366.85}, ""trauma"": {""expected_lost"": 14.52557339137645, ""expected_saved"": 1.4744266086235502, ""mean_response_minutes"": 135.8859580494514, ""mean_scene_minutes"": 16.000000000000004, ""mean_transport_minutes"": 29.559090909090916, ""p90_response_minutes"": 556.6715136751318, ""patients"": 16, ""response_count"": 11, ""response_minutes"": 1494.7455385439655, ""scene_count"": 11, ""scene_minutes"": 176.00000000000006, ""transport_count"": 11, ""transport_minutes"": 325.1500000000001}}","{""arrive_hospital"": 86, ""arrive_scene"": 41, ""hospital_release"": 67, ""patient_arrival"": 51, ""reposition_complete"": 38, ""restock_complete"": 40, ""scene_complete"": 41, ""transfer_ready"": 71}",35.263702,15.736298,0.30855486229348433,75.64613492795947,13.268292682926829,32.70121951219512,135.6907829046255,41,0.803921568627451,51,51,10
greedy,36,1036,"{""cardiac"": {""expected_lost"": 10.002495051322223, ""expected_saved"": 0.9975049481106304, ""mean_response_minutes"": 74.63916645970698, ""mean_scene_minutes"": 12.0, ""mean_transport_minutes"": 35.5, ""p90_response_minutes"": 171.89005454072222, ""patients"": 11, ""response_count"": 8, ""response_minutes"": 597.1133316776559, ""scene_count"": 8, ""scene_minutes"": 96.0, ""transport_count"": 8, ""transport_minutes"": 284.0}, ""minor"": {""expected_lost"": 1.5448491562380322, ""expected_saved"": 8.455150843761968, ""mean_response_minutes"": 47.3669268909256, ""mean_scene_minutes"": 10.0, ""mean_transport_minutes"": 39.48, ""p90_response_minutes"": 71.57006229371525, ""patients"": 10, ""response_count"": 10, ""response_minutes"": 473.66926890925595, ""scene_count"": 10, ""scene_minutes"": 100.0, ""transport_count"": 10, ""transport_minutes"": 394.79999999999995}, ""stroke"": {""expected_lost"": 8.7680294830596, ""expected_saved"": 5.2319705169403985, ""mean_response_minutes"": 70.03571150586068, ""mean_scene_minutes"": 14.0, ""mean_transport_minutes"": 25.792857142857127, ""p90_response_minutes"": 154.92988811473896, ""patients"": 14, ""response_count"": 14, ""response_minutes"": 980.4999610820494, ""scene_count"": 14, ""scene_minutes"": 196.0, ""transport_count"": 14, ""transport_minutes"": 361.0999999999998}, ""trauma"": {""expected_lost"": 8.650711974763425, ""expected_saved"": 1.3492880252365747, ""mean_response_minutes"": 49.17542796313058, ""mean_scene_minutes"": 16.0, ""mean_transport_minutes"": 27.568749999999994, ""p90_response_minutes"": 102.1883922553939, ""patients"": 10, ""response_count"": 9, ""response_minutes"": 442.5788516681752, ""scene_count"": 9, ""scene_minutes"": 144.0, ""transport_count"": 8, ""transport_minutes"": 220.54999999999995}}","{""arrive_hospital"": 88, ""arrive_scene"": 41, ""hospital_release"": 64, ""patient_arrival"": 45, ""reposition_complete"": 38, ""restock_complete"": 40, ""scene_complete"": 41, ""transfer_ready"": 70}",28.966086,16.033914,0.3563092074233238,60.825888130174064,13.073170731707316,31.511249999999997,98.41584113832596,41,0.9111111111111111,45,45,4
greedy,37,1037,"{""cardiac"": {""expected_lost"": 15.346893258567508, ""expected_saved"": 0.6531067414324924, ""mean_response_minutes"": 43.23134317730042, ""mean_scene_minutes"": 10.666666666666666, ""mean_transport_minutes"": 41.84999999999998, ""p90_response_minutes"": 78.5391619834066, ""patients"": 16, ""response_count"": 9, ""response_minutes"": 389.08208859570374, ""scene_count"": 9, ""scene_minutes"": 96.0, ""transport_count"": 8, ""transport_minutes"": 334.79999999999984}, ""minor"": {""expected_lost"": 3.232895191197567, ""expected_saved"": 14.767104808802433, ""mean_response_minutes"": 41.47858197552135, ""mean_scene_minutes"": 10.0, ""mean_transport_minutes"": 39.1, ""p90_response_minutes"": 60.63308816430084, ""patients"": 18, ""response_count"": 17, ""response_minutes"": 705.135893583863, ""scene_count"": 17, ""scene_minutes"": 170.0, ""transport_count"": 17, ""transport_minutes"": 664.7}, ""stroke"": {""expected_lost"": 9.442687433901304, ""expected_saved"": 3.5573125660986955, ""mean_response_minutes"": 159.1119040368236, ""mean_scene_minutes"": 14.0, ""mean_transport_minutes"": 28.230769230769212, ""p90_response_minutes"": 515.0930940735393, ""patients"": 13, ""response_count"": 13, ""response_minutes"": 2068.4547524787067, ""scene_count"": 13, ""scene_minutes"": 182.0, ""transport_count"": 13, ""transport_minutes"": 366.9999999999998}, ""trauma"": {""expected_lost"": 4.541269911515662, ""expected_saved"": 0.4587300878673322, ""mean_response_minutes"": 540.3093983796418, ""mean_scene_minutes"": 16.0, ""mean_transport_minutes"": 18.75, ""p90_response_minutes"": 748.8466917107029, ""patients"": 5, ""response_count"": 4, ""response_minutes"": 2161.2375935185673, ""scene_count"": 4, ""scene_minutes"": 64.0, ""transport_count"": 4, ""transport_minutes"": 75.0}}","{""arrive_hospital"": 104, ""arrive_mortuary"": 1, ""arrive_scene"": 43, ""hospital_release"": 71, ""patient_arrival"": 52, ""reposition_complete"": 41, ""restock_complete"": 42, ""scene_complete"": 42, ""transfer_ready"": 77}",32.563746,19.436254,0.37377411931155685,123.81186809713586,11.906976744186046,34.32142857142856,515.0930940735401,43,0.8269230769230769,52,52,9
greedy,38,1038,"{""cardiac"": {""expected_lost"": 14.988089790111184, ""expected_saved"": 1.0119102097278287, ""mean_response_minutes"": 90.33174288236464, ""mean_scene_minutes"": 11.999999999999986, ""mean_transport_minutes"": 40.08749999999998, ""p90_response_minutes"": 252.14555371273124, ""patients"": 16, ""response_count"": 8, ""response_minutes"": 722.6539430589171, ""scene_count"": 8, ""scene_minutes"": 95.99999999999989, ""transport_count"": 8, ""transport_minutes"": 320.6999999999998}, ""minor"": {""expected_lost"": 3.3039902194869275, ""expected_saved"": 13.696009780513073, ""mean_response_minutes"": 42.721601388183444, ""mean_scene_minutes"": 10.0, ""mean_transport_minutes"": 38.875, ""p90_response_minutes"": 86.22721464904188, ""patients"": 17, ""response_count"": 16, ""response_minutes"": 683.5456222109351, ""scene_count"": 16, ""scene_minutes"": 160.0, ""transport_count"": 16, ""transport_minutes"": 622.0}, ""stroke"": {""expected_lost"": 10.178728767993503, ""expected_saved"": 3.821271232006495, ""mean_response_minutes"": 70.60264261363096, ""mean_scene_minutes"": 11.666666666666666, ""mean_transport_minutes"": 25.810000000000002, ""p90_response_minutes"": 154.38514953101938, ""patients"": 14, ""response_count"": 12, ""response_minutes"": 847.2317113635715, ""scene_count"": 12, ""scene_minutes"": 140.0, ""transport_count"": 10, ""transport_minutes"": 258.1}, ""trauma"": {""expected_lost"": 9.411033112837377, ""expected_saved"": 0.5889668871626241, ""mean_response_minutes"": 103.77990419256068, ""mean_scene_minutes"": 14.222222222222221, ""mean_transport_minutes"": 23.849999999999994, ""p90_response_minutes"": 210.1976201541088, ""patients"": 10, ""response_count"": 9, ""response_minutes"": 934.0191377330461, ""scene_count"": 9, ""scene_minutes"": 128.0, ""transport_count"": 8, ""transport_minutes"": 190.79999999999995}}","{""arrive_hospital"": 99, ""arrive_scene"": 45, ""hospital_release"": 66, ""patient_arrival"": 57, ""reposition_complete"": 42, ""restock_complete"": 42, ""scene_complete"": 42, ""transfer_ready"": 75}",37.881842,19.118158,0.3354062826212284,70.83223143036602,11.644444444444442,33.133333333333326,159.86395725564788,45,0.7894736842105263,57,57,12
greedy,39,1039,"{""cardiac"": {""expected_lost"": 9.280062843104837, ""expected_saved"": 0.7199371568951648, ""mean_response_minutes"": 31.64333091444958, ""mean_scene_minutes"": 12.0, ""mean_transport_minutes"": 38.333333333333336, ""p90_response_minutes"": 56.57277720936332, ""patients"": 10, ""response_count"": 6, ""response_minutes"": 189.8599854866975, ""scene_count"": 6, ""scene_minutes"": 72.0, ""transport_count"": 6, ""transport_minutes"": 230.0}, ""minor"": {""expected_lost"": 2.5977179328517344, ""expected_saved"": 5.402282067148264, ""mean_response_minutes"": 71.24314259203409, ""mean_scene_minutes"": 10.0, ""mean_transport_minutes"": 40.914285714285725, ""p90_response_minutes"": 127.21804983738335, ""patients"": 8, ""response_count"": 7, ""response_minutes"": 498.7019981442386, ""scene_count"": 7, ""scene_minutes"": 70.0, ""transport_count"": 7, ""transport_minutes"": 286.4000000000001}, ""stroke"": {""expected_lost"": 10.268261788055366, ""expected_saved"": 5.731738211944635, ""mean_response_minutes"": 72.73570307448773, ""mean_scene_minutes"": 14.0, ""mean_transport_minutes"": 26.70999999999999, ""p90_response_minutes"": 86.2624189974993, ""patients"": 16, ""response_count"": 15, ""response_minutes"": 1091.035546117316, ""scene_count"": 15, ""scene_minutes"": 210.0, ""transport_count"": 15, ""transport_minutes"": 400.64999999999986}, ""trauma"": {""expected_lost"": 12.61333447415579, ""expected_saved"": 1.3866655258442098, ""mean_response_minutes"": 61.2136856096047, ""mean_scene_minutes"": 14.545454545454545, ""mean_transport_minutes"": 28.45999999999999, ""p90_response_minutes"": 119.85496214582281, ""patients"": 14, ""response_count"": 11, ""response_minutes"": 673.3505417056517, ""scene_count"": 11, ""scene_minutes"": 160.0, ""transport_count"": 10, ""transport_minutes"": 284.5999999999999}}","{""arrive_hospital"": 78, ""arrive_scene"": 39, ""hospital_release"": 58, ""patient_arrival"": 48, ""reposition_complete"": 37, ""restock_complete"": 37, ""scene_complete"": 38, ""transfer_ready"": 65}",34.759377,13.240623,0.27584631170483914,62.896104396253975,13.128205128205128,31.622368421052627,109.33256258700999,39,0.8125,48,48,9
greedy,40,1040,"{""cardiac"": {""expected_lost"": 4.595322414428943, ""expected_saved"": 0.4046775855710568, ""mean_response_minutes"": 36.4179374582684, ""mean_scene_minutes"": 12.0, ""mean_transport_minutes"": 45.19999999999991, ""p90_response_minutes"": 53.43585474946052, ""patients"": 5, ""response_count"": 5, ""response_minutes"": 182.089687291342, ""scene_count"": 5, ""scene_minutes"": 60.0, ""transport_count"": 5, ""transport_minutes"": 225.99999999999955}, ""minor"": {""expected_lost"": 2.0862550612037993, ""expected_saved"": 12.9137449387962, ""mean_response_minutes"": 43.899656184780206, ""mean_scene_minutes"": 10.0, ""mean_transport_minutes"": 38.32666666666666, ""p90_response_minutes"": 84.58042985243087, ""patients"": 15, ""response_count"": 15, ""response_minutes"": 658.4948427717031, ""scene_count"": 15, ""scene_minutes"": 150.0, ""transport_count"": 15, ""transport_minutes"": 574.8999999999999}, ""stroke"": {""expected_lost"": 2.4620873826500485, ""expected_saved"": 3.537912617349951, ""mean_response_minutes"": 17.98341755343718, ""mean_scene_minutes"": 14.0, ""mean_transport_minutes"": 23.333333333333332, ""p90_response_minutes"": 30.484819262339897, ""patients"": 6, ""response_count"": 6, ""response_minutes"": 107.9005053206231, ""scene_count"": 6, ""scene_minutes"": 84.0, ""transport_count"": 6, ""transport_minutes"": 140.0}, ""trauma"": {""expected_lost"": 11.186704588943213, ""expected_saved"": 1.813295410906298, ""mean_response_minutes"": 117.1254109430953, ""mean_scene_minutes"": 16.0, ""mean_transport_minutes"": 25.895833333333332, ""p90_response_minutes"": 230.35066055668517, ""patients"": 13, ""response_count"": 12, ""response_minutes"": 1405.5049313171437, ""scene_count"": 12, ""scene_minutes"": 192.0, ""transport_count"": 12, ""transport_minutes"": 310.75}}","{""arrive_hospital"": 82, ""arrive_scene"": 38, ""hospital_release"": 60, ""patient_arrival"": 39, ""reposition_complete"": 35, ""restock_complete"": 37, ""scene_complete"": 38, ""transfer_ready"": 61}",20.330369,18.669631,0.478708475708295,61.94710438686349,12.789473684210526,32.938157894736825,118.4468069701914,38,0.9743589743589743,39,39,1
greedy,41,1041,"{""cardiac"": {""expected_lost"": 3.217138508566072, ""expected_saved"": 0.7828614914339276, ""mean_response_minutes"": 15.475640231899234, ""mean_scene_minutes"": 12.0, ""mean_transport_minutes"": 38.92500000000001, ""p90_response_minutes"": 25.66179264931792, ""patients"": 4, ""response_count"": 4, ""response_minutes"": 61.90256092759694, ""scene_count"": 4, ""scene_minutes"": 48.0, ""transport_count"": 4, ""transport_minutes"": 155.70000000000005}, ""minor"": {""expected_lost"": 0.7070192911895764, ""expected_saved"": 6.292980708810424, ""mean_response_minutes"": 30.36826836923752, ""mean_scene_minutes"": 10.0, ""mean_transport_minutes"": 40.621428571428574, ""p90_response_minutes"": 77.1696647361085, ""patients"": 7, ""response_count"": 7, ""response_minutes"": 212.57787858466264, ""scene_count"": 7, ""scene_minutes"": 70.0, ""transport_count"": 7, ""transport_minutes"": 284.35}, ""stroke"": {""expected_lost"": 6.767545353015057, ""expected_saved"": 6.232454646984943, ""mean_response_minutes"": 27.627309557999794, ""mean_scene_minutes"": 14.0, ""mean_transport_minutes"": 27.292307692307688, ""p90_response_minutes"": 71.08005963017952, ""patients"": 13, ""response_count"": 13, ""response_minutes"": 359.15502425399734, ""scene_count"": 13, ""scene_minutes"": 182.0, ""transport_count"": 13, ""transport_minutes"": 354.79999999999995}, ""trauma"": {""expected_lost"": 5.37192526005394, ""expected_saved"": 1.6280747399460598, ""mean_response_minutes"": 26.690635242800198, ""mean_scene_minutes"": 16.0, ""mean_transport_minutes"": 26.714285714285715, ""p90_response_minutes"": 51.208019188926905, ""patients"": 7, ""response_count"": 7, ""response_minutes"": 186.8344466996014, ""scene_count"": 7, ""scene_minutes"": 112.0, ""transport_count"": 7, ""transport_minutes"": 187.0}}","{""arrive_hospital"": 64, ""arrive_scene"": 31, ""hospital_release"": 51, ""patient_arrival"": 31, ""reposition_complete"": 29, ""restock_complete"": 29, ""scene_complete"": 31, ""transfer_ready"": 54}",16.063628,14.936372,0.48181843829597926,26.466771305350264,13.290322580645162,31.67258064516129,60.69256651121714,31,1.0,31,31,0
greedy,42,1042,"{""cardiac"": {""expected_lost"": 14.844162248542478, ""expected_saved"": 1.15583775145752, ""mean_response_minutes"": 47.249924461795715, ""mean_scene_minutes"": 12.00000000000001, ""mean_transport_minutes"": 36.47727272727272, ""p90_response_minutes"": 89.92873689599833, ""patients"": 16, ""response_count"": 11, ""response_minutes"": 519.7491690797528, ""scene_count"": 11, ""scene_minutes"": 132.0000000000001, ""transport_count"": 11, ""transport_minutes"": 401.2499999999999}, ""minor"": {""expected_lost"": 2.045867404692176, ""expected_saved"": 9.954132595307824, ""mean_response_minutes"": 38.53113948662703, ""mean_scene_minutes"": 10.0, ""mean_transport_minutes"": 38.87272727272727, ""p90_response_minutes"": 60.09814720991563, ""patients"": 12, ""response_count"": 12, ""response_minutes"": 462.3736738395244, ""scene_count"": 12, ""scene_minutes"": 120.0, ""transport_count"": 11, ""transport_minutes"": 427.5999999999999}, ""stroke"": {""expected_lost"": 6.776577328168477, ""expected_saved"": 5.223422671831522, ""mean_response_minutes"": 32.92106407474001, ""mean_scene_minutes"": 13.999999999999991, ""mean_transport_minutes"": 28.866666666666674, ""p90_response_minutes"": 79.42808151183436, ""patients"": 12, ""response_count"": 12, ""response_minutes"": 395.05276889688014, ""scene_count"": 12, ""scene_minutes"": 167.9999999999999, ""transport_count"": 12, ""transport_minutes"": 346.4000000000001}, ""trauma"": {""expected_lost"": 7.785653882159332, ""expected_saved"": 1.2143461178406678, ""mean_response_minutes"": 57.68443729577571, ""mean_scene_minutes"": 16.0, ""mean_transport_minutes"": 27.678571428571427, ""p90_response_minutes"": 140.84498885045454, ""patients"": 9, ""response_count"": 7, ""response_minutes"": 403.79106107043, ""scene_count"": 7, ""scene_minutes"": 112.0, ""transport_count"": 7, ""transport_minutes"": 193.75}}","{""arrive_hospital"": 93, ""arrive_scene"": 42, ""hospital_release"": 66, ""patient_arrival"": 49, ""reposition_complete"": 39, ""restock_complete"": 39, ""scene_complete"": 42, ""transfer_ready"": 72}",31.452261,17.547739,0.35811712523341915,42.4039684020616,12.666666666666666,33.390243902439025,89.37800545763255,42,0.8571428571428571,49,49,7
greedy,43,1043,"{""cardiac"": {""expected_lost"": 6.3297231688150415, ""expected_saved"": 0.670276831184959, ""mean_response_minutes"": 41.90125803101824, ""mean_scene_minutes"": 12.0, ""mean_transport_minutes"": 41.657142857142844, ""p90_response_minutes"": 69.79258894455698, ""patients"": 7, ""response_count"": 7, ""response_minutes"": 293.30880621712765, ""scene_count"": 7, ""scene_minutes"": 84.0, ""transport_count"": 7, ""transport_minutes"": 291.5999999999999}, ""minor"": {""expected_lost"": 0.06691540549772629, ""expected_saved"": 3.9330845945022737, ""mean_response_minutes"": 13.315657514234601, ""mean_scene_minutes"": 10.0, ""mean_transport_minutes"": 40.3125, ""p90_response_minutes"": 21.083841039856885, ""patients"": 4, ""response_count"": 4, ""response_minutes"": 53.262630056938406, ""scene_count"": 4, ""scene_minutes"": 40.0, ""transport_count"": 4, ""transport_minutes"": 161.25}, ""stroke"": {""expected_lost"": 6.602140098719783, ""expected_saved"": 5.397859901280217, ""mean_response_minutes"": 26.637215076252563, ""mean_scene_minutes"": 14.0, ""mean_transport_minutes"": 27.7318181818182, ""p90_response_minutes"": 62.53953003291601, ""patients"": 12, ""response_count"": 12, ""response_minutes"": 319.64658091503077, ""scene_count"": 12, ""scene_minutes"": 168.0, ""transport_count"": 11, ""transport_minutes"": 305.0500000000002}, ""trauma"": {""expected_lost"": 9.121976113555966, ""expected_saved"": 1.8780238864440324, ""mean_response_minutes"": 75.43871270111472, ""mean_scene_minutes"": 16.0, ""mean_transport_minutes"": 24.2, ""p90_response_minutes"": 227.42048449353433, ""patients"": 11, ""response_count"": 10, ""response_minutes"": 754.3871270111473, ""scene_count"": 10, ""scene_minutes"": 160.0, ""transport_count"": 10, ""transport_minutes"": 242.0}}","{""arrive_hospital"": 65, ""arrive_scene"": 33, ""hospital_release"": 55, ""patient_arrival"": 34, ""reposition_complete"": 32, ""restock_complete"": 32, ""scene_complete"": 33, ""transfer_ready"": 54}",22.120755,11.879245,0.3493895651003377,43.048640733340726,13.696969696969697,31.246875000000003,78.40342731267019,33,0.9705882352941176,34,34,1
greedy,44,1044,"{""cardiac"": {""expected_lost"": 11.76622722747603, ""expected_saved"": 1.233772772523969, ""mean_response_minutes"": 32.74610519139693, ""mean_scene_minutes"": 12.0, ""mean_transport_minutes"": 39.50999999999999, ""p90_response_minutes"": 82.85006365181086, ""patients"": 13, ""response_count"": 10, ""response_minutes"": 327.4610519139693, ""scene_count"": 10, ""scene_minutes"": 120.0, ""transport_count"": 10, ""transport_minutes"": 395.0999999999999}, ""minor"": {""expected_lost"": 1.8983138935090453, ""expected_saved"": 9.101686106490954, ""mean_response_minutes"": 42.31431768535165, ""mean_scene_minutes"": 10.0, ""mean_transport_minutes"": 37.8, ""p90_response_minutes"": 41.70235446973277, ""patients"": 11, ""response_count"": 11, ""response_minutes"": 465.4574945388681, ""scene_count"": 11, ""scene_minutes"": 110.0, ""transport_count"": 10, ""transport_minutes"": 378.0}, ""stroke"": {""expected_lost"": 7.9857020548943725, ""expected_saved"": 4.0142979451056275, ""mean_response_minutes"": 33.62852563796557, ""mean_scene_minutes"": 14.0, ""mean_transport_minutes"": 28.22, ""p90_response_minutes"": 66.51019659065129, ""patients"": 12, ""response_count"": 10, ""response_minutes"": 336.2852563796557, ""scene_count"": 10, ""scene_minutes"": 140.0, ""transport_count"": 10, ""transport_minutes"": 282.2}, ""trauma"": {""expected_lost"": 7.660062633574224, ""expected_saved"": 1.3399373664257763, ""mean_response_minutes"": 20.93842162296977, ""mean_scene_minutes"": 16.0, ""mean_transport_minutes"": 25.008333333333326, ""p90_response_minutes"": 30.78326444416831, ""patients"": 9, ""response_count"": 6, ""response_minutes"": 125.63052973781862, ""scene_count"": 6, ""scene_minutes"": 96.0, ""transport_count"": 6, ""transport_minutes"": 150.04999999999995}}","{""arrive_hospital"": 86, ""arrive_scene"": 37, ""hospital_release"": 58, ""patient_arrival"": 45, ""reposition_complete"": 34, ""restock_complete"": 35, ""scene_complete"": 37, ""transfer_ready"": 66}",29.310306,15.689694,0.3486598709010294,33.91444142081924,12.594594594594595,33.481944444444444,71.44796586279264,37,0.8222222222222222,45,45,8
greedy,45,1045,"{""cardiac"": {""expected_lost"": 11.28783633836377, ""expected_saved"": 0.7121636616362302, ""mean_response_minutes"": 52.063875701012776, ""mean_scene_minutes"": 12.0, ""mean_transport_minutes"": 42.63888888888886, ""p90_response_minutes"": 93.67516862353698, ""patients"": 12, ""response_count"": 9, ""response_minutes"": 468.57488130911497, ""scene_count"": 9, ""scene_minutes"": 108.0, ""transport_count"": 9, ""transport_minutes"": 383.7499999999997}, ""minor"": {""expected_lost"": 0.9791882711583993, ""expected_saved"": 8.0208117288416, ""mean_response_minutes"": 35.1390317383482, ""mean_scene_minutes"": 10.0, ""mean_transport_minutes"": 41.961111111111094, ""p90_response_minutes"": 65.02470835111095, ""patients"": 9, ""response_count"": 9, ""response_minutes"": 316.2512856451338, ""scene_count"": 9, ""scene_minutes"": 90.0, ""transport_count"": 9, ""transport_minutes"": 377.64999999999986}, ""stroke"": {""expected_lost"": 5.6266371932110335, ""expected_saved"": 3.3733628067889665, ""mean_response_minutes"": 38.57595254967919, ""mean_scene_minutes"": 14.0, ""mean_transport_minutes"": 26.6875, ""p90_response_minutes"": 73.49989588032741, ""patients"": 9, ""response_count"": 8, ""response_minutes"": 308.6076203974335, ""scene_count"": 8, ""scene_minutes"": 112.0, ""transport_count"": 8, ""transport_minutes"": 213.5}, ""trauma"": {""expected_lost"": 7.85975851668862, ""expected_saved"": 1.1402414833113785, ""mean_response_minutes"": 21.7801279776524, ""mean_scene_minutes"": 16.0, ""mean_transport_minutes"": 25.25, ""p90_response_minutes"": 44.38435833742672, ""patients"": 9, ""response_count"": 4, ""response_minutes"": 87.1205119106096, ""scene_count"": 4, ""scene_minutes"": 64.0, ""transport_count"": 4, ""transport_minutes"": 101.0}}","{""arrive_hospital"": 73, ""arrive_scene"": 30, ""hospital_release"": 49, ""patient_arrival"": 39, ""reposition_complete"": 28, ""restock_complete"": 29, ""scene_complete"": 30, ""transfer_ready"": 55}",25.75342,13.24658,0.33965588924559437,39.35180997540973,12.466666666666667,35.86333333333332,73.55987739747995,30,0.7692307692307693,39,39,9
greedy,46,1046,"{""cardiac"": {""expected_lost"": 8.441945249225626, ""expected_saved"": 0.5580547507743752, ""mean_response_minutes"": 16.973504032933562, ""mean_scene_minutes"": 12.0, ""mean_transport_minutes"": 39.00000000000001, ""p90_response_minutes"": 22.596842011256456, ""patients"": 9, ""response_count"": 4, ""response_minutes"": 67.89401613173425, ""scene_count"": 4, ""scene_minutes"": 48.0, ""transport_count"": 3, ""transport_minutes"": 117.00000000000001}, ""minor"": {""expected_lost"": 8.391501953531925, ""expected_saved"": 10.608498046468073, ""mean_response_minutes"": 59.2799639436148, ""mean_scene_minutes"": 9.285714285714286, ""mean_transport_minutes"": 40.934615384615384, ""p90_response_minutes"": 84.1722451486395, ""patients"": 19, ""response_count"": 14, ""response_minutes"": 829.9194952106072, ""scene_count"": 14, ""scene_minutes"": 130.0, ""transport_count"": 13, ""transport_minutes"": 532.15}, ""stroke"": {""expected_lost"": 15.25313935853766, ""expected_saved"": 5.7468606414623435, ""mean_response_minutes"": 48.34728853971176, ""mean_scene_minutes"": 14.0, ""mean_transport_minutes"": 27.58529411764705, ""p90_response_minutes"": 91.23452303878344, ""patients"": 21, ""response_count"": 17, ""response_minutes"": 821.9039051750999, ""scene_count"": 17, ""scene_minutes"": 238.0, ""transport_count"": 17, ""transport_minutes"": 468.9499999999998}, ""trauma"": {""expected_lost"": 13.648207084822785, ""expected_saved"": 1.3517929151772137, ""mean_response_minutes"": 55.56118009305974, ""mean_scene_minutes"": 16.0, ""mean_transport_minutes"": 19.25, ""p90_response_minutes"": 89.53095678465965, ""patients"": 15, ""response_count"": 9, ""response_minutes"": 500.0506208375377, ""scene_count"": 9, ""scene_minutes"": 144.0, ""transport_count"": 9, ""transport_minutes"": 173.25}}","{""arrive_hospital"": 91, ""arrive_scene"": 44, ""hospital_release"": 64, ""patient_arrival"": 64, ""reposition_complete"": 41, ""restock_complete"": 42, ""scene_complete"": 43, ""transfer_ready"": 75}",45.734794,18.265206,0.28539384927940636,50.44927357624953,12.727272727272727,30.74642857142857,87.224007732762,44,0.6875,64,64,20
greedy,47,1047,"{""cardiac"": {""expected_lost"": 16.732973429310505, ""expected_saved"": 1.2670265706894972, ""mean_response_minutes"": 23.31722412108972, ""mean_scene_minutes"": 12.0, ""mean_transport_minutes"": 42.97777777777777, ""p90_response_minutes"": 42.11373692791199, ""patients"": 18, ""response_count"": 9, ""response_minutes"": 209.85501708980746, ""scene_count"": 9, ""scene_minutes"": 108.0, ""transport_count"": 9, ""transport_minutes"": 386.7999999999999}, ""minor"": {""expected_lost"": 2.989373198154993, ""expected_saved"": 11.010626801845007, ""mean_response_minutes"": 99.94933868185254, ""mean_scene_minutes"": 10.0, ""mean_transport_minutes"": 39.71071428571429, ""p90_response_minutes"": 74.10286079930063, ""patients"": 14, ""response_count"": 14, ""response_minutes"": 1399.2907415459356, ""scene_count"": 14, ""scene_minutes"": 140.0, ""transport_count"": 14, ""transport_minutes"": 555.95}, ""stroke"": {""expected_lost"": 13.436245138820428, ""expected_saved"": 3.563754861179571, ""mean_response_minutes"": 84.94132061027435, ""mean_scene_minutes"": 14.0, ""mean_transport_minutes"": 27.365384615384617, ""p90_response_minutes"": 99.63348663466277, ""patients"": 17, ""response_count"": 13, ""response_minutes"": 1104.2371679335665, ""scene_count"": 13, ""scene_minutes"": 182.0, ""transport_count"": 13, ""transport_minutes"": 355.75}, ""trauma"": {""expected_lost"": 11.721896824678794, ""expected_saved"": 1.278103175321205, ""mean_response_minutes"": 39.6878045877167, ""mean_scene_minutes"": 16.0, ""mean_transport_minutes"": 23.285714285714302, ""p90_response_minutes"": 71.38896715182608, ""patients"": 13, ""response_count"": 7, ""response_minutes"": 277.8146321140169, ""scene_count"": 7, ""scene_minutes"": 112.0, ""transport_count"": 7, ""transport_minutes"": 163.0000000000001}}","{""arrive_hospital"": 102, ""arrive_scene"": 43, ""hospital_release"": 70, ""patient_arrival"": 62, ""reposition_complete"": 40, ""restock_complete"": 42, ""scene_complete"": 43, ""transfer_ready"": 79}",44.880489,17.119511,0.27612115175863344,69.56273392286803,12.604651162790697,33.98837209302326,89.4883900355155,43,0.6935483870967742,62,62,19
greedy,48,1048,"{""cardiac"": {""expected_lost"": 6.029435099271095, ""expected_saved"": 0.9705649007289054, ""mean_response_minutes"": 61.62913354455202, ""mean_scene_minutes"": 12.000000000000002, ""mean_transport_minutes"": 40.69285714285714, ""p90_response_minutes"": 172.52477740841516, ""patients"": 7, ""response_count"": 7, ""response_minutes"": 431.40393481186413, ""scene_count"": 7, ""scene_minutes"": 84.00000000000001, ""transport_count"": 7, ""transport_minutes"": 284.85}, ""minor"": {""expected_lost"": 1.7069985997999206, ""expected_saved"": 11.293001400200078, ""mean_response_minutes"": 41.240044107604454, ""mean_scene_minutes"": 10.0, ""mean_transport_minutes"": 39.392307692307696, ""p90_response_minutes"": 75.40956310818972, ""patients"": 13, ""response_count"": 13, ""response_minutes"": 536.1205733988579, ""scene_count"": 13, ""scene_minutes"": 130.0, ""transport_count"": 13, ""transport_minutes"": 512.1}, ""stroke"": {""expected_lost"": 4.656896026418376, ""expected_saved"": 3.343103973581624, ""mean_response_minutes"": 36.88713798989809, ""mean_scene_minutes"": 14.0, ""mean_transport_minutes"": 27.67499999999997, ""p90_response_minutes"": 87.79818431614183, ""patients"": 8, ""response_count"": 8, ""response_minutes"": 295.09710391918475, ""scene_count"": 8, ""scene_minutes"": 112.0, ""transport_count"": 8, ""transport_minutes"": 221.39999999999975}, ""trauma"": {""expected_lost"": 8.990956431749094, ""expected_saved"": 2.0090435682509047, ""mean_response_minutes"": 40.90192932273048, ""mean_scene_minutes"": 16.0, ""mean_transport_minutes"": 25.59000000000001, ""p90_response_minutes"": 79.73790435698643, ""patients"": 11, ""response_count"": 10, ""response_minutes"": 409.01929322730484, ""scene_count"": 10, ""scene_minutes"": 160.0, ""transport_count"": 10, ""transport_minutes"": 255.9000000000001}}","{""arrive_hospital"": 86, ""arrive_scene"": 38, ""hospital_release"": 62, ""patient_arrival"": 39, ""reposition_complete"": 36, ""restock_complete"": 37, ""scene_complete"": 38, ""transfer_ready"": 66}",21.384286,17.615714,0.45168497032721816,43.99055014097925,12.789473684210526,33.5328947368421,106.96501051249797,38,0.9743589743589743,39,39,1
greedy,49,1049,"{""cardiac"": {""expected_lost"": 12.25223287177967, ""expected_saved"": 0.7477671282203296, ""mean_response_minutes"": 53.826372421930046, ""mean_scene_minutes"": 12.0, ""mean_transport_minutes"": 38.22222222222222, ""p90_response_minutes"": 109.82839765727957, ""patients"": 13, ""response_count"": 9, ""response_minutes"": 484.4373517973704, ""scene_count"": 9, ""scene_minutes"": 108.0, ""transport_count"": 9, ""transport_minutes"": 344.0}, ""minor"": {""expected_lost"": 1.6228857350336001, ""expected_saved"": 8.3771142649664, ""mean_response_minutes"": 58.355081357770544, ""mean_scene_minutes"": 10.00000000000001, ""mean_transport_minutes"": 41.65499999999999, ""p90_response_minutes"": 84.98562364605382, ""patients"": 10, ""response_count"": 10, ""response_minutes"": 583.5508135777054, ""scene_count"": 10, ""scene_minutes"": 100.00000000000011, ""transport_count"": 10, ""transport_minutes"": 416.5499999999999}, ""stroke"": {""expected_lost"": 12.146958651973133, ""expected_saved"": 4.853041348026867, ""mean_response_minutes"": 100.3237275376389, ""mean_scene_minutes"": 14.0, ""mean_transport_minutes"": 30.00769230769231, ""p90_response_minutes"": 367.72977585736936, ""patients"": 17, ""response_count"": 14, ""response_minutes"": 1404.5321855269447, ""scene_count"": 14, ""scene_minutes"": 196.0, ""transport_count"": 13, ""transport_minutes"": 390.1}, ""trauma"": {""expected_lost"": 9.930181210944651, ""expected_saved"": 1.0698187890553486, ""mean_response_minutes"": 39.75356213358677, ""mean_scene_minutes"": 16.000000000000018, ""mean_transport_minutes"": 27.683333333333348, ""p90_response_minutes"": 87.43814285215703, ""patients"": 11, ""response_count"": 6, ""response_minutes"": 238.5213728015206, ""scene_count"": 6, ""scene_minutes"": 96.00000000000011, ""transport_count"": 6, ""transport_minutes"": 166.10000000000008}}","{""arrive_hospital"": 89, ""arrive_scene"": 39, ""hospital_release"": 64, ""patient_arrival"": 51, ""reposition_complete"": 37, ""restock_complete"": 38, ""scene_complete"": 39, ""transfer_ready"": 70}",35.952258,15.047742,0.2950537554954694,69.51389035137284,12.820512820512826,34.651315789473685,155.26184136768777,39,0.7647058823529411,51,51,12
greedy,50,1050,"{""cardiac"": {""expected_lost"": 6.310982239591667, ""expected_saved"": 0.6890177604083331, ""mean_response_minutes"": 70.50374211103667, ""mean_scene_minutes"": 12.0, ""mean_transport_minutes"": 39.15833333333334, ""p90_response_minutes"": 184.2701229303587, ""patients"": 7, ""response_count"": 7, ""response_minutes"": 493.5261947772567, ""scene_count"": 7, ""scene_minutes"": 84.0, ""transport_count"": 6, ""transport_minutes"": 234.95000000000005}, ""minor"": {""expected_lost"": 1.6300121222465225, ""expected_saved"": 11.369987877753477, ""mean_response_minutes"": 22.003330421878243, ""mean_scene_minutes"": 10.000000000000005, ""mean_transport_minutes"": 40.49583333333333, ""p90_response_minutes"": 38.024057945366316, ""patients"": 13, ""response_count"": 12, ""response_minutes"": 264.0399650625389, ""scene_count"": 12, ""scene_minutes"": 120.00000000000006, ""transport_count"": 12, ""transport_minutes"": 485.94999999999993}, ""stroke"": {""expected_lost"": 5.816730250969536, ""expected_saved"": 5.183269749030465, ""mean_response_minutes"": 31.491778884601626, ""mean_scene_minutes"": 14.0, ""mean_transport_minutes"": 26.60909090909089, ""p90_response_minutes"": 82.96696132066904, ""patients"": 11, ""response_count"": 11, ""response_minutes"": 346.4095677306179, ""scene_count"": 11, ""scene_minutes"": 154.0, ""transport_count"": 11, ""transport_minutes"": 292.6999999999998}, ""trauma"": {""expected_lost"": 5.236767094138867, ""expected_saved"": 1.763232905861133, ""mean_response_minutes"": 41.62630947887279, ""mean_scene_minutes"": 16.0, ""mean_transport_minutes"": 18.571428571428573, ""p90_response_minutes"": 87.79163688596933, ""patients"": 7, ""response_count"": 7, ""response_minutes"": 291.38416635210956, ""scene_count"": 7, ""scene_minutes"": 112.0, ""transport_count"": 7, ""transport_minutes"": 130.0}}","{""arrive_hospital"": 83, ""arrive_scene"": 37, ""hospital_release"": 65, ""patient_arrival"": 38, ""reposition_complete"": 35, ""restock_complete"": 36, ""scene_complete"": 37, ""transfer_ready"": 65}",18.994492,19.005508,0.5001449550803528,37.7124295654736,12.702702702702704,31.766666666666666,93.92498950036617,37,0.9736842105263158,38,38,1
greedy,51,1051,"{""cardiac"": {""expected_lost"": 11.074233594209408, ""expected_saved"": 0.9257664057905902, ""mean_response_minutes"": 43.58111340802741, ""mean_scene_minutes"": 12.0, ""mean_transport_minutes"": 43.03124999999997, ""p90_response_minutes"": 92.04533582278765, ""patients"": 12, ""response_count"": 8, ""response_minutes"": 348.6489072642193, ""scene_count"": 8, ""scene_minutes"": 96.0, ""transport_count"": 8, ""transport_minutes"": 344.2499999999998}, ""minor"": {""expected_lost"": 3.8040056172066348, ""expected_saved"": 10.195994382793364, ""mean_response_minutes"": 61.42423429126007, ""mean_scene_minutes"": 10.0, ""mean_transport_minutes"": 38.315384615384616, ""p90_response_minutes"": 110.44154286457098, ""patients"": 14, ""response_count"": 13, ""response_minutes"": 798.5150457863809, ""scene_count"": 13, ""scene_minutes"": 130.0, ""transport_count"": 13, ""transport_minutes"": 498.1}, ""stroke"": {""expected_lost"": 7.859891703077247, ""expected_saved"": 4.140108296922753, ""mean_response_minutes"": 40.695469183502645, ""mean_scene_minutes"": 14.0, ""mean_transport_minutes"": 26.59499999999999, ""p90_response_minutes"": 84.39976611661092, ""patients"": 12, ""response_count"": 10, ""response_minutes"": 406.95469183502644, ""scene_count"": 10, ""scene_minutes"": 140.0, ""transport_count"": 10, ""transport_minutes"": 265.94999999999993}, ""trauma"": {""expected_lost"": 13.187284065913923, ""expected_saved"": 0.8127159340860766, ""mean_response_minutes"": 54.492711021387755, ""mean_scene_minutes"": 15.999999999999995, ""mean_transport_minutes"": 31.38499999999999, ""p90_response_minutes"": 90.26537896108937, ""patients"": 14, ""response_count"": 11, ""response_minutes"": 599.4198212352653, ""scene_count"": 11, ""scene_minutes"": 175.99999999999994, ""transport_count"": 10, ""transport_minutes"": 313.8499999999999}}","{""arrive_hospital"": 93, ""arrive_scene"": 42, ""hospital_release"": 68, ""patient_arrival"": 52, ""reposition_complete"": 39, ""restock_complete"": 41, ""scene_complete"": 42, ""transfer_ready"": 72}",35.925415,16.074585,0.30912663499216886,51.274725383830756,12.904761904761905,34.68658536585365,111.72135408824705,42,0.8076923076923077,52,52,10
greedy,52,1052,"{""cardiac"": {""expected_lost"": 9.69665755086931, ""expected_saved"": 1.3033424491306904, ""mean_response_minutes"": 45.31570805521486, ""mean_scene_minutes"": 11.999999999999996, ""mean_transport_minutes"": 38.1, ""p90_response_minutes"": 77.1601884491582, ""patients"": 11, ""response_count"": 10, ""response_minutes"": 453.1570805521486, ""scene_count"": 10, ""scene_minutes"": 119.99999999999997, ""transport_count"": 10, ""transport_minutes"": 381.0}, ""minor"": {""expected_lost"": 0.7170394743261177, ""expected_saved"": 9.28296052567388, ""mean_response_minutes"": 25.332080705250757, ""mean_scene_minutes"": 10.0, ""mean_transport_minutes"": 42.39499999999999, ""p90_response_minutes"": 43.33466147474493, ""patients"": 10, ""response_count"": 10, ""response_minutes"": 253.32080705250758, ""scene_count"": 10, ""scene_minutes"": 100.0, ""transport_count"": 10, ""transport_minutes"": 423.9499999999999}, ""stroke"": {""expected_lost"": 7.05842503194831, ""expected_saved"": 2.9415749680516896, ""mean_response_minutes"": 67.225543440864, ""mean_scene_minutes"": 13.999999999999986, ""mean_transport_minutes"": 25.862500000000015, ""p90_response_minutes"": 145.29220966281753, ""patients"": 10, ""response_count"": 8, ""response_minutes"": 537.804347526912, ""scene_count"": 8, ""scene_minutes"": 111.99999999999989, ""transport_count"": 8, ""transport_minutes"": 206.90000000000012}, ""trauma"": {""expected_lost"": 8.639896239165225, ""expected_saved"": 1.3601037608347755, ""mean_response_minutes"": 60.685222592116645, ""mean_scene_minutes"": 16.0, ""mean_transport_minutes"": 28.975000000000012, ""p90_response_minutes"": 141.93717154043242, ""patients"": 10, ""response_count"": 10, ""response_minutes"": 606.8522259211665, ""scene_count"": 10, ""scene_minutes"": 160.0, ""transport_count"": 10, ""transport_minutes"": 289.7500000000001}}","{""arrive_hospital"": 85, ""arrive_scene"": 38, ""hospital_release"": 59, ""patient_arrival"": 41, ""reposition_complete"": 36, ""restock_complete"": 37, ""scene_complete"": 38, ""transfer_ready"": 64}",26.112018,14.887982,0.3631215049680741,48.71406476454564,12.947368421052628,34.252631578947366,90.97716163478239,38,0.926829268292683,41,41,3
greedy,53,1053,"{""cardiac"": {""expected_lost"": 11.54308053540507, ""expected_saved"": 0.45691946459493316, ""mean_response_minutes"": 37.4503095360863, ""mean_scene_minutes"": 12.000000000000009, ""mean_transport_minutes"": 40.69285714285713, ""p90_response_minutes"": 49.78382074932818, ""patients"": 12, ""response_count"": 7, ""response_minutes"": 262.1521667526041, ""scene_count"": 7, ""scene_minutes"": 84.00000000000006, ""transport_count"": 7, ""transport_minutes"": 284.8499999999999}, ""minor"": {""expected_lost"": 3.098097791380063, ""expected_saved"": 14.901902208619937, ""mean_response_minutes"": 42.7677501280099, ""mean_scene_minutes"": 10.0, ""mean_transport_minutes"": 41.820588235294096, ""p90_response_minutes"": 52.77289059223716, ""patients"": 18, ""response_count"": 18, ""response_minutes"": 769.8195023041782, ""scene_count"": 18, ""scene_minutes"": 180.0, ""transport_count"": 17, ""transport_minutes"": 710.9499999999996}, ""stroke"": {""expected_lost"": 10.99310455970628, ""expected_saved"": 3.0068954402937207, ""mean_response_minutes"": 138.4578560456235, ""mean_scene_minutes"": 14.0, ""mean_transport_minutes"": 24.7, ""p90_response_minutes"": 392.47981358399346, ""patients"": 14, ""response_count"": 10, ""response_minutes"": 1384.578560456235, ""scene_count"": 10, ""scene_minutes"": 140.0, ""transport_count"": 10, ""transport_minutes"": 247.0}, ""trauma"": {""expected_lost"": 10.258061862678757, ""expected_saved"": 0.7419381373212436, ""mean_response_minutes"": 117.64627634040329, ""mean_scene_minutes"": 16.0, ""mean_transport_minutes"": 31.033333333333342, ""p90_response_minutes"": 298.041912075794, ""patients"": 11, ""response_count"": 6, ""response_minutes"": 705.8776580424197, ""scene_count"": 6, ""scene_minutes"": 96.0, ""transport_count"": 6, ""transport_minutes"": 186.20000000000005}}","{""arrive_hospital"": 97, ""arrive_scene"": 41, ""hospital_release"": 62, ""patient_arrival"": 55, ""reposition_complete"": 38, ""restock_complete"": 39, ""scene_complete"": 41, ""transfer_ready"": 73}",35.892345,19.107655,0.3474119136514517,76.15677774525459,12.195121951219514,35.72499999999999,154.0294909639378,41,0.7454545454545455,55,55,14
greedy,54,1054,"{""cardiac"": {""expected_lost"": 13.137753017054441, ""expected_saved"": 0.8622469829455585, ""mean_response_minutes"": 52.63073370453894, ""mean_scene_minutes"": 10.909090909090908, ""mean_transport_minutes"": 40.88499999999997, ""p90_response_minutes"": 88.5263338274566, ""patients"": 14, ""response_count"": 11, ""response_minutes"": 578.9380707499283, ""scene_count"": 11, ""scene_minutes"": 120.0, ""transport_count"": 10, ""transport_minutes"": 408.8499999999997}, ""minor"": {""expected_lost"": 1.1298045657440008, ""expected_saved"": 7.870195434256, ""mean_response_minutes"": 39.99385804533226, ""mean_scene_minutes"": 10.0, ""mean_transport_minutes"": 42.51666666666667, ""p90_response_minutes"": 64.39355811618312, ""patients"": 9, ""response_count"": 9, ""response_minutes"": 359.94472240799035, ""scene_count"": 9, ""scene_minutes"": 90.0, ""transport_count"": 9, ""transport_minutes"": 382.65000000000003}, ""stroke"": {""expected_lost"": 6.432465456071434, ""expected_saved"": 5.567534543928567, ""mean_response_minutes"": 18.585609300011242, ""mean_scene_minutes"": 14.0, ""mean_transport_minutes"": 25.270000000000003, ""p90_response_minutes"": 26.966382537221783, ""patients"": 12, ""response_count"": 10, ""response_minutes"": 185.85609300011242, ""scene_count"": 10, ""scene_minutes"": 140.0, ""transport_count"": 10, ""transport_minutes"": 252.70000000000005}, ""trauma"": {""expected_lost"": 6.762200369624839, ""expected_saved"": 2.2377996303751604, ""mean_response_minutes"": 35.10909482302735, ""mean_scene_minutes"": 16.0, ""mean_transport_minutes"": 22.125, ""p90_response_minutes"": 70.82510948476735, ""patients"": 9, ""response_count"": 9, ""response_minutes"": 315.98185340724615, ""scene_count"": 9, ""scene_minutes"": 144.0, ""transport_count"": 8, ""transport_minutes"": 177.0}}","{""arrive_hospital"": 85, ""arrive_scene"": 39, ""hospital_release"": 61, ""patient_arrival"": 44, ""reposition_complete"": 36, ""restock_complete"": 37, ""scene_complete"": 38, ""transfer_ready"": 66}",27.462223,16.537777,0.37585855889784736,36.9415574247507,12.666666666666666,33.0054054054054,77.49036250343134,39,0.8863636363636364,44,44,5
greedy,55,1055,"{""cardiac"": {""expected_lost"": 8.641024102385433, ""expected_saved"": 1.3589758973776325, ""mean_response_minutes"": 63.97958535739457, ""mean_scene_minutes"": 12.0, ""mean_transport_minutes"": 37.96, ""p90_response_minutes"": 100.5866201645205, ""patients"": 10, ""response_count"": 10, ""response_minutes"": 639.7958535739457, ""scene_count"": 10, ""scene_minutes"": 120.0, ""transport_count"": 10, ""transport_minutes"": 379.6}, ""minor"": {""expected_lost"": 0.933884561843664, ""expected_saved"": 8.066115438156336, ""mean_response_minutes"": 15.910199392379651, ""mean_scene_minutes"": 10.0, ""mean_transport_minutes"": 41.43124999999998, ""p90_response_minutes"": 34.25567206730976, ""patients"": 9, ""response_count"": 9, ""response_minutes"": 143.19179453141686, ""scene_count"": 9, ""scene_minutes"": 90.0, ""transport_count"": 8, ""transport_minutes"": 331.4499999999998}, ""stroke"": {""expected_lost"": 3.56877488109835, ""expected_saved"": 3.43122511890165, ""mean_response_minutes"": 32.61442814860355, ""mean_scene_minutes"": 14.0, ""mean_transport_minutes"": 26.114285714285675, ""p90_response_minutes"": 73.16894475561567, ""patients"": 7, ""response_count"": 7, ""response_minutes"": 228.30099704022484, ""scene_count"": 7, ""scene_minutes"": 98.0, ""transport_count"": 7, ""transport_minutes"": 182.79999999999973}, ""trauma"": {""expected_lost"": 8.88712503246666, ""expected_saved"": 2.1128749675333403, ""mean_response_minutes"": 35.724815786283855, ""mean_scene_minutes"": 16.000000000000004, ""mean_transport_minutes"": 25.545454545454547, ""p90_response_minutes"": 50.191687530273725, ""patients"": 11, ""response_count"": 11, ""response_minutes"": 392.9729736491224, ""scene_count"": 11, ""scene_minutes"": 176.00000000000003, ""transport_count"": 11, ""transport_minutes"": 281.0}}","{""arrive_hospital"": 77, ""arrive_scene"": 37, ""hospital_release"": 55, ""patient_arrival"": 37, ""reposition_complete"": 36, ""restock_complete"": 36, ""scene_complete"": 37, ""transfer_ready"": 59}",22.030809,14.969191,0.40457274113429603,37.953016724181346,13.08108108108108,32.63472222222221,55.32672137873915,37,1.0,37,37,0
greedy,56,1056,"{""cardiac"": {""expected_lost"": 10.057729653541164, ""expected_saved"": 0.9422703464588352, ""mean_response_minutes"": 25.672733639281685, ""mean_scene_minutes"": 12.0, ""mean_transport_minutes"": 44.81428571428571, ""p90_response_minutes"": 44.46542181318559, ""patients"": 11, ""response_count"": 7, ""response_minutes"": 179.7091354749718, ""scene_count"": 7, ""scene_minutes"": 84.0, ""transport_count"": 7, ""transport_minutes"": 313.7}, ""minor"": {""expected_lost"": 0.9697640319829275, ""expected_saved"": 9.030235968017072, ""mean_response_minutes"": 32.99896916535613, ""mean_scene_minutes"": 10.0, ""mean_transport_minutes"": 40.7, ""p90_response_minutes"": 55.05932435747004, ""patients"": 10, ""response_count"": 10, ""response_minutes"": 329.9896916535613, ""scene_count"": 10, ""scene_minutes"": 100.0, ""transport_count"": 10, ""transport_minutes"": 407.0}, ""stroke"": {""expected_lost"": 7.917976175107188, ""expected_saved"": 4.082023824892812, ""mean_response_minutes"": 79.52885820730154, ""mean_scene_minutes"": 14.0, ""mean_transport_minutes"": 26.200000000000003, ""p90_response_minutes"": 193.67160144992113, ""patients"": 12, ""response_count"": 11, ""response_minutes"": 874.817440280317, ""scene_count"": 11, ""scene_minutes"": 154.0, ""transport_count"": 11, ""transport_minutes"": 288.20000000000005}, ""trauma"": {""expected_lost"": 8.806017740458127, ""expected_saved"": 1.193982259541872, ""mean_response_minutes"": 36.47066633402451, ""mean_scene_minutes"": 16.0, ""mean_transport_minutes"": 28.625, ""p90_response_minutes"": 70.26432018855489, ""patients"": 10, ""response_count"": 8, ""response_minutes"": 291.76533067219606, ""scene_count"": 8, ""scene_minutes"": 128.0, ""transport_count"": 8, ""transport_minutes"": 229.0}}","{""arrive_hospital"": 79, ""arrive_scene"": 36, ""hospital_release"": 57, ""patient_arrival"": 43, ""reposition_complete"": 33, ""restock_complete"": 34, ""scene_complete"": 36, ""transfer_ready"": 62}",27.751488,15.248512,0.3546165674165253,46.563377724473504,12.944444444444445,34.38611111111111,78.55471567198998,36,0.8372093023255814,43,43,7
greedy,57,1057,"{""cardiac"": {""expected_lost"": 5.479491635097257, ""expected_saved"": 0.5205083638226595, ""mean_response_minutes"": 174.77405527605086, ""mean_scene_minutes"": 12.0, ""mean_transport_minutes"": 35.20833333333329, ""p90_response_minutes"": 368.1030072307378, ""patients"": 6, ""response_count"": 6, ""response_minutes"": 1048.6443316563052, ""scene_count"": 6, ""scene_minutes"": 72.0, ""transport_count"": 6, ""transport_minutes"": 211.24999999999977}, ""minor"": {""expected_lost"": 1.5425549142074226, ""expected_saved"": 10.457445085792576, ""mean_response_minutes"": 37.62758538862485, ""mean_scene_minutes"": 10.0, ""mean_transport_minutes"": 39.65416666666667, ""p90_response_minutes"": 74.89080948976206, ""patients"": 12, ""response_count"": 12, ""response_minutes"": 451.5310246634982, ""scene_count"": 12, ""scene_minutes"": 120.0, ""transport_count"": 12, ""transport_minutes"": 475.85}, ""stroke"": {""expected_lost"": 5.666219622542705, ""expected_saved"": 3.333780377457294, ""mean_response_minutes"": 69.9048614382244, ""mean_scene_minutes"": 14.0, ""mean_transport_minutes"": 28.422222222222214, ""p90_response_minutes"": 217.34888063866396, ""patients"": 9, ""response_count"": 9, ""response_minutes"": 629.1437529440196, ""scene_count"": 9, ""scene_minutes"": 126.0, ""transport_count"": 9, ""transport_minutes"": 255.79999999999993}, ""trauma"": {""expected_lost"": 8.762957545779038, ""expected_saved"": 2.237042454220961, ""mean_response_minutes"": 27.08354164531029, ""mean_scene_minutes"": 15.999999999999998, ""mean_transport_minutes"": 25.063636363636366, ""p90_response_minutes"": 51.847551245543116, ""patients"": 11, ""response_count"": 11, ""response_minutes"": 297.9189580984132, ""scene_count"": 11, ""scene_minutes"": 175.99999999999997, ""transport_count"": 11, ""transport_minutes"": 275.70000000000005}}","{""arrive_hospital"": 80, ""arrive_scene"": 38, ""hospital_release"": 60, ""patient_arrival"": 38, ""reposition_complete"": 37, ""restock_complete"": 37, ""scene_complete"": 38, ""transfer_ready"": 63}",21.451224,16.548776,0.4354941126656181,63.87468598321675,13.0,32.06842105263158,220.56857964712412,38,1.0,38,38,0
greedy,58,1058,"{""cardiac"": {""expected_lost"": 11.204653284454627, ""expected_saved"": 0.7953467145859466, ""mean_response_minutes"": 141.99879245472496, ""mean_scene_minutes"": 12.0, ""mean_transport_minutes"": 34.95, ""p90_response_minutes"": 428.49415064926416, ""patients"": 12, ""response_count"": 12, ""response_minutes"": 1703.9855094566997, ""scene_count"": 12, ""scene_minutes"": 144.0, ""transport_count"": 12, ""transport_minutes"": 419.40000000000003}, ""minor"": {""expected_lost"": 2.1980830273653207, ""expected_saved"": 10.801916972634677, ""mean_response_minutes"": 45.1824206993837, ""mean_scene_minutes"": 10.0, ""mean_transport_minutes"": 40.783333333333324, ""p90_response_minutes"": 89.8807797592281, ""patients"": 13, ""response_count"": 13, ""response_minutes"": 587.371469091988, ""scene_count"": 13, ""scene_minutes"": 130.0, ""transport_count"": 12, ""transport_minutes"": 489.39999999999986}, ""stroke"": {""expected_lost"": 3.4564001886751137, ""expected_saved"": 3.5435998113248868, ""mean_response_minutes"": 23.842299143140714, ""mean_scene_minutes"": 14.0, ""mean_transport_minutes"": 24.857142857142858, ""p90_response_minutes"": 34.414063170416476, ""patients"": 7, ""response_count"": 7, ""response_minutes"": 166.896094001985, ""scene_count"": 7, ""scene_minutes"": 98.0, ""transport_count"": 7, ""transport_minutes"": 174.0}, ""trauma"": {""expected_lost"": 9.615355267113582, ""expected_saved"": 1.3846447328864173, ""mean_response_minutes"": 55.64316539576188, ""mean_scene_minutes"": 16.0, ""mean_transport_minutes"": 25.5090909090909, ""p90_response_minutes"": 139.5841261056048, ""patients"": 11, ""response_count"": 11, ""response_minutes"": 612.0748193533807, ""scene_count"": 11, ""scene_minutes"": 176.0, ""transport_count"": 11, ""transport_minutes"": 280.5999999999999}}","{""arrive_hospital"": 91, ""arrive_scene"": 43, ""hospital_release"": 66, ""patient_arrival"": 43, ""reposition_complete"": 40, ""restock_complete"": 41, ""scene_complete"": 43, ""transfer_ready"": 69}",26.474492,16.525508,0.38431414491702165,71.40297423032683,12.744186046511627,32.46190476190476,190.37078557820618,43,1.0,43,43,0
greedy,59,1059,"{""cardiac"": {""expected_lost"": 12.803847884278351, ""expected_saved"": 1.1961521157216486, ""mean_response_minutes"": 56.798951761567444, ""mean_scene_minutes"": 11.999999999999995, ""mean_transport_minutes"": 39.949999999999996, ""p90_response_minutes"": 134.94541075864936, ""patients"": 14, ""response_count"": 12, ""response_minutes"": 681.5874211388093, ""scene_count"": 12, ""scene_minutes"": 143.99999999999994, ""transport_count"": 12, ""transport_minutes"": 479.4}, ""minor"": {""expected_lost"": 1.2494750194067317, ""expected_saved"": 4.750524980593268, ""mean_response_minutes"": 21.18401530581741, ""mean_scene_minutes"": 10.0, ""mean_transport_minutes"": 42.479999999999926, ""p90_response_minutes"": 36.11021213455256, ""patients"": 6, ""response_count"": 5, ""response_minutes"": 105.92007652908705, ""scene_count"": 5, ""scene_minutes"": 50.0, ""transport_count"": 5, ""transport_minutes"": 212.39999999999964}, ""stroke"": {""expected_lost"": 7.420338236779702, ""expected_saved"": 3.5796617632202974, ""mean_response_minutes"": 43.72634290190738, ""mean_scene_minutes"": 12.6, ""mean_transport_minutes"": 27.599999999999998, ""p90_response_minutes"": 70.55467788386161, ""patients"": 11, ""response_count"": 10, ""response_minutes"": 437.2634290190738, ""scene_count"": 10, ""scene_minutes"": 126.0, ""transport_count"": 9, ""transport_minutes"": 248.39999999999998}, ""trauma"": {""expected_lost"": 13.808394354896418, ""expected_saved"": 2.1916056442775025, ""mean_response_minutes"": 93.35827681546262, ""mean_scene_minutes"": 16.0, ""mean_transport_minutes"": 23.615624999999998, ""p90_response_minutes"": 247.83951251945604, ""patients"": 16, ""response_count"": 16, ""response_minutes"": 1493.7324290474019, ""scene_count"": 16, ""scene_minutes"": 256.0, ""transport_count"": 16, ""transport_minutes"": 377.84999999999997}}","{""arrive_hospital"": 85, ""arrive_scene"": 43, ""hospital_release"": 63, ""patient_arrival"": 47, ""reposition_complete"": 41, ""restock_complete"": 42, ""scene_complete"": 42, ""transfer_ready"": 67}",35.282055,11.717945,0.24931796816622792,63.22100827289237,13.395348837209303,31.38214285714285,104.95948923767294,43,0.9148936170212766,47,47,4
greedy,60,1060,"{""cardiac"": {""expected_lost"": 11.582126975989455, ""expected_saved"": 1.4178730240105462, ""mean_response_minutes"": 41.63610683275971, ""mean_scene_minutes"": 12.0, ""mean_transport_minutes"": 40.48181818181817, ""p90_response_minutes"": 75.31045156524851, ""patients"": 13, ""response_count"": 11, ""response_minutes"": 457.9971751603568, ""scene_count"": 11, ""scene_minutes"": 132.0, ""transport_count"": 11, ""transport_minutes"": 445.29999999999984}, ""minor"": {""expected_lost"": 1.1560949233159152, ""expected_saved"": 8.843905076684086, ""mean_response_minutes"": 34.62539451065318, ""mean_scene_minutes"": 10.0, ""mean_transport_minutes"": 41.00499999999998, ""p90_response_minutes"": 68.30627042260416, ""patients"": 10, ""response_count"": 10, ""response_minutes"": 346.2539451065318, ""scene_count"": 10, ""scene_minutes"": 100.0, ""transport_count"": 10, ""transport_minutes"": 410.04999999999984}, ""stroke"": {""expected_lost"": 4.121774239138092, ""expected_saved"": 2.8782257608619077, ""mean_response_minutes"": 39.0261885895141, ""mean_scene_minutes"": 14.0, ""mean_transport_minutes"": 26.08571428571429, ""p90_response_minutes"": 83.0723776058586, ""patients"": 7, ""response_count"": 7, ""response_minutes"": 273.1833201265987, ""scene_count"": 7, ""scene_minutes"": 98.0, ""transport_count"": 7, ""transport_minutes"": 182.60000000000002}, ""trauma"": {""expected_lost"": 8.130938429844067, ""expected_saved"": 0.8690615701559335, ""mean_response_minutes"": 87.39746451997985, ""mean_scene_minutes"": 16.0, ""mean_transport_minutes"": 27.75, ""p90_response_minutes"": 223.65610289403656, ""patients"": 9, ""response_count"": 9, ""response_minutes"": 786.5771806798186, ""scene_count"": 9, ""scene_minutes"": 144.0, ""transport_count"": 9, ""transport_minutes"": 249.75}}","{""arrive_hospital"": 85, ""arrive_scene"": 37, ""hospital_release"": 61, ""patient_arrival"": 39, ""reposition_complete"": 36, ""restock_complete"": 36, ""scene_complete"": 37, ""transfer_ready"": 64}",24.990935,14.009065,0.35920680594134546,50.3786924614407,12.81081081081081,34.802702702702696,130.59166164307507,37,0.9487179487179487,39,39,2
greedy,61,1061,"{""cardiac"": {""expected_lost"": 13.772411990524605, ""expected_saved"": 1.2275880082596917, ""mean_response_minutes"": 120.48039053217276, ""mean_scene_minutes"": 12.0, ""mean_transport_minutes"": 36.87, ""p90_response_minutes"": 326.68747970612037, ""patients"": 15, ""response_count"": 15, ""response_minutes"": 1807.2058579825914, ""scene_count"": 15, ""scene_minutes"": 180.0, ""transport_count"": 15, ""transport_minutes"": 553.05}, ""minor"": {""expected_lost"": 0.40539764203521933, ""expected_saved"": 3.5946023579647806, ""mean_response_minutes"": 31.577591064137977, ""mean_scene_minutes"": 10.0, ""mean_transport_minutes"": 39.25, ""p90_response_minutes"": 50.49611502942336, ""patients"": 4, ""response_count"": 4, ""response_minutes"": 126.3103642565519, ""scene_count"": 4, ""scene_minutes"": 40.0, ""transport_count"": 4, ""transport_minutes"": 157.0}, ""stroke"": {""expected_lost"": 6.9558380874648815, ""expected_saved"": 5.0441619125351185, ""mean_response_minutes"": 35.43871682797262, ""mean_scene_minutes"": 14.0, ""mean_transport_minutes"": 25.40833333333333, ""p90_response_minutes"": 58.23321724431765, ""patients"": 12, ""response_count"": 12, ""response_minutes"": 425.2646019356714, ""scene_count"": 12, ""scene_minutes"": 168.0, ""transport_count"": 12, ""transport_minutes"": 304.9}, ""trauma"": {""expected_lost"": 6.575120087966441, ""expected_saved"": 1.4248799120335587, ""mean_response_minutes"": 27.763325794097266, ""mean_scene_minutes"": 16.0, ""mean_transport_minutes"": 24.592857142857156, ""p90_response_minutes"": 61.114516816064, ""patients"": 8, ""response_count"": 8, ""response_minutes"": 222.10660635277813, ""scene_count"": 8, ""scene_minutes"": 128.0, ""transport_count"": 7, ""transport_minutes"": 172.1500000000001}}","{""arrive_hospital"": 84, ""arrive_scene"": 39, ""hospital_release"": 63, ""patient_arrival"": 39, ""reposition_complete"": 37, ""restock_complete"": 37, ""scene_complete"": 39, ""transfer_ready"": 65}",27.708768,11.291232,0.28951877412290133,66.17660078275877,13.23076923076923,31.239473684210523,190.0163990778826,39,1.0,39,39,0
greedy,62,1062,"{""cardiac"": {""expected_lost"": 10.490733990946138, ""expected_saved"": 0.5092660090538599, ""mean_response_minutes"": 174.59260272076583, ""mean_scene_minutes"": 12.0, ""mean_transport_minutes"": 26.333333333333332, ""p90_response_minutes"": 469.73934908094213, ""patients"": 11, ""response_count"": 6, ""response_minutes"": 1047.555616324595, ""scene_count"": 6, ""scene_minutes"": 72.0, ""transport_count"": 6, ""transport_minutes"": 158.0}, ""minor"": {""expected_lost"": 2.357366572251369, ""expected_saved"": 9.642633427748631, ""mean_response_minutes"": 78.22296259482974, ""mean_scene_minutes"": 10.0, ""mean_transport_minutes"": 42.11666666666667, ""p90_response_minutes"": 210.79687929818922, ""patients"": 12, ""response_count"": 12, ""response_minutes"": 938.6755511379569, ""scene_count"": 12, ""scene_minutes"": 120.0, ""transport_count"": 12, ""transport_minutes"": 505.4}, ""stroke"": {""expected_lost"": 10.1402396242531, ""expected_saved"": 3.8597603757469, ""mean_response_minutes"": 177.21131203491126, ""mean_scene_minutes"": 14.0, ""mean_transport_minutes"": 26.09642857142857, ""p90_response_minutes"": 574.4634780222946, ""patients"": 14, ""response_count"": 14, ""response_minutes"": 2480.9583684887575, ""scene_count"": 14, ""scene_minutes"": 196.0, ""transport_count"": 14, ""transport_minutes"": 365.35}, ""trauma"": {""expected_lost"": 13.450861520636684, ""expected_saved"": 1.5491384793633172, ""mean_response_minutes"": 65.47756914741032, ""mean_scene_minutes"": 16.00000000000001, ""mean_transport_minutes"": 23.908333333333342, ""p90_response_minutes"": 142.48793762001765, ""patients"": 15, ""response_count"": 12, ""response_minutes"": 785.7308297689239, ""scene_count"": 12, ""scene_minutes"": 192.00000000000014, ""transport_count"": 12, ""transport_minutes"": 286.9000000000001}}","{""arrive_hospital"": 85, ""arrive_mortuary"": 2, ""arrive_scene"": 44, ""hospital_release"": 65, ""patient_arrival"": 52, ""reposition_complete"": 41, ""restock_complete"": 41, ""scene_complete"": 44, ""transfer_ready"": 70}",36.439202,15.560798,0.2992461209983214,119.38455376636892,13.181818181818185,29.901136363636365,370.80791058521174,44,0.8461538461538461,52,52,8
greedy,63,1063,"{""cardiac"": {""expected_lost"": 9.097059781765493, ""expected_saved"": 0.9029402182345052, ""mean_response_minutes"": 55.242328263714725, ""mean_scene_minutes"": 10.666666666666666, ""mean_transport_minutes"": 39.974999999999994, ""p90_response_minutes"": 112.33756088273427, ""patients"": 10, ""response_count"": 9, ""response_minutes"": 497.18095437343254, ""scene_count"": 9, ""scene_minutes"": 96.0, ""transport_count"": 8, ""transport_minutes"": 319.79999999999995}, ""minor"": {""expected_lost"": 0.7502380304230595, ""expected_saved"": 7.24976196957694, ""mean_response_minutes"": 28.023011338530075, ""mean_scene_minutes"": 10.0, ""mean_transport_minutes"": 45.06874999999999, ""p90_response_minutes"": 58.18907698000305, ""patients"": 8, ""response_count"": 8, ""response_minutes"": 224.1840907082406, ""scene_count"": 8, ""scene_minutes"": 80.0, ""transport_count"": 8, ""transport_minutes"": 360.5499999999999}, ""stroke"": {""expected_lost"": 4.115310888391793, ""expected_saved"": 2.8846891116082074, ""mean_response_minutes"": 40.97758611263979, ""mean_scene_minutes"": 14.0, ""mean_transport_minutes"": 25.571428571428573, ""p90_response_minutes"": 77.53166202152576, ""patients"": 7, ""response_count"": 7, ""response_minutes"": 286.8431027884785, ""scene_count"": 7, ""scene_minutes"": 98.0, ""transport_count"": 7, ""transport_minutes"": 179.0}, ""trauma"": {""expected_lost"": 13.238189394143284, ""expected_saved"": 2.761810605856717, ""mean_response_minutes"": 53.4062944306836, ""mean_scene_minutes"": 15.999999999999996, ""mean_transport_minutes"": 25.08571428571429, ""p90_response_minutes"": 89.46834651915262, ""patients"": 16, ""response_count"": 14, ""response_minutes"": 747.6881220295704, ""scene_count"": 14, ""scene_minutes"": 223.99999999999994, ""transport_count"": 14, ""transport_minutes"": 351.20000000000005}}","{""arrive_hospital"": 75, ""arrive_scene"": 38, ""hospital_release"": 53, ""patient_arrival"": 41, ""reposition_complete"": 35, ""restock_complete"": 36, ""scene_complete"": 37, ""transfer_ready"": 59}",27.200798,13.799202,0.33656590012869186,46.20779657630848,13.105263157894735,32.71756756756756,102.88667266545329,38,0.926829268292683,41,41,3
greedy,64,1064,"{""cardiac"": {""expected_lost"": 13.038235116548773, ""expected_saved"": 0.9617648834512291, ""mean_response_minutes"": 41.36409805215088, ""mean_scene_minutes"": 12.0, ""mean_transport_minutes"": 39.27222222222222, ""p90_response_minutes"": 77.29355040114963, ""patients"": 14, ""response_count"": 9, ""response_minutes"": 372.27688246935793, ""scene_count"": 9, ""scene_minutes"": 108.0, ""transport_count"": 9, ""transport_minutes"": 353.45}, ""minor"": {""expected_lost"": 2.7610751624614482, ""expected_saved"": 7.238924837538551, ""mean_response_minutes"": 71.1316414663673, ""mean_scene_minutes"": 10.0, ""mean_transport_minutes"": 44.17777777777778, ""p90_response_minutes"": 130.29693256212022, ""patients"": 10, ""response_count"": 10, ""response_minutes"": 711.316414663673, ""scene_count"": 10, ""scene_minutes"": 100.0, ""transport_count"": 9, ""transport_minutes"": 397.59999999999997}, ""stroke"": {""expected_lost"": 5.262203833679192, ""expected_saved"": 4.737796166320808, ""mean_response_minutes"": 31.07308728931787, ""mean_scene_minutes"": 14.0, ""mean_transport_minutes"": 26.3, ""p90_response_minutes"": 52.500682744453485, ""patients"": 10, ""response_count"": 10, ""response_minutes"": 310.7308728931787, ""scene_count"": 10, ""scene_minutes"": 140.0, ""transport_count"": 10, ""transport_minutes"": 263.0}, ""trauma"": {""expected_lost"": 8.805234164058305, ""expected_saved"": 2.194765835941695, ""mean_response_minutes"": 20.601380277159024, ""mean_scene_minutes"": 16.0, ""mean_transport_minutes"": 29.099999999999994, ""p90_response_minutes"": 40.70043131684762, ""patients"": 11, ""response_count"": 8, ""response_minutes"": 164.8110422172722, ""scene_count"": 8, ""scene_minutes"": 128.0, ""transport_count"": 8, ""transport_minutes"": 232.79999999999995}}","{""arrive_hospital"": 82, ""arrive_scene"": 37, ""hospital_release"": 59, ""patient_arrival"": 45, ""reposition_complete"": 35, ""restock_complete"": 36, ""scene_complete"": 37, ""transfer_ready"": 64}",29.866748,15.133252,0.3362944827389396,42.13878952009411,12.864864864864865,34.63472222222222,87.4000172805602,37,0.8222222222222222,45,45,8
greedy,65,1065,"{""cardiac"": {""expected_lost"": 13.587448618726409, ""expected_saved"": 1.4125513812735901, ""mean_response_minutes"": 36.20636748827312, ""mean_scene_minutes"": 12.0, ""mean_transport_minutes"": 40.179999999999986, ""p90_response_minutes"": 84.37286549877184, ""patients"": 15, ""response_count"": 10, ""response_minutes"": 362.0636748827312, ""scene_count"": 10, ""scene_minutes"": 120.0, ""transport_count"": 10, ""transport_minutes"": 401.79999999999984}, ""minor"": {""expected_lost"": 3.946879448640373, ""expected_saved"": 6.053120551359627, ""mean_response_minutes"": 20.725272416655255, ""mean_scene_minutes"": 10.0, ""mean_transport_minutes"": 44.391666666666616, ""p90_response_minutes"": 38.67295252071146, ""patients"": 10, ""response_count"": 7, ""response_minutes"": 145.07690691658678, ""scene_count"": 7, ""scene_minutes"": 70.0, ""transport_count"": 6, ""transport_minutes"": 266.3499999999997}, ""stroke"": {""expected_lost"": 8.506312957270744, ""expected_saved"": 6.493687042729255, ""mean_response_minutes"": 28.34729655375807, ""mean_scene_minutes"": 14.0, ""mean_transport_minutes"": 27.803571428571427, ""p90_response_minutes"": 66.76287303553917, ""patients"": 15, ""response_count"": 14, ""response_minutes"": 396.862151752613, ""scene_count"": 14, ""scene_minutes"": 196.0, ""transport_count"": 14, ""transport_minutes"": 389.25}, ""trauma"": {""expected_lost"": 7.971921604852217, ""expected_saved"": 1.0280783951477819, ""mean_response_minutes"": 54.49022536564347, ""mean_scene_minutes"": 16.0, ""mean_transport_minutes"": 24.650000000000006, ""p90_response_minutes"": 92.8814520453706, ""patients"": 9, ""response_count"": 8, ""response_minutes"": 435.92180292514774, ""scene_count"": 8, ""scene_minutes"": 128.0, ""transport_count"": 8, ""transport_minutes"": 197.20000000000005}}","{""arrive_hospital"": 84, ""arrive_scene"": 39, ""hospital_release"": 62, ""patient_arrival"": 49, ""reposition_complete"": 37, ""restock_complete"": 38, ""scene_complete"": 39, ""transfer_ready"": 68}",34.012563,14.987437,0.30586606878592343,34.35703939684817,13.179487179487179,33.015789473684194,78.58528121691424,39,0.7959183673469388,49,49,10
greedy,66,1066,"{""cardiac"": {""expected_lost"": 11.162452506912393, ""expected_saved"": 0.8375474930876066, ""mean_response_minutes"": 84.58888381436631, ""mean_scene_minutes"": 12.0, ""mean_transport_minutes"": 40.162499999999994, ""p90_response_minutes"": 206.75110013368015, ""patients"": 12, ""response_count"": 8, ""response_minutes"": 676.7110705149305, ""scene_count"": 8, ""scene_minutes"": 96.0, ""transport_count"": 8, ""transport_minutes"": 321.29999999999995}, ""minor"": {""expected_lost"": 1.631619579742957, ""expected_saved"": 12.368380420257042, ""mean_response_minutes"": 37.78736359003936, ""mean_scene_minutes"": 10.0, ""mean_transport_minutes"": 40.41428571428569, ""p90_response_minutes"": 52.072498984300424, ""patients"": 14, ""response_count"": 14, ""response_minutes"": 529.023090260551, ""scene_count"": 14, ""scene_minutes"": 140.0, ""transport_count"": 14, ""transport_minutes"": 565.7999999999996}, ""stroke"": {""expected_lost"": 8.24522221994787, ""expected_saved"": 3.7547777800521307, ""mean_response_minutes"": 52.1844166006061, ""mean_scene_minutes"": 14.0, ""mean_transport_minutes"": 28.3, ""p90_response_minutes"": 134.48576166232263, ""patients"": 12, ""response_count"": 10, ""response_minutes"": 521.844166006061, ""scene_count"": 10, ""scene_minutes"": 140.0, ""transport_count"": 10, ""transport_minutes"": 283.0}, ""trauma"": {""expected_lost"": 11.460061163971712, ""expected_saved"": 1.5399388360282873, ""mean_response_minutes"": 49.93431069597222, ""mean_scene_minutes"": 15.99999999999999, ""mean_transport_minutes"": 23.19000000000001, ""p90_response_minutes"": 125.27557576309032, ""patients"": 13, ""response_count"": 10, ""response_minutes"": 499.3431069597222, ""scene_count"": 10, ""scene_minutes"": 159.9999999999999, ""transport_count"": 10, ""transport_minutes"": 231.9000000000001}}","{""arrive_hospital"": 94, ""arrive_scene"": 42, ""hospital_release"": 68, ""patient_arrival"": 51, ""reposition_complete"": 39, ""restock_complete"": 40, ""scene_complete"": 42, ""transfer_ready"": 74}",32.499355,18.500645,0.3627577358710798,53.02193889860155,12.76190476190476,33.38095238095237,129.7082528213458,42,0.8235294117647058,51,51,9
greedy,67,1067,"{""cardiac"": {""expected_lost"": 14.279308061099186, ""expected_saved"": 1.720691938900812, ""mean_response_minutes"": 17.729735124501758, ""mean_scene_minutes"": 12.0, ""mean_transport_minutes"": 39.25, ""p90_response_minutes"": 23.364771872110325, ""patients"": 16, ""response_count"": 10, ""response_minutes"": 177.29735124501758, ""scene_count"": 10, ""scene_minutes"": 120.0, ""transport_count"": 10, ""transport_minutes"": 392.5}, ""minor"": {""expected_lost"": 2.3917758875648683, ""expected_saved"": 4.608224112435131, ""mean_response_minutes"": 30.07825104728936, ""mean_scene_minutes"": 10.0, ""mean_transport_minutes"": 43.00000000000002, ""p90_response_minutes"": 42.706695118653016, ""patients"": 7, ""response_count"": 5, ""response_minutes"": 150.3912552364468, ""scene_count"": 5, ""scene_minutes"": 50.0, ""transport_count"": 5, ""transport_minutes"": 215.0000000000001}, ""stroke"": {""expected_lost"": 6.139358799160341, ""expected_saved"": 2.86064120083966, ""mean_response_minutes"": 30.048545996545347, ""mean_scene_minutes"": 14.0, ""mean_transport_minutes"": 25.166666666666668, ""p90_response_minutes"": 44.94927380161636, ""patients"": 9, ""response_count"": 6, ""response_minutes"": 180.2912759792721, ""scene_count"": 6, ""scene_minutes"": 84.0, ""transport_count"": 6, ""transport_minutes"": 151.0}, ""trauma"": {""expected_lost"": 18.7108545359067, ""expected_saved"": 2.2891454640932984, ""mean_response_minutes"": 54.29036715854454, ""mean_scene_minutes"": 16.0, ""mean_transport_minutes"": 29.691666666666663, ""p90_response_minutes"": 104.08886534437477, ""patients"": 21, ""response_count"": 19, ""response_minutes"": 1031.5169760123463, ""scene_count"": 19, ""scene_minutes"": 304.0, ""transport_count"": 18, ""transport_minutes"": 534.4499999999999}}","{""arrive_hospital"": 75, ""arrive_scene"": 40, ""hospital_release"": 55, ""patient_arrival"": 53, ""reposition_complete"": 37, ""restock_complete"": 39, ""scene_complete"": 40, ""transfer_ready"": 60}",41.521297,11.478703,0.21657929653337543,38.48742146182707,13.95,33.15256410256411,63.2035534450537,40,0.7547169811320755,53,53,13
greedy,68,1068,"{""cardiac"": {""expected_lost"": 10.210901294405227, ""expected_saved"": 1.7890987055947714, ""mean_response_minutes"": 25.89510609082906, ""mean_scene_minutes"": 12.0, ""mean_transport_minutes"": 41.60416666666665, ""p90_response_minutes"": 50.760612749943974, ""patients"": 12, ""response_count"": 12, ""response_minutes"": 310.7412730899487, ""scene_count"": 12, ""scene_minutes"": 144.0, ""transport_count"": 12, ""transport_minutes"": 499.2499999999998}, ""minor"": {""expected_lost"": 0.9296423730775039, ""expected_saved"": 9.070357626922496, ""mean_response_minutes"": 31.906324565390854, ""mean_scene_minutes"": 10.0, ""mean_transport_minutes"": 39.19499999999998, ""p90_response_minutes"": 52.86373502285957, ""patients"": 10, ""response_count"": 10, ""response_minutes"": 319.06324565390855, ""scene_count"": 10, ""scene_minutes"": 100.0, ""transport_count"": 10, ""transport_minutes"": 391.9499999999998}, ""stroke"": {""expected_lost"": 6.631748164606442, ""expected_saved"": 3.3682518353935578, ""mean_response_minutes"": 59.72949506633964, ""mean_scene_minutes"": 14.0, ""mean_transport_minutes"": 26.744444444444436, ""p90_response_minutes"": 118.78111718632746, ""patients"": 10, ""response_count"": 9, ""response_minutes"": 537.5654555970567, ""scene_count"": 9, ""scene_minutes"": 126.0, ""transport_count"": 9, ""transport_minutes"": 240.69999999999993}, ""trauma"": {""expected_lost"": 11.073754664808696, ""expected_saved"": 0.9262453351913034, ""mean_response_minutes"": 155.38773423422057, ""mean_scene_minutes"": 16.0, ""mean_transport_minutes"": 28.171428571428578, ""p90_response_minutes"": 501.44963699074015, ""patients"": 12, ""response_count"": 7, ""response_minutes"": 1087.714139639544, ""scene_count"": 7, ""scene_minutes"": 112.0, ""transport_count"": 7, ""transport_minutes"": 197.20000000000005}}","{""arrive_hospital"": 90, ""arrive_scene"": 38, ""hospital_release"": 67, ""patient_arrival"": 44, ""reposition_complete"": 36, ""restock_complete"": 37, ""scene_complete"": 38, ""transfer_ready"": 69}",28.846046,15.153954,0.344408034161412,59.34431878895942,12.68421052631579,34.976315789473674,92.5722908386609,38,0.8636363636363636,44,44,6
greedy,69,1069,"{""cardiac"": {""expected_lost"": 9.490778835708387, ""expected_saved"": 0.5092211642916141, ""mean_response_minutes"": 41.95142621737902, ""mean_scene_minutes"": 12.0, ""mean_transport_minutes"": 38.220000000000006, ""p90_response_minutes"": 68.08728287033296, ""patients"": 10, ""response_count"": 5, ""response_minutes"": 209.75713108689513, ""scene_count"": 5, ""scene_minutes"": 60.0, ""transport_count"": 5, ""transport_minutes"": 191.10000000000002}, ""minor"": {""expected_lost"": 2.796764607377419, ""expected_saved"": 15.20323539262258, ""mean_response_minutes"": 43.21623997391626, ""mean_scene_minutes"": 10.0, ""mean_transport_minutes"": 39.102777777777774, ""p90_response_minutes"": 85.1859829375506, ""patients"": 18, ""response_count"": 18, ""response_minutes"": 777.8923195304926, ""scene_count"": 18, ""scene_minutes"": 180.0, ""transport_count"": 18, ""transport_minutes"": 703.8499999999999}, ""stroke"": {""expected_lost"": 9.260260873143132, ""expected_saved"": 2.7397391268568683, ""mean_response_minutes"": 63.589517122347814, ""mean_scene_minutes"": 14.000000000000007, ""mean_transport_minutes"": 27.512500000000003, ""p90_response_minutes"": 147.33811923068623, ""patients"": 12, ""response_count"": 8, ""response_minutes"": 508.7161369787825, ""scene_count"": 8, ""scene_minutes"": 112.00000000000006, ""transport_count"": 8, ""transport_minutes"": 220.10000000000002}, ""trauma"": {""expected_lost"": 10.892370100838948, ""expected_saved"": 1.107629899161052, ""mean_response_minutes"": 35.18695605321132, ""mean_scene_minutes"": 16.0, ""mean_transport_minutes"": 26.421428571428578, ""p90_response_minutes"": 53.97219753056929, ""patients"": 12, ""response_count"": 7, ""response_minutes"": 246.30869237247924, ""scene_count"": 7, ""scene_minutes"": 112.0, ""transport_count"": 7, ""transport_minutes"": 184.95000000000005}}","{""arrive_hospital"": 90, ""arrive_scene"": 38, ""hospital_release"": 59, ""patient_arrival"": 52, ""reposition_complete"": 35, ""restock_complete"": 35, ""scene_complete"": 38, ""transfer_ready"": 68}",32.440174,19.559826,0.3761504919794639,45.859849472859196,12.210526315789474,34.21052631578947,85.18598293755069,38,0.7307692307692307,52,52,14
greedy,70,1070,"{""cardiac"": {""expected_lost"": 13.996945596057463, ""expected_saved"": 1.0030544036355757, ""mean_response_minutes"": 97.7725608138426, ""mean_scene_minutes"": 12.0, ""mean_transport_minutes"": 39.095, ""p90_response_minutes"": 269.16239813016887, ""patients"": 15, ""response_count"": 10, ""response_minutes"": 977.725608138426, ""scene_count"": 10, ""scene_minutes"": 120.0, ""transport_count"": 10, ""transport_minutes"": 390.95}, ""minor"": {""expected_lost"": 2.8212316301259404, ""expected_saved"": 10.17876836987406, ""mean_response_minutes"": 68.86506078449074, ""mean_scene_minutes"": 10.0, ""mean_transport_minutes"": 40.96153846153848, ""p90_response_minutes"": 170.24045155355938, ""patients"": 13, ""response_count"": 13, ""response_minutes"": 895.2457901983796, ""scene_count"": 13, ""scene_minutes"": 130.0, ""transport_count"": 13, ""transport_minutes"": 532.5000000000002}, ""stroke"": {""expected_lost"": 6.296676088695489, ""expected_saved"": 3.70332391130451, ""mean_response_minutes"": 74.16602712523931, ""mean_scene_minutes"": 14.0, ""mean_transport_minutes"": 26.5, ""p90_response_minutes"": 118.4042438423416, ""patients"": 10, ""response_count"": 10, ""response_minutes"": 741.6602712523932, ""scene_count"": 10, ""scene_minutes"": 140.0, ""transport_count"": 10, ""transport_minutes"": 265.0}, ""trauma"": {""expected_lost"": 8.23839368219277, ""expected_saved"": 0.7616063178072303, ""mean_response_minutes"": 161.40270101193852, ""mean_scene_minutes"": 16.0, ""mean_transport_minutes"": 25.33333333333332, ""p90_response_minutes"": 493.4579592154399, ""patients"": 9, ""response_count"": 9, ""response_minutes"": 1452.6243091074466, ""scene_count"": 9, ""scene_minutes"": 144.0, ""transport_count"": 9, ""transport_minutes"": 227.9999999999999}}","{""arrive_hospital"": 97, ""arrive_scene"": 42, ""hospital_release"": 68, ""patient_arrival"": 47, ""reposition_complete"": 39, ""restock_complete"": 42, ""scene_complete"": 42, ""transfer_ready"": 74}",31.353247,15.646753,0.33290963835364623,96.83942806420585,12.714285714285714,33.72500000000001,256.44337409777006,42,0.8936170212765957,47,47,5
greedy,71,1071,"{""cardiac"": {""expected_lost"": 5.610615046672674, ""expected_saved"": 0.3893849533273262, ""mean_response_minutes"": 70.70097799597892, ""mean_scene_minutes"": 12.0, ""mean_transport_minutes"": 42.08999999999996, ""p90_response_minutes"": 162.43955462480739, ""patients"": 6, ""response_count"": 5, ""response_minutes"": 353.5048899798946, ""scene_count"": 5, ""scene_minutes"": 60.0, ""transport_count"": 5, ""transport_minutes"": 210.44999999999982}, ""minor"": {""expected_lost"": 4.37955082903231, ""expected_saved"": 14.62044917096769, ""mean_response_minutes"": 45.97066212924569, ""mean_scene_minutes"": 10.0, ""mean_transport_minutes"": 39.758823529411764, ""p90_response_minutes"": 71.46933867933527, ""patients"": 19, ""response_count"": 17, ""response_minutes"": 781.5012561971768, ""scene_count"": 17, ""scene_minutes"": 170.0, ""transport_count"": 17, ""transport_minutes"": 675.9}, ""stroke"": {""expected_lost"": 9.197867147895396, ""expected_saved"": 3.802132852104605, ""mean_response_minutes"": 38.9364017406508, ""mean_scene_minutes"": 14.0, ""mean_transport_minutes"": 25.9, ""p90_response_minutes"": 85.40490811110294, ""patients"": 13, ""response_count"": 11, ""response_minutes"": 428.3004191471588, ""scene_count"": 11, ""scene_minutes"": 154.0, ""transport_count"": 10, ""transport_minutes"": 259.0}, ""trauma"": {""expected_lost"": 12.258099158232884, ""expected_saved"": 0.7419008417671151, ""mean_response_minutes"": 99.61233736255517, ""mean_scene_minutes"": 16.00000000000001, ""mean_transport_minutes"": 29.430000000000007, ""p90_response_minutes"": 251.32373497980086, ""patients"": 13, ""response_count"": 10, ""response_minutes"": 996.1233736255517, ""scene_count"": 10, ""scene_minutes"": 160.0000000000001, ""transport_count"": 10, ""transport_minutes"": 294.30000000000007}}","{""arrive_hospital"": 96, ""arrive_scene"": 43, ""hospital_release"": 67, ""patient_arrival"": 51, ""reposition_complete"": 40, ""restock_complete"": 40, ""scene_complete"": 43, ""transfer_ready"": 74}",31.446132,19.553868,0.3834091729052301,59.52162648720423,12.651162790697677,34.27738095238095,124.89439033707905,43,0.8431372549019608,51,51,8
greedy,72,1072,"{""cardiac"": {""expected_lost"": 5.6434202878996365, ""expected_saved"": 0.3565797121003631, ""mean_response_minutes"": 52.768577414761296, ""mean_scene_minutes"": 12.0, ""mean_transport_minutes"": 38.5, ""p90_response_minutes"": 89.99931799055207, ""patients"": 6, ""response_count"": 4, ""response_minutes"": 211.07430965904518, ""scene_count"": 4, ""scene_minutes"": 48.0, ""transport_count"": 4, ""transport_minutes"": 154.0}, ""minor"": {""expected_lost"": 3.2112464389495825, ""expected_saved"": 10.788753561050418, ""mean_response_minutes"": 38.8857714142736, ""mean_scene_minutes"": 9.285714285714286, ""mean_transport_minutes"": 41.14999999999998, ""p90_response_minutes"": 61.2652194611524, ""patients"": 14, ""response_count"": 14, ""response_minutes"": 544.4007997998303, ""scene_count"": 14, ""scene_minutes"": 130.0, ""transport_count"": 12, ""transport_minutes"": 493.7999999999997}, ""stroke"": {""expected_lost"": 9.769821167186327, ""expected_saved"": 5.230178832813673, ""mean_response_minutes"": 49.94506298126248, ""mean_scene_minutes"": 14.0, ""mean_transport_minutes"": 26.03928571428571, ""p90_response_minutes"": 100.11275730406236, ""patients"": 15, ""response_count"": 14, ""response_minutes"": 699.2308817376747, ""scene_count"": 14, ""scene_minutes"": 196.0, ""transport_count"": 14, ""transport_minutes"": 364.54999999999995}, ""trauma"": {""expected_lost"": 9.04279945895406, ""expected_saved"": 0.9572005410459395, ""mean_response_minutes"": 70.7132888441805, ""mean_scene_minutes"": 16.0, ""mean_transport_minutes"": 28.025000000000006, ""p90_response_minutes"": 176.57193992344156, ""patients"": 10, ""response_count"": 8, ""response_minutes"": 565.706310753444, ""scene_count"": 8, ""scene_minutes"": 128.0, ""transport_count"": 8, ""transport_minutes"": 224.20000000000005}}","{""arrive_hospital"": 84, ""arrive_scene"": 40, ""hospital_release"": 60, ""patient_arrival"": 45, ""reposition_complete"": 38, ""restock_complete"": 38, ""scene_complete"": 39, ""transfer_ready"": 68}",27.667287,17.332713,0.3851713921557866,50.51030754874985,12.55,32.54078947368421,97.34471402120468,40,0.8888888888888888,45,45,5
greedy,73,1073,"{""cardiac"": {""expected_lost"": 10.085530754880324, ""expected_saved"": 0.9144692443960564, ""mean_response_minutes"": 76.53057210632866, ""mean_scene_minutes"": 12.0, ""mean_transport_minutes"": 36.557142857142836, ""p90_response_minutes"": 218.5453816323684, ""patients"": 11, ""response_count"": 7, ""response_minutes"": 535.7140047443006, ""scene_count"": 7, ""scene_minutes"": 84.0, ""transport_count"": 7, ""transport_minutes"": 255.89999999999986}, ""minor"": {""expected_lost"": 1.5753163684388487, ""expected_saved"": 14.424683631561152, ""mean_response_minutes"": 34.37570215317525, ""mean_scene_minutes"": 10.0, ""mean_transport_minutes"": 40.140624999999986, ""p90_response_minutes"": 59.893702061317754, ""patients"": 16, ""response_count"": 16, ""response_minutes"": 550.011234450804, ""scene_count"": 16, ""scene_minutes"": 160.0, ""transport_count"": 16, ""transport_minutes"": 642.2499999999998}, ""stroke"": {""expected_lost"": 5.555732471656797, ""expected_saved"": 1.4442675283432027, ""mean_response_minutes"": 68.64618476390802, ""mean_scene_minutes"": 11.666666666666666, ""mean_transport_minutes"": 26.6, ""p90_response_minutes"": 161.73035193564453, ""patients"": 7, ""response_count"": 6, ""response_minutes"": 411.87710858344815, ""scene_count"": 6, ""scene_minutes"": 70.0, ""transport_count"": 5, ""transport_minutes"": 133.0}, ""trauma"": {""expected_lost"": 11.690875797611065, ""expected_saved"": 1.3091242023889358, ""mean_response_minutes"": 65.01222382438485, ""mean_scene_minutes"": 16.0, ""mean_transport_minutes"": 28.78499999999999, ""p90_response_minutes"": 205.82836827891805, ""patients"": 13, ""response_count"": 10, ""response_minutes"": 650.1222382438484, ""scene_count"": 10, ""scene_minutes"": 160.0, ""transport_count"": 10, ""transport_minutes"": 287.8499999999999}}","{""arrive_hospital"": 87, ""arrive_scene"": 39, ""hospital_release"": 64, ""patient_arrival"": 47, ""reposition_complete"": 36, ""restock_complete"": 37, ""scene_complete"": 38, ""transfer_ready"": 65}",28.907455,18.092545,0.38494775758913513,55.069861180061565,12.153846153846153,34.71052631578946,179.30064837384916,39,0.8297872340425532,47,47,8
greedy,74,1074,"{""cardiac"": {""expected_lost"": 2.891824166192923, ""expected_saved"": 0.10817583380707685, ""mean_response_minutes"": 40.13792604375371, ""mean_scene_minutes"": 12.0, ""mean_transport_minutes"": 36.0, ""p90_response_minutes"": 40.22292971662225, ""patients"": 3, ""response_count"": 2, ""response_minutes"": 80.27585208750742, ""scene_count"": 2, ""scene_minutes"": 24.0, ""transport_count"": 2, ""transport_minutes"": 72.0}, ""minor"": {""expected_lost"": 2.886759240570756, ""expected_saved"": 14.113240759429244, ""mean_response_minutes"": 58.35790627250285, ""mean_scene_minutes"": 10.0, ""mean_transport_minutes"": 40.035294117647055, ""p90_response_minutes"": 120.47579054213742, ""patients"": 17, ""response_count"": 17, ""response_minutes"": 992.0844066325485, ""scene_count"": 17, ""scene_minutes"": 170.0, ""transport_count"": 17, ""transport_minutes"": 680.5999999999999}, ""stroke"": {""expected_lost"": 9.8797562405704, ""expected_saved"": 4.120243759429603, ""mean_response_minutes"": 70.7900372652921, ""mean_scene_minutes"": 14.0, ""mean_transport_minutes"": 28.99615384615385, ""p90_response_minutes"": 171.6718250219659, ""patients"": 14, ""response_count"": 13, ""response_minutes"": 920.2704844487972, ""scene_count"": 13, ""scene_minutes"": 182.0, ""transport_count"": 13, ""transport_minutes"": 376.95000000000005}, ""trauma"": {""expected_lost"": 12.750422042542144, ""expected_saved"": 1.2495779574578558, ""mean_response_minutes"": 135.94946205471118, ""mean_scene_minutes"": 16.0, ""mean_transport_minutes"": 30.172727272727283, ""p90_response_minutes"": 547.3350255243294, ""patients"": 14, ""response_count"": 11, ""response_minutes"": 1495.444082601823, ""scene_count"": 11, ""scene_minutes"": 176.0, ""transport_count"": 11, ""transport_minutes"": 331.9000000000001}}","{""arrive_hospital"": 94, ""arrive_scene"": 43, ""hospital_release"": 71, ""patient_arrival"": 48, ""reposition_complete"": 40, ""restock_complete"": 41, ""scene_complete"": 43, ""transfer_ready"": 73}",28.408762,19.591238,0.40815079812757854,81.11801920396923,12.837209302325581,33.98720930232558,179.79200702194123,43,0.8958333333333334,48,48,5
greedy,75,1075,"{""cardiac"": {""expected_lost"": 15.928700979168505, ""expected_saved"": 1.0712990203000787, ""mean_response_minutes"": 54.962925803980326, ""mean_scene_minutes"": 12.0, ""mean_transport_minutes"": 39.46363636363637, ""p90_response_minutes"": 84.09724742934856, ""patients"": 17, ""response_count"": 11, ""response_minutes"": 604.5921838437836, ""scene_count"": 11, ""scene_minutes"": 132.0, ""transport_count"": 11, ""transport_minutes"": 434.1}, ""minor"": {""expected_lost"": 2.294474110977853, ""expected_saved"": 9.705525889022148, ""mean_response_minutes"": 44.27832598044796, ""mean_scene_minutes"": 9.999999999999998, ""mean_transport_minutes"": 39.23181818181819, ""p90_response_minutes"": 77.66888944343084, ""patients"": 12, ""response_count"": 12, ""response_minutes"": 531.3399117653755, ""scene_count"": 12, ""scene_minutes"": 119.99999999999999, ""transport_count"": 11, ""transport_minutes"": 431.55000000000007}, ""stroke"": {""expected_lost"": 7.9682755145723405, ""expected_saved"": 5.03172448542766, ""mean_response_minutes"": 31.325197084110165, ""mean_scene_minutes"": 14.0, ""mean_transport_minutes"": 26.854545454545452, ""p90_response_minutes"": 62.04537878770316, ""patients"": 13, ""response_count"": 11, ""response_minutes"": 344.5771679252118, ""scene_count"": 11, ""scene_minutes"": 154.0, ""transport_count"": 11, ""transport_minutes"": 295.4}, ""trauma"": {""expected_lost"": 8.036498762398272, ""expected_saved"": 0.9635012376017282, ""mean_response_minutes"": 82.6819526335816, ""mean_scene_minutes"": 16.0, ""mean_transport_minutes"": 24.375, ""p90_response_minutes"": 204.6678465555429, ""patients"": 9, ""response_count"": 8, ""response_minutes"": 661.4556210686528, ""scene_count"": 8, ""scene_minutes"": 128.0, ""transport_count"": 8, ""transport_minutes"": 195.0}}","{""arrive_hospital"": 95, ""arrive_scene"": 42, ""hospital_release"": 68, ""patient_arrival"": 51, ""reposition_complete"": 39, ""restock_complete"": 40, ""scene_complete"": 42, ""transfer_ready"": 73}",34.227949,16.772051,0.32886373788924733,50.99916391911961,12.714285714285714,33.07439024390244,83.5927532132487,42,0.8235294117647058,51,51,9
greedy,76,1076,"{""cardiac"": {""expected_lost"": 9.268208859191267, ""expected_saved"": 0.7317911408087342, ""mean_response_minutes"": 31.474945342799032, ""mean_scene_minutes"": 12.0, ""mean_transport_minutes"": 38.39999999999999, ""p90_response_minutes"": 57.97265482579606, ""patients"": 10, ""response_count"": 8, ""response_minutes"": 251.79956274239225, ""scene_count"": 8, ""scene_minutes"": 96.0, ""transport_count"": 7, ""transport_minutes"": 268.79999999999995}, ""minor"": {""expected_lost"": 5.37947288157774, ""expected_saved"": 9.62052711842226, ""mean_response_minutes"": 28.464656759874774, ""mean_scene_minutes"": 10.0, ""mean_transport_minutes"": 42.34999999999998, ""p90_response_minutes"": 50.66299101686815, ""patients"": 15, ""response_count"": 11, ""response_minutes"": 313.1112243586225, ""scene_count"": 11, ""scene_minutes"": 110.0, ""transport_count"": 10, ""transport_minutes"": 423.49999999999983}, ""stroke"": {""expected_lost"": 7.286670376917352, ""expected_saved"": 3.713329623082647, ""mean_response_minutes"": 23.007556721787978, ""mean_scene_minutes"": 14.0, ""mean_transport_minutes"": 25.428571428571423, ""p90_response_minutes"": 35.831837698834896, ""patients"": 11, ""response_count"": 7, ""response_minutes"": 161.05289705251585, ""scene_count"": 7, ""scene_minutes"": 98.0, ""transport_count"": 7, ""transport_minutes"": 177.99999999999997}, ""trauma"": {""expected_lost"": 10.423135571765819, ""expected_saved"": 1.5768644282341826, ""mean_response_minutes"": 55.25185164132322, ""mean_scene_minutes"": 16.0, ""mean_transport_minutes"": 25.138888888888896, ""p90_response_minutes"": 168.52489113588823, ""patients"": 12, ""response_count"": 9, ""response_minutes"": 497.266664771909, ""scene_count"": 9, ""scene_minutes"": 144.0, ""transport_count"": 9, ""transport_minutes"": 226.25000000000006}}","{""arrive_hospital"": 73, ""arrive_scene"": 35, ""hospital_release"": 55, ""patient_arrival"": 48, ""reposition_complete"": 32, ""restock_complete"": 32, ""scene_complete"": 35, ""transfer_ready"": 57}",32.357488,15.642512,0.32588567313641287,34.949438540726845,12.8,33.22878787878787,55.735410943219534,35,0.7291666666666666,48,48,13
greedy,77,1077,"{""cardiac"": {""expected_lost"": 8.663079474878232, ""expected_saved"": 0.3369205244717941, ""mean_response_minutes"": 104.52205873027637, ""mean_scene_minutes"": 9.6, ""mean_transport_minutes"": 40.275000000000006, ""p90_response_minutes"": 243.33799884972365, ""patients"": 9, ""response_count"": 5, ""response_minutes"": 522.6102936513819, ""scene_count"": 5, ""scene_minutes"": 48.0, ""transport_count"": 4, ""transport_minutes"": 161.10000000000002}, ""minor"": {""expected_lost"": 2.489476731066049, ""expected_saved"": 13.51052326893395, ""mean_response_minutes"": 38.51127263446433, ""mean_scene_minutes"": 10.0, ""mean_transport_minutes"": 40.57333333333334, ""p90_response_minutes"": 58.098466864185355, ""patients"": 16, ""response_count"": 16, ""response_minutes"": 616.1803621514293, ""scene_count"": 16, ""scene_minutes"": 160.0, ""transport_count"": 15, ""transport_minutes"": 608.6}, ""stroke"": {""expected_lost"": 8.94527373687603, ""expected_saved"": 5.054726263123969, ""mean_response_minutes"": 57.622260613213044, ""mean_scene_minutes"": 14.0, ""mean_transport_minutes"": 25.073076923076908, ""p90_response_minutes"": 121.62148299351868, ""patients"": 14, ""response_count"": 13, ""response_minutes"": 749.0893879717696, ""scene_count"": 13, ""scene_minutes"": 182.0, ""transport_count"": 13, ""transport_minutes"": 325.9499999999998}, ""trauma"": {""expected_lost"": 11.175928308412054, ""expected_saved"": 0.8240716915879455, ""mean_response_minutes"": 92.40548987981396, ""mean_scene_minutes"": 16.0, ""mean_transport_minutes"": 27.031818181818174, ""p90_response_minutes"": 197.96194610510213, ""patients"": 12, ""response_count"": 11, ""response_minutes"": 1016.4603886779535, ""scene_count"": 11, ""scene_minutes"": 176.0, ""transport_count"": 11, ""transport_minutes"": 297.3499999999999}}","{""arrive_hospital"": 94, ""arrive_scene"": 45, ""hospital_release"": 65, ""patient_arrival"": 51, ""reposition_complete"": 42, ""restock_complete"": 43, ""scene_complete"": 44, ""transfer_ready"": 75}",31.273758,19.726242,0.3867890538846601,64.54089849894521,12.577777777777778,32.3953488372093,165.73674715393383,45,0.8823529411764706,51,51,6
greedy,78,1078,"{""cardiac"": {""expected_lost"": 8.163888693250154, ""expected_saved"": 0.8361113067498464, ""mean_response_minutes"": 48.40357755635177, ""mean_scene_minutes"": 12.0, ""mean_transport_minutes"": 38.32142857142857, ""p90_response_minutes"": 107.12839242196395, ""patients"": 9, ""response_count"": 7, ""response_minutes"": 338.8250428944624, ""scene_count"": 7, ""scene_minutes"": 84.0, ""transport_count"": 7, ""transport_minutes"": 268.25}, ""minor"": {""expected_lost"": 1.2740349973306058, ""expected_saved"": 13.725965002669394, ""mean_response_minutes"": 29.20234055935892, ""mean_scene_minutes"": 10.0, ""mean_transport_minutes"": 41.73666666666666, ""p90_response_minutes"": 55.85800435128671, ""patients"": 15, ""response_count"": 15, ""response_minutes"": 438.0351083903838, ""scene_count"": 15, ""scene_minutes"": 150.0, ""transport_count"": 15, ""transport_minutes"": 626.0499999999998}, ""stroke"": {""expected_lost"": 8.605221362395996, ""expected_saved"": 4.394778637604005, ""mean_response_minutes"": 76.94612028764158, ""mean_scene_minutes"": 12.727272727272737, ""mean_transport_minutes"": 25.5, ""p90_response_minutes"": 179.06211918099325, ""patients"": 13, ""response_count"": 11, ""response_minutes"": 846.4073231640573, ""scene_count"": 11, ""scene_minutes"": 140.0000000000001, ""transport_count"": 9, ""transport_minutes"": 229.5}, ""trauma"": {""expected_lost"": 10.699238822665617, ""expected_saved"": 1.3007611773343835, ""mean_response_minutes"": 42.496724890179124, ""mean_scene_minutes"": 15.999999999999998, ""mean_transport_minutes"": 24.799999999999986, ""p90_response_minutes"": 75.55369081242995, ""patients"": 12, ""response_count"": 8, ""response_minutes"": 339.973799121433, ""scene_count"": 8, ""scene_minutes"": 127.99999999999999, ""transport_count"": 7, ""transport_minutes"": 173.5999999999999}}","{""arrive_hospital"": 91, ""arrive_scene"": 41, ""hospital_release"": 67, ""patient_arrival"": 49, ""reposition_complete"": 38, ""restock_complete"": 38, ""scene_complete"": 40, ""transfer_ready"": 69}",28.742384,20.257616,0.41342073723178835,47.883933501715525,12.243902439024392,34.14210526315789,75.89042756292656,41,0.8367346938775511,49,49,8
greedy,79,1079,"{""cardiac"": {""expected_lost"": 8.450393224474649, ""expected_saved"": 0.5496067755253502, ""mean_response_minutes"": 99.41434320268276, ""mean_scene_minutes"": 12.0, ""mean_transport_minutes"": 39.93749999999997, ""p90_response_minutes"": 209.99635847714265, ""patients"": 9, ""response_count"": 8, ""response_minutes"": 795.3147456214621, ""scene_count"": 8, ""scene_minutes"": 96.0, ""transport_count"": 8, ""transport_minutes"": 319.4999999999998}, ""minor"": {""expected_lost"": 1.1934950333266574, ""expected_saved"": 8.806504966673343, ""mean_response_minutes"": 25.19134353021971, ""mean_scene_minutes"": 10.000000000000005, ""mean_transport_minutes"": 41.03333333333333, ""p90_response_minutes"": 39.94272221264555, ""patients"": 10, ""response_count"": 10, ""response_minutes"": 251.91343530219712, ""scene_count"": 10, ""scene_minutes"": 100.00000000000006, ""transport_count"": 9, ""transport_minutes"": 369.29999999999995}, ""stroke"": {""expected_lost"": 6.9067722520659425, ""expected_saved"": 6.0932277479340575, ""mean_response_minutes"": 29.82416159983302, ""mean_scene_minutes"": 14.0, ""mean_transport_minutes"": 25.399999999999984, ""p90_response_minutes"": 61.52212369869164, ""patients"": 13, ""response_count"": 13, ""response_minutes"": 387.71410079782925, ""scene_count"": 13, ""scene_minutes"": 182.0, ""transport_count"": 13, ""transport_minutes"": 330.1999999999998}, ""trauma"": {""expected_lost"": 5.947773148254462, ""expected_saved"": 1.0522268517455384, ""mean_response_minutes"": 28.898395673987192, ""mean_scene_minutes"": 16.0, ""mean_transport_minutes"": 26.166666666666668, ""p90_response_minutes"": 51.071346936543534, ""patients"": 7, ""response_count"": 6, ""response_minutes"": 173.39037404392315, ""scene_count"": 6, ""scene_minutes"": 96.0, ""transport_count"": 6, ""transport_minutes"": 157.0}}","{""arrive_hospital"": 83, ""arrive_scene"": 37, ""hospital_release"": 57, ""patient_arrival"": 39, ""reposition_complete"": 35, ""restock_complete"": 35, ""scene_complete"": 37, ""transfer_ready"": 66}",22.498434,16.501566,0.4231170856891869,43.468450155821934,12.810810810810812,32.66666666666666,90.10193673330178,37,0.9487179487179487,39,39,2
greedy,80,1080,"{""cardiac"": {""expected_lost"": 10.224713912758043, ""expected_saved"": 0.7752860870339627, ""mean_response_minutes"": 93.84076912240462, ""mean_scene_minutes"": 12.0, ""mean_transport_minutes"": 39.631249999999994, ""p90_response_minutes"": 273.87214140361345, ""patients"": 11, ""response_count"": 8, ""response_minutes"": 750.726152979237, ""scene_count"": 8, ""scene_minutes"": 96.0, ""transport_count"": 8, ""transport_minutes"": 317.04999999999995}, ""minor"": {""expected_lost"": 1.1588282315886045, ""expected_saved"": 6.841171768411396, ""mean_response_minutes"": 42.96753230936239, ""mean_scene_minutes"": 10.0, ""mean_transport_minutes"": 39.925, ""p90_response_minutes"": 82.22216518510903, ""patients"": 8, ""response_count"": 8, ""response_minutes"": 343.7402584748991, ""scene_count"": 8, ""scene_minutes"": 80.0, ""transport_count"": 8, ""transport_minutes"": 319.4}, ""stroke"": {""expected_lost"": 4.821970217417623, ""expected_saved"": 3.1780297825823762, ""mean_response_minutes"": 41.71929765764115, ""mean_scene_minutes"": 14.0, ""mean_transport_minutes"": 28.69375000000001, ""p90_response_minutes"": 76.98596897720667, ""patients"": 8, ""response_count"": 8, ""response_minutes"": 333.7543812611292, ""scene_count"": 8, ""scene_minutes"": 112.0, ""transport_count"": 8, ""transport_minutes"": 229.55000000000007}, ""trauma"": {""expected_lost"": 8.152664724350446, ""expected_saved"": 0.8473352756495539, ""mean_response_minutes"": 116.89532193899721, ""mean_scene_minutes"": 14.222222222222221, ""mean_transport_minutes"": 25.5, ""p90_response_minutes"": 291.03384132895087, ""patients"": 9, ""response_count"": 9, ""response_minutes"": 1052.057897450975, ""scene_count"": 9, ""scene_minutes"": 128.0, ""transport_count"": 8, ""transport_minutes"": 204.0}}","{""arrive_hospital"": 71, ""arrive_scene"": 33, ""hospital_release"": 50, ""patient_arrival"": 36, ""reposition_complete"": 30, ""restock_complete"": 31, ""scene_complete"": 32, ""transfer_ready"": 54}",24.358177,11.641823,0.32338396982436896,75.1599603080679,12.606060606060606,33.4375,214.98973029835398,33,0.9166666666666666,36,36,3
greedy,81,1081,"{""cardiac"": {""expected_lost"": 12.42821781260175, ""expected_saved"": 0.571782187398251, ""mean_response_minutes"": 34.48645636490773, ""mean_scene_minutes"": 10.285714285714286, ""mean_transport_minutes"": 40.86666666666664, ""p90_response_minutes"": 60.199056380233806, ""patients"": 13, ""response_count"": 7, ""response_minutes"": 241.40519455435413, ""scene_count"": 7, ""scene_minutes"": 72.0, ""transport_count"": 6, ""transport_minutes"": 245.19999999999982}, ""minor"": {""expected_lost"": 4.202603403889283, ""expected_saved"": 14.797396596110715, ""mean_response_minutes"": 36.97533386574097, ""mean_scene_minutes"": 10.0, ""mean_transport_minutes"": 37.51176470588235, ""p90_response_minutes"": 60.53129519952608, ""patients"": 19, ""response_count"": 17, ""response_minutes"": 628.5806757175965, ""scene_count"": 17, ""scene_minutes"": 170.0, ""transport_count"": 17, ""transport_minutes"": 637.6999999999999}, ""stroke"": {""expected_lost"": 7.88462014859733, ""expected_saved"": 2.1153798514026696, ""mean_response_minutes"": 116.7552492690739, ""mean_scene_minutes"": 14.000000000000014, ""mean_transport_minutes"": 27.06500000000001, ""p90_response_minutes"": 241.12443240942886, ""patients"": 10, ""response_count"": 10, ""response_minutes"": 1167.552492690739, ""scene_count"": 10, ""scene_minutes"": 140.00000000000014, ""transport_count"": 10, ""transport_minutes"": 270.6500000000001}, ""trauma"": {""expected_lost"": 12.212135829208414, ""expected_saved"": 0.7878641707915836, ""mean_response_minutes"": 63.58472644740033, ""mean_scene_minutes"": 16.0, ""mean_transport_minutes"": 25.499999999999993, ""p90_response_minutes"": 119.00856651028079, ""patients"": 13, ""response_count"": 8, ""response_minutes"": 508.6778115792026, ""scene_count"": 8, ""scene_minutes"": 128.0, ""transport_count"": 8, ""transport_minutes"": 203.99999999999994}}","{""arrive_hospital"": 95, ""arrive_scene"": 42, ""hospital_release"": 67, ""patient_arrival"": 55, ""reposition_complete"": 40, ""restock_complete"": 40, ""scene_complete"": 41, ""transfer_ready"": 72}",36.727577,18.272423,0.33222586919460395,60.62419463194982,12.142857142857146,33.11097560975609,125.35626020368336,42,0.7636363636363637,55,55,13
greedy,82,1082,"{""cardiac"": {""expected_lost"": 11.093374398542135, ""expected_saved"": 0.9066256014578636, ""mean_response_minutes"": 94.99081375588717, ""mean_scene_minutes"": 12.0, ""mean_transport_minutes"": 41.15999999999996, ""p90_response_minutes"": 271.38370504959374, ""patients"": 12, ""response_count"": 10, ""response_minutes"": 949.9081375588718, ""scene_count"": 10, ""scene_minutes"": 120.0, ""transport_count"": 10, ""transport_minutes"": 411.5999999999996}, ""minor"": {""expected_lost"": 2.0232035591993807, ""expected_saved"": 7.976796440800619, ""mean_response_minutes"": 58.135319529273865, ""mean_scene_minutes"": 10.0, ""mean_transport_minutes"": 40.9, ""p90_response_minutes"": 108.38783348558816, ""patients"": 10, ""response_count"": 10, ""response_minutes"": 581.3531952927386, ""scene_count"": 10, ""scene_minutes"": 100.0, ""transport_count"": 10, ""transport_minutes"": 409.0}, ""stroke"": {""expected_lost"": 11.157390667455198, ""expected_saved"": 3.842609332544802, ""mean_response_minutes"": 85.75788687376307, ""mean_scene_minutes"": 14.0, ""mean_transport_minutes"": 28.15357142857143, ""p90_response_minutes"": 211.05701816062307, ""patients"": 15, ""response_count"": 15, ""response_minutes"": 1286.368303106446, ""scene_count"": 15, ""scene_minutes"": 210.0, ""transport_count"": 14, ""transport_minutes"": 394.15}, ""trauma"": {""expected_lost"": 7.426248094844212, ""expected_saved"": 0.5737519051557882, ""mean_response_minutes"": 67.3554347797884, ""mean_scene_minutes"": 13.714285714285714, ""mean_transport_minutes"": 26.166666666666668, ""p90_response_minutes"": 135.4993330738921, ""patients"": 8, ""response_count"": 7, ""response_minutes"": 471.4880434585188, ""scene_count"": 7, ""scene_minutes"": 96.0, ""transport_count"": 6, ""transport_minutes"": 157.0}}","{""arrive_hospital"": 94, ""arrive_scene"": 42, ""hospital_release"": 70, ""patient_arrival"": 45, ""reposition_complete"": 39, ""restock_complete"": 40, ""scene_complete"": 41, ""transfer_ready"": 74}",31.700217,13.299783,0.29555073955464617,78.31232570039467,12.523809523809524,34.29374999999999,236.28601474648093,42,0.9333333333333333,45,45,3
greedy,83,1083,"{""cardiac"": {""expected_lost"": 11.024920219593216, ""expected_saved"": 0.9750797800126259, ""mean_response_minutes"": 88.0345032254684, ""mean_scene_minutes"": 12.0, ""mean_transport_minutes"": 40.575, ""p90_response_minutes"": 216.71463550217234, ""patients"": 12, ""response_count"": 10, ""response_minutes"": 880.3450322546839, ""scene_count"": 10, ""scene_minutes"": 120.0, ""transport_count"": 10, ""transport_minutes"": 405.75}, ""minor"": {""expected_lost"": 2.0689945813798754, ""expected_saved"": 10.931005418620124, ""mean_response_minutes"": 41.46488889211028, ""mean_scene_minutes"": 10.000000000000004, ""mean_transport_minutes"": 42.18333333333334, ""p90_response_minutes"": 56.137582335193855, ""patients"": 13, ""response_count"": 13, ""response_minutes"": 539.0435555974336, ""scene_count"": 13, ""scene_minutes"": 130.00000000000006, ""transport_count"": 12, ""transport_minutes"": 506.20000000000005}, ""stroke"": {""expected_lost"": 3.542913938573801, ""expected_saved"": 2.457086061426199, ""mean_response_minutes"": 35.25596642717381, ""mean_scene_minutes"": 14.0, ""mean_transport_minutes"": 28.56666666666668, ""p90_response_minutes"": 54.3914730044099, ""patients"": 6, ""response_count"": 6, ""response_minutes"": 211.53579856304287, ""scene_count"": 6, ""scene_minutes"": 84.0, ""transport_count"": 6, ""transport_minutes"": 171.4000000000001}, ""trauma"": {""expected_lost"": 16.718558329145907, ""expected_saved"": 2.2814416708540945, ""mean_response_minutes"": 54.543023585309264, ""mean_scene_minutes"": 16.0, ""mean_transport_minutes"": 23.23076923076923, ""p90_response_minutes"": 91.1434686471912, ""patients"": 19, ""response_count"": 14, ""response_minutes"": 763.6023301943297, ""scene_count"": 14, ""scene_minutes"": 224.0, ""transport_count"": 13, ""transport_minutes"": 302.0}}","{""arrive_hospital"": 90, ""arrive_scene"": 43, ""hospital_release"": 67, ""patient_arrival"": 50, ""reposition_complete"": 41, ""restock_complete"": 41, ""scene_complete"": 43, ""transfer_ready"": 68}",33.355387,16.644613,0.33289225861826083,55.68666782812768,12.976744186046512,33.7890243902439,95.71149530821916,43,0.86,50,50,7
greedy,84,1084,"{""cardiac"": {""expected_lost"": 10.189490213176478, ""expected_saved"": 1.8105097868235218, ""mean_response_minutes"": 19.966508131295733, ""mean_scene_minutes"": 12.0, ""mean_transport_minutes"": 40.01499999999997, ""p90_response_minutes"": 38.58906523307098, ""patients"": 12, ""response_count"": 10, ""response_minutes"": 199.66508131295734, ""scene_count"": 10, ""scene_minutes"": 120.0, ""transport_count"": 10, ""transport_minutes"": 400.14999999999975}, ""minor"": {""expected_lost"": 0.8502271530604224, ""expected_saved"": 6.149772846939578, ""mean_response_minutes"": 37.9961497012091, ""mean_scene_minutes"": 10.0, ""mean_transport_minutes"": 35.94285714285713, ""p90_response_minutes"": 73.96116554430156, ""patients"": 7, ""response_count"": 7, ""response_minutes"": 265.9730479084637, ""scene_count"": 7, ""scene_minutes"": 70.0, ""transport_count"": 7, ""transport_minutes"": 251.5999999999999}, ""stroke"": {""expected_lost"": 7.558125925728247, ""expected_saved"": 5.441874074271753, ""mean_response_minutes"": 50.415380303110815, ""mean_scene_minutes"": 12.923076923076923, ""mean_transport_minutes"": 29.20416666666665, ""p90_response_minutes"": 158.8972020907855, ""patients"": 13, ""response_count"": 13, ""response_minutes"": 655.3999439404406, ""scene_count"": 13, ""scene_minutes"": 168.0, ""transport_count"": 12, ""transport_minutes"": 350.4499999999998}, ""trauma"": {""expected_lost"": 5.678477337031646, ""expected_saved"": 1.321522662968354, ""mean_response_minutes"": 28.0276391421401, ""mean_scene_minutes"": 16.0, ""mean_transport_minutes"": 24.428571428571427, ""p90_response_minutes"": 60.55094087683889, ""patients"": 7, ""response_count"": 7, ""response_minutes"": 196.1934739949807, ""scene_count"": 7, ""scene_minutes"": 112.0, ""transport_count"": 7, ""transport_minutes"": 171.0}}","{""arrive_hospital"": 81, ""arrive_scene"": 37, ""hospital_release"": 58, ""patient_arrival"": 39, ""reposition_complete"": 34, ""restock_complete"": 35, ""scene_complete"": 36, ""transfer_ready"": 65}",24.276321,14.723679,0.3775302402821336,35.600852625860604,12.702702702702704,32.588888888888874,80.32838319342153,37,0.9487179487179487,39,39,2
greedy,85,1085,"{""cardiac"": {""expected_lost"": 2.9453616099613873, ""expected_saved"": 0.054638390038612414, ""mean_response_minutes"": 37.5, ""mean_scene_minutes"": 12.0, ""mean_transport_minutes"": 48.60000000000002, ""p90_response_minutes"": 37.5, ""patients"": 3, ""response_count"": 1, ""response_minutes"": 37.5, ""scene_count"": 1, ""scene_minutes"": 12.0, ""transport_count"": 1, ""transport_minutes"": 48.60000000000002}, ""minor"": {""expected_lost"": 1.834403358342155, ""expected_saved"": 9.165596641657846, ""mean_response_minutes"": 90.63105811776221, ""mean_scene_minutes"": 10.0, ""mean_transport_minutes"": 40.41818181818181, ""p90_response_minutes"": 50.29926267776773, ""patients"": 11, ""response_count"": 11, ""response_minutes"": 996.9416392953842, ""scene_count"": 11, ""scene_minutes"": 110.0, ""transport_count"": 11, ""transport_minutes"": 444.5999999999999}, ""stroke"": {""expected_lost"": 6.221309291024828, ""expected_saved"": 3.778690708975173, ""mean_response_minutes"": 110.03573682084625, ""mean_scene_minutes"": 14.0, ""mean_transport_minutes"": 26.604999999999983, ""p90_response_minutes"": 189.43797365800492, ""patients"": 10, ""response_count"": 10, ""response_minutes"": 1100.3573682084625, ""scene_count"": 10, ""scene_minutes"": 140.0, ""transport_count"": 10, ""transport_minutes"": 266.04999999999984}, ""trauma"": {""expected_lost"": 16.829737476031465, ""expected_saved"": 1.1702625229306338, ""mean_response_minutes"": 138.74118119558446, ""mean_scene_minutes"": 14.76923076923077, ""mean_transport_minutes"": 25.159999999999993, ""p90_response_minutes"": 511.4153847727704, ""patients"": 18, ""response_count"": 13, ""response_minutes"": 1803.635355542598, ""scene_count"": 13, ""scene_minutes"": 192.0, ""transport_count"": 10, ""transport_minutes"": 251.59999999999994}}","{""arrive_hospital"": 66, ""arrive_scene"": 35, ""hospital_release"": 50, ""patient_arrival"": 42, ""reposition_complete"": 32, ""restock_complete"": 32, ""scene_complete"": 34, ""transfer_ready"": 52}",27.830812,14.169188,0.3373616253238635,112.52669608704129,12.971428571428572,31.58906249999999,417.73604724482004,35,0.8333333333333334,42,42,7
greedy,86,1086,"{""cardiac"": {""expected_lost"": 11.867405283507303, ""expected_saved"": 1.1325947163502255, ""mean_response_minutes"": 79.25404465983286, ""mean_scene_minutes"": 12.0, ""mean_transport_minutes"": 36.888888888888886, ""p90_response_minutes"": 226.51332872933682, ""patients"": 13, ""response_count"": 9, ""response_minutes"": 713.2864019384957, ""scene_count"": 9, ""scene_minutes"": 108.0, ""transport_count"": 9, ""transport_minutes"": 332.0}, ""minor"": {""expected_lost"": 2.5429833193835427, ""expected_saved"": 10.457016680616457, ""mean_response_minutes"": 37.4023724536898, ""mean_scene_minutes"": 10.0, ""mean_transport_minutes"": 41.220833333333324, ""p90_response_minutes"": 67.43652500978726, ""patients"": 13, ""response_count"": 12, ""response_minutes"": 448.82846944427763, ""scene_count"": 12, ""scene_minutes"": 120.0, ""transport_count"": 12, ""transport_minutes"": 494.64999999999986}, ""stroke"": {""expected_lost"": 8.490847695546764, ""expected_saved"": 3.5091523044532362, ""mean_response_minutes"": 36.940693138829786, ""mean_scene_minutes"": 14.0, ""mean_transport_minutes"": 26.555555555555557, ""p90_response_minutes"": 62.85020058720404, ""patients"": 12, ""response_count"": 9, ""response_minutes"": 332.46623824946806, ""scene_count"": 9, ""scene_minutes"": 126.0, ""transport_count"": 9, ""transport_minutes"": 239.0}, ""trauma"": {""expected_lost"": 17.62043051809801, ""expected_saved"": 1.3795694819019895, ""mean_response_minutes"": 46.82968711833537, ""mean_scene_minutes"": 15.99999999999999, ""mean_transport_minutes"": 26.122727272727264, ""p90_response_minutes"": 111.82801743479644, ""patients"": 19, ""response_count"": 11, ""response_minutes"": 515.1265583016891, ""scene_count"": 11, ""scene_minutes"": 175.9999999999999, ""transport_count"": 11, ""transport_minutes"": 287.3499999999999}}","{""arrive_hospital"": 89, ""arrive_scene"": 41, ""hospital_release"": 62, ""patient_arrival"": 57, ""reposition_complete"": 38, ""restock_complete"": 39, ""scene_complete"": 41, ""transfer_ready"": 68}",40.521667,16.478333,0.2890935646196827,49.0172601935105,12.92682926829268,32.99999999999999,77.488748028148,41,0.7192982456140351,57,57,16
greedy,87,1087,"{""cardiac"": {""expected_lost"": 8.075490468338284, ""expected_saved"": 0.9245095316617158, ""mean_response_minutes"": 36.8192169866106, ""mean_scene_minutes"": 12.0, ""mean_transport_minutes"": 39.76249999999999, ""p90_response_minutes"": 66.42393706847227, ""patients"": 9, ""response_count"": 8, ""response_minutes"": 294.5537358928848, ""scene_count"": 8, ""scene_minutes"": 96.0, ""transport_count"": 8, ""transport_minutes"": 318.0999999999999}, ""minor"": {""expected_lost"": 2.8497520886236396, ""expected_saved"": 11.15024791137636, ""mean_response_minutes"": 71.02613206485567, ""mean_scene_minutes"": 10.0, ""mean_transport_minutes"": 40.08571428571429, ""p90_response_minutes"": 101.77566582419145, ""patients"": 14, ""response_count"": 14, ""response_minutes"": 994.3658489079795, ""scene_count"": 14, ""scene_minutes"": 140.0, ""transport_count"": 14, ""transport_minutes"": 561.2}, ""stroke"": {""expected_lost"": 7.447794575280188, ""expected_saved"": 1.5522054247198114, ""mean_response_minutes"": 276.9242828343083, ""mean_scene_minutes"": 14.0, ""mean_transport_minutes"": 28.444444444444443, ""p90_response_minutes"": 591.862560308957, ""patients"": 9, ""response_count"": 9, ""response_minutes"": 2492.318545508775, ""scene_count"": 9, ""scene_minutes"": 126.0, ""transport_count"": 9, ""transport_minutes"": 256.0}, ""trauma"": {""expected_lost"": 12.589615057118236, ""expected_saved"": 1.4103849428817616, ""mean_response_minutes"": 74.06281813453657, ""mean_scene_minutes"": 16.0, ""mean_transport_minutes"": 22.175, ""p90_response_minutes"": 161.12788513571581, ""patients"": 14, ""response_count"": 10, ""response_minutes"": 740.6281813453656, ""scene_count"": 10, ""scene_minutes"": 160.0, ""transport_count"": 10, ""transport_minutes"": 221.75}}","{""arrive_hospital"": 94, ""arrive_scene"": 41, ""hospital_release"": 67, ""patient_arrival"": 46, ""reposition_complete"": 38, ""restock_complete"": 41, ""scene_complete"": 41, ""transfer_ready"": 72}",30.962652,15.037348,0.32689886544868807,110.2894222354879,12.731707317073171,33.09878048780487,309.6868873504334,41,0.8913043478260869,46,46,5
greedy,88,1088,"{""cardiac"": {""expected_lost"": 10.698054439761345, ""expected_saved"": 0.30194555989339145, ""mean_response_minutes"": 147.95102844512706, ""mean_scene_minutes"": 10.285714285714286, ""mean_transport_minutes"": 41.37499999999999, ""p90_response_minutes"": 352.88411095531444, ""patients"": 11, ""response_count"": 7, ""response_minutes"": 1035.6571991158894, ""scene_count"": 7, ""scene_minutes"": 72.0, ""transport_count"": 6, ""transport_minutes"": 248.24999999999994}, ""minor"": {""expected_lost"": 3.451142557018428, ""expected_saved"": 11.54885744298157, ""mean_response_minutes"": 55.6749808653453, ""mean_scene_minutes"": 9.333333333333334, ""mean_transport_minutes"": 39.97857142857141, ""p90_response_minutes"": 97.32959232260947, ""patients"": 15, ""response_count"": 15, ""response_minutes"": 835.1247129801794, ""scene_count"": 15, ""scene_minutes"": 140.0, ""transport_count"": 14, ""transport_minutes"": 559.6999999999998}, ""stroke"": {""expected_lost"": 3.344234794378995, ""expected_saved"": 1.6557652056210044, ""mean_response_minutes"": 56.71590728683121, ""mean_scene_minutes"": 14.0, ""mean_transport_minutes"": 26.85, ""p90_response_minutes"": 99.08553874218165, ""patients"": 5, ""response_count"": 5, ""response_minutes"": 283.57953643415607, ""scene_count"": 5, ""scene_minutes"": 70.0, ""transport_count"": 5, ""transport_minutes"": 134.25}, ""trauma"": {""expected_lost"": 11.315245496836475, ""expected_saved"": 1.6847545031635238, ""mean_response_minutes"": 156.88170273328538, ""mean_scene_minutes"": 16.000000000000004, ""mean_transport_minutes"": 25.507692307692302, ""p90_response_minutes"": 512.8841727080112, ""patients"": 13, ""response_count"": 13, ""response_minutes"": 2039.46213553271, ""scene_count"": 13, ""scene_minutes"": 208.00000000000003, ""transport_count"": 13, ""transport_minutes"": 331.5999999999999}}","{""arrive_hospital"": 82, ""arrive_scene"": 40, ""hospital_release"": 54, ""patient_arrival"": 44, ""reposition_complete"": 37, ""restock_complete"": 38, ""scene_complete"": 38, ""transfer_ready"": 62}",28.808677,15.191323,0.34525733435589756,104.84558960157335,12.25,33.52105263157894,330.71623820284896,40,0.9090909090909091,44,44,4
greedy,89,1089,"{""cardiac"": {""expected_lost"": 10.32098347068972, ""expected_saved"": 0.6790165293102798, ""mean_response_minutes"": 68.29825080158405, ""mean_scene_minutes"": 12.0, ""mean_transport_minutes"": 42.177777777777756, ""p90_response_minutes"": 131.1966897292146, ""patients"": 11, ""response_count"": 9, ""response_minutes"": 614.6842572142564, ""scene_count"": 9, ""scene_minutes"": 108.0, ""transport_count"": 9, ""transport_minutes"": 379.5999999999998}, ""minor"": {""expected_lost"": 2.0339573146113823, ""expected_saved"": 8.966042685388619, ""mean_response_minutes"": 34.87763663610711, ""mean_scene_minutes"": 10.0, ""mean_transport_minutes"": 41.16999999999998, ""p90_response_minutes"": 61.45504185396789, ""patients"": 11, ""response_count"": 10, ""response_minutes"": 348.77636636107115, ""scene_count"": 10, ""scene_minutes"": 100.0, ""transport_count"": 10, ""transport_minutes"": 411.6999999999998}, ""stroke"": {""expected_lost"": 6.592281672688949, ""expected_saved"": 5.407718327311051, ""mean_response_minutes"": 29.53564632889751, ""mean_scene_minutes"": 14.000000000000005, ""mean_transport_minutes"": 25.549999999999986, ""p90_response_minutes"": 53.889828894846005, ""patients"": 12, ""response_count"": 11, ""response_minutes"": 324.8921096178726, ""scene_count"": 11, ""scene_minutes"": 154.00000000000006, ""transport_count"": 11, ""transport_minutes"": 281.04999999999984}, ""trauma"": {""expected_lost"": 3.9569001288891004, ""expected_saved"": 1.0430998711108996, ""mean_response_minutes"": 75.36237477183496, ""mean_scene_minutes"": 16.0, ""mean_transport_minutes"": 24.15, ""p90_response_minutes"": 198.82236634711597, ""patients"": 5, ""response_count"": 5, ""response_minutes"": 376.8118738591748, ""scene_count"": 5, ""scene_minutes"": 80.0, ""transport_count"": 5, ""transport_minutes"": 120.75}}","{""arrive_hospital"": 84, ""arrive_scene"": 35, ""hospital_release"": 62, ""patient_arrival"": 39, ""reposition_complete"": 32, ""restock_complete"": 34, ""scene_complete"": 35, ""transfer_ready"": 64}",22.904123,16.095877,0.4127148054646372,47.576131630067856,12.62857142857143,34.08857142857141,105.99709688392684,35,0.8974358974358975,39,39,4
greedy,90,1090,"{""cardiac"": {""expected_lost"": 15.121911342827124, ""expected_saved"": 0.8780886571728754, ""mean_response_minutes"": 23.857728299690546, ""mean_scene_minutes"": 12.0, ""mean_transport_minutes"": 35.57142857142857, ""p90_response_minutes"": 36.67661495419849, ""patients"": 16, ""response_count"": 7, ""response_minutes"": 167.00409809783383, ""scene_count"": 7, ""scene_minutes"": 84.0, ""transport_count"": 7, ""transport_minutes"": 249.0}, ""minor"": {""expected_lost"": 2.3667339226085016, ""expected_saved"": 12.633266077391498, ""mean_response_minutes"": 34.35613243510344, ""mean_scene_minutes"": 9.999999999999991, ""mean_transport_minutes"": 40.79285714285713, ""p90_response_minutes"": 48.6679547897624, ""patients"": 15, ""response_count"": 14, ""response_minutes"": 480.9858540914481, ""scene_count"": 14, ""scene_minutes"": 139.9999999999999, ""transport_count"": 14, ""transport_minutes"": 571.0999999999998}, ""stroke"": {""expected_lost"": 10.394937658471628, ""expected_saved"": 3.605062341528369, ""mean_response_minutes"": 23.982864349104887, ""mean_scene_minutes"": 12.249999999999996, ""mean_transport_minutes"": 28.171428571428546, ""p90_response_minutes"": 49.53551827065391, ""patients"": 14, ""response_count"": 8, ""response_minutes"": 191.8629147928391, ""scene_count"": 8, ""scene_minutes"": 97.99999999999997, ""transport_count"": 7, ""transport_minutes"": 197.19999999999982}, ""trauma"": {""expected_lost"": 10.05790589492779, ""expected_saved"": 0.9420941050722106, ""mean_response_minutes"": 61.311206934425186, ""mean_scene_minutes"": 16.0, ""mean_transport_minutes"": 25.9, ""p90_response_minutes"": 130.3174016320956, ""patients"": 11, ""response_count"": 10, ""response_minutes"": 613.1120693442518, ""scene_count"": 10, ""scene_minutes"": 160.0, ""transport_count"": 10, ""transport_minutes"": 259.0}}","{""arrive_hospital"": 84, ""arrive_scene"": 39, ""hospital_release"": 57, ""patient_arrival"": 56, ""reposition_complete"": 36, ""restock_complete"": 36, ""scene_complete"": 38, ""transfer_ready"": 64}",37.941489,18.058511,0.32247341394937423,37.25551118785572,12.358974358974356,33.58684210526315,64.84417859996047,39,0.6964285714285714,56,56,17
greedy,91,1091,"{""cardiac"": {""expected_lost"": 13.221159706240321, ""expected_saved"": 0.7788402937596786, ""mean_response_minutes"": 33.50298085397191, ""mean_scene_minutes"": 12.0, ""mean_transport_minutes"": 37.0, ""p90_response_minutes"": 66.6306969050973, ""patients"": 14, ""response_count"": 6, ""response_minutes"": 201.01788512383146, ""scene_count"": 6, ""scene_minutes"": 72.0, ""transport_count"": 6, ""transport_minutes"": 222.0}, ""minor"": {""expected_lost"": 2.8427742449686892, ""expected_saved"": 11.157225755031309, ""mean_response_minutes"": 43.6729734551537, ""mean_scene_minutes"": 9.285714285714286, ""mean_transport_minutes"": 39.44230769230769, ""p90_response_minutes"": 66.67461805545302, ""patients"": 14, ""response_count"": 14, ""response_minutes"": 611.4216283721519, ""scene_count"": 14, ""scene_minutes"": 130.0, ""transport_count"": 13, ""transport_minutes"": 512.75}, ""stroke"": {""expected_lost"": 9.391440925484678, ""expected_saved"": 3.6085590745153198, ""mean_response_minutes"": 87.55505406999009, ""mean_scene_minutes"": 14.0, ""mean_transport_minutes"": 27.218181818181804, ""p90_response_minutes"": 112.19293044731103, ""patients"": 13, ""response_count"": 11, ""response_minutes"": 963.105594769891, ""scene_count"": 11, ""scene_minutes"": 154.0, ""transport_count"": 11, ""transport_minutes"": 299.39999999999986}, ""trauma"": {""expected_lost"": 15.112750168396516, ""expected_saved"": 1.8872498316034847, ""mean_response_minutes"": 49.637207892445694, ""mean_scene_minutes"": 15.999999999999991, ""mean_transport_minutes"": 25.383333333333326, ""p90_response_minutes"": 106.20677815909485, ""patients"": 17, ""response_count"": 12, ""response_minutes"": 595.6464947093483, ""scene_count"": 12, ""scene_minutes"": 191.9999999999999, ""transport_count"": 12, ""transport_minutes"": 304.5999999999999}}","{""arrive_hospital"": 89, ""arrive_scene"": 43, ""hospital_release"": 64, ""patient_arrival"": 58, ""reposition_complete"": 40, ""restock_complete"": 41, ""scene_complete"": 42, ""transfer_ready"": 71}",40.568125,17.431875,0.30054956818809975,55.14399076686565,12.744186046511626,31.874999999999993,106.56340399569919,43,0.7413793103448276,58,58,15
greedy,92,1092,"{""cardiac"": {""expected_lost"": 10.778659999886054, ""expected_saved"": 1.2213400001139445, ""mean_response_minutes"": 48.072453932132305, ""mean_scene_minutes"": 12.0, ""mean_transport_minutes"": 40.34444444444445, ""p90_response_minutes"": 109.46769081057363, ""patients"": 12, ""response_count"": 9, ""response_minutes"": 432.65208538919074, ""scene_count"": 9, ""scene_minutes"": 108.0, ""transport_count"": 9, ""transport_minutes"": 363.1}, ""minor"": {""expected_lost"": 1.0689258707544764, ""expected_saved"": 11.931074129245522, ""mean_response_minutes"": 30.439433909333413, ""mean_scene_minutes"": 10.0, ""mean_transport_minutes"": 38.09615384615385, ""p90_response_minutes"": 61.50760602132847, ""patients"": 13, ""response_count"": 13, ""response_minutes"": 395.7126408213344, ""scene_count"": 13, ""scene_minutes"": 130.0, ""transport_count"": 13, ""transport_minutes"": 495.25}, ""stroke"": {""expected_lost"": 3.9767581143416066, ""expected_saved"": 2.0232418856583934, ""mean_response_minutes"": 37.630530805144296, ""mean_scene_minutes"": 14.0, ""mean_transport_minutes"": 27.629999999999995, ""p90_response_minutes"": 72.24081904096317, ""patients"": 6, ""response_count"": 6, ""response_minutes"": 225.78318483086576, ""scene_count"": 6, ""scene_minutes"": 84.0, ""transport_count"": 5, ""transport_minutes"": 138.14999999999998}, ""trauma"": {""expected_lost"": 9.523984860092103, ""expected_saved"": 1.4760151399078965, ""mean_response_minutes"": 51.27648080483157, ""mean_scene_minutes"": 16.0, ""mean_transport_minutes"": 25.98636363636365, ""p90_response_minutes"": 110.09725248565701, ""patients"": 11, ""response_count"": 11, ""response_minutes"": 564.0412888531473, ""scene_count"": 11, ""scene_minutes"": 176.0, ""transport_count"": 11, ""transport_minutes"": 285.85000000000014}}","{""arrive_hospital"": 87, ""arrive_scene"": 39, ""hospital_release"": 63, ""patient_arrival"": 42, ""reposition_complete"": 36, ""restock_complete"": 36, ""scene_complete"": 39, ""transfer_ready"": 64}",25.348329,16.651671,0.3964683608315657,41.49203076652662,12.76923076923077,33.74605263157895,85.99073888948301,39,0.9285714285714286,42,42,3
greedy,93,1093,"{""cardiac"": {""expected_lost"": 6.884670986473088, ""expected_saved"": 0.11532901352691245, ""mean_response_minutes"": 196.3374959436643, ""mean_scene_minutes"": 12.0, ""mean_transport_minutes"": 34.5, ""p90_response_minutes"": 298.0710915010221, ""patients"": 7, ""response_count"": 4, ""response_minutes"": 785.3499837746572, ""scene_count"": 4, ""scene_minutes"": 48.0, ""transport_count"": 4, ""transport_minutes"": 138.0}, ""minor"": {""expected_lost"": 3.787222459901331, ""expected_saved"": 10.212777540098669, ""mean_response_minutes"": 52.094939044923166, ""mean_scene_minutes"": 10.0, ""mean_transport_minutes"": 41.97499999999999, ""p90_response_minutes"": 88.89748375024143, ""patients"": 14, ""response_count"": 13, ""response_minutes"": 677.2342075840012, ""scene_count"": 13, ""scene_minutes"": 130.0, ""transport_count"": 12, ""transport_minutes"": 503.6999999999999}, ""stroke"": {""expected_lost"": 11.415265633785527, ""expected_saved"": 4.584734366214474, ""mean_response_minutes"": 76.65654953666998, ""mean_scene_minutes"": 14.0, ""mean_transport_minutes"": 28.503124999999994, ""p90_response_minutes"": 192.3856244184941, ""patients"": 16, ""response_count"": 16, ""response_minutes"": 1226.5047925867198, ""scene_count"": 16, ""scene_minutes"": 224.0, ""transport_count"": 16, ""transport_minutes"": 456.0499999999999}, ""trauma"": {""expected_lost"": 11.267147292724676, ""expected_saved"": 0.7328527072753235, ""mean_response_minutes"": 93.16255007955425, ""mean_scene_minutes"": 16.0, ""mean_transport_minutes"": 26.9, ""p90_response_minutes"": 215.69212162545045, ""patients"": 12, ""response_count"": 8, ""response_minutes"": 745.300400636434, ""scene_count"": 8, ""scene_minutes"": 128.0, ""transport_count"": 8, ""transport_minutes"": 215.2}}","{""arrive_hospital"": 87, ""arrive_scene"": 41, ""hospital_release"": 62, ""patient_arrival"": 49, ""reposition_complete"": 39, ""restock_complete"": 39, ""scene_complete"": 41, ""transfer_ready"": 72}",33.354306,15.645694,0.31929986994113035,83.76559474589787,12.926829268292684,32.82375,220.36641354326684,41,0.8367346938775511,49,49,8
greedy,94,1094,"{""cardiac"": {""expected_lost"": 8.99600902408635, ""expected_saved"": 1.0039909759136514, ""mean_response_minutes"": 49.94075760721223, ""mean_scene_minutes"": 12.0, ""mean_transport_minutes"": 39.37777777777779, ""p90_response_minutes"": 99.88503550819857, ""patients"": 10, ""response_count"": 9, ""response_minutes"": 449.46681846491003, ""scene_count"": 9, ""scene_minutes"": 108.0, ""transport_count"": 9, ""transport_minutes"": 354.4000000000001}, ""minor"": {""expected_lost"": 1.9421110064406484, ""expected_saved"": 8.05788899355935, ""mean_response_minutes"": 32.422312482681384, ""mean_scene_minutes"": 10.0, ""mean_transport_minutes"": 37.005555555555546, ""p90_response_minutes"": 55.92385009117907, ""patients"": 10, ""response_count"": 9, ""response_minutes"": 291.80081234413245, ""scene_count"": 9, ""scene_minutes"": 90.0, ""transport_count"": 9, ""transport_minutes"": 333.0499999999999}, ""stroke"": {""expected_lost"": 4.5532110237350345, ""expected_saved"": 3.446788976264966, ""mean_response_minutes"": 37.23613625599761, ""mean_scene_minutes"": 14.0, ""mean_transport_minutes"": 27.968750000000007, ""p90_response_minutes"": 78.05126316002264, ""patients"": 8, ""response_count"": 8, ""response_minutes"": 297.88909004798086, ""scene_count"": 8, ""scene_minutes"": 112.0, ""transport_count"": 8, ""transport_minutes"": 223.75000000000006}, ""trauma"": {""expected_lost"": 5.8551696846709635, ""expected_saved"": 1.1448303153290365, ""mean_response_minutes"": 95.8376285647039, ""mean_scene_minutes"": 16.0, ""mean_transport_minutes"": 29.364285714285707, ""p90_response_minutes"": 236.75323077089536, ""patients"": 7, ""response_count"": 7, ""response_minutes"": 670.8633999529274, ""scene_count"": 7, ""scene_minutes"": 112.0, ""transport_count"": 7, ""transport_minutes"": 205.54999999999995}}","{""arrive_hospital"": 75, ""arrive_scene"": 33, ""hospital_release"": 58, ""patient_arrival"": 35, ""reposition_complete"": 32, ""restock_complete"": 32, ""scene_complete"": 33, ""transfer_ready"": 57}",21.346501,13.653499,0.3900999788876287,51.81879153969549,12.787878787878787,33.84090909090909,127.0524957447693,33,0.9428571428571428,35,35,2
greedy,95,1095,"{""cardiac"": {""expected_lost"": 8.52382783675857, ""expected_saved"": 0.4761721632414283, ""mean_response_minutes"": 67.77159563650072, ""mean_scene_minutes"": 12.0, ""mean_transport_minutes"": 38.892857142857146, ""p90_response_minutes"": 126.94810632262325, ""patients"": 9, ""response_count"": 7, ""response_minutes"": 474.40116945550506, ""scene_count"": 7, ""scene_minutes"": 84.0, ""transport_count"": 7, ""transport_minutes"": 272.25}, ""minor"": {""expected_lost"": 1.0141056437921792, ""expected_saved"": 9.985894356207819, ""mean_response_minutes"": 30.976030021849667, ""mean_scene_minutes"": 10.0, ""mean_transport_minutes"": 36.36363636363637, ""p90_response_minutes"": 50.86050526007614, ""patients"": 11, ""response_count"": 11, ""response_minutes"": 340.7363302403463, ""scene_count"": 11, ""scene_minutes"": 110.0, ""transport_count"": 11, ""transport_minutes"": 400.0}, ""stroke"": {""expected_lost"": 5.215627016665898, ""expected_saved"": 3.784372983334102, ""mean_response_minutes"": 36.53959550767812, ""mean_scene_minutes"": 14.000000000000004, ""mean_transport_minutes"": 24.988888888888898, ""p90_response_minutes"": 67.3328671117622, ""patients"": 9, ""response_count"": 9, ""response_minutes"": 328.8563595691031, ""scene_count"": 9, ""scene_minutes"": 126.00000000000003, ""transport_count"": 9, ""transport_minutes"": 224.9000000000001}, ""trauma"": {""expected_lost"": 15.443954308323876, ""expected_saved"": 1.5560456916761252, ""mean_response_minutes"": 79.30969495538487, ""mean_scene_minutes"": 16.0, ""mean_transport_minutes"": 26.96153846153847, ""p90_response_minutes"": 207.95039707192595, ""patients"": 17, ""response_count"": 13, ""response_minutes"": 1031.0260344200033, ""scene_count"": 13, ""scene_minutes"": 208.0, ""transport_count"": 13, ""transport_minutes"": 350.5000000000001}}","{""arrive_hospital"": 83, ""arrive_scene"": 40, ""hospital_release"": 59, ""patient_arrival"": 46, ""reposition_complete"": 37, ""restock_complete"": 38, ""scene_complete"": 40, ""transfer_ready"": 65}",30.197515,15.802485,0.34353228683607556,54.375497342123936,13.2,31.191250000000004,111.14140032053156,40,0.8695652173913043,46,46,6
greedy,96,1096,"{""cardiac"": {""expected_lost"": 9.209931903484218, ""expected_saved"": 0.7900680965157834, ""mean_response_minutes"": 98.33652874751041, ""mean_scene_minutes"": 11.999999999999984, ""mean_transport_minutes"": 40.77857142857141, ""p90_response_minutes"": 294.1774634019209, ""patients"": 10, ""response_count"": 7, ""response_minutes"": 688.3557012325729, ""scene_count"": 7, ""scene_minutes"": 83.99999999999989, ""transport_count"": 7, ""transport_minutes"": 285.4499999999999}, ""minor"": {""expected_lost"": 2.640374051199664, ""expected_saved"": 9.359625948800335, ""mean_response_minutes"": 30.359976802264658, ""mean_scene_minutes"": 10.0, ""mean_transport_minutes"": 39.15999999999999, ""p90_response_minutes"": 49.4649464915766, ""patients"": 12, ""response_count"": 11, ""response_minutes"": 333.95974482491124, ""scene_count"": 11, ""scene_minutes"": 110.0, ""transport_count"": 10, ""transport_minutes"": 391.5999999999999}, ""stroke"": {""expected_lost"": 4.538874814590221, ""expected_saved"": 2.461125185409779, ""mean_response_minutes"": 48.05925059225124, ""mean_scene_minutes"": 14.000000000000005, ""mean_transport_minutes"": 28.46666666666664, ""p90_response_minutes"": 103.0662619186279, ""patients"": 7, ""response_count"": 6, ""response_minutes"": 288.35550355350745, ""scene_count"": 6, ""scene_minutes"": 84.00000000000003, ""transport_count"": 6, ""transport_minutes"": 170.79999999999984}, ""trauma"": {""expected_lost"": 10.136195444305642, ""expected_saved"": 2.8638045556943585, ""mean_response_minutes"": 49.3783557294217, ""mean_scene_minutes"": 16.0, ""mean_transport_minutes"": 24.984615384615374, ""p90_response_minutes"": 164.3861862650172, ""patients"": 13, ""response_count"": 13, ""response_minutes"": 641.9186244824821, ""scene_count"": 13, ""scene_minutes"": 208.0, ""transport_count"": 13, ""transport_minutes"": 324.79999999999984}}","{""arrive_hospital"": 76, ""arrive_scene"": 37, ""hospital_release"": 55, ""patient_arrival"": 42, ""reposition_complete"": 35, ""restock_complete"": 36, ""scene_complete"": 37, ""transfer_ready"": 59}",26.525376,15.474624,0.3684434234861965,52.772691191715516,13.135135135135132,32.5736111111111,165.71079608658624,37,0.8809523809523809,42,42,5
greedy,97,1097,"{""cardiac"": {""expected_lost"": 10.382311446243657, ""expected_saved"": 0.6176885537563429, ""mean_response_minutes"": 23.168517094256366, ""mean_scene_minutes"": 9.600000000000005, ""mean_transport_minutes"": 37.5, ""p90_response_minutes"": 32.093448512199394, ""patients"": 11, ""response_count"": 5, ""response_minutes"": 115.84258547128184, ""scene_count"": 5, ""scene_minutes"": 48.00000000000003, ""transport_count"": 4, ""transport_minutes"": 150.0}, ""minor"": {""expected_lost"": 3.8484286186977275, ""expected_saved"": 12.151571381302272, ""mean_response_minutes"": 75.50336090884302, ""mean_scene_minutes"": 10.0, ""mean_transport_minutes"": 38.90000000000001, ""p90_response_minutes"": 160.5734015085983, ""patients"": 16, ""response_count"": 16, ""response_minutes"": 1208.0537745414883, ""scene_count"": 16, ""scene_minutes"": 160.0, ""transport_count"": 16, ""transport_minutes"": 622.4000000000002}, ""stroke"": {""expected_lost"": 12.614305199874805, ""expected_saved"": 5.385694800125193, ""mean_response_minutes"": 90.94451703290146, ""mean_scene_minutes"": 14.0, ""mean_transport_minutes"": 26.092857142857135, ""p90_response_minutes"": 209.7439788401478, ""patients"": 18, ""response_count"": 14, ""response_minutes"": 1273.2232384606205, ""scene_count"": 14, ""scene_minutes"": 196.0, ""transport_count"": 14, ""transport_minutes"": 365.2999999999999}, ""trauma"": {""expected_lost"": 5.94478666285805, ""expected_saved"": 1.05521333714195, ""mean_response_minutes"": 18.26222510824266, ""mean_scene_minutes"": 16.0, ""mean_transport_minutes"": 30.320000000000004, ""p90_response_minutes"": 33.899338152125985, ""patients"": 7, ""response_count"": 5, ""response_minutes"": 91.3111255412133, ""scene_count"": 5, ""scene_minutes"": 80.0, ""transport_count"": 5, ""transport_minutes"": 151.60000000000002}}","{""arrive_hospital"": 92, ""arrive_scene"": 40, ""hospital_release"": 59, ""patient_arrival"": 52, ""reposition_complete"": 38, ""restock_complete"": 38, ""scene_complete"": 39, ""transfer_ready"": 73}",32.789832,19.210168,0.3694263090831878,67.21076810036512,12.1,33.05897435897436,193.01559518413922,40,0.7692307692307693,52,52,12
greedy,98,1098,"{""cardiac"": {""expected_lost"": 9.08298443885844, ""expected_saved"": 0.9170155611415607, ""mean_response_minutes"": 57.1161263505853, ""mean_scene_minutes"": 11.99999999999999, ""mean_transport_minutes"": 42.775000000000006, ""p90_response_minutes"": 100.72435942728026, ""patients"": 10, ""response_count"": 10, ""response_minutes"": 571.161263505853, ""scene_count"": 10, ""scene_minutes"": 119.99999999999989, ""transport_count"": 10, ""transport_minutes"": 427.75000000000006}, ""minor"": {""expected_lost"": 0.4960262682791151, ""expected_saved"": 8.503973731720885, ""mean_response_minutes"": 20.66458032023407, ""mean_scene_minutes"": 10.0, ""mean_transport_minutes"": 39.888888888888886, ""p90_response_minutes"": 33.55571143388746, ""patients"": 9, ""response_count"": 9, ""response_minutes"": 185.98122288210664, ""scene_count"": 9, ""scene_minutes"": 90.0, ""transport_count"": 9, ""transport_minutes"": 359.0}, ""stroke"": {""expected_lost"": 5.634695442762888, ""expected_saved"": 5.365304557237112, ""mean_response_minutes"": 31.134108350852376, ""mean_scene_minutes"": 14.0, ""mean_transport_minutes"": 26.272727272727273, ""p90_response_minutes"": 74.63048592422587, ""patients"": 11, ""response_count"": 11, ""response_minutes"": 342.47519185937614, ""scene_count"": 11, ""scene_minutes"": 154.0, ""transport_count"": 11, ""transport_minutes"": 289.0}, ""trauma"": {""expected_lost"": 6.165590279863703, ""expected_saved"": 1.8344097201362974, ""mean_response_minutes"": 21.01633993745421, ""mean_scene_minutes"": 16.0, ""mean_transport_minutes"": 25.55714285714287, ""p90_response_minutes"": 40.59656409459026, ""patients"": 8, ""response_count"": 7, ""response_minutes"": 147.11437956217947, ""scene_count"": 7, ""scene_minutes"": 112.0, ""transport_count"": 7, ""transport_minutes"": 178.9000000000001}}","{""arrive_hospital"": 86, ""arrive_scene"": 37, ""hospital_release"": 64, ""patient_arrival"": 38, ""reposition_complete"": 36, ""restock_complete"": 37, ""scene_complete"": 37, ""transfer_ready"": 67}",21.379296,16.620704,0.43738693605883816,33.695461021878785,12.864864864864861,33.90945945945946,70.29655636676475,37,0.9736842105263158,38,38,1
greedy,99,1099,"{""cardiac"": {""expected_lost"": 10.058872312822237, ""expected_saved"": 0.9411276871777625, ""mean_response_minutes"": 61.99414180767748, ""mean_scene_minutes"": 12.0, ""mean_transport_minutes"": 41.33333333333332, ""p90_response_minutes"": 167.9005490229135, ""patients"": 11, ""response_count"": 9, ""response_minutes"": 557.9472762690973, ""scene_count"": 9, ""scene_minutes"": 108.0, ""transport_count"": 9, ""transport_minutes"": 371.9999999999999}, ""minor"": {""expected_lost"": 2.0675929923319356, ""expected_saved"": 7.932407007668064, ""mean_response_minutes"": 52.00815692398917, ""mean_scene_minutes"": 10.0, ""mean_transport_minutes"": 41.577777777777754, ""p90_response_minutes"": 68.88745191519737, ""patients"": 10, ""response_count"": 10, ""response_minutes"": 520.0815692398917, ""scene_count"": 10, ""scene_minutes"": 100.0, ""transport_count"": 9, ""transport_minutes"": 374.1999999999998}, ""stroke"": {""expected_lost"": 10.02485766016548, ""expected_saved"": 5.975142339834519, ""mean_response_minutes"": 31.405154128664947, ""mean_scene_minutes"": 14.0, ""mean_transport_minutes"": 26.0, ""p90_response_minutes"": 54.23709177105356, ""patients"": 16, ""response_count"": 14, ""response_minutes"": 439.67215780130925, ""scene_count"": 14, ""scene_minutes"": 196.0, ""transport_count"": 14, ""transport_minutes"": 364.0}, ""trauma"": {""expected_lost"": 12.637450955597618, ""expected_saved"": 1.3625490444023804, ""mean_response_minutes"": 46.72248971872031, ""mean_scene_minutes"": 16.0, ""mean_transport_minutes"": 27.093749999999993, ""p90_response_minutes"": 105.78052187920036, ""patients"": 14, ""response_count"": 9, ""response_minutes"": 420.5024074684828, ""scene_count"": 9, ""scene_minutes"": 144.0, ""transport_count"": 8, ""transport_minutes"": 216.74999999999994}}","{""arrive_hospital"": 90, ""arrive_scene"": 42, ""hospital_release"": 67, ""patient_arrival"": 51, ""reposition_complete"": 39, ""restock_complete"": 40, ""scene_complete"": 42, ""transfer_ready"": 72}",34.788774,16.211226,0.31786717802122993,46.147700256637634,13.047619047619047,33.17374999999999,93.39812956339638,42,0.8235294117647058,51,51,9
no-reposition,0,1000,"{""cardiac"": {""expected_lost"": 8.43915008366914, ""expected_saved"": 0.5608499162881642, ""mean_response_minutes"": 102.76365325123083, ""mean_scene_minutes"": 12.0, ""mean_transport_minutes"": 36.40625, ""p90_response_minutes"": 229.66712248345496, ""patients"": 9, ""response_count"": 8, ""response_minutes"": 822.1092260098467, ""scene_count"": 8, ""scene_minutes"": 96.0, ""transport_count"": 8, ""transport_minutes"": 291.25}, ""minor"": {""expected_lost"": 2.957642103414189, ""expected_saved"": 11.042357896585811, ""mean_response_minutes"": 60.0223006561719, ""mean_scene_minutes"": 10.0, ""mean_transport_minutes"": 39.28214285714285, ""p90_response_minutes"": 106.61498075846127, ""patients"": 14, ""response_count"": 14, ""response_minutes"": 840.3122091864066, ""scene_count"": 14, ""scene_minutes"": 140.0, ""transport_count"": 14, ""transport_minutes"": 549.9499999999999}, ""stroke"": {""expected_lost"": 11.021795392006474, ""expected_saved"": 3.9782046079935256, ""mean_response_minutes"": 66.59483721720937, ""mean_scene_minutes"": 14.0, ""mean_transport_minutes"": 27.003333333333323, ""p90_response_minutes"": 130.9574278455632, ""patients"": 15, ""response_count"": 15, ""response_minutes"": 998.9225582581406, ""scene_count"": 15, ""scene_minutes"": 210.0, ""transport_count"": 15, ""transport_minutes"": 405.04999999999984}, ""trauma"": {""expected_lost"": 7.178471445086294, ""expected_saved"": 0.8215285549137059, ""mean_response_minutes"": 53.32332929351059, ""mean_scene_minutes"": 16.0, ""mean_transport_minutes"": 27.84166666666665, ""p90_response_minutes"": 97.37889208954152, ""patients"": 8, ""response_count"": 6, ""response_minutes"": 319.9399757610635, ""scene_count"": 6, ""scene_minutes"": 96.0, ""transport_count"": 6, ""transport_minutes"": 167.0499999999999}}","{""arrive_hospital"": 100, ""arrive_scene"": 43, ""hospital_release"": 68, ""patient_arrival"": 46, ""reposition_complete"": 42, ""restock_complete"": 42, ""scene_complete"": 43, ""transfer_ready"": 78}",29.597059,16.402941,0.35658567338654795,69.33218533059205,12.604651162790697,32.86744186046511,132.73125739060268,43,0.9347826086956522,46,46,3
no-reposition,1,1001,"{""cardiac"": {""expected_lost"": 13.35402371853695, ""expected_saved"": 0.6459762814630501, ""mean_response_minutes"": 48.59645827863283, ""mean_scene_minutes"": 12.0, ""mean_transport_minutes"": 41.11499999999998, ""p90_response_minutes"": 83.13706737331529, ""patients"": 14, ""response_count"": 11, ""response_minutes"": 534.5610410649612, ""scene_count"": 11, ""scene_minutes"": 132.0, ""transport_count"": 10, ""transport_minutes"": 411.1499999999998}, ""minor"": {""expected_lost"": 3.7064873878882594, ""expected_saved"": 9.293512612111739, ""mean_response_minutes"": 47.22005368573182, ""mean_scene_minutes"": 9.166666666666666, ""mean_transport_minutes"": 41.51818181818182, ""p90_response_minutes"": 85.28110903388486, ""patients"": 13, ""response_count"": 12, ""response_minutes"": 566.6406442287819, ""scene_count"": 12, ""scene_minutes"": 110.0, ""transport_count"": 11, ""transport_minutes"": 456.70000000000005}, ""stroke"": {""expected_lost"": 8.857941193259565, ""expected_saved"": 2.142058806740434, ""mean_response_minutes"": 79.60726422700142, ""mean_scene_minutes"": 14.0, ""mean_transport_minutes"": 26.0, ""p90_response_minutes"": 155.58187970593406, ""patients"": 11, ""response_count"": 7, ""response_minutes"": 557.2508495890099, ""scene_count"": 7, ""scene_minutes"": 98.0, ""transport_count"": 7, ""transport_minutes"": 182.0}, ""trauma"": {""expected_lost"": 11.953485679696495, ""expected_saved"": 2.046514320303507, ""mean_response_minutes"": 34.577394806271904, ""mean_scene_minutes"": 16.0, ""mean_transport_minutes"": 23.84166666666668, ""p90_response_minutes"": 48.544138320642894, ""patients"": 14, ""response_count"": 12, ""response_minutes"": 414.9287376752628, ""scene_count"": 12, ""scene_minutes"": 192.0, ""transport_count"": 12, ""transport_minutes"": 286.10000000000014}}","{""arrive_hospital"": 89, ""arrive_scene"": 42, ""hospital_release"": 64, ""patient_arrival"": 52, ""reposition_complete"": 39, ""restock_complete"": 39, ""scene_complete"": 41, ""transfer_ready"": 68}",37.871938,14.128062,0.271693500396514,49.36622077519085,12.666666666666666,33.39875,82.39297521386962,42,0.8076923076923077,52,52,10
no-reposition,2,1002,"{""cardiac"": {""expected_lost"": 8.065041369223243, ""expected_saved"": 0.9349586307767574, ""mean_response_minutes"": 24.01625104938331, ""mean_scene_minutes"": 12.0, ""mean_transport_minutes"": 44.55, ""p90_response_minutes"": 30.38925188889, ""patients"": 9, ""response_count"": 9, ""response_minutes"": 216.14625944444978, ""scene_count"": 9, ""scene_minutes"": 108.0, ""transport_count"": 8, ""transport_minutes"": 356.4}, ""minor"": {""expected_lost"": 0.752576822643986, ""expected_saved"": 6.247423177356015, ""mean_response_minutes"": 32.98975270686201, ""mean_scene_minutes"": 10.0, ""mean_transport_minutes"": 39.800000000000004, ""p90_response_minutes"": 53.64483780718255, ""patients"": 7, ""response_count"": 7, ""response_minutes"": 230.92826894803403, ""scene_count"": 7, ""scene_minutes"": 70.0, ""transport_count"": 7, ""transport_minutes"": 278.6}, ""stroke"": {""expected_lost"": 6.241100178749751, ""expected_saved"": 3.7588998212502487, ""mean_response_minutes"": 54.95663023011836, ""mean_scene_minutes"": 14.0, ""mean_transport_minutes"": 26.415, ""p90_response_minutes"": 84.39248669022102, ""patients"": 10, ""response_count"": 10, ""response_minutes"": 549.5663023011836, ""scene_count"": 10, ""scene_minutes"": 140.0, ""transport_count"": 10, ""transport_minutes"": 264.15}, ""trauma"": {""expected_lost"": 9.386759766868195, ""expected_saved"": 1.613240233131806, ""mean_response_minutes"": 38.723191652073425, ""mean_scene_minutes"": 14.4, ""mean_transport_minutes"": 25.11111111111111, ""p90_response_minutes"": 104.47892005027056, ""patients"": 11, ""response_count"": 10, ""response_minutes"": 387.2319165207342, ""scene_count"": 10, ""scene_minutes"": 144.0, ""transport_count"": 9, ""transport_minutes"": 226.0}}","{""arrive_hospital"": 74, ""arrive_scene"": 36, ""hospital_release"": 53, ""patient_arrival"": 37, ""reposition_complete"": 34, ""restock_complete"": 34, ""scene_complete"": 35, ""transfer_ready"": 59}",24.445478,12.554522,0.33931140168958984,38.44090964484449,12.833333333333334,33.09264705882353,63.85518505937205,36,0.972972972972973,37,37,1
no-reposition,3,1003,"{""cardiac"": {""expected_lost"": 13.221747339508887, ""expected_saved"": 0.778252659963545, ""mean_response_minutes"": 77.15767899696155, ""mean_scene_minutes"": 12.0, ""mean_transport_minutes"": 39.89499999999998, ""p90_response_minutes"": 132.7584006087377, ""patients"": 14, ""response_count"": 10, ""response_minutes"": 771.5767899696156, ""scene_count"": 10, ""scene_minutes"": 120.0, ""transport_count"": 10, ""transport_minutes"": 398.9499999999998}, ""minor"": {""expected_lost"": 2.870959496185618, ""expected_saved"": 13.129040503814382, ""mean_response_minutes"": 48.93906632724047, ""mean_scene_minutes"": 10.0, ""mean_transport_minutes"": 35.8125, ""p90_response_minutes"": 80.13360445286548, ""patients"": 16, ""response_count"": 16, ""response_minutes"": 783.0250612358475, ""scene_count"": 16, ""scene_minutes"": 160.0, ""transport_count"": 16, ""transport_minutes"": 573.0}, ""stroke"": {""expected_lost"": 12.129068863485756, ""expected_saved"": 2.8709311365142436, ""mean_response_minutes"": 101.78536427601861, ""mean_scene_minutes"": 13.999999999999991, ""mean_transport_minutes"": 28.411538461538456, ""p90_response_minutes"": 243.45195388984436, ""patients"": 15, ""response_count"": 13, ""response_minutes"": 1323.209735588242, ""scene_count"": 13, ""scene_minutes"": 181.9999999999999, ""transport_count"": 13, ""transport_minutes"": 369.3499999999999}, ""trauma"": {""expected_lost"": 9.842301078730246, ""expected_saved"": 1.1576989212697535, ""mean_response_minutes"": 35.476422796517404, ""mean_scene_minutes"": 16.0, ""mean_transport_minutes"": 23.285714285714285, ""p90_response_minutes"": 53.88928554678032, ""patients"": 11, ""response_count"": 7, ""response_minutes"": 248.33495957562184, ""scene_count"": 7, ""scene_minutes"": 112.0, ""transport_count"": 7, ""transport_minutes"": 163.0}}","{""arrive_hospital"": 108, ""arrive_scene"": 46, ""hospital_release"": 71, ""patient_arrival"": 56, ""reposition_complete"": 43, ""restock_complete"": 43, ""scene_complete"": 46, ""transfer_ready"": 84}",38.064077,17.935923,0.32028434324217725,67.95970752976801,12.478260869565215,32.702173913043474,110.34399849792524,46,0.8214285714285714,56,56,10
no-reposition,4,1004,"{""cardiac"": {""expected_lost"": 7.195285453506811, ""expected_saved"": 0.8047145464931893, ""mean_response_minutes"": 47.69801809223134, ""mean_scene_minutes"": 10.0, ""mean_transport_minutes"": 37.85999999999999, ""p90_response_minutes"": 108.89405427669396, ""patients"": 8, ""response_count"": 6, ""response_minutes"": 286.188108553388, ""scene_count"": 6, ""scene_minutes"": 60.0, ""transport_count"": 5, ""transport_minutes"": 189.29999999999995}, ""minor"": {""expected_lost"": 0.5182883507537016, ""expected_saved"": 5.481711649246298, ""mean_response_minutes"": 30.199289272664487, ""mean_scene_minutes"": 10.0, ""mean_transport_minutes"": 38.333333333333336, ""p90_response_minutes"": 55.105736834377694, ""patients"": 6, ""response_count"": 6, ""response_minutes"": 181.19573563598692, ""scene_count"": 6, ""scene_minutes"": 60.0, ""transport_count"": 6, ""transport_minutes"": 230.0}, ""stroke"": {""expected_lost"": 7.934561648638729, ""expected_saved"": 4.065438351361271, ""mean_response_minutes"": 51.35842525693293, ""mean_scene_minutes"": 14.0, ""mean_transport_minutes"": 28.750000000000014, ""p90_response_minutes"": 84.17122930503527, ""patients"": 12, ""response_count"": 10, ""response_minutes"": 513.5842525693294, ""scene_count"": 10, ""scene_minutes"": 140.0, ""transport_count"": 9, ""transport_minutes"": 258.7500000000001}, ""trauma"": {""expected_lost"": 11.418897100177139, ""expected_saved"": 1.5811028998228618, ""mean_response_minutes"": 59.66402428306666, ""mean_scene_minutes"": 16.0, ""mean_transport_minutes"": 26.177272727272726, ""p90_response_minutes"": 117.49335635985246, ""patients"": 13, ""response_count"": 12, ""response_minutes"": 715.9682913967999, ""scene_count"": 12, ""scene_minutes"": 192.0, ""transport_count"": 11, ""transport_minutes"": 287.95}}","{""arrive_hospital"": 62, ""arrive_scene"": 34, ""hospital_release"": 50, ""patient_arrival"": 39, ""reposition_complete"": 31, ""restock_complete"": 31, ""scene_complete"": 33, ""transfer_ready"": 51}",27.067033,11.932967,0.3059735242800928,49.909893769279535,13.294117647058824,31.161290322580644,109.3491193644281,34,0.8717948717948718,39,39,5
no-reposition,5,1005,"{""cardiac"": {""expected_lost"": 7.522109389813161, ""expected_saved"": 0.4778906101868389, ""mean_response_minutes"": 67.89131258822557, ""mean_scene_minutes"": 10.285714285714269, ""mean_transport_minutes"": 42.94166666666664, ""p90_response_minutes"": 136.7899173754127, ""patients"": 8, ""response_count"": 7, ""response_minutes"": 475.23918811757903, ""scene_count"": 7, ""scene_minutes"": 71.99999999999989, ""transport_count"": 6, ""transport_minutes"": 257.64999999999986}, ""minor"": {""expected_lost"": 2.165229778755804, ""expected_saved"": 8.834770221244195, ""mean_response_minutes"": 55.721720900087305, ""mean_scene_minutes"": 10.0, ""mean_transport_minutes"": 40.65909090909089, ""p90_response_minutes"": 98.85833889308196, ""patients"": 11, ""response_count"": 11, ""response_minutes"": 612.9389299009604, ""scene_count"": 11, ""scene_minutes"": 110.0, ""transport_count"": 11, ""transport_minutes"": 447.24999999999983}, ""stroke"": {""expected_lost"": 5.345283645743349, ""expected_saved"": 2.6547163542566503, ""mean_response_minutes"": 77.5079290406457, ""mean_scene_minutes"": 14.0, ""mean_transport_minutes"": 26.800000000000004, ""p90_response_minutes"": 186.9735205912122, ""patients"": 8, ""response_count"": 8, ""response_minutes"": 620.0634323251656, ""scene_count"": 8, ""scene_minutes"": 112.0, ""transport_count"": 8, ""transport_minutes"": 214.40000000000003}, ""trauma"": {""expected_lost"": 10.512314883343452, ""expected_saved"": 1.4876851166565477, ""mean_response_minutes"": 60.253958203942176, ""mean_scene_minutes"": 16.0, ""mean_transport_minutes"": 27.51666666666667, ""p90_response_minutes"": 104.09591648135623, ""patients"": 12, ""response_count"": 12, ""response_minutes"": 723.0474984473061, ""scene_count"": 12, ""scene_minutes"": 192.0, ""transport_count"": 12, ""transport_minutes"": 330.20000000000005}}","{""arrive_hospital"": 79, ""arrive_scene"": 38, ""hospital_release"": 56, ""patient_arrival"": 39, ""reposition_complete"": 36, ""restock_complete"": 36, ""scene_complete"": 37, ""transfer_ready"": 61}",25.544938,13.455062,0.34500159749600595,63.98129075765818,12.789473684210524,33.77027027027027,129.7366396515976,38,0.9743589743589743,39,39,1
no-reposition,6,1006,"{""cardiac"": {""expected_lost"": 9.302326958470148, ""expected_saved"": 0.6976730415298523, ""mean_response_minutes"": 44.79636051114654, ""mean_scene_minutes"": 12.0, ""mean_transport_minutes"": 38.625, ""p90_response_minutes"": 83.21327854870188, ""patients"": 10, ""response_count"": 8, ""response_minutes"": 358.3708840891723, ""scene_count"": 8, ""scene_minutes"": 96.0, ""transport_count"": 8, ""transport_minutes"": 309.0}, ""minor"": {""expected_lost"": 3.8025807752268195, ""expected_saved"": 13.197419224773183, ""mean_response_minutes"": 63.42858947258286, ""mean_scene_minutes"": 10.0, ""mean_transport_minutes"": 41.523529411764706, ""p90_response_minutes"": 102.0175592391756, ""patients"": 17, ""response_count"": 17, ""response_minutes"": 1078.2860210339086, ""scene_count"": 17, ""scene_minutes"": 170.0, ""transport_count"": 17, ""transport_minutes"": 705.9}, ""stroke"": {""expected_lost"": 7.525199112288823, ""expected_saved"": 3.4748008877111767, ""mean_response_minutes"": 80.13219993872188, ""mean_scene_minutes"": 11.454545454545455, ""mean_transport_minutes"": 25.966666666666683, ""p90_response_minutes"": 57.195645654416296, ""patients"": 11, ""response_count"": 11, ""response_minutes"": 881.4541993259407, ""scene_count"": 11, ""scene_minutes"": 126.0, ""transport_count"": 9, ""transport_minutes"": 233.70000000000016}, ""trauma"": {""expected_lost"": 12.818165115740562, ""expected_saved"": 1.1818348842594353, ""mean_response_minutes"": 106.48245116459918, ""mean_scene_minutes"": 16.0, ""mean_transport_minutes"": 26.29583333333333, ""p90_response_minutes"": 183.56033482890138, ""patients"": 14, ""response_count"": 12, ""response_minutes"": 1277.7894139751902, ""scene_count"": 12, ""scene_minutes"": 192.0, ""transport_count"": 12, ""transport_minutes"": 315.54999999999995}}","{""arrive_hospital"": 105, ""arrive_scene"": 48, ""hospital_release"": 73, ""patient_arrival"": 52, ""reposition_complete"": 45, ""restock_complete"": 45, ""scene_complete"": 46, ""transfer_ready"": 80}",33.448272,18.551728,0.35676400073603165,74.91459413383772,12.166666666666666,34.003260869565224,100.80892706842992,48,0.9230769230769231,52,52,4
no-reposition,7,1007,"{""cardiac"": {""expected_lost"": 18.136832705731994, ""expected_saved"": 0.8631672940220069, ""mean_response_minutes"": 83.6201741040542, ""mean_scene_minutes"": 12.0, ""mean_transport_minutes"": 42.10416666666666, ""p90_response_minutes"": 177.1469513128384, ""patients"": 19, ""response_count"": 12, ""response_minutes"": 1003.4420892486504, ""scene_count"": 12, ""scene_minutes"": 144.0, ""transport_count"": 12, ""transport_minutes"": 505.2499999999999}, ""minor"": {""expected_lost"": 1.7383814914868312, ""expected_saved"": 8.261618508513168, ""mean_response_minutes"": 47.18932446007595, ""mean_scene_minutes"": 10.0, ""mean_transport_minutes"": 38.679999999999986, ""p90_response_minutes"": 70.76469910036377, ""patients"": 10, ""response_count"": 10, ""response_minutes"": 471.89324460075954, ""scene_count"": 10, ""scene_minutes"": 100.0, ""transport_count"": 10, ""transport_minutes"": 386.79999999999984}, ""stroke"": {""expected_lost"": 6.872213114828232, ""expected_saved"": 3.1277868851717674, ""mean_response_minutes"": 52.74622764755944, ""mean_scene_minutes"": 14.0, ""mean_transport_minutes"": 26.25, ""p90_response_minutes"": 102.04983563532898, ""patients"": 10, ""response_count"": 9, ""response_minutes"": 474.7160488280349, ""scene_count"": 9, ""scene_minutes"": 126.0, ""transport_count"": 9, ""transport_minutes"": 236.25}, ""trauma"": {""expected_lost"": 8.937549946797942, ""expected_saved"": 1.0624500532020573, ""mean_response_minutes"": 36.95450035169743, ""mean_scene_minutes"": 14.222222222222221, ""mean_transport_minutes"": 23.831249999999997, ""p90_response_minutes"": 53.890498787001206, ""patients"": 10, ""response_count"": 9, ""response_minutes"": 332.5905031652769, ""scene_count"": 9, ""scene_minutes"": 128.0, ""transport_count"": 8, ""transport_minutes"": 190.64999999999998}}","{""arrive_hospital"": 90, ""arrive_scene"": 40, ""hospital_release"": 62, ""patient_arrival"": 49, ""reposition_complete"": 38, ""restock_complete"": 38, ""scene_complete"": 39, ""transfer_ready"": 69}",35.684977,13.315023,0.2717351579777346,57.06604714606804,12.45,33.819230769230764,98.72810644316684,40,0.8163265306122449,49,49,9
no-reposition,8,1008,"{""cardiac"": {""expected_lost"": 13.633011028466328, ""expected_saved"": 0.3669889715336722, ""mean_response_minutes"": 85.05689925529221, ""mean_scene_minutes"": 10.285714285714286, ""mean_transport_minutes"": 41.23333333333331, ""p90_response_minutes"": 192.50488319309903, ""patients"": 14, ""response_count"": 7, ""response_minutes"": 595.3982947870454, ""scene_count"": 7, ""scene_minutes"": 72.0, ""transport_count"": 6, ""transport_minutes"": 247.39999999999986}, ""minor"": {""expected_lost"": 1.4755702810693152, ""expected_saved"": 6.524429718930685, ""mean_response_minutes"": 51.47922518784647, ""mean_scene_minutes"": 10.0, ""mean_transport_minutes"": 42.69375, ""p90_response_minutes"": 80.86148596906129, ""patients"": 8, ""response_count"": 8, ""response_minutes"": 411.83380150277173, ""scene_count"": 8, ""scene_minutes"": 80.0, ""transport_count"": 8, ""transport_minutes"": 341.55}, ""stroke"": {""expected_lost"": 11.048965191040072, ""expected_saved"": 3.9510348089599283, ""mean_response_minutes"": 183.07362398368437, ""mean_scene_minutes"": 14.000000000000009, ""mean_transport_minutes"": 29.000000000000007, ""p90_response_minutes"": 651.2841846213976, ""patients"": 15, ""response_count"": 14, ""response_minutes"": 2563.030735771581, ""scene_count"": 14, ""scene_minutes"": 196.0000000000001, ""transport_count"": 14, ""transport_minutes"": 406.0000000000001}, ""trauma"": {""expected_lost"": 12.066357107758618, ""expected_saved"": 0.9336428922413801, ""mean_response_minutes"": 81.87716486596786, ""mean_scene_minutes"": 16.0, ""mean_transport_minutes"": 29.981818181818177, ""p90_response_minutes"": 160.7357999801318, ""patients"": 13, ""response_count"": 11, ""response_minutes"": 900.6488135256465, ""scene_count"": 11, ""scene_minutes"": 176.0, ""transport_count"": 11, ""transport_minutes"": 329.79999999999995}}","{""arrive_hospital"": 81, ""arrive_scene"": 40, ""hospital_release"": 58, ""patient_arrival"": 50, ""reposition_complete"": 39, ""restock_complete"": 39, ""scene_complete"": 39, ""transfer_ready"": 67}",38.223904,11.776096,0.23552192783331324,111.77279113967613,13.100000000000003,33.967948717948715,170.35667233822278,40,0.8,50,50,10
no-reposition,9,1009,"{""cardiac"": {""expected_lost"": 13.93001207512826, ""expected_saved"": 1.0699879246776742, ""mean_response_minutes"": 75.46971895866837, ""mean_scene_minutes"": 12.0, ""mean_transport_minutes"": 40.43181818181817, ""p90_response_minutes"": 132.75384443511098, ""patients"": 15, ""response_count"": 11, ""response_minutes"": 830.166908545352, ""scene_count"": 11, ""scene_minutes"": 132.0, ""transport_count"": 11, ""transport_minutes"": 444.7499999999999}, ""minor"": {""expected_lost"": 1.798759510850637, ""expected_saved"": 10.201240489149361, ""mean_response_minutes"": 43.336625053361935, ""mean_scene_minutes"": 10.0, ""mean_transport_minutes"": 42.225, ""p90_response_minutes"": 54.59655710581105, ""patients"": 12, ""response_count"": 12, ""response_minutes"": 520.0395006403432, ""scene_count"": 12, ""scene_minutes"": 120.0, ""transport_count"": 12, ""transport_minutes"": 506.70000000000005}, ""stroke"": {""expected_lost"": 5.882625419413862, ""expected_saved"": 2.117374580586138, ""mean_response_minutes"": 41.730145790179584, ""mean_scene_minutes"": 14.0, ""mean_transport_minutes"": 25.875000000000018, ""p90_response_minutes"": 60.759134800071934, ""patients"": 8, ""response_count"": 6, ""response_minutes"": 250.3808747410775, ""scene_count"": 6, ""scene_minutes"": 84.0, ""transport_count"": 6, ""transport_minutes"": 155.2500000000001}, ""trauma"": {""expected_lost"": 14.61704696968407, ""expected_saved"": 1.382953030315931, ""mean_response_minutes"": 53.93520594211788, ""mean_scene_minutes"": 16.0, ""mean_transport_minutes"": 23.03928571428571, ""p90_response_minutes"": 98.13899773112148, ""patients"": 16, ""response_count"": 14, ""response_minutes"": 755.0928831896504, ""scene_count"": 14, ""scene_minutes"": 224.0, ""transport_count"": 14, ""transport_minutes"": 322.54999999999995}}","{""arrive_hospital"": 94, ""arrive_scene"": 43, ""hospital_release"": 63, ""patient_arrival"": 51, ""reposition_complete"": 42, ""restock_complete"": 42, ""scene_complete"": 43, ""transfer_ready"": 71}",36.228444,14.771556,0.2896383534260608,54.78325970038193,13.023255813953488,33.23837209302326,99.37231946501663,43,0.8431372549019608,51,51,8
no-reposition,10,1010,"{""cardiac"": {""expected_lost"": 12.52579751641946, ""expected_saved"": 0.47420248358053996, ""mean_response_minutes"": 63.31535950491095, ""mean_scene_minutes"": 12.00000000000001, ""mean_transport_minutes"": 42.93499999999998, ""p90_response_minutes"": 120.22812043580348, ""patients"": 13, ""response_count"": 10, ""response_minutes"": 633.1535950491095, ""scene_count"": 10, ""scene_minutes"": 120.00000000000011, ""transport_count"": 10, ""transport_minutes"": 429.3499999999998}, ""minor"": {""expected_lost"": 2.2907595662980693, ""expected_saved"": 14.70924043370193, ""mean_response_minutes"": 42.34216977458249, ""mean_scene_minutes"": 9.999999999999996, ""mean_transport_minutes"": 41.19999999999999, ""p90_response_minutes"": 66.28834080261655, ""patients"": 17, ""response_count"": 17, ""response_minutes"": 719.8168861679022, ""scene_count"": 17, ""scene_minutes"": 169.99999999999994, ""transport_count"": 17, ""transport_minutes"": 700.3999999999999}, ""stroke"": {""expected_lost"": 4.23691212545416, ""expected_saved"": 2.7630878745458403, ""mean_response_minutes"": 42.59585078671062, ""mean_scene_minutes"": 14.0, ""mean_transport_minutes"": 27.571428571428573, ""p90_response_minutes"": 83.3191993109379, ""patients"": 7, ""response_count"": 7, ""response_minutes"": 298.17095550697434, ""scene_count"": 7, ""scene_minutes"": 98.0, ""transport_count"": 7, ""transport_minutes"": 193.0}, ""trauma"": {""expected_lost"": 7.514672328875821, ""expected_saved"": 0.4853276711241789, ""mean_response_minutes"": 74.77958867479357, ""mean_scene_minutes"": 16.0, ""mean_transport_minutes"": 28.625, ""p90_response_minutes"": 139.38953096189792, ""patients"": 8, ""response_count"": 8, ""response_minutes"": 598.2367093983486, ""scene_count"": 8, ""scene_minutes"": 128.0, ""transport_count"": 8, ""transport_minutes"": 229.0}}","{""arrive_hospital"": 103, ""arrive_scene"": 42, ""hospital_release"": 71, ""patient_arrival"": 45, ""reposition_complete"": 42, ""restock_complete"": 42, ""scene_complete"": 42, ""transfer_ready"": 76}",26.568142,18.431858,0.40959685473227725,53.556622526722265,12.285714285714286,36.94642857142857,110.86231843083743,42,0.9333333333333333,45,45,3
no-reposition,11,1011,"{""cardiac"": {""expected_lost"": 15.108780645831722, ""expected_saved"": 0.8912193541682774, ""mean_response_minutes"": 52.83729744105295, ""mean_scene_minutes"": 12.0, ""mean_transport_minutes"": 41.79090909090908, ""p90_response_minutes"": 64.20056492360982, ""patients"": 16, ""response_count"": 11, ""response_minutes"": 581.2102718515824, ""scene_count"": 11, ""scene_minutes"": 132.0, ""transport_count"": 11, ""transport_minutes"": 459.6999999999999}, ""minor"": {""expected_lost"": 2.8749737411416803, ""expected_saved"": 12.125026258858318, ""mean_response_minutes"": 42.177817999198545, ""mean_scene_minutes"": 10.0, ""mean_transport_minutes"": 41.142857142857125, ""p90_response_minutes"": 62.28001265538562, ""patients"": 15, ""response_count"": 14, ""response_minutes"": 590.4894519887796, ""scene_count"": 14, ""scene_minutes"": 140.0, ""transport_count"": 14, ""transport_minutes"": 575.9999999999998}, ""stroke"": {""expected_lost"": 15.131158596744557, ""expected_saved"": 2.8688414032554426, ""mean_response_minutes"": 62.86021539668891, ""mean_scene_minutes"": 14.0, ""mean_transport_minutes"": 26.84499999999998, ""p90_response_minutes"": 128.72900290071726, ""patients"": 18, ""response_count"": 10, ""response_minutes"": 628.6021539668891, ""scene_count"": 10, ""scene_minutes"": 140.0, ""transport_count"": 10, ""transport_minutes"": 268.4499999999998}, ""trauma"": {""expected_lost"": 13.996745742585816, ""expected_saved"": 1.0032542574141845, ""mean_response_minutes"": 79.79627637047736, ""mean_scene_minutes"": 16.0, ""mean_transport_minutes"": 27.370000000000015, ""p90_response_minutes"": 231.37086148867036, ""patients"": 15, ""response_count"": 11, ""response_minutes"": 877.7590400752509, ""scene_count"": 11, ""scene_minutes"": 176.0, ""transport_count"": 10, ""transport_minutes"": 273.70000000000016}}","{""arrive_hospital"": 105, ""arrive_scene"": 46, ""hospital_release"": 70, ""patient_arrival"": 64, ""reposition_complete"": 44, ""restock_complete"": 44, ""scene_complete"": 46, ""transfer_ready"": 80}",47.111659,16.888341,0.2638803324015036,58.21871560614134,12.782608695652174,35.063333333333325,132.25029145056868,46,0.71875,64,64,18
no-reposition,12,1012,"{""cardiac"": {""expected_lost"": 8.66451675658845, ""expected_saved"": 1.3354832434115507, ""mean_response_minutes"": 24.746373809392292, ""mean_scene_minutes"": 12.0, ""mean_transport_minutes"": 37.6, ""p90_response_minutes"": 32.30137380939233, ""patients"": 10, ""response_count"": 10, ""response_minutes"": 247.46373809392293, ""scene_count"": 10, ""scene_minutes"": 120.0, ""transport_count"": 10, ""transport_minutes"": 376.0}, ""minor"": {""expected_lost"": 0.14384931992321878, ""expected_saved"": 4.856150680076781, ""mean_response_minutes"": 17.620000000000005, ""mean_scene_minutes"": 10.00000000000001, ""mean_transport_minutes"": 40.299999999999976, ""p90_response_minutes"": 20.760000000000012, ""patients"": 5, ""response_count"": 5, ""response_minutes"": 88.10000000000002, ""scene_count"": 5, ""scene_minutes"": 50.00000000000006, ""transport_count"": 5, ""transport_minutes"": 201.4999999999999}, ""stroke"": {""expected_lost"": 2.0516475121806357, ""expected_saved"": 1.9483524878193645, ""mean_response_minutes"": 27.538596608279367, ""mean_scene_minutes"": 14.000000000000004, ""mean_transport_minutes"": 24.0, ""p90_response_minutes"": 32.45485601439216, ""patients"": 4, ""response_count"": 4, ""response_minutes"": 110.15438643311747, ""scene_count"": 4, ""scene_minutes"": 56.000000000000014, ""transport_count"": 4, ""transport_minutes"": 96.0}, ""trauma"": {""expected_lost"": 8.23002724018611, ""expected_saved"": 1.7699727598138892, ""mean_response_minutes"": 26.49030117628039, ""mean_scene_minutes"": 16.0, ""mean_transport_minutes"": 29.410000000000007, ""p90_response_minutes"": 34.70030117628038, ""patients"": 10, ""response_count"": 10, ""response_minutes"": 264.9030117628039, ""scene_count"": 10, ""scene_minutes"": 160.0, ""transport_count"": 10, ""transport_minutes"": 294.1000000000001}}","{""arrive_hospital"": 63, ""arrive_scene"": 29, ""hospital_release"": 53, ""patient_arrival"": 29, ""reposition_complete"": 29, ""restock_complete"": 29, ""scene_complete"": 29, ""transfer_ready"": 48}",19.090041,9.909959,0.3417227300386754,24.504177113442903,13.310344827586208,33.36551724137931,32.3642700422285,29,1.0,29,29,0
no-reposition,13,1013,"{""cardiac"": {""expected_lost"": 9.497047389154913, ""expected_saved"": 0.5029526108450872, ""mean_response_minutes"": 65.3527299052787, ""mean_scene_minutes"": 10.0, ""mean_transport_minutes"": 43.23, ""p90_response_minutes"": 142.59492327705192, ""patients"": 10, ""response_count"": 6, ""response_minutes"": 392.11637943167216, ""scene_count"": 6, ""scene_minutes"": 60.0, ""transport_count"": 5, ""transport_minutes"": 216.14999999999998}, ""minor"": {""expected_lost"": 3.0419890647118093, ""expected_saved"": 12.958010935288193, ""mean_response_minutes"": 70.72937447415471, ""mean_scene_minutes"": 10.0, ""mean_transport_minutes"": 39.50000000000001, ""p90_response_minutes"": 93.00163151672575, ""patients"": 16, ""response_count"": 16, ""response_minutes"": 1131.6699915864754, ""scene_count"": 16, ""scene_minutes"": 160.0, ""transport_count"": 16, ""transport_minutes"": 632.0000000000001}, ""stroke"": {""expected_lost"": 10.623234220784068, ""expected_saved"": 2.3767657792159307, ""mean_response_minutes"": 135.37260165701204, ""mean_scene_minutes"": 13.999999999999991, ""mean_transport_minutes"": 27.325, ""p90_response_minutes"": 344.6663870237751, ""patients"": 13, ""response_count"": 12, ""response_minutes"": 1624.4712198841444, ""scene_count"": 12, ""scene_minutes"": 167.9999999999999, ""transport_count"": 12, ""transport_minutes"": 327.9}, ""trauma"": {""expected_lost"": 9.221540112572937, ""expected_saved"": 0.778459887427063, ""mean_response_minutes"": 115.0495390146316, ""mean_scene_minutes"": 16.0, ""mean_transport_minutes"": 24.400000000000006, ""p90_response_minutes"": 248.44220186167672, ""patients"": 10, ""response_count"": 8, ""response_minutes"": 920.3963121170528, ""scene_count"": 8, ""scene_minutes"": 128.0, ""transport_count"": 8, ""transport_minutes"": 195.20000000000005}}","{""arrive_hospital"": 95, ""arrive_scene"": 42, ""hospital_release"": 68, ""patient_arrival"": 49, ""reposition_complete"": 39, ""restock_complete"": 39, ""scene_complete"": 41, ""transfer_ready"": 73}",32.383811,16.616189,0.3391059023015564,96.87271197665106,12.285714285714283,33.44512195121951,203.34337715586852,42,0.8571428571428571,49,49,7
no-reposition,14,1014,"{""cardiac"": {""expected_lost"": 9.763437451325322, ""expected_saved"": 1.236562548674679, ""mean_response_minutes"": 26.23193273057801, ""mean_scene_minutes"": 12.0, ""mean_transport_minutes"": 38.0, ""p90_response_minutes"": 38.038082185504486, ""patients"": 11, ""response_count"": 9, ""response_minutes"": 236.0873945752021, ""scene_count"": 9, ""scene_minutes"": 108.0, ""transport_count"": 9, ""transport_minutes"": 342.0}, ""minor"": {""expected_lost"": 3.3591452760694245, ""expected_saved"": 8.640854723930575, ""mean_response_minutes"": 45.85762414386146, ""mean_scene_minutes"": 10.0, ""mean_transport_minutes"": 38.594999999999985, ""p90_response_minutes"": 66.53144920996576, ""patients"": 12, ""response_count"": 10, ""response_minutes"": 458.5762414386146, ""scene_count"": 10, ""scene_minutes"": 100.0, ""transport_count"": 10, ""transport_minutes"": 385.9499999999998}, ""stroke"": {""expected_lost"": 7.494139443621117, ""expected_saved"": 4.505860556378883, ""mean_response_minutes"": 30.824067313790987, ""mean_scene_minutes"": 14.0, ""mean_transport_minutes"": 25.939999999999998, ""p90_response_minutes"": 41.55879887605343, ""patients"": 12, ""response_count"": 10, ""response_minutes"": 308.2406731379099, ""scene_count"": 10, ""scene_minutes"": 140.0, ""transport_count"": 10, ""transport_minutes"": 259.4}, ""trauma"": {""expected_lost"": 11.440079773892682, ""expected_saved"": 1.5599202261073193, ""mean_response_minutes"": 37.32760621626684, ""mean_scene_minutes"": 16.0, ""mean_transport_minutes"": 26.633333333333315, ""p90_response_minutes"": 53.56550038147721, ""patients"": 13, ""response_count"": 12, ""response_minutes"": 447.931274595202, ""scene_count"": 12, ""scene_minutes"": 192.0, ""transport_count"": 12, ""transport_minutes"": 319.5999999999998}}","{""arrive_hospital"": 87, ""arrive_scene"": 41, ""hospital_release"": 62, ""patient_arrival"": 48, ""reposition_complete"": 38, ""restock_complete"": 38, ""scene_complete"": 41, ""transfer_ready"": 69}",32.056802,15.943198,0.3321499594810719,35.38623374992509,13.170731707317072,31.876829268292674,55.03759489468996,41,0.8541666666666666,48,48,7
no-reposition,15,1015,"{""cardiac"": {""expected_lost"": 11.680167853676458, ""expected_saved"": 1.3198321463235432, ""mean_response_minutes"": 28.738895490648382, ""mean_scene_minutes"": 12.0, ""mean_transport_minutes"": 36.1, ""p90_response_minutes"": 48.50442182292569, ""patients"": 13, ""response_count"": 10, ""response_minutes"": 287.38895490648383, ""scene_count"": 10, ""scene_minutes"": 120.0, ""transport_count"": 10, ""transport_minutes"": 361.0}, ""minor"": {""expected_lost"": 1.5081612175308923, ""expected_saved"": 10.491838782469108, ""mean_response_minutes"": 40.19966755177324, ""mean_scene_minutes"": 10.0, ""mean_transport_minutes"": 37.07083333333333, ""p90_response_minutes"": 58.8552272588614, ""patients"": 12, ""response_count"": 12, ""response_minutes"": 482.3960106212789, ""scene_count"": 12, ""scene_minutes"": 120.0, ""transport_count"": 12, ""transport_minutes"": 444.85}, ""stroke"": {""expected_lost"": 11.669754051355602, ""expected_saved"": 4.330245948644398, ""mean_response_minutes"": 81.96481854723092, ""mean_scene_minutes"": 14.0, ""mean_transport_minutes"": 26.21785714285713, ""p90_response_minutes"": 139.63729758539532, ""patients"": 16, ""response_count"": 14, ""response_minutes"": 1147.5074596612328, ""scene_count"": 14, ""scene_minutes"": 196.0, ""transport_count"": 14, ""transport_minutes"": 367.04999999999984}, ""trauma"": {""expected_lost"": 10.694215215532102, ""expected_saved"": 1.3057847844678974, ""mean_response_minutes"": 52.98858854222303, ""mean_scene_minutes"": 16.0, ""mean_transport_minutes"": 23.0, ""p90_response_minutes"": 91.67203770148147, ""patients"": 12, ""response_count"": 8, ""response_minutes"": 423.9087083377842, ""scene_count"": 8, ""scene_minutes"": 128.0, ""transport_count"": 8, ""transport_minutes"": 184.0}}","{""arrive_hospital"": 99, ""arrive_scene"": 44, ""hospital_release"": 74, ""patient_arrival"": 53, ""reposition_complete"": 41, ""restock_complete"": 41, ""scene_complete"": 44, ""transfer_ready"": 78}",35.552298,17.447702,0.32920191814914995,53.209116671063185,12.818181818181818,30.83863636363636,85.63099303251434,44,0.8301886792452831,53,53,9
no-reposition,16,1016,"{""cardiac"": {""expected_lost"": 16.664252384407103, ""expected_saved"": 0.3357476148810587, ""mean_response_minutes"": 128.63162584485815, ""mean_scene_minutes"": 11.200000000000005, ""mean_transport_minutes"": 35.78571428571429, ""p90_response_minutes"": 371.943771787532, ""patients"": 17, ""response_count"": 15, ""response_minutes"": 1929.4743876728724, ""scene_count"": 15, ""scene_minutes"": 168.00000000000006, ""transport_count"": 14, ""transport_minutes"": 501.0000000000001}, ""minor"": {""expected_lost"": 3.7549596613229643, ""expected_saved"": 13.245040338677036, ""mean_response_minutes"": 58.93456427212831, ""mean_scene_minutes"": 10.0, ""mean_transport_minutes"": 41.33125, ""p90_response_minutes"": 102.48516503071988, ""patients"": 17, ""response_count"": 17, ""response_minutes"": 1001.8875926261813, ""scene_count"": 17, ""scene_minutes"": 170.0, ""transport_count"": 16, ""transport_minutes"": 661.3}, ""stroke"": {""expected_lost"": 5.276622570334332, ""expected_saved"": 2.7233774296656676, ""mean_response_minutes"": 38.174226833349444, ""mean_scene_minutes"": 13.999999999999998, ""mean_transport_minutes"": 26.821428571428573, ""p90_response_minutes"": 59.36206313067122, ""patients"": 8, ""response_count"": 8, ""response_minutes"": 305.39381466679555, ""scene_count"": 8, ""scene_minutes"": 111.99999999999999, ""transport_count"": 7, ""transport_minutes"": 187.75}, ""trauma"": {""expected_lost"": 6.3031457294751165, ""expected_saved"": 0.6968542705248832, ""mean_response_minutes"": 52.63638389448841, ""mean_scene_minutes"": 16.0, ""mean_transport_minutes"": 23.678571428571427, ""p90_response_minutes"": 106.53137020664117, ""patients"": 7, ""response_count"": 7, ""response_minutes"": 368.4546872614189, ""scene_count"": 7, ""scene_minutes"": 112.0, ""transport_count"": 7, ""transport_minutes"": 165.75}}","{""arrive_hospital"": 106, ""arrive_mortuary"": 1, ""arrive_scene"": 47, ""hospital_release"": 73, ""patient_arrival"": 49, ""reposition_complete"": 44, ""restock_complete"": 44, ""scene_complete"": 46, ""transfer_ready"": 77}",31.99898,17.00102,0.3469595847703806,76.7066060048355,11.957446808510639,34.449999999999996,117.71217984462123,47,0.9591836734693877,49,49,2
no-reposition,17,1017,"{""cardiac"": {""expected_lost"": 9.563681947144714, ""expected_saved"": 0.43631805285528574, ""mean_response_minutes"": 72.5228561179629, ""mean_scene_minutes"": 12.0, ""mean_transport_minutes"": 40.31111111111111, ""p90_response_minutes"": 127.19932972839676, ""patients"": 10, ""response_count"": 10, ""response_minutes"": 725.228561179629, ""scene_count"": 10, ""scene_minutes"": 120.0, ""transport_count"": 9, ""transport_minutes"": 362.8}, ""minor"": {""expected_lost"": 2.5799996044402027, ""expected_saved"": 16.420000395559796, ""mean_response_minutes"": 39.16572074625608, ""mean_scene_minutes"": 10.0, ""mean_transport_minutes"": 41.281578947368416, ""p90_response_minutes"": 65.16080098697216, ""patients"": 19, ""response_count"": 19, ""response_minutes"": 744.1486941788655, ""scene_count"": 19, ""scene_minutes"": 190.0, ""transport_count"": 19, ""transport_minutes"": 784.3499999999999}, ""stroke"": {""expected_lost"": 3.7101206559282556, ""expected_saved"": 1.2898793440717449, ""mean_response_minutes"": 58.726094719538274, ""mean_scene_minutes"": 14.0, ""mean_transport_minutes"": 27.8, ""p90_response_minutes"": 88.59099250993654, ""patients"": 5, ""response_count"": 5, ""response_minutes"": 293.6304735976914, ""scene_count"": 5, ""scene_minutes"": 70.0, ""transport_count"": 5, ""transport_minutes"": 139.0}, ""trauma"": {""expected_lost"": 10.21713562878346, ""expected_saved"": 0.7828643712165401, ""mean_response_minutes"": 50.36306303472275, ""mean_scene_minutes"": 16.0, ""mean_transport_minutes"": 25.69999999999999, ""p90_response_minutes"": 89.07401817536648, ""patients"": 11, ""response_count"": 8, ""response_minutes"": 402.904504277782, ""scene_count"": 8, ""scene_minutes"": 128.0, ""transport_count"": 8, ""transport_minutes"": 205.5999999999999}}","{""arrive_hospital"": 102, ""arrive_scene"": 42, ""hospital_release"": 63, ""patient_arrival"": 45, ""reposition_complete"": 41, ""restock_complete"": 41, ""scene_complete"": 42, ""transfer_ready"": 74}",26.070938,18.929062,0.42064582586007493,51.569338886523056,12.095238095238095,36.384146341463406,97.00019257149683,42,0.9333333333333333,45,45,3
no-reposition,18,1018,"{""cardiac"": {""expected_lost"": 6.922477699151523, ""expected_saved"": 1.077522300848477, ""mean_response_minutes"": 38.29244033130776, ""mean_scene_minutes"": 12.000000000000002, ""mean_transport_minutes"": 41.006249999999994, ""p90_response_minutes"": 75.35178447679661, ""patients"": 8, ""response_count"": 8, ""response_minutes"": 306.3395226504621, ""scene_count"": 8, ""scene_minutes"": 96.00000000000001, ""transport_count"": 8, ""transport_minutes"": 328.04999999999995}, ""minor"": {""expected_lost"": 0.9835984273043317, ""expected_saved"": 6.016401572695668, ""mean_response_minutes"": 44.489016339982, ""mean_scene_minutes"": 10.0, ""mean_transport_minutes"": 43.87857142857138, ""p90_response_minutes"": 73.89667302074353, ""patients"": 7, ""response_count"": 7, ""response_minutes"": 311.423114379874, ""scene_count"": 7, ""scene_minutes"": 70.0, ""transport_count"": 7, ""transport_minutes"": 307.14999999999964}, ""stroke"": {""expected_lost"": 7.659503107812675, ""expected_saved"": 5.340496892187324, ""mean_response_minutes"": 37.21516975258705, ""mean_scene_minutes"": 14.0, ""mean_transport_minutes"": 28.015384615384626, ""p90_response_minutes"": 86.6576984908724, ""patients"": 13, ""response_count"": 13, ""response_minutes"": 483.7972067836317, ""scene_count"": 13, ""scene_minutes"": 182.0, ""transport_count"": 13, ""transport_minutes"": 364.20000000000016}, ""trauma"": {""expected_lost"": 10.528693832138794, ""expected_saved"": 1.471306167861206, ""mean_response_minutes"": 77.65010707574122, ""mean_scene_minutes"": 16.0, ""mean_transport_minutes"": 25.55454545454545, ""p90_response_minutes"": 228.8932722859664, ""patients"": 12, ""response_count"": 12, ""response_minutes"": 931.8012849088947, ""scene_count"": 12, ""scene_minutes"": 192.0, ""transport_count"": 11, ""transport_minutes"": 281.09999999999997}}","{""arrive_hospital"": 82, ""arrive_scene"": 40, ""hospital_release"": 58, ""patient_arrival"": 40, ""reposition_complete"": 38, ""restock_complete"": 38, ""scene_complete"": 40, ""transfer_ready"": 66}",26.094273,13.905727,0.347643173339817,50.83402821807156,13.5,32.83333333333332,114.43763522518232,40,1.0,40,40,0
no-reposition,19,1019,"{""cardiac"": {""expected_lost"": 11.007911102693646, ""expected_saved"": 0.9920888973063523, ""mean_response_minutes"": 63.11600258375163, ""mean_scene_minutes"": 12.0, ""mean_transport_minutes"": 40.49999999999999, ""p90_response_minutes"": 170.10864859428057, ""patients"": 12, ""response_count"": 11, ""response_minutes"": 694.2760284212679, ""scene_count"": 11, ""scene_minutes"": 132.0, ""transport_count"": 11, ""transport_minutes"": 445.4999999999999}, ""minor"": {""expected_lost"": 0.9242730547811412, ""expected_saved"": 8.07572694521886, ""mean_response_minutes"": 34.28878291513561, ""mean_scene_minutes"": 10.0, ""mean_transport_minutes"": 38.37222222222223, ""p90_response_minutes"": 59.49400888478044, ""patients"": 9, ""response_count"": 9, ""response_minutes"": 308.5990462362205, ""scene_count"": 9, ""scene_minutes"": 90.0, ""transport_count"": 9, ""transport_minutes"": 345.35}, ""stroke"": {""expected_lost"": 6.906526814327186, ""expected_saved"": 4.093473185672815, ""mean_response_minutes"": 48.32213344401994, ""mean_scene_minutes"": 13.999999999999995, ""mean_transport_minutes"": 26.136363636363626, ""p90_response_minutes"": 71.39511677679593, ""patients"": 11, ""response_count"": 11, ""response_minutes"": 531.5434678842194, ""scene_count"": 11, ""scene_minutes"": 153.99999999999994, ""transport_count"": 11, ""transport_minutes"": 287.4999999999999}, ""trauma"": {""expected_lost"": 10.808033815453575, ""expected_saved"": 1.191966184546423, ""mean_response_minutes"": 68.29417203921284, ""mean_scene_minutes"": 15.999999999999998, ""mean_transport_minutes"": 25.495833333333337, ""p90_response_minutes"": 111.00756279858018, ""patients"": 12, ""response_count"": 12, ""response_minutes"": 819.5300644705541, ""scene_count"": 12, ""scene_minutes"": 191.99999999999997, ""transport_count"": 12, ""transport_minutes"": 305.95000000000005}}","{""arrive_hospital"": 93, ""arrive_scene"": 43, ""hospital_release"": 67, ""patient_arrival"": 44, ""reposition_complete"": 42, ""restock_complete"": 42, ""scene_complete"": 43, ""transfer_ready"": 74}",29.646745,14.353255,0.32621034574419217,54.74299086075026,13.209302325581392,32.193023255813955,108.80775896767814,43,0.9772727272727273,44,44,1
no-reposition,20,1020,"{""cardiac"": {""expected_lost"": 11.211999450120981, ""expected_saved"": 0.7880005498790199, ""mean_response_minutes"": 66.11530391794791, ""mean_scene_minutes"": 12.0, ""mean_transport_minutes"": 38.29999999999999, ""p90_response_minutes"": 146.5917871205793, ""patients"": 12, ""response_count"": 12, ""response_minutes"": 793.3836470153749, ""scene_count"": 12, ""scene_minutes"": 144.0, ""transport_count"": 12, ""transport_minutes"": 459.5999999999999}, ""minor"": {""expected_lost"": 3.3196925320728567, ""expected_saved"": 10.680307467927141, ""mean_response_minutes"": 45.861427048392116, ""mean_scene_minutes"": 10.0, ""mean_transport_minutes"": 39.524999999999984, ""p90_response_minutes"": 64.02576581681046, ""patients"": 14, ""response_count"": 13, ""response_minutes"": 596.1985516290976, ""scene_count"": 13, ""scene_minutes"": 130.0, ""transport_count"": 12, ""transport_minutes"": 474.29999999999984}, ""stroke"": {""expected_lost"": 9.330715772773402, ""expected_saved"": 3.6692842272265973, ""mean_response_minutes"": 35.37200533826319, ""mean_scene_minutes"": 12.727272727272727, ""mean_transport_minutes"": 26.72, ""p90_response_minutes"": 49.449358355545996, ""patients"": 13, ""response_count"": 11, ""response_minutes"": 389.0920587208951, ""scene_count"": 11, ""scene_minutes"": 140.0, ""transport_count"": 10, ""transport_minutes"": 267.2}, ""trauma"": {""expected_lost"": 8.10605008087403, ""expected_saved"": 0.8939499191259682, ""mean_response_minutes"": 41.50630812621954, ""mean_scene_minutes"": 15.999999999999996, ""mean_transport_minutes"": 31.487500000000004, ""p90_response_minutes"": 57.6465081546182, ""patients"": 9, ""response_count"": 9, ""response_minutes"": 373.55677313597585, ""scene_count"": 9, ""scene_minutes"": 143.99999999999997, ""transport_count"": 8, ""transport_minutes"": 251.90000000000003}}","{""arrive_hospital"": 100, ""arrive_scene"": 45, ""hospital_release"": 69, ""patient_arrival"": 48, ""reposition_complete"": 42, ""restock_complete"": 42, ""scene_complete"": 44, ""transfer_ready"": 76}",31.968458,16.031542,0.3339904617533069,47.82735623336317,12.4,34.59523809523809,68.00300739902,45,0.9375,48,48,3
no-reposition,21,1021,"{""cardiac"": {""expected_lost"": 15.369478172695317, ""expected_saved"": 0.6305218265793799, ""mean_response_minutes"": 131.64588659699032, ""mean_scene_minutes"": 12.0, ""mean_transport_minutes"": 38.75333333333333, ""p90_response_minutes"": 298.53852412578186, ""patients"": 16, ""response_count"": 15, ""response_minutes"": 1974.6882989548546, ""scene_count"": 15, ""scene_minutes"": 180.0, ""transport_count"": 15, ""transport_minutes"": 581.3}, ""minor"": {""expected_lost"": 3.668954803838678, ""expected_saved"": 9.331045196161321, ""mean_response_minutes"": 45.02200455739364, ""mean_scene_minutes"": 9.99999999999999, ""mean_transport_minutes"": 39.84545454545452, ""p90_response_minutes"": 68.91160871049601, ""patients"": 13, ""response_count"": 11, ""response_minutes"": 495.2420501313301, ""scene_count"": 11, ""scene_minutes"": 109.99999999999989, ""transport_count"": 11, ""transport_minutes"": 438.2999999999997}, ""stroke"": {""expected_lost"": 12.115556873020283, ""expected_saved"": 2.8844431269797166, ""mean_response_minutes"": 74.25137176350873, ""mean_scene_minutes"": 14.0, ""mean_transport_minutes"": 26.454545454545453, ""p90_response_minutes"": 163.0647792061244, ""patients"": 15, ""response_count"": 11, ""response_minutes"": 816.765089398596, ""scene_count"": 11, ""scene_minutes"": 154.0, ""transport_count"": 11, ""transport_minutes"": 291.0}, ""trauma"": {""expected_lost"": 14.241008933703549, ""expected_saved"": 0.7589910662964504, ""mean_response_minutes"": 83.9282121112779, ""mean_scene_minutes"": 14.545454545454534, ""mean_transport_minutes"": 24.795000000000005, ""p90_response_minutes"": 229.38174811477265, ""patients"": 15, ""response_count"": 11, ""response_minutes"": 923.2103332240569, ""scene_count"": 11, ""scene_minutes"": 159.9999999999999, ""transport_count"": 10, ""transport_minutes"": 247.95000000000005}}","{""arrive_hospital"": 107, ""arrive_scene"": 48, ""hospital_release"": 73, ""patient_arrival"": 59, ""reposition_complete"": 46, ""restock_complete"": 46, ""scene_complete"": 47, ""transfer_ready"": 82}",45.394999,13.605001,0.2305932409494386,87.7063702439341,12.583333333333329,33.16063829787233,234.51723600856508,48,0.8135593220338984,59,59,11
no-reposition,22,1022,"{""cardiac"": {""expected_lost"": 17.559220014863445, ""expected_saved"": 0.44077998513655237, ""mean_response_minutes"": 58.819290530601556, ""mean_scene_minutes"": 12.000000000000004, ""mean_transport_minutes"": 36.625, ""p90_response_minutes"": 124.26962586679176, ""patients"": 18, ""response_count"": 9, ""response_minutes"": 529.373614775414, ""scene_count"": 9, ""scene_minutes"": 108.00000000000003, ""transport_count"": 8, ""transport_minutes"": 293.0}, ""minor"": {""expected_lost"": 4.070793726829734, ""expected_saved"": 17.92920627317027, ""mean_response_minutes"": 53.93750819256554, ""mean_scene_minutes"": 10.0, ""mean_transport_minutes"": 40.21136363636362, ""p90_response_minutes"": 79.69876083301425, ""patients"": 22, ""response_count"": 22, ""response_minutes"": 1186.6251802364418, ""scene_count"": 22, ""scene_minutes"": 220.0, ""transport_count"": 22, ""transport_minutes"": 884.6499999999996}, ""stroke"": {""expected_lost"": 8.847058335685556, ""expected_saved"": 2.152941664314443, ""mean_response_minutes"": 86.38441656595192, ""mean_scene_minutes"": 14.0, ""mean_transport_minutes"": 29.883333333333333, ""p90_response_minutes"": 160.34757523286598, ""patients"": 11, ""response_count"": 9, ""response_minutes"": 777.4597490935673, ""scene_count"": 9, ""scene_minutes"": 126.0, ""transport_count"": 9, ""transport_minutes"": 268.95}, ""trauma"": {""expected_lost"": 9.69608908628578, ""expected_saved"": 0.30391091371422, ""mean_response_minutes"": 81.06632977824185, ""mean_scene_minutes"": 16.000000000000018, ""mean_transport_minutes"": 33.433333333333316, ""p90_response_minutes"": 139.31424186048088, ""patients"": 10, ""response_count"": 6, ""response_minutes"": 486.3979786694511, ""scene_count"": 6, ""scene_minutes"": 96.00000000000011, ""transport_count"": 6, ""transport_minutes"": 200.5999999999999}}","{""arrive_hospital"": 112, ""arrive_scene"": 46, ""hospital_release"": 72, ""patient_arrival"": 61, ""reposition_complete"": 44, ""restock_complete"": 44, ""scene_complete"": 46, ""transfer_ready"": 83}",40.173161,20.826839,0.3414235874809094,64.77948962554073,11.956521739130437,36.60444444444443,134.81183501981647,46,0.7540983606557377,61,61,15
no-reposition,23,1023,"{""cardiac"": {""expected_lost"": 4.630660066894278, ""expected_saved"": 0.3693399331057221, ""mean_response_minutes"": 42.37906474829326, ""mean_scene_minutes"": 12.0, ""mean_transport_minutes"": 43.83999999999992, ""p90_response_minutes"": 66.08738902134334, ""patients"": 5, ""response_count"": 5, ""response_minutes"": 211.8953237414663, ""scene_count"": 5, ""scene_minutes"": 60.0, ""transport_count"": 5, ""transport_minutes"": 219.1999999999996}, ""minor"": {""expected_lost"": 1.8078627444784992, ""expected_saved"": 11.192137255521502, ""mean_response_minutes"": 46.71104409228232, ""mean_scene_minutes"": 10.0, ""mean_transport_minutes"": 38.26923076923077, ""p90_response_minutes"": 59.93951367605752, ""patients"": 13, ""response_count"": 13, ""response_minutes"": 607.2435731996702, ""scene_count"": 13, ""scene_minutes"": 130.0, ""transport_count"": 13, ""transport_minutes"": 497.5}, ""stroke"": {""expected_lost"": 4.263716223868232, ""expected_saved"": 3.736283776131768, ""mean_response_minutes"": 29.858429434683266, ""mean_scene_minutes"": 14.0, ""mean_transport_minutes"": 25.30000000000001, ""p90_response_minutes"": 50.009971889227586, ""patients"": 8, ""response_count"": 8, ""response_minutes"": 238.86743547746613, ""scene_count"": 8, ""scene_minutes"": 112.0, ""transport_count"": 8, ""transport_minutes"": 202.4000000000001}, ""trauma"": {""expected_lost"": 9.513318656552734, ""expected_saved"": 1.486681343447266, ""mean_response_minutes"": 44.62907485081822, ""mean_scene_minutes"": 16.00000000000001, ""mean_transport_minutes"": 27.531818181818196, ""p90_response_minutes"": 78.04734163234673, ""patients"": 11, ""response_count"": 11, ""response_minutes"": 490.9198233590004, ""scene_count"": 11, ""scene_minutes"": 176.0000000000001, ""transport_count"": 11, ""transport_minutes"": 302.85000000000014}}","{""arrive_hospital"": 81, ""arrive_scene"": 37, ""hospital_release"": 61, ""patient_arrival"": 37, ""reposition_complete"": 36, ""restock_complete"": 36, ""scene_complete"": 37, ""transfer_ready"": 63}",20.215558,16.784442,0.45363357589746656,41.86286907507035,12.918918918918923,33.02567567567567,70.57327997952066,37,1.0,37,37,0
no-reposition,24,1024,"{""cardiac"": {""expected_lost"": 7.431528832276544, ""expected_saved"": 0.5684711677234556, ""mean_response_minutes"": 41.57058361378656, ""mean_scene_minutes"": 12.0, ""mean_transport_minutes"": 35.666666666666664, ""p90_response_minutes"": 72.66269906403642, ""patients"": 8, ""response_count"": 6, ""response_minutes"": 249.42350168271935, ""scene_count"": 6, ""scene_minutes"": 72.0, ""transport_count"": 6, ""transport_minutes"": 214.0}, ""minor"": {""expected_lost"": 3.765409589523647, ""expected_saved"": 10.234590410476354, ""mean_response_minutes"": 29.491775622597583, ""mean_scene_minutes"": 9.166666666666666, ""mean_transport_minutes"": 41.32727272727273, ""p90_response_minutes"": 56.67436945637095, ""patients"": 14, ""response_count"": 12, ""response_minutes"": 353.901307471171, ""scene_count"": 12, ""scene_minutes"": 110.0, ""transport_count"": 11, ""transport_minutes"": 454.6}, ""stroke"": {""expected_lost"": 6.504819102958558, ""expected_saved"": 3.495180897041442, ""mean_response_minutes"": 63.141081980967215, ""mean_scene_minutes"": 14.0, ""mean_transport_minutes"": 27.939999999999987, ""p90_response_minutes"": 116.16730048280124, ""patients"": 10, ""response_count"": 10, ""response_minutes"": 631.4108198096721, ""scene_count"": 10, ""scene_minutes"": 140.0, ""transport_count"": 10, ""transport_minutes"": 279.39999999999986}, ""trauma"": {""expected_lost"": 12.76905956837521, ""expected_saved"": 1.2309404316247894, ""mean_response_minutes"": 69.75142804820713, ""mean_scene_minutes"": 15.99999999999999, ""mean_transport_minutes"": 25.727272727272727, ""p90_response_minutes"": 154.08529699246674, ""patients"": 14, ""response_count"": 11, ""response_minutes"": 767.2657085302784, ""scene_count"": 11, ""scene_minutes"": 175.9999999999999, ""transport_count"": 11, ""transport_minutes"": 283.0}}","{""arrive_hospital"": 81, ""arrive_scene"": 39, ""hospital_release"": 57, ""patient_arrival"": 46, ""reposition_complete"": 36, ""restock_complete"": 36, ""scene_complete"": 38, ""transfer_ready"": 64}",30.470817,15.529183,0.3375909327579575,51.333367628047206,12.769230769230766,32.39473684210526,108.6981776559447,39,0.8478260869565217,46,46,7
no-reposition,25,1025,"{""cardiac"": {""expected_lost"": 7.980782821351616, ""expected_saved"": 0.019217178648383466, ""mean_response_minutes"": 112.04976080725848, ""mean_scene_minutes"": 12.0, ""mean_transport_minutes"": 42.2, ""p90_response_minutes"": 142.42272134975758, ""patients"": 8, ""response_count"": 5, ""response_minutes"": 560.2488040362924, ""scene_count"": 5, ""scene_minutes"": 60.0, ""transport_count"": 5, ""transport_minutes"": 211.0}, ""minor"": {""expected_lost"": 6.228679599552532, ""expected_saved"": 18.77132040044747, ""mean_response_minutes"": 59.46446187440164, ""mean_scene_minutes"": 10.0, ""mean_transport_minutes"": 37.70416666666666, ""p90_response_minutes"": 92.2344857298819, ""patients"": 25, ""response_count"": 24, ""response_minutes"": 1427.1470849856394, ""scene_count"": 24, ""scene_minutes"": 240.0, ""transport_count"": 24, ""transport_minutes"": 904.8999999999999}, ""stroke"": {""expected_lost"": 8.09327208307797, ""expected_saved"": 1.9067279169220301, ""mean_response_minutes"": 93.11365724769162, ""mean_scene_minutes"": 12.444444444444445, ""mean_transport_minutes"": 25.46250000000002, ""p90_response_minutes"": 164.43113080654487, ""patients"": 10, ""response_count"": 9, ""response_minutes"": 838.0229152292246, ""scene_count"": 9, ""scene_minutes"": 112.0, ""transport_count"": 8, ""transport_minutes"": 203.70000000000016}, ""trauma"": {""expected_lost"": 11.223704487770036, ""expected_saved"": 0.7762955122299646, ""mean_response_minutes"": 124.36317109858703, ""mean_scene_minutes"": 16.0, ""mean_transport_minutes"": 25.24444444444445, ""p90_response_minutes"": 391.69650353410253, ""patients"": 12, ""response_count"": 10, ""response_minutes"": 1243.6317109858703, ""scene_count"": 10, ""scene_minutes"": 160.0, ""transport_count"": 9, ""transport_minutes"": 227.20000000000005}}","{""arrive_hospital"": 110, ""arrive_scene"": 48, ""hospital_release"": 73, ""patient_arrival"": 55, ""reposition_complete"": 45, ""restock_complete"": 45, ""scene_complete"": 47, ""transfer_ready"": 81}",33.526439,21.473561,0.39042838196814245,84.77188573410474,11.916666666666666,33.62608695652174,140.95592998659498,48,0.8727272727272727,55,55,7
no-reposition,26,1026,"{""cardiac"": {""expected_lost"": 15.802016367412785, ""expected_saved"": 1.1979836325872144, ""mean_response_minutes"": 62.07091506079454, ""mean_scene_minutes"": 12.0, ""mean_transport_minutes"": 39.513333333333335, ""p90_response_minutes"": 129.82554354808408, ""patients"": 17, ""response_count"": 15, ""response_minutes"": 931.0637259119181, ""scene_count"": 15, ""scene_minutes"": 180.0, ""transport_count"": 15, ""transport_minutes"": 592.7}, ""minor"": {""expected_lost"": 1.9916254469375085, ""expected_saved"": 4.008374553062492, ""mean_response_minutes"": 32.72706662497456, ""mean_scene_minutes"": 10.0, ""mean_transport_minutes"": 41.64999999999999, ""p90_response_minutes"": 40.78041337231873, ""patients"": 6, ""response_count"": 5, ""response_minutes"": 163.6353331248728, ""scene_count"": 5, ""scene_minutes"": 50.0, ""transport_count"": 4, ""transport_minutes"": 166.59999999999997}, ""stroke"": {""expected_lost"": 7.272414714412876, ""expected_saved"": 3.727585285587124, ""mean_response_minutes"": 40.548275259229584, ""mean_scene_minutes"": 13.99999999999999, ""mean_transport_minutes"": 27.4409090909091, ""p90_response_minutes"": 46.7799457533647, ""patients"": 11, ""response_count"": 11, ""response_minutes"": 446.03102785152544, ""scene_count"": 11, ""scene_minutes"": 153.9999999999999, ""transport_count"": 11, ""transport_minutes"": 301.8500000000001}, ""trauma"": {""expected_lost"": 13.599444178911623, ""expected_saved"": 1.4005558210883766, ""mean_response_minutes"": 63.416816119097675, ""mean_scene_minutes"": 16.0, ""mean_transport_minutes"": 28.138461538461534, ""p90_response_minutes"": 117.95948911287132, ""patients"": 15, ""response_count"": 15, ""response_minutes"": 951.2522417864651, ""scene_count"": 15, ""scene_minutes"": 240.0, ""transport_count"": 13, ""transport_minutes"": 365.79999999999995}}","{""arrive_hospital"": 92, ""arrive_scene"": 46, ""hospital_release"": 66, ""patient_arrival"": 49, ""reposition_complete"": 43, ""restock_complete"": 43, ""scene_complete"": 46, ""transfer_ready"": 73}",38.665501,10.334499,0.21090814882296322,54.17352888423438,13.565217391304346,33.18488372093023,112.84096475129525,46,0.9387755102040817,49,49,3
no-reposition,27,1027,"{""cardiac"": {""expected_lost"": 10.200548431263549, ""expected_saved"": 0.7994515687364512, ""mean_response_minutes"": 52.74514201311657, ""mean_scene_minutes"": 12.0, ""mean_transport_minutes"": 39.09999999999998, ""p90_response_minutes"": 113.37946570323983, ""patients"": 11, ""response_count"": 10, ""response_minutes"": 527.4514201311657, ""scene_count"": 10, ""scene_minutes"": 120.0, ""transport_count"": 10, ""transport_minutes"": 390.9999999999998}, ""minor"": {""expected_lost"": 1.108781856598615, ""expected_saved"": 5.891218143401385, ""mean_response_minutes"": 47.54948620036833, ""mean_scene_minutes"": 10.000000000000002, ""mean_transport_minutes"": 41.05714285714286, ""p90_response_minutes"": 96.33011013159106, ""patients"": 7, ""response_count"": 7, ""response_minutes"": 332.8464034025783, ""scene_count"": 7, ""scene_minutes"": 70.00000000000001, ""transport_count"": 7, ""transport_minutes"": 287.4}, ""stroke"": {""expected_lost"": 5.938330470166914, ""expected_saved"": 4.061669529833086, ""mean_response_minutes"": 37.65013965654821, ""mean_scene_minutes"": 14.0, ""mean_transport_minutes"": 25.75, ""p90_response_minutes"": 82.21599402166463, ""patients"": 10, ""response_count"": 10, ""response_minutes"": 376.50139656548214, ""scene_count"": 10, ""scene_minutes"": 140.0, ""transport_count"": 10, ""transport_minutes"": 257.5}, ""trauma"": {""expected_lost"": 10.066749999478496, ""expected_saved"": 1.9332500005215056, ""mean_response_minutes"": 32.72474518382602, ""mean_scene_minutes"": 16.00000000000001, ""mean_transport_minutes"": 26.049999999999994, ""p90_response_minutes"": 56.32935980054054, ""patients"": 12, ""response_count"": 12, ""response_minutes"": 392.69694220591225, ""scene_count"": 12, ""scene_minutes"": 192.0000000000001, ""transport_count"": 12, ""transport_minutes"": 312.5999999999999}}","{""arrive_hospital"": 83, ""arrive_scene"": 39, ""hospital_release"": 60, ""patient_arrival"": 40, ""reposition_complete"": 39, ""restock_complete"": 39, ""scene_complete"": 39, ""transfer_ready"": 66}",27.314411,12.685589,0.31713973106231064,41.781952879618935,13.384615384615387,32.012820512820504,91.19902014693368,39,0.975,40,40,1
no-reposition,28,1028,"{""cardiac"": {""expected_lost"": 20.892822426267408, ""expected_saved"": 1.1071775737325922, ""mean_response_minutes"": 49.98218401419937, ""mean_scene_minutes"": 12.0, ""mean_transport_minutes"": 39.204166666666666, ""p90_response_minutes"": 110.69371870871895, ""patients"": 22, ""response_count"": 12, ""response_minutes"": 599.7862081703925, ""scene_count"": 12, ""scene_minutes"": 144.0, ""transport_count"": 12, ""transport_minutes"": 470.45}, ""minor"": {""expected_lost"": 2.9856179419235835, ""expected_saved"": 13.014382058076416, ""mean_response_minutes"": 53.75047528015892, ""mean_scene_minutes"": 9.999999999999993, ""mean_transport_minutes"": 40.83124999999998, ""p90_response_minutes"": 89.62961909248622, ""patients"": 16, ""response_count"": 16, ""response_minutes"": 860.0076044825428, ""scene_count"": 16, ""scene_minutes"": 159.9999999999999, ""transport_count"": 16, ""transport_minutes"": 653.2999999999997}, ""stroke"": {""expected_lost"": 7.399410390412639, ""expected_saved"": 1.6005896095873609, ""mean_response_minutes"": 78.17102869141206, ""mean_scene_minutes"": 14.0, ""mean_transport_minutes"": 27.0, ""p90_response_minutes"": 179.61477417962453, ""patients"": 9, ""response_count"": 6, ""response_minutes"": 469.02617214847237, ""scene_count"": 6, ""scene_minutes"": 84.0, ""transport_count"": 5, ""transport_minutes"": 135.0}, ""trauma"": {""expected_lost"": 11.076151491916178, ""expected_saved"": 0.9238485080838219, ""mean_response_minutes"": 68.5052533579844, ""mean_scene_minutes"": 14.4, ""mean_transport_minutes"": 25.000000000000014, ""p90_response_minutes"": 148.94469202364473, ""patients"": 12, ""response_count"": 10, ""response_minutes"": 685.052533579844, ""scene_count"": 10, ""scene_minutes"": 144.0, ""transport_count"": 9, ""transport_minutes"": 225.0000000000001}}","{""arrive_hospital"": 101, ""arrive_scene"": 44, ""hospital_release"": 70, ""patient_arrival"": 59, ""reposition_complete"": 41, ""restock_complete"": 41, ""scene_complete"": 43, ""transfer_ready"": 74}",42.354002,16.645998,0.2821355550759355,59.40619359957389,12.090909090909088,35.32738095238095,118.45577306519233,44,0.7457627118644068,59,59,15
no-reposition,29,1029,"{""cardiac"": {""expected_lost"": 8.374151389673855, ""expected_saved"": 0.6258486103261441, ""mean_response_minutes"": 42.05777419479318, ""mean_scene_minutes"": 12.0, ""mean_transport_minutes"": 40.96666666666663, ""p90_response_minutes"": 84.15978000043924, ""patients"": 9, ""response_count"": 6, ""response_minutes"": 252.3466451687591, ""scene_count"": 6, ""scene_minutes"": 72.0, ""transport_count"": 6, ""transport_minutes"": 245.7999999999998}, ""minor"": {""expected_lost"": 2.6767580250457823, ""expected_saved"": 10.323241974954218, ""mean_response_minutes"": 48.72744419049271, ""mean_scene_minutes"": 10.0, ""mean_transport_minutes"": 40.76666666666665, ""p90_response_minutes"": 68.9191638816954, ""patients"": 13, ""response_count"": 13, ""response_minutes"": 633.4567744764053, ""scene_count"": 13, ""scene_minutes"": 130.0, ""transport_count"": 12, ""transport_minutes"": 489.1999999999998}, ""stroke"": {""expected_lost"": 11.495396663630508, ""expected_saved"": 5.504603336369492, ""mean_response_minutes"": 40.88226690358335, ""mean_scene_minutes"": 13.066666666666666, ""mean_transport_minutes"": 25.039285714285718, ""p90_response_minutes"": 85.38436516511791, ""patients"": 17, ""response_count"": 15, ""response_minutes"": 613.2340035537502, ""scene_count"": 15, ""scene_minutes"": 196.0, ""transport_count"": 14, ""transport_minutes"": 350.55000000000007}, ""trauma"": {""expected_lost"": 9.034156093399929, ""expected_saved"": 0.9658439066000709, ""mean_response_minutes"": 38.70532439641712, ""mean_scene_minutes"": 16.0, ""mean_transport_minutes"": 26.791666666666668, ""p90_response_minutes"": 69.05572698111405, ""patients"": 10, ""response_count"": 6, ""response_minutes"": 232.2319463785027, ""scene_count"": 6, ""scene_minutes"": 96.0, ""transport_count"": 6, ""transport_minutes"": 160.75}}","{""arrive_hospital"": 88, ""arrive_scene"": 40, ""hospital_release"": 62, ""patient_arrival"": 49, ""reposition_complete"": 38, ""restock_complete"": 38, ""scene_complete"": 39, ""transfer_ready"": 70}",31.580462,17.419538,0.35550077200510066,43.28173423943543,12.35,32.797368421052624,82.83900630463185,40,0.8163265306122449,49,49,9
no-reposition,30,1030,"{""cardiac"": {""expected_lost"": 9.272743362394833, ""expected_saved"": 0.7272566376051677, ""mean_response_minutes"": 32.879453078002484, ""mean_scene_minutes"": 12.0, ""mean_transport_minutes"": 37.94285714285713, ""p90_response_minutes"": 50.28064690615634, ""patients"": 10, ""response_count"": 7, ""response_minutes"": 230.1561715460174, ""scene_count"": 7, ""scene_minutes"": 84.0, ""transport_count"": 7, ""transport_minutes"": 265.5999999999999}, ""minor"": {""expected_lost"": 2.000371127880859, ""expected_saved"": 8.99962887211914, ""mean_response_minutes"": 43.7939058047839, ""mean_scene_minutes"": 10.0, ""mean_transport_minutes"": 40.468181818181804, ""p90_response_minutes"": 94.35739744071213, ""patients"": 11, ""response_count"": 11, ""response_minutes"": 481.7329638526229, ""scene_count"": 11, ""scene_minutes"": 110.0, ""transport_count"": 11, ""transport_minutes"": 445.14999999999986}, ""stroke"": {""expected_lost"": 10.810215709411523, ""expected_saved"": 4.1897842905884755, ""mean_response_minutes"": 95.34846410312778, ""mean_scene_minutes"": 13.999999999999996, ""mean_transport_minutes"": 26.623333333333335, ""p90_response_minutes"": 250.3973180914437, ""patients"": 15, ""response_count"": 15, ""response_minutes"": 1430.2269615469168, ""scene_count"": 15, ""scene_minutes"": 209.99999999999994, ""transport_count"": 15, ""transport_minutes"": 399.35}, ""trauma"": {""expected_lost"": 11.463569505576112, ""expected_saved"": 1.5364304944238865, ""mean_response_minutes"": 72.39732188499589, ""mean_scene_minutes"": 16.0, ""mean_transport_minutes"": 25.5, ""p90_response_minutes"": 89.80864270117907, ""patients"": 13, ""response_count"": 12, ""response_minutes"": 868.7678626199506, ""scene_count"": 12, ""scene_minutes"": 192.0, ""transport_count"": 12, ""transport_minutes"": 306.0}}","{""arrive_hospital"": 93, ""arrive_scene"": 45, ""hospital_release"": 67, ""patient_arrival"": 49, ""reposition_complete"": 43, ""restock_complete"": 43, ""scene_complete"": 45, ""transfer_ready"": 76}",33.5469,15.4531,0.3153693937701363,66.90853243478907,13.244444444444444,31.46888888888888,97.18605051722464,45,0.9183673469387755,49,49,4
no-reposition,31,1031,"{""cardiac"": {""expected_lost"": 6.682100347788187, ""expected_saved"": 0.3178996522118134, ""mean_response_minutes"": 61.61260654282259, ""mean_scene_minutes"": 12.0, ""mean_transport_minutes"": 44.35833333333335, ""p90_response_minutes"": 108.573417116901, ""patients"": 7, ""response_count"": 6, ""response_minutes"": 369.67563925693554, ""scene_count"": 6, ""scene_minutes"": 72.0, ""transport_count"": 6, ""transport_minutes"": 266.1500000000001}, ""minor"": {""expected_lost"": 1.9395342885286895, ""expected_saved"": 9.06046571147131, ""mean_response_minutes"": 35.99309145679037, ""mean_scene_minutes"": 9.090909090909081, ""mean_transport_minutes"": 40.489999999999995, ""p90_response_minutes"": 62.8243529819722, ""patients"": 11, ""response_count"": 11, ""response_minutes"": 395.92400602469405, ""scene_count"": 11, ""scene_minutes"": 99.99999999999989, ""transport_count"": 10, ""transport_minutes"": 404.9}, ""stroke"": {""expected_lost"": 5.048211792871901, ""expected_saved"": 3.9517882071281, ""mean_response_minutes"": 34.20301273573509, ""mean_scene_minutes"": 14.0, ""mean_transport_minutes"": 25.36111111111111, ""p90_response_minutes"": 56.766165694147624, ""patients"": 9, ""response_count"": 9, ""response_minutes"": 307.82711462161586, ""scene_count"": 9, ""scene_minutes"": 126.0, ""transport_count"": 9, ""transport_minutes"": 228.25}, ""trauma"": {""expected_lost"": 10.370108964826768, ""expected_saved"": 1.6298910351732312, ""mean_response_minutes"": 66.5365653402914, ""mean_scene_minutes"": 16.0, ""mean_transport_minutes"": 28.779999999999994, ""p90_response_minutes"": 124.93972417412579, ""patients"": 12, ""response_count"": 11, ""response_minutes"": 731.9022187432054, ""scene_count"": 11, ""scene_minutes"": 176.0, ""transport_count"": 10, ""transport_minutes"": 287.79999999999995}}","{""arrive_hospital"": 76, ""arrive_scene"": 37, ""hospital_release"": 57, ""patient_arrival"": 39, ""reposition_complete"": 35, ""restock_complete"": 35, ""scene_complete"": 36, ""transfer_ready"": 60}",24.039955,14.960045,0.3835908873329347,48.79267509855273,12.810810810810807,33.917142857142856,78.97240480110523,37,0.9487179487179487,39,39,2
no-reposition,32,1032,"{""cardiac"": {""expected_lost"": 6.787365277040278, ""expected_saved"": 0.21263472207750497, ""mean_response_minutes"": 121.06169837274342, ""mean_scene_minutes"": 12.0, ""mean_transport_minutes"": 35.4, ""p90_response_minutes"": 253.47786244156288, ""patients"": 7, ""response_count"": 5, ""response_minutes"": 605.3084918637171, ""scene_count"": 5, ""scene_minutes"": 60.0, ""transport_count"": 5, ""transport_minutes"": 177.0}, ""minor"": {""expected_lost"": 2.3880976599110624, ""expected_saved"": 10.611902340088939, ""mean_response_minutes"": 53.15817911217188, ""mean_scene_minutes"": 10.0, ""mean_transport_minutes"": 41.81538461538462, ""p90_response_minutes"": 81.68537438511628, ""patients"": 13, ""response_count"": 13, ""response_minutes"": 691.0563284582345, ""scene_count"": 13, ""scene_minutes"": 130.0, ""transport_count"": 13, ""transport_minutes"": 543.6000000000001}, ""stroke"": {""expected_lost"": 6.54199906556698, ""expected_saved"": 3.458000934433021, ""mean_response_minutes"": 58.58131789369887, ""mean_scene_minutes"": 14.0, ""mean_transport_minutes"": 25.988888888888894, ""p90_response_minutes"": 123.15965986296231, ""patients"": 10, ""response_count"": 9, ""response_minutes"": 527.2318610432899, ""scene_count"": 9, ""scene_minutes"": 126.0, ""transport_count"": 9, ""transport_minutes"": 233.90000000000006}, ""trauma"": {""expected_lost"": 14.010710628417076, ""expected_saved"": 1.9892893715829227, ""mean_response_minutes"": 106.4141784923384, ""mean_scene_minutes"": 16.0, ""mean_transport_minutes"": 24.080000000000002, ""p90_response_minutes"": 192.57841391896397, ""patients"": 16, ""response_count"": 16, ""response_minutes"": 1702.6268558774143, ""scene_count"": 16, ""scene_minutes"": 256.0, ""transport_count"": 15, ""transport_minutes"": 361.20000000000005}}","{""arrive_hospital"": 86, ""arrive_scene"": 43, ""hospital_release"": 57, ""patient_arrival"": 46, ""reposition_complete"": 40, ""restock_complete"": 40, ""scene_complete"": 43, ""transfer_ready"": 68}",29.728173,16.271827,0.3537353775691824,82.00519854052686,13.30232558139535,31.326190476190483,184.12780733900314,43,0.9347826086956522,46,46,3
no-reposition,33,1033,"{""cardiac"": {""expected_lost"": 17.070003330436393, ""expected_saved"": 0.9299966695636104, ""mean_response_minutes"": 83.14961226470074, ""mean_scene_minutes"": 12.0, ""mean_transport_minutes"": 37.07692307692308, ""p90_response_minutes"": 148.67026193123536, ""patients"": 18, ""response_count"": 13, ""response_minutes"": 1080.9449594411096, ""scene_count"": 13, ""scene_minutes"": 156.0, ""transport_count"": 13, ""transport_minutes"": 482.0}, ""minor"": {""expected_lost"": 3.163376653842083, ""expected_saved"": 11.836623346157916, ""mean_response_minutes"": 56.85368046144244, ""mean_scene_minutes"": 10.0, ""mean_transport_minutes"": 38.99000000000001, ""p90_response_minutes"": 95.20815349111984, ""patients"": 15, ""response_count"": 15, ""response_minutes"": 852.8052069216366, ""scene_count"": 15, ""scene_minutes"": 150.0, ""transport_count"": 15, ""transport_minutes"": 584.8500000000001}, ""stroke"": {""expected_lost"": 5.751182612415428, ""expected_saved"": 2.2488173875845723, ""mean_response_minutes"": 68.36845379586607, ""mean_scene_minutes"": 14.0, ""mean_transport_minutes"": 29.0, ""p90_response_minutes"": 129.7424102624342, ""patients"": 8, ""response_count"": 8, ""response_minutes"": 546.9476303669286, ""scene_count"": 8, ""scene_minutes"": 112.0, ""transport_count"": 8, ""transport_minutes"": 232.0}, ""trauma"": {""expected_lost"": 10.099480614193787, ""expected_saved"": 0.9005193858062132, ""mean_response_minutes"": 69.9998020029565, ""mean_scene_minutes"": 14.545454545454545, ""mean_transport_minutes"": 23.679999999999996, ""p90_response_minutes"": 124.13191560255694, ""patients"": 11, ""response_count"": 11, ""response_minutes"": 769.9978220325215, ""scene_count"": 11, ""scene_minutes"": 160.0, ""transport_count"": 10, ""transport_minutes"": 236.79999999999995}}","{""arrive_hospital"": 106, ""arrive_mortuary"": 1, ""arrive_scene"": 47, ""hospital_release"": 64, ""patient_arrival"": 52, ""reposition_complete"": 45, ""restock_complete"": 45, ""scene_complete"": 46, ""transfer_ready"": 80}",36.084043,15.915957,0.3060760920983138,69.16373656940843,12.297872340425531,33.38369565217391,134.48546697870356,47,0.9038461538461539,52,52,5
no-reposition,34,1034,"{""cardiac"": {""expected_lost"": 16.655805806032085, ""expected_saved"": 0.34419419324580636, ""mean_response_minutes"": 125.18396987038983, ""mean_scene_minutes"": 10.4, ""mean_transport_minutes"": 36.31538461538461, ""p90_response_minutes"": 287.28506540763215, ""patients"": 17, ""response_count"": 15, ""response_minutes"": 1877.7595480558475, ""scene_count"": 15, ""scene_minutes"": 156.0, ""transport_count"": 13, ""transport_minutes"": 472.0999999999999}, ""minor"": {""expected_lost"": 2.570960407103397, ""expected_saved"": 8.429039592896602, ""mean_response_minutes"": 63.60531657458146, ""mean_scene_minutes"": 10.0, ""mean_transport_minutes"": 43.34090909090908, ""p90_response_minutes"": 90.70012340477626, ""patients"": 11, ""response_count"": 11, ""response_minutes"": 699.658482320396, ""scene_count"": 11, ""scene_minutes"": 110.0, ""transport_count"": 11, ""transport_minutes"": 476.7499999999999}, ""stroke"": {""expected_lost"": 7.25197781575708, ""expected_saved"": 2.74802218424292, ""mean_response_minutes"": 109.57011711312063, ""mean_scene_minutes"": 14.0, ""mean_transport_minutes"": 27.430000000000017, ""p90_response_minutes"": 243.4224379605522, ""patients"": 10, ""response_count"": 10, ""response_minutes"": 1095.7011711312064, ""scene_count"": 10, ""scene_minutes"": 140.0, ""transport_count"": 10, ""transport_minutes"": 274.3000000000002}, ""trauma"": {""expected_lost"": 11.505343286157308, ""expected_saved"": 1.4946567138426912, ""mean_response_minutes"": 98.29151115738273, ""mean_scene_minutes"": 16.0, ""mean_transport_minutes"": 23.416666666666668, ""p90_response_minutes"": 260.3584058927378, ""patients"": 13, ""response_count"": 12, ""response_minutes"": 1179.4981338885927, ""scene_count"": 12, ""scene_minutes"": 192.0, ""transport_count"": 12, ""transport_minutes"": 281.0}}","{""arrive_hospital"": 101, ""arrive_scene"": 48, ""hospital_release"": 64, ""patient_arrival"": 51, ""reposition_complete"": 45, ""restock_complete"": 45, ""scene_complete"": 46, ""transfer_ready"": 77}",37.984087,13.015913,0.25521397420054937,101.09619448741755,12.458333333333334,32.698913043478264,235.65183695936918,48,0.9411764705882353,51,51,3
no-reposition,35,1035,"{""cardiac"": {""expected_lost"": 9.627866378846504, ""expected_saved"": 0.3721336211534963, ""mean_response_minutes"": 78.22754808551451, ""mean_scene_minutes"": 12.0, ""mean_transport_minutes"": 41.68749999999996, ""p90_response_minutes"": 137.60398167667805, ""patients"": 10, ""response_count"": 8, ""response_minutes"": 625.8203846841161, ""scene_count"": 8, ""scene_minutes"": 96.0, ""transport_count"": 8, ""transport_minutes"": 333.49999999999966}, ""minor"": {""expected_lost"": 2.043470536010144, ""expected_saved"": 8.956529463989856, ""mean_response_minutes"": 33.00558816872136, ""mean_scene_minutes"": 10.0, ""mean_transport_minutes"": 40.1, ""p90_response_minutes"": 52.467287770722606, ""patients"": 11, ""response_count"": 10, ""response_minutes"": 330.0558816872136, ""scene_count"": 10, ""scene_minutes"": 100.0, ""transport_count"": 10, ""transport_minutes"": 401.0}, ""stroke"": {""expected_lost"": 9.041082327300403, ""expected_saved"": 4.958917672699596, ""mean_response_minutes"": 46.996098987138694, ""mean_scene_minutes"": 14.0, ""mean_transport_minutes"": 26.903571428571443, ""p90_response_minutes"": 81.10361676893505, ""patients"": 14, ""response_count"": 14, ""response_minutes"": 657.9453858199417, ""scene_count"": 14, ""scene_minutes"": 196.0, ""transport_count"": 14, ""transport_minutes"": 376.6500000000002}, ""trauma"": {""expected_lost"": 14.934012539013072, ""expected_saved"": 1.065987460986929, ""mean_response_minutes"": 148.69142236334795, ""mean_scene_minutes"": 16.0, ""mean_transport_minutes"": 28.745454545454553, ""p90_response_minutes"": 527.7248778266121, ""patients"": 16, ""response_count"": 11, ""response_minutes"": 1635.6056459968274, ""scene_count"": 11, ""scene_minutes"": 176.0, ""transport_count"": 11, ""transport_minutes"": 316.2000000000001}}","{""arrive_hospital"": 93, ""arrive_scene"": 43, ""hospital_release"": 66, ""patient_arrival"": 51, ""reposition_complete"": 42, ""restock_complete"": 42, ""scene_complete"": 43, ""transfer_ready"": 75}",35.646432,15.353568,0.30105035723195833,75.5680767020488,13.209302325581396,33.194186046511625,132.58701243304654,43,0.8431372549019608,51,51,8
no-reposition,36,1036,"{""cardiac"": {""expected_lost"": 10.339197612101067, ""expected_saved"": 0.6608023878989328, ""mean_response_minutes"": 62.02119377303431, ""mean_scene_minutes"": 12.0, ""mean_transport_minutes"": 41.76666666666666, ""p90_response_minutes"": 116.4724800063742, ""patients"": 11, ""response_count"": 10, ""response_minutes"": 620.2119377303432, ""scene_count"": 10, ""scene_minutes"": 120.0, ""transport_count"": 9, ""transport_minutes"": 375.8999999999999}, ""minor"": {""expected_lost"": 1.5075375283385004, ""expected_saved"": 8.492462471661499, ""mean_response_minutes"": 46.83094781155394, ""mean_scene_minutes"": 10.0, ""mean_transport_minutes"": 39.49499999999998, ""p90_response_minutes"": 73.47006229371533, ""patients"": 10, ""response_count"": 10, ""response_minutes"": 468.3094781155394, ""scene_count"": 10, ""scene_minutes"": 100.0, ""transport_count"": 10, ""transport_minutes"": 394.9499999999998}, ""stroke"": {""expected_lost"": 9.815546205573291, ""expected_saved"": 4.184453794426708, ""mean_response_minutes"": 62.25022713682502, ""mean_scene_minutes"": 14.0, ""mean_transport_minutes"": 24.384615384615383, ""p90_response_minutes"": 96.61253252453461, ""patients"": 14, ""response_count"": 13, ""response_minutes"": 809.2529527787252, ""scene_count"": 13, ""scene_minutes"": 182.0, ""transport_count"": 13, ""transport_minutes"": 317.0}, ""trauma"": {""expected_lost"": 8.970288504561417, ""expected_saved"": 1.0297114954385826, ""mean_response_minutes"": 47.32795265875138, ""mean_scene_minutes"": 16.0, ""mean_transport_minutes"": 28.061111111111106, ""p90_response_minutes"": 76.50472006540127, ""patients"": 10, ""response_count"": 10, ""response_minutes"": 473.27952658751377, ""scene_count"": 10, ""scene_minutes"": 160.0, ""transport_count"": 9, ""transport_minutes"": 252.54999999999995}}","{""arrive_hospital"": 92, ""arrive_scene"": 43, ""hospital_release"": 61, ""patient_arrival"": 45, ""reposition_complete"": 40, ""restock_complete"": 40, ""scene_complete"": 43, ""transfer_ready"": 73}",30.63257,14.36743,0.319276225542794,55.14078826074702,13.069767441860465,32.69268292682926,105.253589851502,43,0.9555555555555556,45,45,2
no-reposition,37,1037,"{""cardiac"": {""expected_lost"": 15.275942526424428, ""expected_saved"": 0.7240574735755712, ""mean_response_minutes"": 38.34927389897185, ""mean_scene_minutes"": 9.6, ""mean_transport_minutes"": 38.16249999999998, ""p90_response_minutes"": 55.85431620193358, ""patients"": 16, ""response_count"": 10, ""response_minutes"": 383.49273898971853, ""scene_count"": 10, ""scene_minutes"": 96.0, ""transport_count"": 8, ""transport_minutes"": 305.29999999999984}, ""minor"": {""expected_lost"": 3.745792308910865, ""expected_saved"": 14.254207691089135, ""mean_response_minutes"": 50.548310138184036, ""mean_scene_minutes"": 10.0, ""mean_transport_minutes"": 40.497058823529414, ""p90_response_minutes"": 81.48956586699771, ""patients"": 18, ""response_count"": 17, ""response_minutes"": 859.3212723491287, ""scene_count"": 17, ""scene_minutes"": 170.0, ""transport_count"": 17, ""transport_minutes"": 688.45}, ""stroke"": {""expected_lost"": 8.717201845959185, ""expected_saved"": 4.282798154040816, ""mean_response_minutes"": 68.25075828892847, ""mean_scene_minutes"": 14.0, ""mean_transport_minutes"": 27.53076923076923, ""p90_response_minutes"": 96.80308753376202, ""patients"": 13, ""response_count"": 13, ""response_minutes"": 887.2598577560701, ""scene_count"": 13, ""scene_minutes"": 182.0, ""transport_count"": 13, ""transport_minutes"": 357.9}, ""trauma"": {""expected_lost"": 4.4424148575562885, ""expected_saved"": 0.5575851424437115, ""mean_response_minutes"": 273.59288288569905, ""mean_scene_minutes"": 16.0, ""mean_transport_minutes"": 22.84000000000001, ""p90_response_minutes"": 555.0842744627237, ""patients"": 5, ""response_count"": 5, ""response_minutes"": 1367.9644144284953, ""scene_count"": 5, ""scene_minutes"": 80.0, ""transport_count"": 5, ""transport_minutes"": 114.20000000000005}}","{""arrive_hospital"": 106, ""arrive_scene"": 45, ""hospital_release"": 68, ""patient_arrival"": 52, ""reposition_complete"": 43, ""restock_complete"": 43, ""scene_complete"": 43, ""transfer_ready"": 81}",32.181352,19.818648,0.38112785502210045,77.73418407829806,11.733333333333333,34.08953488372093,175.36759473539124,45,0.8653846153846154,52,52,7
no-reposition,38,1038,"{""cardiac"": {""expected_lost"": 14.873171180567962, ""expected_saved"": 1.126828819133225, ""mean_response_minutes"": 109.27660850056809, ""mean_scene_minutes"": 12.0, ""mean_transport_minutes"": 38.93749999999998, ""p90_response_minutes"": 308.8620321442599, ""patients"": 16, ""response_count"": 12, ""response_minutes"": 1311.319302006817, ""scene_count"": 12, ""scene_minutes"": 144.0, ""transport_count"": 12, ""transport_minutes"": 467.2499999999998}, ""minor"": {""expected_lost"": 3.969774702925219, ""expected_saved"": 13.03022529707478, ""mean_response_minutes"": 56.87497322027795, ""mean_scene_minutes"": 10.0, ""mean_transport_minutes"": 37.125, ""p90_response_minutes"": 67.61211455863929, ""patients"": 17, ""response_count"": 16, ""response_minutes"": 909.9995715244472, ""scene_count"": 16, ""scene_minutes"": 160.0, ""transport_count"": 16, ""transport_minutes"": 594.0}, ""stroke"": {""expected_lost"": 10.400609922851402, ""expected_saved"": 3.5993900771486, ""mean_response_minutes"": 61.125686314593274, ""mean_scene_minutes"": 14.0, ""mean_transport_minutes"": 25.318181818181817, ""p90_response_minutes"": 94.83770770497483, ""patients"": 14, ""response_count"": 11, ""response_minutes"": 672.382549460526, ""scene_count"": 11, ""scene_minutes"": 154.0, ""transport_count"": 11, ""transport_minutes"": 278.5}, ""trauma"": {""expected_lost"": 9.439551395222862, ""expected_saved"": 0.5604486047771369, ""mean_response_minutes"": 107.72964237468759, ""mean_scene_minutes"": 16.0, ""mean_transport_minutes"": 25.06875, ""p90_response_minutes"": 252.81248152911033, ""patients"": 10, ""response_count"": 8, ""response_minutes"": 861.8371389975007, ""scene_count"": 8, ""scene_minutes"": 128.0, ""transport_count"": 8, ""transport_minutes"": 200.55}}","{""arrive_hospital"": 110, ""arrive_mortuary"": 1, ""arrive_scene"": 47, ""hospital_release"": 73, ""patient_arrival"": 57, ""reposition_complete"": 46, ""restock_complete"": 46, ""scene_complete"": 47, ""transfer_ready"": 83}",38.683107,18.316893,0.3213489964584866,79.90507578700618,12.46808510638298,32.77234042553191,253.80155985943935,47,0.8245614035087719,57,57,10
no-reposition,39,1039,"{""cardiac"": {""expected_lost"": 9.266436069160413, ""expected_saved"": 0.7335639308395867, ""mean_response_minutes"": 46.627575939509974, ""mean_scene_minutes"": 12.0, ""mean_transport_minutes"": 38.142857142857146, ""p90_response_minutes"": 92.48902107647072, ""patients"": 10, ""response_count"": 7, ""response_minutes"": 326.3930315765698, ""scene_count"": 7, ""scene_minutes"": 84.0, ""transport_count"": 7, ""transport_minutes"": 267.0}, ""minor"": {""expected_lost"": 2.8339752707712513, ""expected_saved"": 5.166024729228749, ""mean_response_minutes"": 75.8562561032084, ""mean_scene_minutes"": 10.0, ""mean_transport_minutes"": 40.59285714285714, ""p90_response_minutes"": 115.27831533407007, ""patients"": 8, ""response_count"": 7, ""response_minutes"": 530.9937927224588, ""scene_count"": 7, ""scene_minutes"": 70.0, ""transport_count"": 7, ""transport_minutes"": 284.15}, ""stroke"": {""expected_lost"": 12.08960347211986, ""expected_saved"": 3.91039652788014, ""mean_response_minutes"": 99.99296743319799, ""mean_scene_minutes"": 14.0, ""mean_transport_minutes"": 28.189285714285727, ""p90_response_minutes"": 174.5010094235422, ""patients"": 16, ""response_count"": 15, ""response_minutes"": 1499.89451149797, ""scene_count"": 15, ""scene_minutes"": 210.0, ""transport_count"": 14, ""transport_minutes"": 394.6500000000002}, ""trauma"": {""expected_lost"": 12.52660189991549, ""expected_saved"": 1.4733981000845129, ""mean_response_minutes"": 85.0566320420366, ""mean_scene_minutes"": 14.76923076923077, ""mean_transport_minutes"": 28.35833333333335, ""p90_response_minutes"": 102.8256059985756, ""patients"": 14, ""response_count"": 13, ""response_minutes"": 1105.7362165464758, ""scene_count"": 13, ""scene_minutes"": 192.0, ""transport_count"": 12, ""transport_minutes"": 340.3000000000002}}","{""arrive_hospital"": 82, ""arrive_scene"": 42, ""hospital_release"": 60, ""patient_arrival"": 48, ""reposition_complete"": 40, ""restock_complete"": 40, ""scene_complete"": 41, ""transfer_ready"": 68}",36.716617,11.283383,0.23507048516735393,82.4527988653208,13.238095238095237,32.15250000000001,168.0802573984153,42,0.875,48,48,6
no-reposition,40,1040,"{""cardiac"": {""expected_lost"": 4.82591341802392, ""expected_saved"": 0.17408658197607965, ""mean_response_minutes"": 53.08639141847482, ""mean_scene_minutes"": 12.0, ""mean_transport_minutes"": 44.5599999999999, ""p90_response_minutes"": 71.49961787918133, ""patients"": 5, ""response_count"": 5, ""response_minutes"": 265.4319570923741, ""scene_count"": 5, ""scene_minutes"": 60.0, ""transport_count"": 5, ""transport_minutes"": 222.7999999999995}, ""minor"": {""expected_lost"": 2.3840167279925515, ""expected_saved"": 12.615983272007446, ""mean_response_minutes"": 38.233150455581054, ""mean_scene_minutes"": 10.0, ""mean_transport_minutes"": 39.20714285714284, ""p90_response_minutes"": 68.48752916345899, ""patients"": 15, ""response_count"": 15, ""response_minutes"": 573.4972568337158, ""scene_count"": 15, ""scene_minutes"": 150.0, ""transport_count"": 14, ""transport_minutes"": 548.8999999999997}, ""stroke"": {""expected_lost"": 2.9456705496550133, ""expected_saved"": 3.0543294503449867, ""mean_response_minutes"": 26.44748700703489, ""mean_scene_minutes"": 14.0, ""mean_transport_minutes"": 23.333333333333332, ""p90_response_minutes"": 36.81794877694858, ""patients"": 6, ""response_count"": 6, ""response_minutes"": 158.68492204220934, ""scene_count"": 6, ""scene_minutes"": 84.0, ""transport_count"": 6, ""transport_minutes"": 140.0}, ""trauma"": {""expected_lost"": 11.617255354044168, ""expected_saved"": 1.3827446459558317, ""mean_response_minutes"": 95.24650712936139, ""mean_scene_minutes"": 16.0, ""mean_transport_minutes"": 25.67307692307693, ""p90_response_minutes"": 221.64942319263946, ""patients"": 13, ""response_count"": 13, ""response_minutes"": 1238.2045926816982, ""scene_count"": 13, ""scene_minutes"": 208.0, ""transport_count"": 13, ""transport_minutes"": 333.7500000000001}}","{""arrive_hospital"": 82, ""arrive_scene"": 39, ""hospital_release"": 59, ""patient_arrival"": 39, ""reposition_complete"": 37, ""restock_complete"": 37, ""scene_complete"": 39, ""transfer_ready"": 62}",21.772856,17.227144,0.44172163975088036,57.32868534999994,12.871794871794872,32.774999999999984,99.52403892592434,39,1.0,39,39,0
no-reposition,41,1041,"{""cardiac"": {""expected_lost"": 3.562382392914058, ""expected_saved"": 0.43761760708594144, ""mean_response_minutes"": 29.456636370471813, ""mean_scene_minutes"": 12.0, ""mean_transport_minutes"": 39.14999999999998, ""p90_response_minutes"": 44.43858183732105, ""patients"": 4, ""response_count"": 4, ""response_minutes"": 117.82654548188725, ""scene_count"": 4, ""scene_minutes"": 48.0, ""transport_count"": 4, ""transport_minutes"": 156.5999999999999}, ""minor"": {""expected_lost"": 0.5549822873686392, ""expected_saved"": 6.44501771263136, ""mean_response_minutes"": 31.52387893216831, ""mean_scene_minutes"": 10.0, ""mean_transport_minutes"": 41.61428571428571, ""p90_response_minutes"": 50.42537431231473, ""patients"": 7, ""response_count"": 7, ""response_minutes"": 220.66715252517815, ""scene_count"": 7, ""scene_minutes"": 70.0, ""transport_count"": 7, ""transport_minutes"": 291.29999999999995}, ""stroke"": {""expected_lost"": 8.018815699236887, ""expected_saved"": 4.981184300763112, ""mean_response_minutes"": 33.06475121224553, ""mean_scene_minutes"": 13.999999999999996, ""mean_transport_minutes"": 26.637500000000003, ""p90_response_minutes"": 57.14589009536222, ""patients"": 13, ""response_count"": 13, ""response_minutes"": 429.8417657591919, ""scene_count"": 13, ""scene_minutes"": 181.99999999999994, ""transport_count"": 12, ""transport_minutes"": 319.65000000000003}, ""trauma"": {""expected_lost"": 5.712165122347234, ""expected_saved"": 1.2878348776527662, ""mean_response_minutes"": 33.97634952851448, ""mean_scene_minutes"": 16.0, ""mean_transport_minutes"": 26.714285714285715, ""p90_response_minutes"": 53.28477203295376, ""patients"": 7, ""response_count"": 7, ""response_minutes"": 237.8344466996014, ""scene_count"": 7, ""scene_minutes"": 112.0, ""transport_count"": 7, ""transport_minutes"": 187.0}}","{""arrive_hospital"": 63, ""arrive_scene"": 31, ""hospital_release"": 48, ""patient_arrival"": 31, ""reposition_complete"": 29, ""restock_complete"": 29, ""scene_complete"": 31, ""transfer_ready"": 53}",17.848346,13.151654,0.42424691929461866,32.45709388599544,13.29032258064516,31.81833333333333,58.45451350087319,31,1.0,31,31,0
no-reposition,42,1042,"{""cardiac"": {""expected_lost"": 15.158961220280736, ""expected_saved"": 0.8410387797192642, ""mean_response_minutes"": 47.14540305746882, ""mean_scene_minutes"": 12.0, ""mean_transport_minutes"": 37.463636363636354, ""p90_response_minutes"": 90.22280824100629, ""patients"": 16, ""response_count"": 12, ""response_minutes"": 565.7448366896258, ""scene_count"": 12, ""scene_minutes"": 144.0, ""transport_count"": 11, ""transport_minutes"": 412.0999999999999}, ""minor"": {""expected_lost"": 2.1287291395254226, ""expected_saved"": 9.871270860474576, ""mean_response_minutes"": 35.89604417214757, ""mean_scene_minutes"": 10.0, ""mean_transport_minutes"": 40.89090909090908, ""p90_response_minutes"": 57.04044328927489, ""patients"": 12, ""response_count"": 11, ""response_minutes"": 394.85648589362324, ""scene_count"": 11, ""scene_minutes"": 110.0, ""transport_count"": 11, ""transport_minutes"": 449.79999999999995}, ""stroke"": {""expected_lost"": 7.828182987946248, ""expected_saved"": 4.171817012053751, ""mean_response_minutes"": 48.73820584500269, ""mean_scene_minutes"": 14.0, ""mean_transport_minutes"": 28.241666666666656, ""p90_response_minutes"": 100.41248048999066, ""patients"": 12, ""response_count"": 12, ""response_minutes"": 584.8584701400323, ""scene_count"": 12, ""scene_minutes"": 168.0, ""transport_count"": 12, ""transport_minutes"": 338.89999999999986}, ""trauma"": {""expected_lost"": 8.319238765280776, ""expected_saved"": 0.6807612347192237, ""mean_response_minutes"": 107.02371655474838, ""mean_scene_minutes"": 16.0, ""mean_transport_minutes"": 28.172222222222217, ""p90_response_minutes"": 318.97026023830375, ""patients"": 9, ""response_count"": 9, ""response_minutes"": 963.2134489927354, ""scene_count"": 9, ""scene_minutes"": 144.0, ""transport_count"": 9, ""transport_minutes"": 253.54999999999995}}","{""arrive_hospital"": 97, ""arrive_scene"": 44, ""hospital_release"": 69, ""patient_arrival"": 49, ""reposition_complete"": 42, ""restock_complete"": 42, ""scene_complete"": 44, ""transfer_ready"": 76}",33.435112,15.564888,0.31765077320340457,57.0153009480913,12.863636363636363,33.8220930232558,94.17136420587686,44,0.8979591836734694,49,49,5
no-reposition,43,1043,"{""cardiac"": {""expected_lost"": 6.3753183253023975, ""expected_saved"": 0.624681674697603, ""mean_response_minutes"": 43.6299868435927, ""mean_scene_minutes"": 12.0, ""mean_transport_minutes"": 41.185714285714276, ""p90_response_minutes"": 81.51386204083417, ""patients"": 7, ""response_count"": 7, ""response_minutes"": 305.4099079051489, ""scene_count"": 7, ""scene_minutes"": 84.0, ""transport_count"": 7, ""transport_minutes"": 288.29999999999995}, ""minor"": {""expected_lost"": 0.14222684716423317, ""expected_saved"": 3.8577731528357666, ""mean_response_minutes"": 20.603157514234596, ""mean_scene_minutes"": 10.0, ""mean_transport_minutes"": 40.87500000000001, ""p90_response_minutes"": 23.0, ""patients"": 4, ""response_count"": 4, ""response_minutes"": 82.41263005693838, ""scene_count"": 4, ""scene_minutes"": 40.0, ""transport_count"": 4, ""transport_minutes"": 163.50000000000003}, ""stroke"": {""expected_lost"": 7.417966540374657, ""expected_saved"": 4.582033459625343, ""mean_response_minutes"": 35.24220150227057, ""mean_scene_minutes"": 14.0, ""mean_transport_minutes"": 27.450000000000003, ""p90_response_minutes"": 50.34429119575319, ""patients"": 12, ""response_count"": 12, ""response_minutes"": 422.9064180272468, ""scene_count"": 12, ""scene_minutes"": 168.0, ""transport_count"": 11, ""transport_minutes"": 301.95000000000005}, ""trauma"": {""expected_lost"": 9.0295902033571, ""expected_saved"": 1.9704097966428995, ""mean_response_minutes"": 48.80483084977341, ""mean_scene_minutes"": 16.0, ""mean_transport_minutes"": 24.2, ""p90_response_minutes"": 75.27620610510999, ""patients"": 11, ""response_count"": 10, ""response_minutes"": 488.0483084977341, ""scene_count"": 10, ""scene_minutes"": 160.0, ""transport_count"": 10, ""transport_minutes"": 242.0}}","{""arrive_hospital"": 65, ""arrive_scene"": 33, ""hospital_release"": 53, ""patient_arrival"": 34, ""reposition_complete"": 32, ""restock_complete"": 32, ""scene_complete"": 33, ""transfer_ready"": 54}",22.965102,11.034898,0.324555825994165,39.356886802638435,13.696969696969697,31.1171875,67.04947713059408,33,0.9705882352941176,34,34,1
no-reposition,44,1044,"{""cardiac"": {""expected_lost"": 11.966886434046701, ""expected_saved"": 1.033113565953297, ""mean_response_minutes"": 35.86958375197528, ""mean_scene_minutes"": 12.0, ""mean_transport_minutes"": 41.24999999999998, ""p90_response_minutes"": 58.807901041720555, ""patients"": 13, ""response_count"": 10, ""response_minutes"": 358.6958375197528, ""scene_count"": 10, ""scene_minutes"": 120.0, ""transport_count"": 10, ""transport_minutes"": 412.4999999999998}, ""minor"": {""expected_lost"": 3.2055840747805773, ""expected_saved"": 7.794415925219423, ""mean_response_minutes"": 67.62357396825772, ""mean_scene_minutes"": 10.0, ""mean_transport_minutes"": 36.9, ""p90_response_minutes"": 115.50680317619356, ""patients"": 11, ""response_count"": 10, ""response_minutes"": 676.2357396825771, ""scene_count"": 10, ""scene_minutes"": 100.0, ""transport_count"": 10, ""transport_minutes"": 369.0}, ""stroke"": {""expected_lost"": 7.867701697193182, ""expected_saved"": 4.132298302806819, ""mean_response_minutes"": 57.24357608080746, ""mean_scene_minutes"": 14.0, ""mean_transport_minutes"": 27.779166666666665, ""p90_response_minutes"": 65.23466926257485, ""patients"": 12, ""response_count"": 12, ""response_minutes"": 686.9229129696895, ""scene_count"": 12, ""scene_minutes"": 168.0, ""transport_count"": 12, ""transport_minutes"": 333.34999999999997}, ""trauma"": {""expected_lost"": 8.205166038165999, ""expected_saved"": 0.7948339618340029, ""mean_response_minutes"": 93.4722282055792, ""mean_scene_minutes"": 16.0, ""mean_transport_minutes"": 24.714285714285715, ""p90_response_minutes"": 208.2958379836004, ""patients"": 9, ""response_count"": 7, ""response_minutes"": 654.3055974390544, ""scene_count"": 7, ""scene_minutes"": 112.0, ""transport_count"": 7, ""transport_minutes"": 173.0}}","{""arrive_hospital"": 90, ""arrive_scene"": 39, ""hospital_release"": 62, ""patient_arrival"": 45, ""reposition_complete"": 37, ""restock_complete"": 37, ""scene_complete"": 39, ""transfer_ready"": 70}",31.245338,13.754662,0.30565915012918976,60.92718173361727,12.820512820512821,33.02179487179486,102.35573883782622,39,0.8666666666666667,45,45,6
no-reposition,45,1045,"{""cardiac"": {""expected_lost"": 11.212386364178954, ""expected_saved"": 0.7876136358210437, ""mean_response_minutes"": 37.83108624930412, ""mean_scene_minutes"": 12.0, ""mean_transport_minutes"": 41.22777777777777, ""p90_response_minutes"": 81.93747333713063, ""patients"": 12, ""response_count"": 9, ""response_minutes"": 340.4797762437371, ""scene_count"": 9, ""scene_minutes"": 108.0, ""transport_count"": 9, ""transport_minutes"": 371.0499999999999}, ""minor"": {""expected_lost"": 1.2780599851896222, ""expected_saved"": 7.721940014810379, ""mean_response_minutes"": 42.90803211147568, ""mean_scene_minutes"": 10.0, ""mean_transport_minutes"": 40.38333333333332, ""p90_response_minutes"": 65.6618928338457, ""patients"": 9, ""response_count"": 9, ""response_minutes"": 386.1722890032811, ""scene_count"": 9, ""scene_minutes"": 90.0, ""transport_count"": 9, ""transport_minutes"": 363.4499999999999}, ""stroke"": {""expected_lost"": 6.160920279683303, ""expected_saved"": 2.8390797203166978, ""mean_response_minutes"": 52.2261368685256, ""mean_scene_minutes"": 14.0, ""mean_transport_minutes"": 26.6875, ""p90_response_minutes"": 96.03092806586758, ""patients"": 9, ""response_count"": 8, ""response_minutes"": 417.8090949482048, ""scene_count"": 8, ""scene_minutes"": 112.0, ""transport_count"": 8, ""transport_minutes"": 213.5}, ""trauma"": {""expected_lost"": 8.048244030594988, ""expected_saved"": 0.951755969405012, ""mean_response_minutes"": 99.26946992429687, ""mean_scene_minutes"": 16.0, ""mean_transport_minutes"": 28.519999999999982, ""p90_response_minutes"": 242.41986524905508, ""patients"": 9, ""response_count"": 6, ""response_minutes"": 595.6168195457813, ""scene_count"": 6, ""scene_minutes"": 96.0, ""transport_count"": 5, ""transport_minutes"": 142.5999999999999}}","{""arrive_hospital"": 75, ""arrive_scene"": 32, ""hospital_release"": 50, ""patient_arrival"": 39, ""reposition_complete"": 30, ""restock_complete"": 30, ""scene_complete"": 32, ""transfer_ready"": 57}",26.699611,12.300389,0.3153945984705931,54.377436866906386,12.6875,35.180645161290315,78.18449867571194,32,0.8205128205128205,39,39,7
no-reposition,46,1046,"{""cardiac"": {""expected_lost"": 8.50122592931653, ""expected_saved"": 0.49877407068347024, ""mean_response_minutes"": 54.38983115244025, ""mean_scene_minutes"": 9.6, ""mean_transport_minutes"": 38.5, ""p90_response_minutes"": 115.14337682982045, ""patients"": 9, ""response_count"": 5, ""response_minutes"": 271.94915576220126, ""scene_count"": 5, ""scene_minutes"": 48.0, ""transport_count"": 4, ""transport_minutes"": 154.0}, ""minor"": {""expected_lost"": 7.829570995686566, ""expected_saved"": 11.170429004313434, ""mean_response_minutes"": 75.4452486697068, ""mean_scene_minutes"": 10.0, ""mean_transport_minutes"": 41.89333333333333, ""p90_response_minutes"": 92.5322282953611, ""patients"": 19, ""response_count"": 15, ""response_minutes"": 1131.678730045602, ""scene_count"": 15, ""scene_minutes"": 150.0, ""transport_count"": 15, ""transport_minutes"": 628.4}, ""stroke"": {""expected_lost"": 15.780111856263527, ""expected_saved"": 5.219888143736472, ""mean_response_minutes"": 64.78152674918357, ""mean_scene_minutes"": 14.0, ""mean_transport_minutes"": 28.337500000000006, ""p90_response_minutes"": 130.66524942744394, ""patients"": 21, ""response_count"": 17, ""response_minutes"": 1101.2859547361206, ""scene_count"": 17, ""scene_minutes"": 238.0, ""transport_count"": 16, ""transport_minutes"": 453.4000000000001}, ""trauma"": {""expected_lost"": 13.740002030312837, ""expected_saved"": 1.259997969687162, ""mean_response_minutes"": 60.779421968557266, ""mean_scene_minutes"": 16.0, ""mean_transport_minutes"": 22.313636363636366, ""p90_response_minutes"": 84.13162513205612, ""patients"": 15, ""response_count"": 11, ""response_minutes"": 668.5736416541299, ""scene_count"": 11, ""scene_minutes"": 176.0, ""transport_count"": 11, ""transport_minutes"": 245.45000000000005}}","{""arrive_hospital"": 100, ""arrive_scene"": 48, ""hospital_release"": 70, ""patient_arrival"": 64, ""reposition_complete"": 45, ""restock_complete"": 45, ""scene_complete"": 47, ""transfer_ready"": 81}",45.850911,18.149089,0.283579518569071,66.1143225457928,12.75,32.20108695652174,129.21001927865083,48,0.75,64,64,16
no-reposition,47,1047,"{""cardiac"": {""expected_lost"": 17.27588839727473, ""expected_saved"": 0.7241116027252703, ""mean_response_minutes"": 55.84475631111052, ""mean_scene_minutes"": 12.0, ""mean_transport_minutes"": 41.78181818181816, ""p90_response_minutes"": 85.39863153030456, ""patients"": 18, ""response_count"": 11, ""response_minutes"": 614.2923194222158, ""scene_count"": 11, ""scene_minutes"": 132.0, ""transport_count"": 11, ""transport_minutes"": 459.5999999999998}, ""minor"": {""expected_lost"": 2.5517331039335285, ""expected_saved"": 11.448266896066471, ""mean_response_minutes"": 53.126698703355416, ""mean_scene_minutes"": 10.0, ""mean_transport_minutes"": 40.271428571428565, ""p90_response_minutes"": 76.1771097196537, ""patients"": 14, ""response_count"": 14, ""response_minutes"": 743.7737818469758, ""scene_count"": 14, ""scene_minutes"": 140.0, ""transport_count"": 14, ""transport_minutes"": 563.8}, ""stroke"": {""expected_lost"": 13.579589700268848, ""expected_saved"": 3.4204102997311505, ""mean_response_minutes"": 82.88649342079847, ""mean_scene_minutes"": 14.0, ""mean_transport_minutes"": 27.607692307692314, ""p90_response_minutes"": 123.2507782629779, ""patients"": 17, ""response_count"": 13, ""response_minutes"": 1077.5244144703802, ""scene_count"": 13, ""scene_minutes"": 182.0, ""transport_count"": 13, ""transport_minutes"": 358.9000000000001}, ""trauma"": {""expected_lost"": 11.955686678695976, ""expected_saved"": 1.0443133213040248, ""mean_response_minutes"": 92.26445724953729, ""mean_scene_minutes"": 16.0, ""mean_transport_minutes"": 26.927777777777763, ""p90_response_minutes"": 177.30787998194066, ""patients"": 13, ""response_count"": 9, ""response_minutes"": 830.3801152458356, ""scene_count"": 9, ""scene_minutes"": 144.0, ""transport_count"": 9, ""transport_minutes"": 242.34999999999988}}","{""arrive_hospital"": 110, ""arrive_scene"": 47, ""hospital_release"": 75, ""patient_arrival"": 62, ""reposition_complete"": 46, ""restock_complete"": 46, ""scene_complete"": 47, ""transfer_ready"": 85}",45.362898,16.637102,0.268340356771402,69.48873682947674,12.72340425531915,34.56702127659574,103.35132376911758,47,0.7580645161290323,62,62,15
no-reposition,48,1048,"{""cardiac"": {""expected_lost"": 6.261961446037372, ""expected_saved"": 0.7380385539626285, ""mean_response_minutes"": 52.930029667552894, ""mean_scene_minutes"": 12.000000000000002, ""mean_transport_minutes"": 40.449999999999996, ""p90_response_minutes"": 120.94543026445518, ""patients"": 7, ""response_count"": 7, ""response_minutes"": 370.51020767287025, ""scene_count"": 7, ""scene_minutes"": 84.00000000000001, ""transport_count"": 7, ""transport_minutes"": 283.15}, ""minor"": {""expected_lost"": 2.436868324331643, ""expected_saved"": 10.563131675668355, ""mean_response_minutes"": 54.397730314528204, ""mean_scene_minutes"": 10.0, ""mean_transport_minutes"": 40.103846153846156, ""p90_response_minutes"": 85.83787692385201, ""patients"": 13, ""response_count"": 13, ""response_minutes"": 707.1704940888667, ""scene_count"": 13, ""scene_minutes"": 130.0, ""transport_count"": 13, ""transport_minutes"": 521.35}, ""stroke"": {""expected_lost"": 5.137059450124559, ""expected_saved"": 2.862940549875441, ""mean_response_minutes"": 47.144533624170265, ""mean_scene_minutes"": 14.0, ""mean_transport_minutes"": 28.21249999999999, ""p90_response_minutes"": 84.89067834585744, ""patients"": 8, ""response_count"": 8, ""response_minutes"": 377.1562689933621, ""scene_count"": 8, ""scene_minutes"": 112.0, ""transport_count"": 8, ""transport_minutes"": 225.69999999999993}, ""trauma"": {""expected_lost"": 8.897743884627658, ""expected_saved"": 2.1022561153723416, ""mean_response_minutes"": 36.919651423393134, ""mean_scene_minutes"": 16.0, ""mean_transport_minutes"": 25.59000000000001, ""p90_response_minutes"": 61.329326196726015, ""patients"": 11, ""response_count"": 11, ""response_minutes"": 406.1161656573245, ""scene_count"": 11, ""scene_minutes"": 176.0, ""transport_count"": 10, ""transport_minutes"": 255.9000000000001}}","{""arrive_hospital"": 86, ""arrive_scene"": 39, ""hospital_release"": 62, ""patient_arrival"": 39, ""reposition_complete"": 38, ""restock_complete"": 38, ""scene_complete"": 39, ""transfer_ready"": 66}",22.733633,16.266367,0.4170863306379172,47.71674708749804,12.871794871794872,33.84473684210526,99.83587969712838,39,1.0,39,39,0
no-reposition,49,1049,"{""cardiac"": {""expected_lost"": 12.308784392031853, ""expected_saved"": 0.6912156078843329, ""mean_response_minutes"": 72.42088753870641, ""mean_scene_minutes"": 12.0, ""mean_transport_minutes"": 37.99499999999999, ""p90_response_minutes"": 100.93512164958145, ""patients"": 13, ""response_count"": 10, ""response_minutes"": 724.2088753870642, ""scene_count"": 10, ""scene_minutes"": 120.0, ""transport_count"": 10, ""transport_minutes"": 379.94999999999993}, ""minor"": {""expected_lost"": 1.462335986212042, ""expected_saved"": 8.537664013787959, ""mean_response_minutes"": 46.13465336471165, ""mean_scene_minutes"": 10.0, ""mean_transport_minutes"": 42.67999999999999, ""p90_response_minutes"": 68.62598981651654, ""patients"": 10, ""response_count"": 10, ""response_minutes"": 461.34653364711653, ""scene_count"": 10, ""scene_minutes"": 100.0, ""transport_count"": 10, ""transport_minutes"": 426.79999999999995}, ""stroke"": {""expected_lost"": 13.16237146347741, ""expected_saved"": 3.8376285365225904, ""mean_response_minutes"": 95.06305092701169, ""mean_scene_minutes"": 14.0, ""mean_transport_minutes"": 27.746153846153828, ""p90_response_minutes"": 249.15718125651665, ""patients"": 17, ""response_count"": 14, ""response_minutes"": 1330.8827129781637, ""scene_count"": 14, ""scene_minutes"": 196.0, ""transport_count"": 13, ""transport_minutes"": 360.69999999999976}, ""trauma"": {""expected_lost"": 10.193339520265326, ""expected_saved"": 0.806660479734673, ""mean_response_minutes"": 94.23452971644727, ""mean_scene_minutes"": 16.0, ""mean_transport_minutes"": 27.0, ""p90_response_minutes"": 217.46223812512216, ""patients"": 11, ""response_count"": 7, ""response_minutes"": 659.6417080151309, ""scene_count"": 7, ""scene_minutes"": 112.0, ""transport_count"": 7, ""transport_minutes"": 189.0}}","{""arrive_hospital"": 92, ""arrive_scene"": 41, ""hospital_release"": 64, ""patient_arrival"": 51, ""reposition_complete"": 39, ""restock_complete"": 39, ""scene_complete"": 41, ""transfer_ready"": 71}",37.126831,13.873169,0.2720229144692069,77.46536170798721,12.878048780487806,33.91124999999999,200.43840335062214,41,0.803921568627451,51,51,10
no-reposition,50,1050,"{""cardiac"": {""expected_lost"": 6.353053566673564, ""expected_saved"": 0.6469464333264355, ""mean_response_minutes"": 59.46465567173785, ""mean_scene_minutes"": 12.0, ""mean_transport_minutes"": 37.800000000000004, ""p90_response_minutes"": 135.85432640099896, ""patients"": 7, ""response_count"": 7, ""response_minutes"": 416.252589702165, ""scene_count"": 7, ""scene_minutes"": 84.0, ""transport_count"": 7, ""transport_minutes"": 264.6}, ""minor"": {""expected_lost"": 1.7537407651873818, ""expected_saved"": 11.246259234812618, ""mean_response_minutes"": 28.42425399037913, ""mean_scene_minutes"": 10.0, ""mean_transport_minutes"": 41.92499999999999, ""p90_response_minutes"": 42.987539081758015, ""patients"": 13, ""response_count"": 12, ""response_minutes"": 341.09104788454954, ""scene_count"": 12, ""scene_minutes"": 120.0, ""transport_count"": 12, ""transport_minutes"": 503.0999999999999}, ""stroke"": {""expected_lost"": 6.568844503053451, ""expected_saved"": 4.43115549694655, ""mean_response_minutes"": 40.53696202992666, ""mean_scene_minutes"": 14.0, ""mean_transport_minutes"": 26.281818181818174, ""p90_response_minutes"": 56.36735859808664, ""patients"": 11, ""response_count"": 11, ""response_minutes"": 445.90658232919327, ""scene_count"": 11, ""scene_minutes"": 154.0, ""transport_count"": 11, ""transport_minutes"": 289.0999999999999}, ""trauma"": {""expected_lost"": 5.684355606809766, ""expected_saved"": 1.3156443931902344, ""mean_response_minutes"": 31.167720228870216, ""mean_scene_minutes"": 16.0, ""mean_transport_minutes"": 18.571428571428573, ""p90_response_minutes"": 45.13879192239516, ""patients"": 7, ""response_count"": 7, ""response_minutes"": 218.1740416020915, ""scene_count"": 7, ""scene_minutes"": 112.0, ""transport_count"": 7, ""transport_minutes"": 130.0}}","{""arrive_hospital"": 86, ""arrive_scene"": 37, ""hospital_release"": 65, ""patient_arrival"": 38, ""reposition_complete"": 37, ""restock_complete"": 37, ""scene_complete"": 37, ""transfer_ready"": 67}",20.359994,17.640006,0.46421067258620635,38.416871932918895,12.702702702702704,32.07567567567567,58.9901302958995,37,0.9736842105263158,38,38,1
no-reposition,51,1051,"{""cardiac"": {""expected_lost"": 11.338486147513692, ""expected_saved"": 0.6615138524863089, ""mean_response_minutes"": 42.0575664016279, ""mean_scene_minutes"": 12.0, ""mean_transport_minutes"": 39.53125, ""p90_response_minutes"": 76.9526868590001, ""patients"": 12, ""response_count"": 8, ""response_minutes"": 336.4605312130232, ""scene_count"": 8, ""scene_minutes"": 96.0, ""transport_count"": 8, ""transport_minutes"": 316.25}, ""minor"": {""expected_lost"": 2.836413025652289, ""expected_saved"": 11.163586974347712, ""mean_response_minutes"": 42.613514248622884, ""mean_scene_minutes"": 10.0, ""mean_transport_minutes"": 40.192307692307686, ""p90_response_minutes"": 70.31415058044196, ""patients"": 14, ""response_count"": 13, ""response_minutes"": 553.9756852320975, ""scene_count"": 13, ""scene_minutes"": 130.0, ""transport_count"": 13, ""transport_minutes"": 522.4999999999999}, ""stroke"": {""expected_lost"": 8.723906099830598, ""expected_saved"": 3.2760939001694016, ""mean_response_minutes"": 78.61081195137905, ""mean_scene_minutes"": 14.0, ""mean_transport_minutes"": 26.522727272727273, ""p90_response_minutes"": 151.40519746965742, ""patients"": 12, ""response_count"": 11, ""response_minutes"": 864.7189314651696, ""scene_count"": 11, ""scene_minutes"": 154.0, ""transport_count"": 11, ""transport_minutes"": 291.75}, ""trauma"": {""expected_lost"": 12.904778753696654, ""expected_saved"": 1.0952212463033446, ""mean_response_minutes"": 44.189705932574235, ""mean_scene_minutes"": 16.0, ""mean_transport_minutes"": 30.737499999999994, ""p90_response_minutes"": 58.31539686006927, ""patients"": 14, ""response_count"": 13, ""response_minutes"": 574.4661771234651, ""scene_count"": 13, ""scene_minutes"": 208.0, ""transport_count"": 12, ""transport_minutes"": 368.8499999999999}}","{""arrive_hospital"": 96, ""arrive_scene"": 45, ""hospital_release"": 67, ""patient_arrival"": 52, ""reposition_complete"": 43, ""restock_complete"": 43, ""scene_complete"": 45, ""transfer_ready"": 74}",35.803584,16.196416,0.311469537948207,51.76936277852791,13.066666666666666,34.07613636363636,91.00859872901262,45,0.8653846153846154,52,52,7
no-reposition,52,1052,"{""cardiac"": {""expected_lost"": 9.814574732498643, ""expected_saved"": 1.185425267501357, ""mean_response_minutes"": 40.56283378134269, ""mean_scene_minutes"": 12.0, ""mean_transport_minutes"": 38.1, ""p90_response_minutes"": 63.94722769457492, ""patients"": 11, ""response_count"": 10, ""response_minutes"": 405.6283378134269, ""scene_count"": 10, ""scene_minutes"": 120.0, ""transport_count"": 10, ""transport_minutes"": 381.0}, ""minor"": {""expected_lost"": 1.3617003434410697, ""expected_saved"": 8.638299656558932, ""mean_response_minutes"": 43.80906733528419, ""mean_scene_minutes"": 10.0, ""mean_transport_minutes"": 40.985, ""p90_response_minutes"": 63.17335280342883, ""patients"": 10, ""response_count"": 10, ""response_minutes"": 438.0906733528419, ""scene_count"": 10, ""scene_minutes"": 100.0, ""transport_count"": 10, ""transport_minutes"": 409.85}, ""stroke"": {""expected_lost"": 6.360447094344394, ""expected_saved"": 3.639552905655605, ""mean_response_minutes"": 34.12803402826593, ""mean_scene_minutes"": 14.0, ""mean_transport_minutes"": 25.077777777777786, ""p90_response_minutes"": 67.37157896918903, ""patients"": 10, ""response_count"": 9, ""response_minutes"": 307.15230625439335, ""scene_count"": 9, ""scene_minutes"": 126.0, ""transport_count"": 9, ""transport_minutes"": 225.70000000000007}, ""trauma"": {""expected_lost"": 8.99769019028794, ""expected_saved"": 1.0023098097120604, ""mean_response_minutes"": 59.84572222531118, ""mean_scene_minutes"": 16.0, ""mean_transport_minutes"": 29.66500000000001, ""p90_response_minutes"": 91.41205467725399, ""patients"": 10, ""response_count"": 10, ""response_minutes"": 598.4572222531118, ""scene_count"": 10, ""scene_minutes"": 160.0, ""transport_count"": 10, ""transport_minutes"": 296.6500000000001}}","{""arrive_hospital"": 87, ""arrive_scene"": 39, ""hospital_release"": 61, ""patient_arrival"": 41, ""reposition_complete"": 37, ""restock_complete"": 37, ""scene_complete"": 39, ""transfer_ready"": 67}",26.534412,14.465588,0.3528192107177549,44.85457794035318,12.974358974358974,33.67179487179488,74.97972004217696,39,0.9512195121951219,41,41,2
no-reposition,53,1053,"{""cardiac"": {""expected_lost"": 11.642151800224946, ""expected_saved"": 0.3578481997750523, ""mean_response_minutes"": 45.14063215803652, ""mean_scene_minutes"": 12.0, ""mean_transport_minutes"": 38.26666666666665, ""p90_response_minutes"": 69.30316509222334, ""patients"": 12, ""response_count"": 6, ""response_minutes"": 270.8437929482191, ""scene_count"": 6, ""scene_minutes"": 72.0, ""transport_count"": 6, ""transport_minutes"": 229.5999999999999}, ""minor"": {""expected_lost"": 3.4661263169113714, ""expected_saved"": 14.533873683088629, ""mean_response_minutes"": 53.425048031846764, ""mean_scene_minutes"": 10.0, ""mean_transport_minutes"": 38.7611111111111, ""p90_response_minutes"": 71.00744217463027, ""patients"": 18, ""response_count"": 18, ""response_minutes"": 961.6508645732417, ""scene_count"": 18, ""scene_minutes"": 180.0, ""transport_count"": 18, ""transport_minutes"": 697.6999999999998}, ""stroke"": {""expected_lost"": 10.604932961582763, ""expected_saved"": 3.395067038417236, ""mean_response_minutes"": 109.06304885684581, ""mean_scene_minutes"": 14.0, ""mean_transport_minutes"": 26.013636363636362, ""p90_response_minutes"": 353.08682461857865, ""patients"": 14, ""response_count"": 11, ""response_minutes"": 1199.693537425304, ""scene_count"": 11, ""scene_minutes"": 154.0, ""transport_count"": 11, ""transport_minutes"": 286.15}, ""trauma"": {""expected_lost"": 10.170752767594333, ""expected_saved"": 0.8292472324056663, ""mean_response_minutes"": 137.66289320501875, ""mean_scene_minutes"": 16.0, ""mean_transport_minutes"": 30.220000000000006, ""p90_response_minutes"": 440.62262594892337, ""patients"": 11, ""response_count"": 10, ""response_minutes"": 1376.6289320501874, ""scene_count"": 10, ""scene_minutes"": 160.0, ""transport_count"": 10, ""transport_minutes"": 302.20000000000005}}","{""arrive_hospital"": 102, ""arrive_scene"": 45, ""hospital_release"": 65, ""patient_arrival"": 55, ""reposition_complete"": 44, ""restock_complete"": 44, ""scene_complete"": 45, ""transfer_ready"": 79}",35.883964,19.116036,0.3475642937033924,84.64038059993226,12.577777777777778,33.68111111111111,184.99376178355678,45,0.8181818181818182,55,55,10
no-reposition,54,1054,"{""cardiac"": {""expected_lost"": 13.272807853296362, ""expected_saved"": 0.7271921467036383, ""mean_response_minutes"": 53.37045933888544, ""mean_scene_minutes"": 12.0, ""mean_transport_minutes"": 40.222727272727255, ""p90_response_minutes"": 80.62633382745673, ""patients"": 14, ""response_count"": 11, ""response_minutes"": 587.0750527277398, ""scene_count"": 11, ""scene_minutes"": 132.0, ""transport_count"": 11, ""transport_minutes"": 442.4499999999998}, ""minor"": {""expected_lost"": 1.6956328183066258, ""expected_saved"": 7.304367181693373, ""mean_response_minutes"": 54.77713150685233, ""mean_scene_minutes"": 10.0, ""mean_transport_minutes"": 42.616666666666674, ""p90_response_minutes"": 85.94762634811659, ""patients"": 9, ""response_count"": 9, ""response_minutes"": 492.994183561671, ""scene_count"": 9, ""scene_minutes"": 90.0, ""transport_count"": 9, ""transport_minutes"": 383.55000000000007}, ""stroke"": {""expected_lost"": 6.919191722914664, ""expected_saved"": 5.080808277085335, ""mean_response_minutes"": 30.587653658460557, ""mean_scene_minutes"": 14.0, ""mean_transport_minutes"": 25.24545454545455, ""p90_response_minutes"": 43.15771332759391, ""patients"": 12, ""response_count"": 11, ""response_minutes"": 336.4641902430661, ""scene_count"": 11, ""scene_minutes"": 154.0, ""transport_count"": 11, ""transport_minutes"": 277.70000000000005}, ""trauma"": {""expected_lost"": 7.536058037469793, ""expected_saved"": 1.4639419625302066, ""mean_response_minutes"": 41.84074045645397, ""mean_scene_minutes"": 12.444444444444445, ""mean_transport_minutes"": 22.0, ""p90_response_minutes"": 79.2049495868794, ""patients"": 9, ""response_count"": 9, ""response_minutes"": 376.5666641080858, ""scene_count"": 9, ""scene_minutes"": 112.0, ""transport_count"": 7, ""transport_minutes"": 154.0}}","{""arrive_hospital"": 89, ""arrive_scene"": 40, ""hospital_release"": 64, ""patient_arrival"": 44, ""reposition_complete"": 38, ""restock_complete"": 38, ""scene_complete"": 38, ""transfer_ready"": 69}",29.42369,14.57631,0.3312797629093762,44.827502266014065,12.2,33.09736842105263,83.05458910549552,40,0.9090909090909091,44,44,4
no-reposition,55,1055,"{""cardiac"": {""expected_lost"": 8.987129756710136, ""expected_saved"": 1.0128702432898642, ""mean_response_minutes"": 36.00300151309652, ""mean_scene_minutes"": 12.0, ""mean_transport_minutes"": 40.61999999999999, ""p90_response_minutes"": 71.16649142755054, ""patients"": 10, ""response_count"": 10, ""response_minutes"": 360.0300151309652, ""scene_count"": 10, ""scene_minutes"": 120.0, ""transport_count"": 10, ""transport_minutes"": 406.19999999999993}, ""minor"": {""expected_lost"": 1.4863080987155537, ""expected_saved"": 7.513691901284446, ""mean_response_minutes"": 32.60288400982627, ""mean_scene_minutes"": 10.0, ""mean_transport_minutes"": 39.88749999999999, ""p90_response_minutes"": 54.99812043810026, ""patients"": 9, ""response_count"": 9, ""response_minutes"": 293.4259560884364, ""scene_count"": 9, ""scene_minutes"": 90.0, ""transport_count"": 8, ""transport_minutes"": 319.0999999999999}, ""stroke"": {""expected_lost"": 4.105911638150455, ""expected_saved"": 2.894088361849546, ""mean_response_minutes"": 35.55663752006085, ""mean_scene_minutes"": 14.0, ""mean_transport_minutes"": 24.799999999999986, ""p90_response_minutes"": 51.070253724435815, ""patients"": 7, ""response_count"": 7, ""response_minutes"": 248.89646264042597, ""scene_count"": 7, ""scene_minutes"": 98.0, ""transport_count"": 7, ""transport_minutes"": 173.5999999999999}, ""trauma"": {""expected_lost"": 9.165407372061324, ""expected_saved"": 1.8345926279386766, ""mean_response_minutes"": 30.267020702216602, ""mean_scene_minutes"": 16.0, ""mean_transport_minutes"": 25.545454545454536, ""p90_response_minutes"": 39.603354828153556, ""patients"": 11, ""response_count"": 11, ""response_minutes"": 332.93722772438264, ""scene_count"": 11, ""scene_minutes"": 176.0, ""transport_count"": 11, ""transport_minutes"": 280.9999999999999}}","{""arrive_hospital"": 79, ""arrive_scene"": 37, ""hospital_release"": 56, ""patient_arrival"": 37, ""reposition_complete"": 36, ""restock_complete"": 36, ""scene_complete"": 37, ""transfer_ready"": 61}",23.744757,13.255243,0.3582498144422305,33.386207069843515,13.08108108108108,32.77499999999999,59.52621240790994,37,1.0,37,37,0
no-reposition,56,1056,"{""cardiac"": {""expected_lost"": 10.369000441930098, ""expected_saved"": 0.6309995580699027, ""mean_response_minutes"": 37.0537934269695, ""mean_scene_minutes"": 12.0, ""mean_transport_minutes"": 43.32222222222223, ""p90_response_minutes"": 54.845527939614826, ""patients"": 11, ""response_count"": 9, ""response_minutes"": 333.4841408427255, ""scene_count"": 9, ""scene_minutes"": 108.0, ""transport_count"": 9, ""transport_minutes"": 389.9000000000001}, ""minor"": {""expected_lost"": 2.2248408743532275, ""expected_saved"": 7.7751591256467725, ""mean_response_minutes"": 41.83944719027915, ""mean_scene_minutes"": 10.0, ""mean_transport_minutes"": 41.07777777777773, ""p90_response_minutes"": 73.32779278392908, ""patients"": 10, ""response_count"": 9, ""response_minutes"": 376.55502471251236, ""scene_count"": 9, ""scene_minutes"": 90.0, ""transport_count"": 9, ""transport_minutes"": 369.6999999999996}, ""stroke"": {""expected_lost"": 8.307018535702124, ""expected_saved"": 3.692981464297876, ""mean_response_minutes"": 50.05675863516448, ""mean_scene_minutes"": 14.0, ""mean_transport_minutes"": 26.46999999999998, ""p90_response_minutes"": 65.36626292127808, ""patients"": 12, ""response_count"": 10, ""response_minutes"": 500.56758635164476, ""scene_count"": 10, ""scene_minutes"": 140.0, ""transport_count"": 10, ""transport_minutes"": 264.6999999999998}, ""trauma"": {""expected_lost"": 9.11587973370657, ""expected_saved"": 0.8841202662934299, ""mean_response_minutes"": 90.17901166265574, ""mean_scene_minutes"": 15.999999999999993, ""mean_transport_minutes"": 30.24444444444445, ""p90_response_minutes"": 188.0479428807129, ""patients"": 10, ""response_count"": 9, ""response_minutes"": 811.6111049639017, ""scene_count"": 9, ""scene_minutes"": 143.99999999999994, ""transport_count"": 9, ""transport_minutes"": 272.20000000000005}}","{""arrive_hospital"": 83, ""arrive_scene"": 37, ""hospital_release"": 60, ""patient_arrival"": 43, ""reposition_complete"": 36, ""restock_complete"": 36, ""scene_complete"": 37, ""transfer_ready"": 65}",30.01674,12.98326,0.30193628870483674,54.65453667218336,13.027027027027026,35.040540540540526,104.92624746061892,37,0.8604651162790697,43,43,6
no-reposition,57,1057,"{""cardiac"": {""expected_lost"": 5.702993538451144, ""expected_saved"": 0.29700646154885657, ""mean_response_minutes"": 97.64968256110262, ""mean_scene_minutes"": 12.0, ""mean_transport_minutes"": 36.69999999999997, ""p90_response_minutes"": 186.40542458662935, ""patients"": 6, ""response_count"": 6, ""response_minutes"": 585.8980953666157, ""scene_count"": 6, ""scene_minutes"": 72.0, ""transport_count"": 6, ""transport_minutes"": 220.19999999999982}, ""minor"": {""expected_lost"": 1.7888737865754039, ""expected_saved"": 10.211126213424595, ""mean_response_minutes"": 45.09915774711872, ""mean_scene_minutes"": 10.0, ""mean_transport_minutes"": 37.354166666666664, ""p90_response_minutes"": 87.51465598803489, ""patients"": 12, ""response_count"": 12, ""response_minutes"": 541.1898929654246, ""scene_count"": 12, ""scene_minutes"": 120.0, ""transport_count"": 12, ""transport_minutes"": 448.25}, ""stroke"": {""expected_lost"": 5.527759015385655, ""expected_saved"": 3.472240984614344, ""mean_response_minutes"": 50.45284130600561, ""mean_scene_minutes"": 14.0, ""mean_transport_minutes"": 28.422222222222217, ""p90_response_minutes"": 92.7032159878949, ""patients"": 9, ""response_count"": 9, ""response_minutes"": 454.0755717540505, ""scene_count"": 9, ""scene_minutes"": 126.0, ""transport_count"": 9, ""transport_minutes"": 255.79999999999995}, ""trauma"": {""expected_lost"": 9.394671878354636, ""expected_saved"": 1.6053281216453632, ""mean_response_minutes"": 40.9710985394841, ""mean_scene_minutes"": 15.999999999999998, ""mean_transport_minutes"": 25.200000000000003, ""p90_response_minutes"": 58.79365468702713, ""patients"": 11, ""response_count"": 11, ""response_minutes"": 450.68208393432514, ""scene_count"": 11, ""scene_minutes"": 175.99999999999997, ""transport_count"": 11, ""transport_minutes"": 277.20000000000005}}","{""arrive_hospital"": 82, ""arrive_scene"": 38, ""hospital_release"": 60, ""patient_arrival"": 38, ""reposition_complete"": 37, ""restock_complete"": 37, ""scene_complete"": 38, ""transfer_ready"": 64}",22.414298,15.585702,0.4101500468745568,53.46962221106357,13.0,31.61710526315789,125.95421100299336,38,1.0,38,38,0
no-reposition,58,1058,"{""cardiac"": {""expected_lost"": 11.380295308558585, ""expected_saved"": 0.6197046914414154, ""mean_response_minutes"": 66.53095203728485, ""mean_scene_minutes"": 11.999999999999995, ""mean_transport_minutes"": 40.35833333333334, ""p90_response_minutes"": 139.33941429531467, ""patients"": 12, ""response_count"": 12, ""response_minutes"": 798.3714244474181, ""scene_count"": 12, ""scene_minutes"": 143.99999999999994, ""transport_count"": 12, ""transport_minutes"": 484.30000000000007}, ""minor"": {""expected_lost"": 2.551512601278098, ""expected_saved"": 10.448487398721902, ""mean_response_minutes"": 40.12471887415001, ""mean_scene_minutes"": 10.0, ""mean_transport_minutes"": 39.883333333333326, ""p90_response_minutes"": 80.07320649822861, ""patients"": 13, ""response_count"": 12, ""response_minutes"": 481.4966264898002, ""scene_count"": 12, ""scene_minutes"": 120.0, ""transport_count"": 12, ""transport_minutes"": 478.5999999999999}, ""stroke"": {""expected_lost"": 5.0573259455657835, ""expected_saved"": 1.942674054434217, ""mean_response_minutes"": 122.74582247675842, ""mean_scene_minutes"": 14.0, ""mean_transport_minutes"": 26.142857142857142, ""p90_response_minutes"": 314.47881720672336, ""patients"": 7, ""response_count"": 7, ""response_minutes"": 859.2207573373089, ""scene_count"": 7, ""scene_minutes"": 98.0, ""transport_count"": 7, ""transport_minutes"": 183.0}, ""trauma"": {""expected_lost"": 9.515327516826996, ""expected_saved"": 1.4846724831730045, ""mean_response_minutes"": 45.293000605419564, ""mean_scene_minutes"": 16.0, ""mean_transport_minutes"": 26.09090909090909, ""p90_response_minutes"": 82.34698500000036, ""patients"": 11, ""response_count"": 11, ""response_minutes"": 498.22300665961524, ""scene_count"": 11, ""scene_minutes"": 176.0, ""transport_count"": 11, ""transport_minutes"": 287.0}}","{""arrive_hospital"": 96, ""arrive_scene"": 42, ""hospital_release"": 67, ""patient_arrival"": 43, ""reposition_complete"": 41, ""restock_complete"": 41, ""scene_complete"": 42, ""transfer_ready"": 73}",28.504461,14.495539,0.3371055494830357,62.7931384508129,12.80952380952381,34.11666666666667,126.53374665096644,42,0.9767441860465116,43,43,1
no-reposition,59,1059,"{""cardiac"": {""expected_lost"": 13.331779877747662, ""expected_saved"": 0.6682201222523404, ""mean_response_minutes"": 89.81771303344388, ""mean_scene_minutes"": 12.0, ""mean_transport_minutes"": 38.91538461538461, ""p90_response_minutes"": 162.08548085150449, ""patients"": 14, ""response_count"": 13, ""response_minutes"": 1167.6302694347705, ""scene_count"": 13, ""scene_minutes"": 156.0, ""transport_count"": 13, ""transport_minutes"": 505.9}, ""minor"": {""expected_lost"": 1.3424559371059437, ""expected_saved"": 4.657544062894056, ""mean_response_minutes"": 26.239999999999963, ""mean_scene_minutes"": 10.0, ""mean_transport_minutes"": 43.799999999999955, ""p90_response_minutes"": 41.59999999999991, ""patients"": 6, ""response_count"": 5, ""response_minutes"": 131.19999999999982, ""scene_count"": 5, ""scene_minutes"": 50.0, ""transport_count"": 5, ""transport_minutes"": 218.99999999999977}, ""stroke"": {""expected_lost"": 6.522445039266284, ""expected_saved"": 4.477554960733716, ""mean_response_minutes"": 35.79527156667246, ""mean_scene_minutes"": 14.0, ""mean_transport_minutes"": 25.636363636363637, ""p90_response_minutes"": 51.27031516838929, ""patients"": 11, ""response_count"": 11, ""response_minutes"": 393.7479872333971, ""scene_count"": 11, ""scene_minutes"": 154.0, ""transport_count"": 11, ""transport_minutes"": 282.0}, ""trauma"": {""expected_lost"": 13.843107835899055, ""expected_saved"": 2.156892164100945, ""mean_response_minutes"": 41.94667425055859, ""mean_scene_minutes"": 14.999999999999996, ""mean_transport_minutes"": 23.439999999999994, ""p90_response_minutes"": 74.63692645475078, ""patients"": 16, ""response_count"": 16, ""response_minutes"": 671.1467880089374, ""scene_count"": 16, ""scene_minutes"": 239.99999999999994, ""transport_count"": 15, ""transport_minutes"": 351.5999999999999}}","{""arrive_hospital"": 87, ""arrive_mortuary"": 1, ""arrive_scene"": 45, ""hospital_release"": 58, ""patient_arrival"": 47, ""reposition_complete"": 43, ""restock_complete"": 43, ""scene_complete"": 44, ""transfer_ready"": 70}",35.039789,11.960211,0.2544725810634268,52.527223215046774,13.333333333333334,30.874999999999996,81.2955100999582,45,0.9574468085106383,47,47,2
no-reposition,60,1060,"{""cardiac"": {""expected_lost"": 11.881040017174906, ""expected_saved"": 1.1189599828250942, ""mean_response_minutes"": 59.564946934849885, ""mean_scene_minutes"": 12.0, ""mean_transport_minutes"": 39.92692307692308, ""p90_response_minutes"": 125.53502774509327, ""patients"": 13, ""response_count"": 13, ""response_minutes"": 774.3443101530485, ""scene_count"": 13, ""scene_minutes"": 156.0, ""transport_count"": 13, ""transport_minutes"": 519.0500000000001}, ""minor"": {""expected_lost"": 1.0499107460336023, ""expected_saved"": 8.950089253966397, ""mean_response_minutes"": 33.34538235302275, ""mean_scene_minutes"": 10.0, ""mean_transport_minutes"": 41.11499999999999, ""p90_response_minutes"": 45.7126962742052, ""patients"": 10, ""response_count"": 10, ""response_minutes"": 333.4538235302275, ""scene_count"": 10, ""scene_minutes"": 100.0, ""transport_count"": 10, ""transport_minutes"": 411.14999999999986}, ""stroke"": {""expected_lost"": 4.653250912390426, ""expected_saved"": 2.346749087609573, ""mean_response_minutes"": 33.44146155579538, ""mean_scene_minutes"": 14.000000000000009, ""mean_transport_minutes"": 29.791666666666668, ""p90_response_minutes"": 53.24179332841655, ""patients"": 7, ""response_count"": 7, ""response_minutes"": 234.09023089056765, ""scene_count"": 7, ""scene_minutes"": 98.00000000000006, ""transport_count"": 6, ""transport_minutes"": 178.75}, ""trauma"": {""expected_lost"": 8.117489793467485, ""expected_saved"": 0.8825102065325161, ""mean_response_minutes"": 78.85261205974712, ""mean_scene_minutes"": 16.0, ""mean_transport_minutes"": 27.75, ""p90_response_minutes"": 199.5475505438556, ""patients"": 9, ""response_count"": 9, ""response_minutes"": 709.673508537724, ""scene_count"": 9, ""scene_minutes"": 144.0, ""transport_count"": 9, ""transport_minutes"": 249.75}}","{""arrive_hospital"": 90, ""arrive_scene"": 39, ""hospital_release"": 63, ""patient_arrival"": 39, ""reposition_complete"": 38, ""restock_complete"": 38, ""scene_complete"": 39, ""transfer_ready"": 67}",25.701691,13.298309,0.34098227002393794,52.60415059260429,12.76923076923077,35.75526315789473,98.85471299628534,39,1.0,39,39,0
no-reposition,61,1061,"{""cardiac"": {""expected_lost"": 13.823270471044708, ""expected_saved"": 1.1767295288129644, ""mean_response_minutes"": 84.18612225961297, ""mean_scene_minutes"": 12.0, ""mean_transport_minutes"": 38.66333333333333, ""p90_response_minutes"": 211.04782738965042, ""patients"": 15, ""response_count"": 15, ""response_minutes"": 1262.7918338941945, ""scene_count"": 15, ""scene_minutes"": 180.0, ""transport_count"": 15, ""transport_minutes"": 579.9499999999999}, ""minor"": {""expected_lost"": 0.5264511813848269, ""expected_saved"": 3.473548818615173, ""mean_response_minutes"": 40.82529316232896, ""mean_scene_minutes"": 10.0, ""mean_transport_minutes"": 38.0, ""p90_response_minutes"": 69.45112567419316, ""patients"": 4, ""response_count"": 4, ""response_minutes"": 163.30117264931584, ""scene_count"": 4, ""scene_minutes"": 40.0, ""transport_count"": 4, ""transport_minutes"": 152.0}, ""stroke"": {""expected_lost"": 7.641731867881907, ""expected_saved"": 4.358268132118092, ""mean_response_minutes"": 47.92762264527608, ""mean_scene_minutes"": 14.0, ""mean_transport_minutes"": 25.26666666666667, ""p90_response_minutes"": 53.0392374397613, ""patients"": 12, ""response_count"": 12, ""response_minutes"": 575.131471743313, ""scene_count"": 12, ""scene_minutes"": 168.0, ""transport_count"": 12, ""transport_minutes"": 303.20000000000005}, ""trauma"": {""expected_lost"": 6.665578537843493, ""expected_saved"": 1.3344214621565056, ""mean_response_minutes"": 31.476426450354094, ""mean_scene_minutes"": 14.0, ""mean_transport_minutes"": 24.921428571428578, ""p90_response_minutes"": 58.550281839304276, ""patients"": 8, ""response_count"": 8, ""response_minutes"": 251.81141160283275, ""scene_count"": 8, ""scene_minutes"": 112.0, ""transport_count"": 7, ""transport_minutes"": 174.45000000000005}}","{""arrive_hospital"": 87, ""arrive_scene"": 39, ""hospital_release"": 65, ""patient_arrival"": 39, ""reposition_complete"": 37, ""restock_complete"": 37, ""scene_complete"": 38, ""transfer_ready"": 68}",28.657032,10.342968,0.26520430619750607,57.77015102281168,12.820512820512821,31.831578947368417,119.1689775926245,39,1.0,39,39,0
no-reposition,62,1062,"{""cardiac"": {""expected_lost"": 10.223776651311978, ""expected_saved"": 0.7762233484581014, ""mean_response_minutes"": 92.29703628182212, ""mean_scene_minutes"": 12.000000000000007, ""mean_transport_minutes"": 37.00555555555555, ""p90_response_minutes"": 251.4991863769958, ""patients"": 11, ""response_count"": 9, ""response_minutes"": 830.673326536399, ""scene_count"": 9, ""scene_minutes"": 108.00000000000006, ""transport_count"": 9, ""transport_minutes"": 333.04999999999995}, ""minor"": {""expected_lost"": 4.972049086527374, ""expected_saved"": 7.027950913472627, ""mean_response_minutes"": 157.46908901331497, ""mean_scene_minutes"": 10.0, ""mean_transport_minutes"": 41.01818181818182, ""p90_response_minutes"": 390.1793104856079, ""patients"": 12, ""response_count"": 12, ""response_minutes"": 1889.6290681597798, ""scene_count"": 12, ""scene_minutes"": 120.0, ""transport_count"": 11, ""transport_minutes"": 451.20000000000005}, ""stroke"": {""expected_lost"": 9.281481973224091, ""expected_saved"": 4.718518026775908, ""mean_response_minutes"": 94.21116164788297, ""mean_scene_minutes"": 14.0, ""mean_transport_minutes"": 26.43928571428572, ""p90_response_minutes"": 85.85363343716674, ""patients"": 14, ""response_count"": 14, ""response_minutes"": 1318.9562630703617, ""scene_count"": 14, ""scene_minutes"": 196.0, ""transport_count"": 14, ""transport_minutes"": 370.1500000000001}, ""trauma"": {""expected_lost"": 13.65824362840904, ""expected_saved"": 1.3417563715909604, ""mean_response_minutes"": 57.27684620082522, ""mean_scene_minutes"": 16.0, ""mean_transport_minutes"": 24.412500000000005, ""p90_response_minutes"": 79.26584994832096, ""patients"": 15, ""response_count"": 12, ""response_minutes"": 687.3221544099026, ""scene_count"": 12, ""scene_minutes"": 192.0, ""transport_count"": 12, ""transport_minutes"": 292.95000000000005}}","{""arrive_hospital"": 98, ""arrive_scene"": 47, ""hospital_release"": 66, ""patient_arrival"": 52, ""reposition_complete"": 46, ""restock_complete"": 46, ""scene_complete"": 47, ""transfer_ready"": 78}",38.135551,13.864449,0.2666240126980307,100.56554919524349,13.106382978723405,31.46413043478261,181.25115832861093,47,0.9038461538461539,52,52,5
no-reposition,63,1063,"{""cardiac"": {""expected_lost"": 9.084956960170857, ""expected_saved"": 0.9150430398291431, ""mean_response_minutes"": 58.69149163576804, ""mean_scene_minutes"": 12.0, ""mean_transport_minutes"": 39.53333333333333, ""p90_response_minutes"": 116.67570600710181, ""patients"": 10, ""response_count"": 9, ""response_minutes"": 528.2234247219124, ""scene_count"": 9, ""scene_minutes"": 108.0, ""transport_count"": 9, ""transport_minutes"": 355.79999999999995}, ""minor"": {""expected_lost"": 1.3683998493800629, ""expected_saved"": 6.631600150619937, ""mean_response_minutes"": 52.041259989974925, ""mean_scene_minutes"": 10.0, ""mean_transport_minutes"": 44.46874999999997, ""p90_response_minutes"": 106.0307327286683, ""patients"": 8, ""response_count"": 8, ""response_minutes"": 416.3300799197994, ""scene_count"": 8, ""scene_minutes"": 80.0, ""transport_count"": 8, ""transport_minutes"": 355.7499999999998}, ""stroke"": {""expected_lost"": 5.317141805563929, ""expected_saved"": 1.6828581944360712, ""mean_response_minutes"": 55.51421380635039, ""mean_scene_minutes"": 11.666666666666666, ""mean_transport_minutes"": 26.6, ""p90_response_minutes"": 86.52151930294986, ""patients"": 7, ""response_count"": 6, ""response_minutes"": 333.08528283810233, ""scene_count"": 6, ""scene_minutes"": 70.0, ""transport_count"": 5, ""transport_minutes"": 133.0}, ""trauma"": {""expected_lost"": 13.625290395223987, ""expected_saved"": 2.374709604776013, ""mean_response_minutes"": 33.05890398622709, ""mean_scene_minutes"": 16.0, ""mean_transport_minutes"": 26.079999999999995, ""p90_response_minutes"": 61.0497734362871, ""patients"": 16, ""response_count"": 15, ""response_minutes"": 495.88355979340633, ""scene_count"": 15, ""scene_minutes"": 240.0, ""transport_count"": 15, ""transport_minutes"": 391.19999999999993}}","{""arrive_hospital"": 76, ""arrive_scene"": 38, ""hospital_release"": 51, ""patient_arrival"": 41, ""reposition_complete"": 36, ""restock_complete"": 36, ""scene_complete"": 37, ""transfer_ready"": 58}",29.395789,11.604211,0.28302953633319905,46.67164071771633,13.105263157894736,33.39864864864864,92.55228149041585,38,0.926829268292683,41,41,3
no-reposition,64,1064,"{""cardiac"": {""expected_lost"": 13.189026861336966, ""expected_saved"": 0.8109731386630321, ""mean_response_minutes"": 56.39993238904869, ""mean_scene_minutes"": 12.0, ""mean_transport_minutes"": 36.918181818181814, ""p90_response_minutes"": 87.4924059831967, ""patients"": 14, ""response_count"": 11, ""response_minutes"": 620.3992562795356, ""scene_count"": 11, ""scene_minutes"": 132.0, ""transport_count"": 11, ""transport_minutes"": 406.09999999999997}, ""minor"": {""expected_lost"": 2.8758138146530774, ""expected_saved"": 7.124186185346923, ""mean_response_minutes"": 58.5141702799448, ""mean_scene_minutes"": 8.99999999999999, ""mean_transport_minutes"": 44.37777777777777, ""p90_response_minutes"": 102.59569895252862, ""patients"": 10, ""response_count"": 10, ""response_minutes"": 585.141702799448, ""scene_count"": 10, ""scene_minutes"": 89.99999999999989, ""transport_count"": 9, ""transport_minutes"": 399.4}, ""stroke"": {""expected_lost"": 6.194310389454062, ""expected_saved"": 3.8056896105459384, ""mean_response_minutes"": 35.90310131970604, ""mean_scene_minutes"": 14.0, ""mean_transport_minutes"": 26.666666666666668, ""p90_response_minutes"": 69.47378786900089, ""patients"": 10, ""response_count"": 9, ""response_minutes"": 323.12791187735434, ""scene_count"": 9, ""scene_minutes"": 126.0, ""transport_count"": 9, ""transport_minutes"": 240.0}, ""trauma"": {""expected_lost"": 9.141287816459524, ""expected_saved"": 1.8587121835404765, ""mean_response_minutes"": 52.13661428180789, ""mean_scene_minutes"": 16.0, ""mean_transport_minutes"": 26.27999999999999, ""p90_response_minutes"": 65.62696443844214, ""patients"": 11, ""response_count"": 10, ""response_minutes"": 521.3661428180789, ""scene_count"": 10, ""scene_minutes"": 160.0, ""transport_count"": 10, ""transport_minutes"": 262.7999999999999}}","{""arrive_hospital"": 86, ""arrive_scene"": 40, ""hospital_release"": 60, ""patient_arrival"": 45, ""reposition_complete"": 38, ""restock_complete"": 38, ""scene_complete"": 39, ""transfer_ready"": 67}",31.400439,13.599561,0.3022124692910302,51.25087534436041,12.699999999999998,33.54615384615384,88.27529118832238,40,0.8888888888888888,45,45,5
no-reposition,65,1065,"{""cardiac"": {""expected_lost"": 14.139673106270886, ""expected_saved"": 0.8603268937291129, ""mean_response_minutes"": 50.18411683671285, ""mean_scene_minutes"": 12.0, ""mean_transport_minutes"": 40.372727272727275, ""p90_response_minutes"": 101.63028142437588, ""patients"": 15, ""response_count"": 11, ""response_minutes"": 552.0252852038413, ""scene_count"": 11, ""scene_minutes"": 132.0, ""transport_count"": 11, ""transport_minutes"": 444.1}, ""minor"": {""expected_lost"": 4.512302144233023, ""expected_saved"": 5.487697855766977, ""mean_response_minutes"": 32.078946930223275, ""mean_scene_minutes"": 10.0, ""mean_transport_minutes"": 44.0333333333333, ""p90_response_minutes"": 39.787103727592466, ""patients"": 10, ""response_count"": 6, ""response_minutes"": 192.47368158133963, ""scene_count"": 6, ""scene_minutes"": 60.0, ""transport_count"": 6, ""transport_minutes"": 264.1999999999998}, ""stroke"": {""expected_lost"": 9.707796040932314, ""expected_saved"": 5.292203959067687, ""mean_response_minutes"": 35.95107569996004, ""mean_scene_minutes"": 14.0, ""mean_transport_minutes"": 27.803571428571427, ""p90_response_minutes"": 71.90106455871671, ""patients"": 15, ""response_count"": 14, ""response_minutes"": 503.31505979944063, ""scene_count"": 14, ""scene_minutes"": 196.0, ""transport_count"": 14, ""transport_minutes"": 389.25}, ""trauma"": {""expected_lost"": 8.279887330622174, ""expected_saved"": 0.7201126693778259, ""mean_response_minutes"": 69.61065997207398, ""mean_scene_minutes"": 16.0, ""mean_transport_minutes"": 24.650000000000006, ""p90_response_minutes"": 114.62881151169825, ""patients"": 9, ""response_count"": 9, ""response_minutes"": 626.4959397486658, ""scene_count"": 9, ""scene_minutes"": 144.0, ""transport_count"": 8, ""transport_minutes"": 197.20000000000005}}","{""arrive_hospital"": 87, ""arrive_scene"": 40, ""hospital_release"": 60, ""patient_arrival"": 49, ""reposition_complete"": 39, ""restock_complete"": 39, ""scene_complete"": 40, ""transfer_ready"": 70}",36.639659,12.360341,0.2522518648559509,46.85774915833219,13.3,33.19871794871795,82.52956704699989,40,0.8163265306122449,49,49,9
no-reposition,66,1066,"{""cardiac"": {""expected_lost"": 11.266747225227654, ""expected_saved"": 0.7332527747723458, ""mean_response_minutes"": 92.53567382089838, ""mean_scene_minutes"": 12.0, ""mean_transport_minutes"": 37.75999999999999, ""p90_response_minutes"": 205.2842450563889, ""patients"": 12, ""response_count"": 10, ""response_minutes"": 925.3567382089839, ""scene_count"": 10, ""scene_minutes"": 120.0, ""transport_count"": 10, ""transport_minutes"": 377.5999999999999}, ""minor"": {""expected_lost"": 2.925869419331762, ""expected_saved"": 11.074130580668239, ""mean_response_minutes"": 47.8734655011658, ""mean_scene_minutes"": 10.0, ""mean_transport_minutes"": 41.01153846153846, ""p90_response_minutes"": 66.22716108859238, ""patients"": 14, ""response_count"": 14, ""response_minutes"": 670.2285170163212, ""scene_count"": 14, ""scene_minutes"": 140.0, ""transport_count"": 13, ""transport_minutes"": 533.15}, ""stroke"": {""expected_lost"": 9.042316195791818, ""expected_saved"": 2.9576838042081803, ""mean_response_minutes"": 69.76289342209223, ""mean_scene_minutes"": 14.0, ""mean_transport_minutes"": 28.85909090909089, ""p90_response_minutes"": 124.22569358066016, ""patients"": 12, ""response_count"": 11, ""response_minutes"": 767.3918276430145, ""scene_count"": 11, ""scene_minutes"": 154.0, ""transport_count"": 11, ""transport_minutes"": 317.4499999999998}, ""trauma"": {""expected_lost"": 11.894434307285179, ""expected_saved"": 1.1055656927148192, ""mean_response_minutes"": 71.79220782626538, ""mean_scene_minutes"": 16.0, ""mean_transport_minutes"": 24.74999999999999, ""p90_response_minutes"": 152.5606301615269, ""patients"": 13, ""response_count"": 12, ""response_minutes"": 861.5064939151846, ""scene_count"": 12, ""scene_minutes"": 192.0, ""transport_count"": 12, ""transport_minutes"": 296.9999999999999}}","{""arrive_hospital"": 101, ""arrive_scene"": 47, ""hospital_release"": 71, ""patient_arrival"": 51, ""reposition_complete"": 45, ""restock_complete"": 45, ""scene_complete"": 47, ""transfer_ready"": 79}",35.129367,15.870633,0.3111888794581097,68.60603354858519,12.893617021276595,33.15652173913043,158.81302776359001,47,0.9215686274509803,51,51,4
no-reposition,67,1067,"{""cardiac"": {""expected_lost"": 15.251126351314507, ""expected_saved"": 0.7488736486854924, ""mean_response_minutes"": 48.38432457480454, ""mean_scene_minutes"": 12.0, ""mean_transport_minutes"": 40.68999999999998, ""p90_response_minutes"": 72.53891039348537, ""patients"": 16, ""response_count"": 11, ""response_minutes"": 532.2275703228499, ""scene_count"": 11, ""scene_minutes"": 132.0, ""transport_count"": 10, ""transport_minutes"": 406.89999999999986}, ""minor"": {""expected_lost"": 2.534185025450582, ""expected_saved"": 4.465814974549418, ""mean_response_minutes"": 37.069736503975264, ""mean_scene_minutes"": 10.0, ""mean_transport_minutes"": 41.08000000000002, ""p90_response_minutes"": 54.285438252434645, ""patients"": 7, ""response_count"": 5, ""response_minutes"": 185.34868251987632, ""scene_count"": 5, ""scene_minutes"": 50.0, ""transport_count"": 5, ""transport_minutes"": 205.4000000000001}, ""stroke"": {""expected_lost"": 5.955211330143935, ""expected_saved"": 3.044788669856065, ""mean_response_minutes"": 40.58004312090392, ""mean_scene_minutes"": 14.0, ""mean_transport_minutes"": 25.857142857142858, ""p90_response_minutes"": 68.88447706534382, ""patients"": 9, ""response_count"": 8, ""response_minutes"": 324.6403449672314, ""scene_count"": 8, ""scene_minutes"": 112.0, ""transport_count"": 7, ""transport_minutes"": 181.0}, ""trauma"": {""expected_lost"": 18.683801622190586, ""expected_saved"": 2.3161983778094166, ""mean_response_minutes"": 57.53994566038848, ""mean_scene_minutes"": 15.999999999999995, ""mean_transport_minutes"": 28.48421052631578, ""p90_response_minutes"": 100.36500996361946, ""patients"": 21, ""response_count"": 19, ""response_minutes"": 1093.2589675473812, ""scene_count"": 19, ""scene_minutes"": 303.9999999999999, ""transport_count"": 19, ""transport_minutes"": 541.1999999999998}}","{""arrive_hospital"": 78, ""arrive_scene"": 43, ""hospital_release"": 57, ""patient_arrival"": 53, ""reposition_complete"": 41, ""restock_complete"": 41, ""scene_complete"": 43, ""transfer_ready"": 63}",42.424324,10.575676,0.19954105039434702,49.66222245017068,13.906976744186045,32.54878048780487,72.28166408308212,43,0.8113207547169812,53,53,10
no-reposition,68,1068,"{""cardiac"": {""expected_lost"": 10.685525320477167, ""expected_saved"": 1.3144746795228335, ""mean_response_minutes"": 31.30409821551043, ""mean_scene_minutes"": 12.0, ""mean_transport_minutes"": 39.48181818181818, ""p90_response_minutes"": 60.96351290072187, ""patients"": 12, ""response_count"": 11, ""response_minutes"": 344.3450803706147, ""scene_count"": 11, ""scene_minutes"": 132.0, ""transport_count"": 11, ""transport_minutes"": 434.29999999999995}, ""minor"": {""expected_lost"": 1.4046437838974977, ""expected_saved"": 8.595356216102502, ""mean_response_minutes"": 41.483007089423964, ""mean_scene_minutes"": 10.0, ""mean_transport_minutes"": 37.61499999999999, ""p90_response_minutes"": 59.34606286007279, ""patients"": 10, ""response_count"": 10, ""response_minutes"": 414.83007089423967, ""scene_count"": 10, ""scene_minutes"": 100.0, ""transport_count"": 10, ""transport_minutes"": 376.14999999999986}, ""stroke"": {""expected_lost"": 7.214835581674929, ""expected_saved"": 2.78516441832507, ""mean_response_minutes"": 81.24810963078681, ""mean_scene_minutes"": 13.999999999999988, ""mean_transport_minutes"": 28.6875, ""p90_response_minutes"": 147.23797251805036, ""patients"": 10, ""response_count"": 9, ""response_minutes"": 731.2329866770813, ""scene_count"": 9, ""scene_minutes"": 125.99999999999989, ""transport_count"": 8, ""transport_minutes"": 229.5}, ""trauma"": {""expected_lost"": 10.842935373862918, ""expected_saved"": 1.1570646261370832, ""mean_response_minutes"": 90.05705355095711, ""mean_scene_minutes"": 16.0, ""mean_transport_minutes"": 28.560000000000013, ""p90_response_minutes"": 154.38235324190086, ""patients"": 12, ""response_count"": 10, ""response_minutes"": 900.5705355095711, ""scene_count"": 10, ""scene_minutes"": 160.0, ""transport_count"": 10, ""transport_minutes"": 285.60000000000014}}","{""arrive_hospital"": 87, ""arrive_scene"": 40, ""hospital_release"": 63, ""patient_arrival"": 44, ""reposition_complete"": 38, ""restock_complete"": 38, ""scene_complete"": 40, ""transfer_ready"": 67}",30.14794,13.85206,0.31481954409289753,59.77446683628769,12.949999999999998,33.988461538461536,80.4420669021734,40,0.9090909090909091,44,44,4
no-reposition,69,1069,"{""cardiac"": {""expected_lost"": 9.471079128722696, ""expected_saved"": 0.5289208712773039, ""mean_response_minutes"": 55.58209607458684, ""mean_scene_minutes"": 12.0, ""mean_transport_minutes"": 39.91666666666665, ""p90_response_minutes"": 99.32211785071377, ""patients"": 10, ""response_count"": 6, ""response_minutes"": 333.49257644752106, ""scene_count"": 6, ""scene_minutes"": 72.0, ""transport_count"": 6, ""transport_minutes"": 239.4999999999999}, ""minor"": {""expected_lost"": 5.411313100525771, ""expected_saved"": 12.58868689947423, ""mean_response_minutes"": 62.70271727069538, ""mean_scene_minutes"": 9.411764705882353, ""mean_transport_minutes"": 39.88437499999999, ""p90_response_minutes"": 84.4028482225542, ""patients"": 18, ""response_count"": 17, ""response_minutes"": 1065.9461936018215, ""scene_count"": 17, ""scene_minutes"": 160.0, ""transport_count"": 16, ""transport_minutes"": 638.1499999999999}, ""stroke"": {""expected_lost"": 9.571083484375492, ""expected_saved"": 2.4289165156245063, ""mean_response_minutes"": 118.05234937046592, ""mean_scene_minutes"": 14.0, ""mean_transport_minutes"": 27.11500000000001, ""p90_response_minutes"": 279.21834636962797, ""patients"": 12, ""response_count"": 10, ""response_minutes"": 1180.5234937046591, ""scene_count"": 10, ""scene_minutes"": 140.0, ""transport_count"": 10, ""transport_minutes"": 271.1500000000001}, ""trauma"": {""expected_lost"": 11.028294570760758, ""expected_saved"": 0.9717054292392401, ""mean_response_minutes"": 48.79176296370807, ""mean_scene_minutes"": 16.0, ""mean_transport_minutes"": 24.97222222222222, ""p90_response_minutes"": 76.24800112038633, ""patients"": 12, ""response_count"": 9, ""response_minutes"": 439.12586667337257, ""scene_count"": 9, ""scene_minutes"": 144.0, ""transport_count"": 9, ""transport_minutes"": 224.75}}","{""arrive_hospital"": 95, ""arrive_scene"": 42, ""hospital_release"": 63, ""patient_arrival"": 52, ""reposition_complete"": 41, ""restock_complete"": 41, ""scene_complete"": 41, ""transfer_ready"": 73}",35.48177,16.51823,0.31765826376183237,71.8830507244613,12.285714285714286,33.501219512195114,110.20853606542804,42,0.8076923076923077,52,52,10
no-reposition,70,1070,"{""cardiac"": {""expected_lost"": 14.523315996723642, ""expected_saved"": 0.4766840032763589, ""mean_response_minutes"": 122.66581844321671, ""mean_scene_minutes"": 11.076923076923077, ""mean_transport_minutes"": 40.03333333333332, ""p90_response_minutes"": 297.61438040323367, ""patients"": 15, ""response_count"": 13, ""response_minutes"": 1594.6556397618172, ""scene_count"": 13, ""scene_minutes"": 144.0, ""transport_count"": 12, ""transport_minutes"": 480.3999999999998}, ""minor"": {""expected_lost"": 2.570325100652058, ""expected_saved"": 10.42967489934794, ""mean_response_minutes"": 58.24950002786163, ""mean_scene_minutes"": 10.0, ""mean_transport_minutes"": 40.14615384615385, ""p90_response_minutes"": 92.7086289708859, ""patients"": 13, ""response_count"": 13, ""response_minutes"": 757.2435003622012, ""scene_count"": 13, ""scene_minutes"": 130.0, ""transport_count"": 13, ""transport_minutes"": 521.9000000000001}, ""stroke"": {""expected_lost"": 6.928945735643287, ""expected_saved"": 3.071054264356714, ""mean_response_minutes"": 96.34722921592042, ""mean_scene_minutes"": 14.0, ""mean_transport_minutes"": 25.5, ""p90_response_minutes"": 215.40674487319143, ""patients"": 10, ""response_count"": 10, ""response_minutes"": 963.4722921592042, ""scene_count"": 10, ""scene_minutes"": 140.0, ""transport_count"": 10, ""transport_minutes"": 255.0}, ""trauma"": {""expected_lost"": 8.311680401008525, ""expected_saved"": 0.6883195989914741, ""mean_response_minutes"": 154.4151419103, ""mean_scene_minutes"": 16.0, ""mean_transport_minutes"": 26.516666666666673, ""p90_response_minutes"": 454.24642213369157, ""patients"": 9, ""response_count"": 9, ""response_minutes"": 1389.7362771927, ""scene_count"": 9, ""scene_minutes"": 144.0, ""transport_count"": 9, ""transport_minutes"": 238.65000000000006}}","{""arrive_hospital"": 101, ""arrive_mortuary"": 1, ""arrive_scene"": 45, ""hospital_release"": 69, ""patient_arrival"": 47, ""reposition_complete"": 44, ""restock_complete"": 44, ""scene_complete"": 44, ""transfer_ready"": 77}",32.334267,14.665733,0.31203686736111663,104.55794909946495,12.4,33.99886363636363,289.1708651542299,45,0.9574468085106383,47,47,2
no-reposition,71,1071,"{""cardiac"": {""expected_lost"": 5.579161168743047, ""expected_saved"": 0.42083883125695143, ""mean_response_minutes"": 50.28543568397058, ""mean_scene_minutes"": 12.0, ""mean_transport_minutes"": 42.44999999999997, ""p90_response_minutes"": 99.85630705191176, ""patients"": 6, ""response_count"": 6, ""response_minutes"": 301.7126141038235, ""scene_count"": 6, ""scene_minutes"": 72.0, ""transport_count"": 6, ""transport_minutes"": 254.69999999999982}, ""minor"": {""expected_lost"": 4.356946731376645, ""expected_saved"": 14.643053268623353, ""mean_response_minutes"": 41.1548939051094, ""mean_scene_minutes"": 9.444444444444445, ""mean_transport_minutes"": 39.452941176470574, ""p90_response_minutes"": 59.891114362062424, ""patients"": 19, ""response_count"": 18, ""response_minutes"": 740.7880902919692, ""scene_count"": 18, ""scene_minutes"": 170.0, ""transport_count"": 17, ""transport_minutes"": 670.6999999999998}, ""stroke"": {""expected_lost"": 8.878975287060427, ""expected_saved"": 4.12102471293957, ""mean_response_minutes"": 40.333025473765474, ""mean_scene_minutes"": 14.0, ""mean_transport_minutes"": 25.454545454545453, ""p90_response_minutes"": 57.28695489012625, ""patients"": 13, ""response_count"": 11, ""response_minutes"": 443.6632802114202, ""scene_count"": 11, ""scene_minutes"": 154.0, ""transport_count"": 11, ""transport_minutes"": 280.0}, ""trauma"": {""expected_lost"": 12.103876463557917, ""expected_saved"": 0.8961235364420845, ""mean_response_minutes"": 64.59801887320484, ""mean_scene_minutes"": 16.0, ""mean_transport_minutes"": 28.436363636363623, ""p90_response_minutes"": 130.14065334871486, ""patients"": 13, ""response_count"": 11, ""response_minutes"": 710.5782076052532, ""scene_count"": 11, ""scene_minutes"": 176.0, ""transport_count"": 11, ""transport_minutes"": 312.79999999999984}}","{""arrive_hospital"": 100, ""arrive_scene"": 46, ""hospital_release"": 66, ""patient_arrival"": 51, ""reposition_complete"": 43, ""restock_complete"": 43, ""scene_complete"": 45, ""transfer_ready"": 78}",30.91896,20.08104,0.39374588920121495,47.7552650480971,12.434782608695652,33.737777777777765,88.66684697662996,46,0.9019607843137255,51,51,5
no-reposition,72,1072,"{""cardiac"": {""expected_lost"": 5.823731613550857, ""expected_saved"": 0.17626838644914297, ""mean_response_minutes"": 136.0550475352871, ""mean_scene_minutes"": 12.0, ""mean_transport_minutes"": 39.25, ""p90_response_minutes"": 303.98696281812244, ""patients"": 6, ""response_count"": 5, ""response_minutes"": 680.2752376764355, ""scene_count"": 5, ""scene_minutes"": 60.0, ""transport_count"": 4, ""transport_minutes"": 157.0}, ""minor"": {""expected_lost"": 2.5886837358634067, ""expected_saved"": 11.411316264136593, ""mean_response_minutes"": 37.149579022692016, ""mean_scene_minutes"": 10.0, ""mean_transport_minutes"": 40.46153846153844, ""p90_response_minutes"": 56.67347666642823, ""patients"": 14, ""response_count"": 13, ""response_minutes"": 482.9445272949962, ""scene_count"": 13, ""scene_minutes"": 130.0, ""transport_count"": 13, ""transport_minutes"": 525.9999999999997}, ""stroke"": {""expected_lost"": 9.284619198688887, ""expected_saved"": 5.715380801311112, ""mean_response_minutes"": 36.32818407191789, ""mean_scene_minutes"": 14.0, ""mean_transport_minutes"": 26.046428571428578, ""p90_response_minutes"": 67.03232482913572, ""patients"": 15, ""response_count"": 15, ""response_minutes"": 544.9227610787683, ""scene_count"": 15, ""scene_minutes"": 210.0, ""transport_count"": 14, ""transport_minutes"": 364.6500000000001}, ""trauma"": {""expected_lost"": 9.27075776908028, ""expected_saved"": 0.7292422309197197, ""mean_response_minutes"": 77.38909975168629, ""mean_scene_minutes"": 16.0, ""mean_transport_minutes"": 26.820000000000004, ""p90_response_minutes"": 165.47918113331875, ""patients"": 10, ""response_count"": 10, ""response_minutes"": 773.8909975168629, ""scene_count"": 10, ""scene_minutes"": 160.0, ""transport_count"": 10, ""transport_minutes"": 268.20000000000005}}","{""arrive_hospital"": 87, ""arrive_scene"": 43, ""hospital_release"": 63, ""patient_arrival"": 45, ""reposition_complete"": 40, ""restock_complete"": 40, ""scene_complete"": 43, ""transfer_ready"": 70}",26.967792,18.032208,0.40071572628481256,57.721709850396806,13.023255813953488,32.09390243902439,94.92754074480735,43,0.9555555555555556,45,45,2
no-reposition,73,1073,"{""cardiac"": {""expected_lost"": 10.761175614885463, ""expected_saved"": 0.23882438511453463, ""mean_response_minutes"": 101.60346073513297, ""mean_scene_minutes"": 12.0, ""mean_transport_minutes"": 39.61666666666664, ""p90_response_minutes"": 193.8276877482087, ""patients"": 11, ""response_count"": 7, ""response_minutes"": 711.2242251459307, ""scene_count"": 7, ""scene_minutes"": 84.0, ""transport_count"": 6, ""transport_minutes"": 237.69999999999982}, ""minor"": {""expected_lost"": 1.9636767217170714, ""expected_saved"": 14.036323278282929, ""mean_response_minutes"": 39.163966416783055, ""mean_scene_minutes"": 10.0, ""mean_transport_minutes"": 40.61874999999999, ""p90_response_minutes"": 65.32147656431323, ""patients"": 16, ""response_count"": 16, ""response_minutes"": 626.6234626685289, ""scene_count"": 16, ""scene_minutes"": 160.0, ""transport_count"": 16, ""transport_minutes"": 649.8999999999999}, ""stroke"": {""expected_lost"": 5.373586486747284, ""expected_saved"": 1.6264135132527155, ""mean_response_minutes"": 75.11542171668964, ""mean_scene_minutes"": 14.0, ""mean_transport_minutes"": 26.6, ""p90_response_minutes"": 161.51236351362337, ""patients"": 7, ""response_count"": 5, ""response_minutes"": 375.5771085834482, ""scene_count"": 5, ""scene_minutes"": 70.0, ""transport_count"": 5, ""transport_minutes"": 133.0}, ""trauma"": {""expected_lost"": 11.991087977203108, ""expected_saved"": 1.0089120227968917, ""mean_response_minutes"": 96.73531382962405, ""mean_scene_minutes"": 16.000000000000004, ""mean_transport_minutes"": 29.587499999999995, ""p90_response_minutes"": 128.71421243587312, ""patients"": 13, ""response_count"": 12, ""response_minutes"": 1160.8237659554886, ""scene_count"": 12, ""scene_minutes"": 192.00000000000006, ""transport_count"": 12, ""transport_minutes"": 355.04999999999995}}","{""arrive_hospital"": 88, ""arrive_scene"": 40, ""hospital_release"": 62, ""patient_arrival"": 47, ""reposition_complete"": 39, ""restock_complete"": 39, ""scene_complete"": 40, ""transfer_ready"": 66}",30.089527,16.910473,0.35979730211589506,71.85621405883491,12.650000000000002,35.273076923076914,131.0079245731009,40,0.851063829787234,47,47,7
no-reposition,74,1074,"{""cardiac"": {""expected_lost"": 2.744645684949778, ""expected_saved"": 0.25535431505022166, ""mean_response_minutes"": 21.476780432260682, ""mean_scene_minutes"": 12.0, ""mean_transport_minutes"": 38.5, ""p90_response_minutes"": 24.384679802443532, ""patients"": 3, ""response_count"": 2, ""response_minutes"": 42.953560864521364, ""scene_count"": 2, ""scene_minutes"": 24.0, ""transport_count"": 2, ""transport_minutes"": 77.0}, ""minor"": {""expected_lost"": 3.020035358668446, ""expected_saved"": 13.979964641331554, ""mean_response_minutes"": 52.195572724418746, ""mean_scene_minutes"": 9.999999999999993, ""mean_transport_minutes"": 38.95882352941176, ""p90_response_minutes"": 82.63811397316172, ""patients"": 17, ""response_count"": 17, ""response_minutes"": 887.3247363151187, ""scene_count"": 17, ""scene_minutes"": 169.9999999999999, ""transport_count"": 17, ""transport_minutes"": 662.3}, ""stroke"": {""expected_lost"": 10.575653003391592, ""expected_saved"": 3.4243469966084095, ""mean_response_minutes"": 103.09178234143045, ""mean_scene_minutes"": 14.0, ""mean_transport_minutes"": 28.267857142857142, ""p90_response_minutes"": 213.46109840430165, ""patients"": 14, ""response_count"": 14, ""response_minutes"": 1443.2849527800263, ""scene_count"": 14, ""scene_minutes"": 196.0, ""transport_count"": 14, ""transport_minutes"": 395.75}, ""trauma"": {""expected_lost"": 13.00460332660161, ""expected_saved"": 0.9953966733983918, ""mean_response_minutes"": 89.29272625721723, ""mean_scene_minutes"": 13.538461538461538, ""mean_transport_minutes"": 31.127272727272736, ""p90_response_minutes"": 261.1089125900679, ""patients"": 14, ""response_count"": 13, ""response_minutes"": 1160.805441343824, ""scene_count"": 13, ""scene_minutes"": 176.0, ""transport_count"": 11, ""transport_minutes"": 342.4000000000001}}","{""arrive_hospital"": 94, ""arrive_scene"": 46, ""hospital_release"": 68, ""patient_arrival"": 48, ""reposition_complete"": 43, ""restock_complete"": 43, ""scene_complete"": 44, ""transfer_ready"": 76}",29.344937,18.655063,0.388647138049762,76.83410198485849,12.304347826086953,33.57840909090909,189.94204251958752,46,0.9583333333333334,48,48,2
no-reposition,75,1075,"{""cardiac"": {""expected_lost"": 15.72096860540108, ""expected_saved"": 1.2790313945989202, ""mean_response_minutes"": 51.091329189445666, ""mean_scene_minutes"": 12.0, ""mean_transport_minutes"": 39.45, ""p90_response_minutes"": 84.65663325948212, ""patients"": 17, ""response_count"": 13, ""response_minutes"": 664.1872794627936, ""scene_count"": 13, ""scene_minutes"": 156.0, ""transport_count"": 13, ""transport_minutes"": 512.85}, ""minor"": {""expected_lost"": 3.490239935802759, ""expected_saved"": 8.509760064197241, ""mean_response_minutes"": 46.88200572163315, ""mean_scene_minutes"": 9.999999999999998, ""mean_transport_minutes"": 39.809999999999995, ""p90_response_minutes"": 71.115026807592, ""patients"": 12, ""response_count"": 10, ""response_minutes"": 468.82005721633146, ""scene_count"": 10, ""scene_minutes"": 99.99999999999999, ""transport_count"": 10, ""transport_minutes"": 398.09999999999997}, ""stroke"": {""expected_lost"": 8.04010245699276, ""expected_saved"": 4.959897543007242, ""mean_response_minutes"": 34.899210856168224, ""mean_scene_minutes"": 14.000000000000009, ""mean_transport_minutes"": 27.116666666666656, ""p90_response_minutes"": 56.671630147068164, ""patients"": 13, ""response_count"": 12, ""response_minutes"": 418.7905302740187, ""scene_count"": 12, ""scene_minutes"": 168.0000000000001, ""transport_count"": 12, ""transport_minutes"": 325.39999999999986}, ""trauma"": {""expected_lost"": 8.47729038473574, ""expected_saved"": 0.5227096152642601, ""mean_response_minutes"": 93.975753200442, ""mean_scene_minutes"": 16.0, ""mean_transport_minutes"": 25.974999999999994, ""p90_response_minutes"": 182.88731733399186, ""patients"": 9, ""response_count"": 8, ""response_minutes"": 751.806025603536, ""scene_count"": 8, ""scene_minutes"": 128.0, ""transport_count"": 8, ""transport_minutes"": 207.79999999999995}}","{""arrive_hospital"": 101, ""arrive_scene"": 43, ""hospital_release"": 70, ""patient_arrival"": 51, ""reposition_complete"": 42, ""restock_complete"": 42, ""scene_complete"": 43, ""transfer_ready"": 78}",35.728601,15.271399,0.2994391885699541,53.57218354782978,12.837209302325585,33.58488372093023,93.55034126744098,43,0.8431372549019608,51,51,8
no-reposition,76,1076,"{""cardiac"": {""expected_lost"": 9.423546661051558, ""expected_saved"": 0.5764533389484406, ""mean_response_minutes"": 35.350419313099145, ""mean_scene_minutes"": 10.285714285714286, ""mean_transport_minutes"": 38.79999999999999, ""p90_response_minutes"": 61.87030146327873, ""patients"": 10, ""response_count"": 7, ""response_minutes"": 247.452935191694, ""scene_count"": 7, ""scene_minutes"": 72.0, ""transport_count"": 6, ""transport_minutes"": 232.79999999999995}, ""minor"": {""expected_lost"": 5.440770244912892, ""expected_saved"": 9.55922975508711, ""mean_response_minutes"": 37.84456255192328, ""mean_scene_minutes"": 10.0, ""mean_transport_minutes"": 39.3090909090909, ""p90_response_minutes"": 57.66299101686815, ""patients"": 15, ""response_count"": 11, ""response_minutes"": 416.2901880711561, ""scene_count"": 11, ""scene_minutes"": 110.0, ""transport_count"": 11, ""transport_minutes"": 432.39999999999986}, ""stroke"": {""expected_lost"": 7.311199437004742, ""expected_saved"": 3.688800562995259, ""mean_response_minutes"": 43.081867775010046, ""mean_scene_minutes"": 14.0, ""mean_transport_minutes"": 24.888888888888886, ""p90_response_minutes"": 98.27244153845727, ""patients"": 11, ""response_count"": 9, ""response_minutes"": 387.7368099750904, ""scene_count"": 9, ""scene_minutes"": 126.0, ""transport_count"": 9, ""transport_minutes"": 223.99999999999997}, ""trauma"": {""expected_lost"": 10.730177853739525, ""expected_saved"": 1.2698221462604753, ""mean_response_minutes"": 64.71267340086972, ""mean_scene_minutes"": 16.0, ""mean_transport_minutes"": 25.138888888888896, ""p90_response_minutes"": 170.23638553382932, ""patients"": 12, ""response_count"": 9, ""response_minutes"": 582.4140606078274, ""scene_count"": 9, ""scene_minutes"": 144.0, ""transport_count"": 9, ""transport_minutes"": 226.25000000000006}}","{""arrive_hospital"": 75, ""arrive_scene"": 36, ""hospital_release"": 52, ""patient_arrival"": 48, ""reposition_complete"": 33, ""restock_complete"": 33, ""scene_complete"": 35, ""transfer_ready"": 60}",32.905694,15.094306,0.3144647042352351,45.38594427349355,12.555555555555555,31.869999999999994,81.96952685727666,36,0.75,48,48,12
no-reposition,77,1077,"{""cardiac"": {""expected_lost"": 8.75938567563052, ""expected_saved"": 0.24061432436947983, ""mean_response_minutes"": 73.13683133037563, ""mean_scene_minutes"": 12.0, ""mean_transport_minutes"": 39.57500000000001, ""p90_response_minutes"": 108.33903061375992, ""patients"": 9, ""response_count"": 6, ""response_minutes"": 438.82098798225377, ""scene_count"": 6, ""scene_minutes"": 72.0, ""transport_count"": 6, ""transport_minutes"": 237.45000000000005}, ""minor"": {""expected_lost"": 3.371093843101238, ""expected_saved"": 12.628906156898761, ""mean_response_minutes"": 49.919455587075824, ""mean_scene_minutes"": 10.0, ""mean_transport_minutes"": 40.48666666666667, ""p90_response_minutes"": 68.27606913123107, ""patients"": 16, ""response_count"": 15, ""response_minutes"": 748.7918338061373, ""scene_count"": 15, ""scene_minutes"": 150.0, ""transport_count"": 15, ""transport_minutes"": 607.3000000000001}, ""stroke"": {""expected_lost"": 9.386458469132936, ""expected_saved"": 4.613541530867062, ""mean_response_minutes"": 55.92796554637035, ""mean_scene_minutes"": 14.0, ""mean_transport_minutes"": 26.535714285714278, ""p90_response_minutes"": 96.96113018228621, ""patients"": 14, ""response_count"": 14, ""response_minutes"": 782.991517649185, ""scene_count"": 14, ""scene_minutes"": 196.0, ""transport_count"": 14, ""transport_minutes"": 371.4999999999999}, ""trauma"": {""expected_lost"": 10.952540004259568, ""expected_saved"": 1.0474599957404331, ""mean_response_minutes"": 68.4677579870416, ""mean_scene_minutes"": 16.0, ""mean_transport_minutes"": 27.445833333333326, ""p90_response_minutes"": 153.87101982559022, ""patients"": 12, ""response_count"": 12, ""response_minutes"": 821.6130958444991, ""scene_count"": 12, ""scene_minutes"": 192.0, ""transport_count"": 12, ""transport_minutes"": 329.3499999999999}}","{""arrive_hospital"": 103, ""arrive_scene"": 47, ""hospital_release"": 72, ""patient_arrival"": 51, ""reposition_complete"": 47, ""restock_complete"": 47, ""scene_complete"": 47, ""transfer_ready"": 82}",32.469478,18.530522,0.3633435687818773,59.40888160174627,12.97872340425532,32.88510638297872,125.67875691002267,47,0.9215686274509803,51,51,4
no-reposition,78,1078,"{""cardiac"": {""expected_lost"": 8.447097283682005, ""expected_saved"": 0.5529027163179935, ""mean_response_minutes"": 54.23437470958375, ""mean_scene_minutes"": 12.0, ""mean_transport_minutes"": 40.76249999999999, ""p90_response_minutes"": 99.45670436892993, ""patients"": 9, ""response_count"": 8, ""response_minutes"": 433.87499767667, ""scene_count"": 8, ""scene_minutes"": 96.0, ""transport_count"": 8, ""transport_minutes"": 326.0999999999999}, ""minor"": {""expected_lost"": 2.138828510119744, ""expected_saved"": 12.861171489880256, ""mean_response_minutes"": 44.12033678016716, ""mean_scene_minutes"": 10.0, ""mean_transport_minutes"": 39.89000000000001, ""p90_response_minutes"": 67.47847021162747, ""patients"": 15, ""response_count"": 15, ""response_minutes"": 661.8050517025074, ""scene_count"": 15, ""scene_minutes"": 150.0, ""transport_count"": 15, ""transport_minutes"": 598.3500000000001}, ""stroke"": {""expected_lost"": 8.913545514604598, ""expected_saved"": 4.086454485395403, ""mean_response_minutes"": 50.01974685723582, ""mean_scene_minutes"": 14.0, ""mean_transport_minutes"": 26.974999999999994, ""p90_response_minutes"": 102.45991200342132, ""patients"": 13, ""response_count"": 12, ""response_minutes"": 600.2369622868299, ""scene_count"": 12, ""scene_minutes"": 168.0, ""transport_count"": 12, ""transport_minutes"": 323.69999999999993}, ""trauma"": {""expected_lost"": 10.82489904465063, ""expected_saved"": 1.1751009553493696, ""mean_response_minutes"": 68.47418929522671, ""mean_scene_minutes"": 13.999999999999998, ""mean_transport_minutes"": 20.166666666666668, ""p90_response_minutes"": 139.00202590771352, ""patients"": 12, ""response_count"": 8, ""response_minutes"": 547.7935143618137, ""scene_count"": 8, ""scene_minutes"": 111.99999999999999, ""transport_count"": 6, ""transport_minutes"": 121.0}}","{""arrive_hospital"": 99, ""arrive_scene"": 43, ""hospital_release"": 67, ""patient_arrival"": 49, ""reposition_complete"": 41, ""restock_complete"": 41, ""scene_complete"": 42, ""transfer_ready"": 76}",30.32437,18.67563,0.3811352989172044,52.179314558786544,12.232558139534884,33.393902439024394,95.97117739372061,43,0.8775510204081632,49,49,6
no-reposition,79,1079,"{""cardiac"": {""expected_lost"": 8.46503655787135, ""expected_saved"": 0.5349634421286499, ""mean_response_minutes"": 69.35284336205913, ""mean_scene_minutes"": 11.999999999999988, ""mean_transport_minutes"": 40.08888888888886, ""p90_response_minutes"": 144.12865344335944, ""patients"": 9, ""response_count"": 9, ""response_minutes"": 624.1755902585322, ""scene_count"": 9, ""scene_minutes"": 107.99999999999989, ""transport_count"": 9, ""transport_minutes"": 360.7999999999997}, ""minor"": {""expected_lost"": 1.5884564384552906, ""expected_saved"": 8.41154356154471, ""mean_response_minutes"": 35.24220180067147, ""mean_scene_minutes"": 10.0, ""mean_transport_minutes"": 39.016666666666666, ""p90_response_minutes"": 52.09503230928033, ""patients"": 10, ""response_count"": 10, ""response_minutes"": 352.42201800671467, ""scene_count"": 10, ""scene_minutes"": 100.0, ""transport_count"": 9, ""transport_minutes"": 351.15}, ""stroke"": {""expected_lost"": 7.219468665351327, ""expected_saved"": 5.780531334648673, ""mean_response_minutes"": 30.442082645963517, ""mean_scene_minutes"": 14.0, ""mean_transport_minutes"": 24.861538461538448, ""p90_response_minutes"": 48.30436322070305, ""patients"": 13, ""response_count"": 13, ""response_minutes"": 395.7470743975257, ""scene_count"": 13, ""scene_minutes"": 182.0, ""transport_count"": 13, ""transport_minutes"": 323.1999999999998}, ""trauma"": {""expected_lost"": 6.040428707868346, ""expected_saved"": 0.9595712921316539, ""mean_response_minutes"": 40.169878737273386, ""mean_scene_minutes"": 13.714285714285714, ""mean_transport_minutes"": 26.166666666666668, ""p90_response_minutes"": 62.06483655866632, ""patients"": 7, ""response_count"": 7, ""response_minutes"": 281.1891511609137, ""scene_count"": 7, ""scene_minutes"": 96.0, ""transport_count"": 6, ""transport_minutes"": 157.0}}","{""arrive_hospital"": 86, ""arrive_scene"": 39, ""hospital_release"": 57, ""patient_arrival"": 39, ""reposition_complete"": 37, ""restock_complete"": 37, ""scene_complete"": 38, ""transfer_ready"": 68}",23.31339,15.68661,0.4022207597552227,42.398303431376576,12.461538461538458,32.22027027027026,83.14552831299659,39,1.0,39,39,0
no-reposition,80,1080,"{""cardiac"": {""expected_lost"": 10.442941507400112, ""expected_saved"": 0.5570584925998879, ""mean_response_minutes"": 89.11270379233626, ""mean_scene_minutes"": 12.0, ""mean_transport_minutes"": 40.383333333333304, ""p90_response_minutes"": 262.5880926799624, ""patients"": 11, ""response_count"": 9, ""response_minutes"": 802.0143341310263, ""scene_count"": 9, ""scene_minutes"": 108.0, ""transport_count"": 9, ""transport_minutes"": 363.44999999999976}, ""minor"": {""expected_lost"": 0.843372081025871, ""expected_saved"": 7.15662791897413, ""mean_response_minutes"": 34.252617906567934, ""mean_scene_minutes"": 10.0, ""mean_transport_minutes"": 41.825, ""p90_response_minutes"": 53.902491586730406, ""patients"": 8, ""response_count"": 8, ""response_minutes"": 274.0209432525435, ""scene_count"": 8, ""scene_minutes"": 80.0, ""transport_count"": 8, ""transport_minutes"": 334.6}, ""stroke"": {""expected_lost"": 4.845876263564702, ""expected_saved"": 3.1541237364352983, ""mean_response_minutes"": 36.08194715012824, ""mean_scene_minutes"": 14.0, ""mean_transport_minutes"": 28.699999999999996, ""p90_response_minutes"": 50.90244379507094, ""patients"": 8, ""response_count"": 8, ""response_minutes"": 288.6555772010259, ""scene_count"": 8, ""scene_minutes"": 112.0, ""transport_count"": 8, ""transport_minutes"": 229.59999999999997}, ""trauma"": {""expected_lost"": 8.289420346539737, ""expected_saved"": 0.7105796534602622, ""mean_response_minutes"": 113.09412402238088, ""mean_scene_minutes"": 16.0, ""mean_transport_minutes"": 25.857142857142858, ""p90_response_minutes"": 260.12562510141083, ""patients"": 9, ""response_count"": 7, ""response_minutes"": 791.6588681566661, ""scene_count"": 7, ""scene_minutes"": 112.0, ""transport_count"": 7, ""transport_minutes"": 181.0}}","{""arrive_hospital"": 74, ""arrive_scene"": 32, ""hospital_release"": 49, ""patient_arrival"": 36, ""reposition_complete"": 31, ""restock_complete"": 31, ""scene_complete"": 32, ""transfer_ready"": 57}",24.42161,11.57839,0.3216219389297104,67.38592883566443,12.875,34.64531249999999,211.29049807062347,32,0.8888888888888888,36,36,4
no-reposition,81,1081,"{""cardiac"": {""expected_lost"": 12.362231203303864, ""expected_saved"": 0.6377687966961362, ""mean_response_minutes"": 49.36182261599481, ""mean_scene_minutes"": 12.0, ""mean_transport_minutes"": 42.522222222222176, ""p90_response_minutes"": 90.20343099866855, ""patients"": 13, ""response_count"": 9, ""response_minutes"": 444.2564035439533, ""scene_count"": 9, ""scene_minutes"": 108.0, ""transport_count"": 9, ""transport_minutes"": 382.6999999999996}, ""minor"": {""expected_lost"": 5.614152999577304, ""expected_saved"": 13.385847000422695, ""mean_response_minutes"": 60.142638613362486, ""mean_scene_minutes"": 10.000000000000002, ""mean_transport_minutes"": 40.220588235294116, ""p90_response_minutes"": 94.36818617726162, ""patients"": 19, ""response_count"": 17, ""response_minutes"": 1022.4248564271622, ""scene_count"": 17, ""scene_minutes"": 170.00000000000003, ""transport_count"": 17, ""transport_minutes"": 683.75}, ""stroke"": {""expected_lost"": 8.168512122664408, ""expected_saved"": 1.831487877335591, ""mean_response_minutes"": 113.7140880036092, ""mean_scene_minutes"": 14.0, ""mean_transport_minutes"": 26.10000000000001, ""p90_response_minutes"": 228.11585763604393, ""patients"": 10, ""response_count"": 9, ""response_minutes"": 1023.4267920324828, ""scene_count"": 9, ""scene_minutes"": 126.0, ""transport_count"": 9, ""transport_minutes"": 234.9000000000001}, ""trauma"": {""expected_lost"": 11.940969136565332, ""expected_saved"": 1.059030863434666, ""mean_response_minutes"": 67.18957866181901, ""mean_scene_minutes"": 16.0, ""mean_transport_minutes"": 26.125000000000007, ""p90_response_minutes"": 172.1932055968013, ""patients"": 13, ""response_count"": 10, ""response_minutes"": 671.8957866181901, ""scene_count"": 10, ""scene_minutes"": 160.0, ""transport_count"": 10, ""transport_minutes"": 261.25000000000006}}","{""arrive_hospital"": 106, ""arrive_scene"": 45, ""hospital_release"": 67, ""patient_arrival"": 55, ""reposition_complete"": 44, ""restock_complete"": 44, ""scene_complete"": 45, ""transfer_ready"": 80}",38.085865,16.914135,0.3075297188707106,70.26675196937309,12.533333333333333,34.72444444444444,177.8587948007334,45,0.8181818181818182,55,55,10
no-reposition,82,1082,"{""cardiac"": {""expected_lost"": 11.127345607073565, ""expected_saved"": 0.8726543929264361, ""mean_response_minutes"": 61.42087149312538, ""mean_scene_minutes"": 11.99999999999999, ""mean_transport_minutes"": 41.00454545454543, ""p90_response_minutes"": 132.0382394959238, ""patients"": 12, ""response_count"": 11, ""response_minutes"": 675.6295864243792, ""scene_count"": 11, ""scene_minutes"": 131.9999999999999, ""transport_count"": 11, ""transport_minutes"": 451.0499999999997}, ""minor"": {""expected_lost"": 1.398074465347436, ""expected_saved"": 8.601925534652564, ""mean_response_minutes"": 40.51305478442199, ""mean_scene_minutes"": 10.0, ""mean_transport_minutes"": 40.42500000000001, ""p90_response_minutes"": 58.03232499583712, ""patients"": 10, ""response_count"": 10, ""response_minutes"": 405.1305478442199, ""scene_count"": 10, ""scene_minutes"": 100.0, ""transport_count"": 10, ""transport_minutes"": 404.2500000000001}, ""stroke"": {""expected_lost"": 10.822207265295152, ""expected_saved"": 4.177792734704849, ""mean_response_minutes"": 66.93030504197999, ""mean_scene_minutes"": 14.0, ""mean_transport_minutes"": 26.90357142857143, ""p90_response_minutes"": 140.76413322788363, ""patients"": 15, ""response_count"": 14, ""response_minutes"": 937.0242705877198, ""scene_count"": 14, ""scene_minutes"": 196.0, ""transport_count"": 14, ""transport_minutes"": 376.65}, ""trauma"": {""expected_lost"": 6.900723335255042, ""expected_saved"": 1.0992766647449592, ""mean_response_minutes"": 50.479482712723325, ""mean_scene_minutes"": 16.0, ""mean_transport_minutes"": 27.0, ""p90_response_minutes"": 104.94988677585863, ""patients"": 8, ""response_count"": 7, ""response_minutes"": 353.3563789890633, ""scene_count"": 7, ""scene_minutes"": 112.0, ""transport_count"": 7, ""transport_minutes"": 189.0}}","{""arrive_hospital"": 97, ""arrive_scene"": 42, ""hospital_release"": 66, ""patient_arrival"": 45, ""reposition_complete"": 41, ""restock_complete"": 41, ""scene_complete"": 42, ""transfer_ready"": 77}",30.248351,14.751649,0.32781442948952905,56.45573294869957,12.857142857142854,33.832142857142856,130.01204386498975,42,0.9333333333333333,45,45,3
no-reposition,83,1083,"{""cardiac"": {""expected_lost"": 11.053293086948695, ""expected_saved"": 0.9467069130513054, ""mean_response_minutes"": 55.81876152120555, ""mean_scene_minutes"": 10.909090909090908, ""mean_transport_minutes"": 40.06, ""p90_response_minutes"": 111.28382260811327, ""patients"": 12, ""response_count"": 11, ""response_minutes"": 614.006376733261, ""scene_count"": 11, ""scene_minutes"": 120.0, ""transport_count"": 10, ""transport_minutes"": 400.6}, ""minor"": {""expected_lost"": 2.6838318929889247, ""expected_saved"": 10.316168107011075, ""mean_response_minutes"": 49.35372916159611, ""mean_scene_minutes"": 10.0, ""mean_transport_minutes"": 41.849999999999994, ""p90_response_minutes"": 73.06543968331141, ""patients"": 13, ""response_count"": 13, ""response_minutes"": 641.5984791007494, ""scene_count"": 13, ""scene_minutes"": 130.0, ""transport_count"": 12, ""transport_minutes"": 502.19999999999993}, ""stroke"": {""expected_lost"": 4.38421366800656, ""expected_saved"": 1.61578633199344, ""mean_response_minutes"": 56.72577957410103, ""mean_scene_minutes"": 14.0, ""mean_transport_minutes"": 28.55000000000003, ""p90_response_minutes"": 73.43614604364019, ""patients"": 6, ""response_count"": 6, ""response_minutes"": 340.3546774446062, ""scene_count"": 6, ""scene_minutes"": 84.0, ""transport_count"": 6, ""transport_minutes"": 171.30000000000018}, ""trauma"": {""expected_lost"": 17.741290384620303, ""expected_saved"": 1.2587096153796977, ""mean_response_minutes"": 96.75042810194151, ""mean_scene_minutes"": 16.0, ""mean_transport_minutes"": 25.861764705882358, ""p90_response_minutes"": 205.10467995025468, ""patients"": 19, ""response_count"": 17, ""response_minutes"": 1644.7572777330056, ""scene_count"": 17, ""scene_minutes"": 272.0, ""transport_count"": 17, ""transport_minutes"": 439.6500000000001}}","{""arrive_hospital"": 95, ""arrive_scene"": 47, ""hospital_release"": 66, ""patient_arrival"": 50, ""reposition_complete"": 45, ""restock_complete"": 45, ""scene_complete"": 46, ""transfer_ready"": 73}",35.862629,14.137371,0.2827474193487103,68.9514215108856,12.893617021276595,33.63888888888889,103.02909869307388,47,0.94,50,50,3
no-reposition,84,1084,"{""cardiac"": {""expected_lost"": 10.977070769012546, ""expected_saved"": 1.0229292309874536, ""mean_response_minutes"": 51.690055939582656, ""mean_scene_minutes"": 12.0, ""mean_transport_minutes"": 40.49999999999999, ""p90_response_minutes"": 111.67114232280936, ""patients"": 12, ""response_count"": 12, ""response_minutes"": 620.2806712749918, ""scene_count"": 12, ""scene_minutes"": 144.0, ""transport_count"": 11, ""transport_minutes"": 445.4999999999999}, ""minor"": {""expected_lost"": 0.8911359791777973, ""expected_saved"": 6.108864020822203, ""mean_response_minutes"": 42.00286193125271, ""mean_scene_minutes"": 10.0, ""mean_transport_minutes"": 39.028571428571404, ""p90_response_minutes"": 63.781909384614174, ""patients"": 7, ""response_count"": 7, ""response_minutes"": 294.02003351876897, ""scene_count"": 7, ""scene_minutes"": 70.0, ""transport_count"": 7, ""transport_minutes"": 273.1999999999998}, ""stroke"": {""expected_lost"": 8.67366586786106, ""expected_saved"": 4.326334132138942, ""mean_response_minutes"": 41.50819092986891, ""mean_scene_minutes"": 14.0, ""mean_transport_minutes"": 25.841666666666658, ""p90_response_minutes"": 72.25158912802856, ""patients"": 13, ""response_count"": 12, ""response_minutes"": 498.09829115842695, ""scene_count"": 12, ""scene_minutes"": 168.0, ""transport_count"": 12, ""transport_minutes"": 310.0999999999999}, ""trauma"": {""expected_lost"": 5.995270146269958, ""expected_saved"": 1.0047298537300418, ""mean_response_minutes"": 36.562966508287005, ""mean_scene_minutes"": 16.0, ""mean_transport_minutes"": 24.428571428571427, ""p90_response_minutes"": 59.83130872094152, ""patients"": 7, ""response_count"": 7, ""response_minutes"": 255.94076555800905, ""scene_count"": 7, ""scene_minutes"": 112.0, ""transport_count"": 7, ""transport_minutes"": 171.0}}","{""arrive_hospital"": 84, ""arrive_scene"": 38, ""hospital_release"": 62, ""patient_arrival"": 39, ""reposition_complete"": 36, ""restock_complete"": 36, ""scene_complete"": 38, ""transfer_ready"": 65}",26.537143,12.462857,0.3195604419917599,43.90367793447886,13.0,32.42702702702702,83.08139979278053,38,0.9743589743589743,39,39,1
no-reposition,85,1085,"{""cardiac"": {""expected_lost"": 2.7258123863474513, ""expected_saved"": 0.27418761365254896, ""mean_response_minutes"": 20.875, ""mean_scene_minutes"": 12.0, ""mean_transport_minutes"": 35.04999999999998, ""p90_response_minutes"": 22.575, ""patients"": 3, ""response_count"": 2, ""response_minutes"": 41.75, ""scene_count"": 2, ""scene_minutes"": 24.0, ""transport_count"": 2, ""transport_minutes"": 70.09999999999997}, ""minor"": {""expected_lost"": 2.4188390832591793, ""expected_saved"": 8.581160916740822, ""mean_response_minutes"": 61.79923993594403, ""mean_scene_minutes"": 10.0, ""mean_transport_minutes"": 39.06363636363637, ""p90_response_minutes"": 90.79410351490606, ""patients"": 11, ""response_count"": 11, ""response_minutes"": 679.7916392953844, ""scene_count"": 11, ""scene_minutes"": 110.0, ""transport_count"": 11, ""transport_minutes"": 429.70000000000005}, ""stroke"": {""expected_lost"": 7.477017474049946, ""expected_saved"": 2.522982525950053, ""mean_response_minutes"": 141.54268821206344, ""mean_scene_minutes"": 14.0, ""mean_transport_minutes"": 27.654999999999983, ""p90_response_minutes"": 304.72543460909094, ""patients"": 10, ""response_count"": 10, ""response_minutes"": 1415.4268821206344, ""scene_count"": 10, ""scene_minutes"": 140.0, ""transport_count"": 10, ""transport_minutes"": 276.54999999999984}, ""trauma"": {""expected_lost"": 16.544147818118013, ""expected_saved"": 1.4558521816991463, ""mean_response_minutes"": 91.90035693789443, ""mean_scene_minutes"": 16.0, ""mean_transport_minutes"": 24.75, ""p90_response_minutes"": 73.67950737261329, ""patients"": 18, ""response_count"": 13, ""response_minutes"": 1194.7046401926275, ""scene_count"": 13, ""scene_minutes"": 208.0, ""transport_count"": 12, ""transport_minutes"": 297.0}}","{""arrive_hospital"": 70, ""arrive_scene"": 36, ""hospital_release"": 50, ""patient_arrival"": 42, ""reposition_complete"": 34, ""restock_complete"": 34, ""scene_complete"": 36, ""transfer_ready"": 57}",29.165817,12.834183,0.3055757913819659,92.54647671135126,13.38888888888889,30.667142857142853,102.47090283929833,36,0.8571428571428571,42,42,6
no-reposition,86,1086,"{""cardiac"": {""expected_lost"": 11.896775406433553, ""expected_saved"": 1.1032245935664453, ""mean_response_minutes"": 60.12824495130768, ""mean_scene_minutes"": 12.0, ""mean_transport_minutes"": 39.510000000000005, ""p90_response_minutes"": 174.6043191694131, ""patients"": 13, ""response_count"": 10, ""response_minutes"": 601.2824495130768, ""scene_count"": 10, ""scene_minutes"": 120.0, ""transport_count"": 10, ""transport_minutes"": 395.1}, ""minor"": {""expected_lost"": 2.7147254383731365, ""expected_saved"": 10.285274561626863, ""mean_response_minutes"": 44.24172983902065, ""mean_scene_minutes"": 9.999999999999995, ""mean_transport_minutes"": 44.4708333333333, ""p90_response_minutes"": 62.1368171654156, ""patients"": 13, ""response_count"": 12, ""response_minutes"": 530.9007580682478, ""scene_count"": 12, ""scene_minutes"": 119.99999999999994, ""transport_count"": 12, ""transport_minutes"": 533.6499999999996}, ""stroke"": {""expected_lost"": 8.892949326672232, ""expected_saved"": 3.1070506733277683, ""mean_response_minutes"": 53.380028223502165, ""mean_scene_minutes"": 14.0, ""mean_transport_minutes"": 26.93333333333332, ""p90_response_minutes"": 95.48598018323149, ""patients"": 12, ""response_count"": 9, ""response_minutes"": 480.4202540115195, ""scene_count"": 9, ""scene_minutes"": 126.0, ""transport_count"": 9, ""transport_minutes"": 242.39999999999986}, ""trauma"": {""expected_lost"": 18.020609959811814, ""expected_saved"": 0.979390040188185, ""mean_response_minutes"": 57.2907325798833, ""mean_scene_minutes"": 16.0, ""mean_transport_minutes"": 25.50000000000001, ""p90_response_minutes"": 103.5970660805375, ""patients"": 19, ""response_count"": 12, ""response_minutes"": 687.4887909585996, ""scene_count"": 12, ""scene_minutes"": 192.0, ""transport_count"": 12, ""transport_minutes"": 306.0000000000001}}","{""arrive_hospital"": 96, ""arrive_scene"": 43, ""hospital_release"": 66, ""patient_arrival"": 57, ""reposition_complete"": 41, ""restock_complete"": 41, ""scene_complete"": 43, ""transfer_ready"": 74}",41.52506,15.47494,0.27149017313525026,53.49051750119636,12.976744186046512,34.35232558139535,104.11069884596057,43,0.7543859649122807,57,57,14
no-reposition,87,1087,"{""cardiac"": {""expected_lost"": 8.15641020180387, ""expected_saved"": 0.843589798196128, ""mean_response_minutes"": 42.923847296234506, ""mean_scene_minutes"": 12.0, ""mean_transport_minutes"": 40.877777777777766, ""p90_response_minutes"": 78.88271207700248, ""patients"": 9, ""response_count"": 9, ""response_minutes"": 386.31462566611054, ""scene_count"": 9, ""scene_minutes"": 108.0, ""transport_count"": 9, ""transport_minutes"": 367.89999999999986}, ""minor"": {""expected_lost"": 2.8730238473919387, ""expected_saved"": 11.126976152608062, ""mean_response_minutes"": 61.4056204333395, ""mean_scene_minutes"": 10.0, ""mean_transport_minutes"": 41.239285714285714, ""p90_response_minutes"": 105.09918903061183, ""patients"": 14, ""response_count"": 14, ""response_minutes"": 859.678686066753, ""scene_count"": 14, ""scene_minutes"": 140.0, ""transport_count"": 14, ""transport_minutes"": 577.35}, ""stroke"": {""expected_lost"": 7.879953072931751, ""expected_saved"": 1.1200469270682483, ""mean_response_minutes"": 192.51114952510136, ""mean_scene_minutes"": 12.444444444444445, ""mean_transport_minutes"": 28.3125, ""p90_response_minutes"": 425.4882805571473, ""patients"": 9, ""response_count"": 9, ""response_minutes"": 1732.6003457259123, ""scene_count"": 9, ""scene_minutes"": 112.0, ""transport_count"": 8, ""transport_minutes"": 226.5}, ""trauma"": {""expected_lost"": 13.01014395605471, ""expected_saved"": 0.9898560439452895, ""mean_response_minutes"": 136.54856354619247, ""mean_scene_minutes"": 16.000000000000007, ""mean_transport_minutes"": 25.430769230769222, ""p90_response_minutes"": 437.7220886017904, ""patients"": 14, ""response_count"": 14, ""response_minutes"": 1911.6798896466944, ""scene_count"": 14, ""scene_minutes"": 224.0000000000001, ""transport_count"": 13, ""transport_minutes"": 330.5999999999999}}","{""arrive_hospital"": 98, ""arrive_scene"": 46, ""hospital_release"": 66, ""patient_arrival"": 46, ""reposition_complete"": 44, ""restock_complete"": 44, ""scene_complete"": 45, ""transfer_ready"": 75}",31.919531,14.080469,0.30609715047429836,106.31029450229283,12.695652173913047,34.14431818181818,296.0909208817059,46,1.0,46,46,0
no-reposition,88,1088,"{""cardiac"": {""expected_lost"": 10.634911429585859, ""expected_saved"": 0.3650885697735633, ""mean_response_minutes"": 140.06153150108145, ""mean_scene_minutes"": 12.0, ""mean_transport_minutes"": 36.18000000000001, ""p90_response_minutes"": 364.31843019342335, ""patients"": 11, ""response_count"": 10, ""response_minutes"": 1400.6153150108146, ""scene_count"": 10, ""scene_minutes"": 120.0, ""transport_count"": 10, ""transport_minutes"": 361.80000000000007}, ""minor"": {""expected_lost"": 3.397158751912956, ""expected_saved"": 11.602841248087048, ""mean_response_minutes"": 51.0125594257198, ""mean_scene_minutes"": 10.0, ""mean_transport_minutes"": 41.2392857142857, ""p90_response_minutes"": 80.97991308298242, ""patients"": 15, ""response_count"": 14, ""response_minutes"": 714.1758319600772, ""scene_count"": 14, ""scene_minutes"": 140.0, ""transport_count"": 14, ""transport_minutes"": 577.3499999999998}, ""stroke"": {""expected_lost"": 3.0958892855791746, ""expected_saved"": 1.9041107144208251, ""mean_response_minutes"": 40.71727822060596, ""mean_scene_minutes"": 14.0, ""mean_transport_minutes"": 27.029999999999994, ""p90_response_minutes"": 60.76582809448947, ""patients"": 5, ""response_count"": 5, ""response_minutes"": 203.58639110302983, ""scene_count"": 5, ""scene_minutes"": 70.0, ""transport_count"": 5, ""transport_minutes"": 135.14999999999998}, ""trauma"": {""expected_lost"": 11.281831277784718, ""expected_saved"": 1.7181687222152826, ""mean_response_minutes"": 116.23563496250827, ""mean_scene_minutes"": 16.0, ""mean_transport_minutes"": 25.576923076923077, ""p90_response_minutes"": 331.64121742864165, ""patients"": 13, ""response_count"": 13, ""response_minutes"": 1511.0632545126075, ""scene_count"": 13, ""scene_minutes"": 208.0, ""transport_count"": 13, ""transport_minutes"": 332.5}}","{""arrive_hospital"": 93, ""arrive_scene"": 42, ""hospital_release"": 63, ""patient_arrival"": 44, ""reposition_complete"": 41, ""restock_complete"": 41, ""scene_complete"": 42, ""transfer_ready"": 69}",28.409791,15.590209,0.35432293760219796,91.1771617282507,12.80952380952381,33.49523809523809,294.5518021788596,42,0.9545454545454546,44,44,2
no-reposition,89,1089,"{""cardiac"": {""expected_lost"": 10.37616660498067, ""expected_saved"": 0.6238333950193298, ""mean_response_minutes"": 62.5516508900282, ""mean_scene_minutes"": 12.0, ""mean_transport_minutes"": 42.155555555555516, ""p90_response_minutes"": 106.28404548181997, ""patients"": 11, ""response_count"": 9, ""response_minutes"": 562.9648580102538, ""scene_count"": 9, ""scene_minutes"": 108.0, ""transport_count"": 9, ""transport_minutes"": 379.39999999999964}, ""minor"": {""expected_lost"": 2.0752526980324904, ""expected_saved"": 8.924747301967509, ""mean_response_minutes"": 36.277489460133204, ""mean_scene_minutes"": 9.999999999999996, ""mean_transport_minutes"": 41.329999999999984, ""p90_response_minutes"": 59.204912714003086, ""patients"": 11, ""response_count"": 10, ""response_minutes"": 362.77489460133205, ""scene_count"": 10, ""scene_minutes"": 99.99999999999997, ""transport_count"": 10, ""transport_minutes"": 413.29999999999984}, ""stroke"": {""expected_lost"": 7.91602800592694, ""expected_saved"": 4.08397199407306, ""mean_response_minutes"": 67.44725263868412, ""mean_scene_minutes"": 12.833333333333334, ""mean_transport_minutes"": 26.10454545454544, ""p90_response_minutes"": 150.0475144079836, ""patients"": 12, ""response_count"": 12, ""response_minutes"": 809.3670316642094, ""scene_count"": 12, ""scene_minutes"": 154.0, ""transport_count"": 11, ""transport_minutes"": 287.14999999999986}, ""trauma"": {""expected_lost"": 4.040915469510174, ""expected_saved"": 0.9590845304898263, ""mean_response_minutes"": 24.851928964685065, ""mean_scene_minutes"": 16.0, ""mean_transport_minutes"": 25.3, ""p90_response_minutes"": 37.5057868940552, ""patients"": 5, ""response_count"": 5, ""response_minutes"": 124.25964482342533, ""scene_count"": 5, ""scene_minutes"": 80.0, ""transport_count"": 5, ""transport_minutes"": 126.5}}","{""arrive_hospital"": 84, ""arrive_scene"": 36, ""hospital_release"": 61, ""patient_arrival"": 39, ""reposition_complete"": 35, ""restock_complete"": 35, ""scene_complete"": 35, ""transfer_ready"": 65}",24.408363,14.591637,0.37414454414230064,51.64906747497835,12.277777777777779,34.46714285714284,101.0477270095297,36,0.9230769230769231,39,39,3
no-reposition,90,1090,"{""cardiac"": {""expected_lost"": 15.601656167328493, ""expected_saved"": 0.39834383267150575, ""mean_response_minutes"": 40.131167472332955, ""mean_scene_minutes"": 12.0, ""mean_transport_minutes"": 36.75, ""p90_response_minutes"": 59.15317767155975, ""patients"": 16, ""response_count"": 7, ""response_minutes"": 280.9181723063307, ""scene_count"": 7, ""scene_minutes"": 84.0, ""transport_count"": 7, ""transport_minutes"": 257.25}, ""minor"": {""expected_lost"": 3.6157467982280855, ""expected_saved"": 11.384253201771916, ""mean_response_minutes"": 55.14469032880156, ""mean_scene_minutes"": 10.0, ""mean_transport_minutes"": 40.896428571428565, ""p90_response_minutes"": 92.30639280451513, ""patients"": 15, ""response_count"": 14, ""response_minutes"": 772.0256646032218, ""scene_count"": 14, ""scene_minutes"": 140.0, ""transport_count"": 14, ""transport_minutes"": 572.55}, ""stroke"": {""expected_lost"": 9.788123243728961, ""expected_saved"": 4.211876756271037, ""mean_response_minutes"": 45.66875732510343, ""mean_scene_minutes"": 13.999999999999998, ""mean_transport_minutes"": 27.236363636363617, ""p90_response_minutes"": 75.81086561484176, ""patients"": 14, ""response_count"": 11, ""response_minutes"": 502.3563305761377, ""scene_count"": 11, ""scene_minutes"": 153.99999999999997, ""transport_count"": 11, ""transport_minutes"": 299.5999999999998}, ""trauma"": {""expected_lost"": 10.366409854453217, ""expected_saved"": 0.6335901455467833, ""mean_response_minutes"": 95.7243313308707, ""mean_scene_minutes"": 16.0, ""mean_transport_minutes"": 25.636363636363637, ""p90_response_minutes"": 200.73368417113602, ""patients"": 11, ""response_count"": 11, ""response_minutes"": 1052.9676446395777, ""scene_count"": 11, ""scene_minutes"": 176.0, ""transport_count"": 11, ""transport_minutes"": 282.0}}","{""arrive_hospital"": 93, ""arrive_scene"": 43, ""hospital_release"": 60, ""patient_arrival"": 56, ""reposition_complete"": 40, ""restock_complete"": 40, ""scene_complete"": 43, ""transfer_ready"": 74}",39.371936,16.628064,0.2969297131475222,60.657390979657386,12.883720930232558,32.82325581395348,103.1844413076346,43,0.7678571428571429,56,56,13
no-reposition,91,1091,"{""cardiac"": {""expected_lost"": 13.32439856366222, ""expected_saved"": 0.6756014363377807, ""mean_response_minutes"": 47.004193416691884, ""mean_scene_minutes"": 12.0, ""mean_transport_minutes"": 37.42857142857143, ""p90_response_minutes"": 93.09062789949733, ""patients"": 14, ""response_count"": 7, ""response_minutes"": 329.0293539168432, ""scene_count"": 7, ""scene_minutes"": 84.0, ""transport_count"": 7, ""transport_minutes"": 262.0}, ""minor"": {""expected_lost"": 3.276249562029364, ""expected_saved"": 10.723750437970637, ""mean_response_minutes"": 49.56387890010604, ""mean_scene_minutes"": 10.0, ""mean_transport_minutes"": 41.02307692307692, ""p90_response_minutes"": 68.78248689052822, ""patients"": 14, ""response_count"": 13, ""response_minutes"": 644.3304257013785, ""scene_count"": 13, ""scene_minutes"": 130.0, ""transport_count"": 13, ""transport_minutes"": 533.3}, ""stroke"": {""expected_lost"": 9.285652354970384, ""expected_saved"": 3.7143476450296173, ""mean_response_minutes"": 98.1611608194291, ""mean_scene_minutes"": 14.0, ""mean_transport_minutes"": 26.379166666666652, ""p90_response_minutes"": 90.01849767742405, ""patients"": 13, ""response_count"": 12, ""response_minutes"": 1177.9339298331493, ""scene_count"": 12, ""scene_minutes"": 168.0, ""transport_count"": 12, ""transport_minutes"": 316.54999999999984}, ""trauma"": {""expected_lost"": 15.483050133119928, ""expected_saved"": 1.5169498668800725, ""mean_response_minutes"": 53.41630412508615, ""mean_scene_minutes"": 16.0, ""mean_transport_minutes"": 26.32857142857143, ""p90_response_minutes"": 104.77954053922232, ""patients"": 17, ""response_count"": 14, ""response_minutes"": 747.8282577512061, ""scene_count"": 14, ""scene_minutes"": 224.0, ""transport_count"": 14, ""transport_minutes"": 368.6}}","{""arrive_hospital"": 98, ""arrive_scene"": 46, ""hospital_release"": 67, ""patient_arrival"": 58, ""reposition_complete"": 44, ""restock_complete"": 44, ""scene_complete"": 46, ""transfer_ready"": 77}",41.369351,16.630649,0.2867353342451398,63.024390591360394,13.173913043478262,32.18369565217392,93.49310977644444,46,0.7931034482758621,58,58,12
no-reposition,92,1092,"{""cardiac"": {""expected_lost"": 10.97529740992205, ""expected_saved"": 1.0247025900779503, ""mean_response_minutes"": 43.57406965296523, ""mean_scene_minutes"": 10.8, ""mean_transport_minutes"": 40.04444444444443, ""p90_response_minutes"": 74.98378305493924, ""patients"": 12, ""response_count"": 10, ""response_minutes"": 435.74069652965227, ""scene_count"": 10, ""scene_minutes"": 108.0, ""transport_count"": 9, ""transport_minutes"": 360.39999999999986}, ""minor"": {""expected_lost"": 0.8710021160134673, ""expected_saved"": 12.128997883986534, ""mean_response_minutes"": 27.653143740235457, ""mean_scene_minutes"": 10.0, ""mean_transport_minutes"": 39.40384615384615, ""p90_response_minutes"": 44.19647499233844, ""patients"": 13, ""response_count"": 13, ""response_minutes"": 359.4908686230609, ""scene_count"": 13, ""scene_minutes"": 130.0, ""transport_count"": 13, ""transport_minutes"": 512.25}, ""stroke"": {""expected_lost"": 3.8076961230809765, ""expected_saved"": 2.1923038769190235, ""mean_response_minutes"": 27.45265240450767, ""mean_scene_minutes"": 14.0, ""mean_transport_minutes"": 29.46999999999996, ""p90_response_minutes"": 36.85795721352301, ""patients"": 6, ""response_count"": 6, ""response_minutes"": 164.71591442704602, ""scene_count"": 6, ""scene_minutes"": 84.0, ""transport_count"": 5, ""transport_minutes"": 147.3499999999998}, ""trauma"": {""expected_lost"": 9.84263800028485, ""expected_saved"": 1.1573619997151485, ""mean_response_minutes"": 47.98211469534506, ""mean_scene_minutes"": 16.0, ""mean_transport_minutes"": 25.359090909090913, ""p90_response_minutes"": 69.32137561070112, ""patients"": 11, ""response_count"": 11, ""response_minutes"": 527.8032616487957, ""scene_count"": 11, ""scene_minutes"": 176.0, ""transport_count"": 11, ""transport_minutes"": 278.95000000000005}}","{""arrive_hospital"": 87, ""arrive_scene"": 40, ""hospital_release"": 63, ""patient_arrival"": 42, ""reposition_complete"": 37, ""restock_complete"": 37, ""scene_complete"": 39, ""transfer_ready"": 64}",25.496634,16.503366,0.3929372940642537,37.193768530713875,12.45,34.1828947368421,65.44452867774235,40,0.9523809523809523,42,42,2
no-reposition,93,1093,"{""cardiac"": {""expected_lost"": 6.939635653600773, ""expected_saved"": 0.06036434617740942, ""mean_response_minutes"": 223.28262558835593, ""mean_scene_minutes"": 12.0, ""mean_transport_minutes"": 36.0, ""p90_response_minutes"": 344.8280565538489, ""patients"": 7, ""response_count"": 6, ""response_minutes"": 1339.6957535301356, ""scene_count"": 6, ""scene_minutes"": 72.0, ""transport_count"": 6, ""transport_minutes"": 216.0}, ""minor"": {""expected_lost"": 4.099394229232731, ""expected_saved"": 9.90060577076727, ""mean_response_minutes"": 58.90660751747048, ""mean_scene_minutes"": 10.0, ""mean_transport_minutes"": 40.46666666666667, ""p90_response_minutes"": 118.33408935709161, ""patients"": 14, ""response_count"": 13, ""response_minutes"": 765.7858977271163, ""scene_count"": 13, ""scene_minutes"": 130.0, ""transport_count"": 12, ""transport_minutes"": 485.6}, ""stroke"": {""expected_lost"": 11.792943431260417, ""expected_saved"": 4.207056568739583, ""mean_response_minutes"": 83.40084629609149, ""mean_scene_minutes"": 14.000000000000004, ""mean_transport_minutes"": 29.671875, ""p90_response_minutes"": 216.68806496531906, ""patients"": 16, ""response_count"": 16, ""response_minutes"": 1334.4135407374638, ""scene_count"": 16, ""scene_minutes"": 224.00000000000006, ""transport_count"": 16, ""transport_minutes"": 474.75}, ""trauma"": {""expected_lost"": 11.161080050239667, ""expected_saved"": 0.838919949760335, ""mean_response_minutes"": 88.03975688712771, ""mean_scene_minutes"": 16.0, ""mean_transport_minutes"": 24.90909090909091, ""p90_response_minutes"": 233.2701181838081, ""patients"": 12, ""response_count"": 11, ""response_minutes"": 968.4373257584048, ""scene_count"": 11, ""scene_minutes"": 176.0, ""transport_count"": 11, ""transport_minutes"": 274.0}}","{""arrive_hospital"": 96, ""arrive_scene"": 46, ""hospital_release"": 66, ""patient_arrival"": 49, ""reposition_complete"": 44, ""restock_complete"": 44, ""scene_complete"": 46, ""transfer_ready"": 79}",33.993053,15.006947,0.30626421704988965,95.83331560332869,13.08695652173913,32.23,258.2876490145741,46,0.9387755102040817,49,49,3
no-reposition,94,1094,"{""cardiac"": {""expected_lost"": 9.227474833563615, ""expected_saved"": 0.7725251664363845, ""mean_response_minutes"": 55.51584946915895, ""mean_scene_minutes"": 12.0, ""mean_transport_minutes"": 39.37777777777779, ""p90_response_minutes"": 88.77586723233952, ""patients"": 10, ""response_count"": 9, ""response_minutes"": 499.6426452224306, ""scene_count"": 9, ""scene_minutes"": 108.0, ""transport_count"": 9, ""transport_minutes"": 354.4000000000001}, ""minor"": {""expected_lost"": 2.327365248306564, ""expected_saved"": 7.672634751693436, ""mean_response_minutes"": 44.07971597236468, ""mean_scene_minutes"": 10.000000000000007, ""mean_transport_minutes"": 37.05555555555553, ""p90_response_minutes"": 75.5556546174138, ""patients"": 10, ""response_count"": 9, ""response_minutes"": 396.71744375128213, ""scene_count"": 9, ""scene_minutes"": 90.00000000000006, ""transport_count"": 9, ""transport_minutes"": 333.4999999999998}, ""stroke"": {""expected_lost"": 4.464794707877937, ""expected_saved"": 3.535205292122063, ""mean_response_minutes"": 30.5861362559976, ""mean_scene_minutes"": 14.0, ""mean_transport_minutes"": 26.493750000000013, ""p90_response_minutes"": 44.89126316002264, ""patients"": 8, ""response_count"": 8, ""response_minutes"": 244.6890900479808, ""scene_count"": 8, ""scene_minutes"": 112.0, ""transport_count"": 8, ""transport_minutes"": 211.9500000000001}, ""trauma"": {""expected_lost"": 6.203516726098881, ""expected_saved"": 0.7964832739011197, ""mean_response_minutes"": 76.76717863419674, ""mean_scene_minutes"": 16.0, ""mean_transport_minutes"": 31.19285714285713, ""p90_response_minutes"": 149.21323077089508, ""patients"": 7, ""response_count"": 7, ""response_minutes"": 537.3702504393772, ""scene_count"": 7, ""scene_minutes"": 112.0, ""transport_count"": 7, ""transport_minutes"": 218.3499999999999}}","{""arrive_hospital"": 75, ""arrive_scene"": 33, ""hospital_release"": 59, ""patient_arrival"": 35, ""reposition_complete"": 32, ""restock_complete"": 32, ""scene_complete"": 33, ""transfer_ready"": 58}",22.223152,12.776848,0.3650528138329429,50.861194832153664,12.787878787878789,33.884848484848476,79.65289209816946,33,0.9428571428571428,35,35,2
no-reposition,95,1095,"{""cardiac"": {""expected_lost"": 8.40742653314093, ""expected_saved"": 0.5925734668590701, ""mean_response_minutes"": 76.43652382160076, ""mean_scene_minutes"": 12.0, ""mean_transport_minutes"": 37.20555555555555, ""p90_response_minutes"": 136.34355465945828, ""patients"": 9, ""response_count"": 9, ""response_minutes"": 687.9287143944068, ""scene_count"": 9, ""scene_minutes"": 108.0, ""transport_count"": 9, ""transport_minutes"": 334.8499999999999}, ""minor"": {""expected_lost"": 2.2127197479351546, ""expected_saved"": 8.787280252064845, ""mean_response_minutes"": 36.74938006643873, ""mean_scene_minutes"": 10.0, ""mean_transport_minutes"": 39.19, ""p90_response_minutes"": 65.81312722738357, ""patients"": 11, ""response_count"": 10, ""response_minutes"": 367.4938006643873, ""scene_count"": 10, ""scene_minutes"": 100.0, ""transport_count"": 10, ""transport_minutes"": 391.9}, ""stroke"": {""expected_lost"": 5.353424383616791, ""expected_saved"": 3.6465756163832084, ""mean_response_minutes"": 39.11125706824435, ""mean_scene_minutes"": 14.000000000000004, ""mean_transport_minutes"": 25.088888888888885, ""p90_response_minutes"": 57.90783380962335, ""patients"": 9, ""response_count"": 9, ""response_minutes"": 352.00131361419915, ""scene_count"": 9, ""scene_minutes"": 126.00000000000003, ""transport_count"": 9, ""transport_minutes"": 225.79999999999995}, ""trauma"": {""expected_lost"": 15.48781046072288, ""expected_saved"": 1.5121895392771203, ""mean_response_minutes"": 69.96549120172594, ""mean_scene_minutes"": 16.00000000000001, ""mean_transport_minutes"": 25.916666666666682, ""p90_response_minutes"": 178.19681255140023, ""patients"": 17, ""response_count"": 15, ""response_minutes"": 1049.4823680258892, ""scene_count"": 15, ""scene_minutes"": 240.00000000000017, ""transport_count"": 15, ""transport_minutes"": 388.7500000000002}}","{""arrive_hospital"": 88, ""arrive_scene"": 43, ""hospital_release"": 60, ""patient_arrival"": 46, ""reposition_complete"": 42, ""restock_complete"": 42, ""scene_complete"": 43, ""transfer_ready"": 70}",31.461381,14.538619,0.31605693205617935,57.13735341160191,13.348837209302332,31.19302325581395,100.04781975415128,43,0.9347826086956522,46,46,3
no-reposition,96,1096,"{""cardiac"": {""expected_lost"": 9.385260985284543, ""expected_saved"": 0.6147390147154563, ""mean_response_minutes"": 161.2992198845758, ""mean_scene_minutes"": 12.0, ""mean_transport_minutes"": 37.60555555555557, ""p90_response_minutes"": 360.29500659144855, ""patients"": 10, ""response_count"": 9, ""response_minutes"": 1451.6929789611822, ""scene_count"": 9, ""scene_minutes"": 108.0, ""transport_count"": 9, ""transport_minutes"": 338.4500000000001}, ""minor"": {""expected_lost"": 2.206957966543662, ""expected_saved"": 9.793042033456338, ""mean_response_minutes"": 36.41839582085042, ""mean_scene_minutes"": 10.0, ""mean_transport_minutes"": 34.781818181818174, ""p90_response_minutes"": 55.14424023038248, ""patients"": 12, ""response_count"": 11, ""response_minutes"": 400.6023540293546, ""scene_count"": 11, ""scene_minutes"": 110.0, ""transport_count"": 11, ""transport_minutes"": 382.5999999999999}, ""stroke"": {""expected_lost"": 4.430049936110562, ""expected_saved"": 2.569950063889438, ""mean_response_minutes"": 29.37989541530893, ""mean_scene_minutes"": 12.0, ""mean_transport_minutes"": 26.816666666666666, ""p90_response_minutes"": 35.89398670196046, ""patients"": 7, ""response_count"": 7, ""response_minutes"": 205.6592679071625, ""scene_count"": 7, ""scene_minutes"": 84.0, ""transport_count"": 6, ""transport_minutes"": 160.9}, ""trauma"": {""expected_lost"": 10.756066470211156, ""expected_saved"": 2.2439335297888405, ""mean_response_minutes"": 41.6636104550198, ""mean_scene_minutes"": 16.0, ""mean_transport_minutes"": 25.723076923076913, ""p90_response_minutes"": 58.6402181270518, ""patients"": 13, ""response_count"": 13, ""response_minutes"": 541.6269359152574, ""scene_count"": 13, ""scene_minutes"": 208.0, ""transport_count"": 13, ""transport_minutes"": 334.39999999999986}}","{""arrive_hospital"": 79, ""arrive_mortuary"": 1, ""arrive_scene"": 40, ""hospital_release"": 56, ""patient_arrival"": 42, ""reposition_complete"": 37, ""restock_complete"": 37, ""scene_complete"": 39, ""transfer_ready"": 62}",26.778335,15.221665,0.36242058671071603,64.9895384203239,12.75,31.188461538461535,181.11564141484206,40,0.9523809523809523,42,42,2
no-reposition,97,1097,"{""cardiac"": {""expected_lost"": 10.295190938378944, ""expected_saved"": 0.7048090616210558, ""mean_response_minutes"": 30.423732202203603, ""mean_scene_minutes"": 11.999999999999996, ""mean_transport_minutes"": 38.41428571428571, ""p90_response_minutes"": 45.621875151118985, ""patients"": 11, ""response_count"": 7, ""response_minutes"": 212.9661254154252, ""scene_count"": 7, ""scene_minutes"": 83.99999999999997, ""transport_count"": 7, ""transport_minutes"": 268.9}, ""minor"": {""expected_lost"": 4.535004350853426, ""expected_saved"": 11.464995649146577, ""mean_response_minutes"": 132.33486421412175, ""mean_scene_minutes"": 10.0, ""mean_transport_minutes"": 40.103125000000006, ""p90_response_minutes"": 394.953209605078, ""patients"": 16, ""response_count"": 16, ""response_minutes"": 2117.357827425948, ""scene_count"": 16, ""scene_minutes"": 160.0, ""transport_count"": 16, ""transport_minutes"": 641.6500000000001}, ""stroke"": {""expected_lost"": 13.084318238625695, ""expected_saved"": 4.915681761374308, ""mean_response_minutes"": 69.05273219578547, ""mean_scene_minutes"": 14.0, ""mean_transport_minutes"": 25.593333333333327, ""p90_response_minutes"": 164.46805872763233, ""patients"": 18, ""response_count"": 15, ""response_minutes"": 1035.790982936782, ""scene_count"": 15, ""scene_minutes"": 210.0, ""transport_count"": 15, ""transport_minutes"": 383.8999999999999}, ""trauma"": {""expected_lost"": 6.233230632077344, ""expected_saved"": 0.7667693679226558, ""mean_response_minutes"": 99.85232645526578, ""mean_scene_minutes"": 16.00000000000002, ""mean_transport_minutes"": 29.899999999999977, ""p90_response_minutes"": 257.5809220430028, ""patients"": 7, ""response_count"": 5, ""response_minutes"": 499.2616322763289, ""scene_count"": 5, ""scene_minutes"": 80.00000000000011, ""transport_count"": 4, ""transport_minutes"": 119.59999999999991}}","{""arrive_hospital"": 102, ""arrive_scene"": 43, ""hospital_release"": 68, ""patient_arrival"": 52, ""reposition_complete"": 40, ""restock_complete"": 40, ""scene_complete"": 43, ""transfer_ready"": 79}",34.147744,17.852256,0.34331261230893456,89.89247832684849,12.418604651162793,33.667857142857144,249.91607186384692,43,0.8269230769230769,52,52,9
no-reposition,98,1098,"{""cardiac"": {""expected_lost"": 9.24592181887175, ""expected_saved"": 0.7540781811282499, ""mean_response_minutes"": 39.749409462458075, ""mean_scene_minutes"": 12.0, ""mean_transport_minutes"": 42.56499999999998, ""p90_response_minutes"": 73.77304121711512, ""patients"": 10, ""response_count"": 10, ""response_minutes"": 397.4940946245807, ""scene_count"": 10, ""scene_minutes"": 120.0, ""transport_count"": 10, ""transport_minutes"": 425.64999999999986}, ""minor"": {""expected_lost"": 0.736686426672278, ""expected_saved"": 8.263313573327723, ""mean_response_minutes"": 30.932576736068604, ""mean_scene_minutes"": 10.0, ""mean_transport_minutes"": 40.25555555555554, ""p90_response_minutes"": 71.63770766874354, ""patients"": 9, ""response_count"": 9, ""response_minutes"": 278.39319062461743, ""scene_count"": 9, ""scene_minutes"": 90.0, ""transport_count"": 9, ""transport_minutes"": 362.29999999999984}, ""stroke"": {""expected_lost"": 7.082066403430966, ""expected_saved"": 3.9179335965690347, ""mean_response_minutes"": 42.462114442354654, ""mean_scene_minutes"": 14.0, ""mean_transport_minutes"": 26.09090909090909, ""p90_response_minutes"": 80.38439784627519, ""patients"": 11, ""response_count"": 11, ""response_minutes"": 467.0832588659012, ""scene_count"": 11, ""scene_minutes"": 154.0, ""transport_count"": 11, ""transport_minutes"": 287.0}, ""trauma"": {""expected_lost"": 6.544629061408459, ""expected_saved"": 1.4553709385915408, ""mean_response_minutes"": 28.673482794597117, ""mean_scene_minutes"": 16.0, ""mean_transport_minutes"": 25.55714285714287, ""p90_response_minutes"": 37.236564094590314, ""patients"": 8, ""response_count"": 7, ""response_minutes"": 200.71437956217983, ""scene_count"": 7, ""scene_minutes"": 112.0, ""transport_count"": 7, ""transport_minutes"": 178.9000000000001}}","{""arrive_hospital"": 85, ""arrive_scene"": 37, ""hospital_release"": 65, ""patient_arrival"": 38, ""reposition_complete"": 36, ""restock_complete"": 36, ""scene_complete"": 37, ""transfer_ready"": 66}",23.609304,14.390696,0.3787025339372776,36.31580874803457,12.864864864864865,33.887837837837836,75.90459322230984,37,0.9736842105263158,38,38,1
no-reposition,99,1099,"{""cardiac"": {""expected_lost"": 10.277590173742341, ""expected_saved"": 0.7224098262576584, ""mean_response_minutes"": 50.6973367518896, ""mean_scene_minutes"": 12.0, ""mean_transport_minutes"": 41.85999999999999, ""p90_response_minutes"": 92.88732304591548, ""patients"": 11, ""response_count"": 10, ""response_minutes"": 506.973367518896, ""scene_count"": 10, ""scene_minutes"": 120.0, ""transport_count"": 10, ""transport_minutes"": 418.5999999999999}, ""minor"": {""expected_lost"": 2.007537018451137, ""expected_saved"": 7.992462981548862, ""mean_response_minutes"": 46.200813369928476, ""mean_scene_minutes"": 10.0, ""mean_transport_minutes"": 40.39999999999999, ""p90_response_minutes"": 65.0680127736071, ""patients"": 10, ""response_count"": 10, ""response_minutes"": 462.00813369928477, ""scene_count"": 10, ""scene_minutes"": 100.0, ""transport_count"": 9, ""transport_minutes"": 363.5999999999999}, ""stroke"": {""expected_lost"": 11.530943215271176, ""expected_saved"": 4.469056784728824, ""mean_response_minutes"": 55.14604377184639, ""mean_scene_minutes"": 14.0, ""mean_transport_minutes"": 25.5, ""p90_response_minutes"": 94.67039208443188, ""patients"": 16, ""response_count"": 14, ""response_minutes"": 772.0446128058494, ""scene_count"": 14, ""scene_minutes"": 196.0, ""transport_count"": 14, ""transport_minutes"": 357.0}, ""trauma"": {""expected_lost"": 12.87860807308912, ""expected_saved"": 1.1213919269108787, ""mean_response_minutes"": 74.94473487356407, ""mean_scene_minutes"": 14.545454545454545, ""mean_transport_minutes"": 26.216666666666665, ""p90_response_minutes"": 171.7221732211069, ""patients"": 14, ""response_count"": 11, ""response_minutes"": 824.3920836092047, ""scene_count"": 11, ""scene_minutes"": 160.0, ""transport_count"": 9, ""transport_minutes"": 235.95}}","{""arrive_hospital"": 94, ""arrive_scene"": 45, ""hospital_release"": 67, ""patient_arrival"": 51, ""reposition_complete"": 42, ""restock_complete"": 42, ""scene_complete"": 44, ""transfer_ready"": 75}",36.694678,14.305322,0.2804965003812983,57.00929328073853,12.8,32.74166666666666,98.50519887310271,45,0.8823529411764706,51,51,6
nearest,0,1000,"{""cardiac"": {""expected_lost"": 8.41084119961084, ""expected_saved"": 0.5891588003891596, ""mean_response_minutes"": 46.827287163166, ""mean_scene_minutes"": 12.0, ""mean_transport_minutes"": 37.892857142857146, ""p90_response_minutes"": 85.90444930442285, ""patients"": 9, ""response_count"": 7, ""response_minutes"": 327.791010142162, ""scene_count"": 7, ""scene_minutes"": 84.0, ""transport_count"": 7, ""transport_minutes"": 265.25}, ""minor"": {""expected_lost"": 2.887890490586917, ""expected_saved"": 11.112109509413084, ""mean_response_minutes"": 59.34227125660004, ""mean_scene_minutes"": 10.0, ""mean_transport_minutes"": 38.925, ""p90_response_minutes"": 104.93526449437474, ""patients"": 14, ""response_count"": 14, ""response_minutes"": 830.7917975924006, ""scene_count"": 14, ""scene_minutes"": 140.0, ""transport_count"": 14, ""transport_minutes"": 544.9499999999999}, ""stroke"": {""expected_lost"": 10.742336705971852, ""expected_saved"": 4.2576632940281485, ""mean_response_minutes"": 61.656824719881996, ""mean_scene_minutes"": 14.0, ""mean_transport_minutes"": 26.536666666666655, ""p90_response_minutes"": 112.1716048102314, ""patients"": 15, ""response_count"": 15, ""response_minutes"": 924.8523707982299, ""scene_count"": 15, ""scene_minutes"": 210.0, ""transport_count"": 15, ""transport_minutes"": 398.04999999999984}, ""trauma"": {""expected_lost"": 7.284843840323396, ""expected_saved"": 0.7151561596766027, ""mean_response_minutes"": 65.25666262684392, ""mean_scene_minutes"": 16.0, ""mean_transport_minutes"": 27.84166666666665, ""p90_response_minutes"": 126.67889208954153, ""patients"": 8, ""response_count"": 6, ""response_minutes"": 391.53997576106354, ""scene_count"": 6, ""scene_minutes"": 96.0, ""transport_count"": 6, ""transport_minutes"": 167.0499999999999}}","{""arrive_hospital"": 99, ""arrive_scene"": 42, ""hospital_release"": 69, ""patient_arrival"": 46, ""reposition_complete"": 41, ""restock_complete"": 41, ""scene_complete"": 42, ""transfer_ready"": 78}",29.325912,16.674088,0.3624801687718911,58.927979864139445,12.619047619047619,32.745238095238086,125.74580326054549,42,0.9130434782608695,46,46,4
nearest,1,1001,"{""cardiac"": {""expected_lost"": 13.350304901862925, ""expected_saved"": 0.6496950981370744, ""mean_response_minutes"": 47.696458278632825, ""mean_scene_minutes"": 12.0, ""mean_transport_minutes"": 41.17499999999997, ""p90_response_minutes"": 73.2370673733152, ""patients"": 14, ""response_count"": 11, ""response_minutes"": 524.6610410649611, ""scene_count"": 11, ""scene_minutes"": 132.0, ""transport_count"": 10, ""transport_minutes"": 411.7499999999997}, ""minor"": {""expected_lost"": 3.7064873878882594, ""expected_saved"": 9.293512612111739, ""mean_response_minutes"": 46.69505368573181, ""mean_scene_minutes"": 9.166666666666666, ""mean_transport_minutes"": 41.51818181818182, ""p90_response_minutes"": 85.28110903388486, ""patients"": 13, ""response_count"": 12, ""response_minutes"": 560.3406442287817, ""scene_count"": 12, ""scene_minutes"": 110.0, ""transport_count"": 11, ""transport_minutes"": 456.70000000000005}, ""stroke"": {""expected_lost"": 8.818653783777567, ""expected_saved"": 2.1813462162224315, ""mean_response_minutes"": 78.70726422700139, ""mean_scene_minutes"": 14.0, ""mean_transport_minutes"": 26.0, ""p90_response_minutes"": 151.80187970593394, ""patients"": 11, ""response_count"": 7, ""response_minutes"": 550.9508495890097, ""scene_count"": 7, ""scene_minutes"": 98.0, ""transport_count"": 7, ""transport_minutes"": 182.0}, ""trauma"": {""expected_lost"": 11.923757590622502, ""expected_saved"": 2.0762424093774996, ""mean_response_minutes"": 33.27739480627187, ""mean_scene_minutes"": 16.0, ""mean_transport_minutes"": 23.26666666666667, ""p90_response_minutes"": 48.544138320642894, ""patients"": 14, ""response_count"": 12, ""response_minutes"": 399.32873767526246, ""scene_count"": 12, ""scene_minutes"": 192.0, ""transport_count"": 12, ""transport_minutes"": 279.20000000000005}}","{""arrive_hospital"": 89, ""arrive_scene"": 42, ""hospital_release"": 63, ""patient_arrival"": 52, ""reposition_complete"": 39, ""restock_complete"": 39, ""scene_complete"": 41, ""transfer_ready"": 68}",37.799204,14.200796,0.2730922372278604,48.459077918047974,12.666666666666666,33.241249999999994,73.18297521386955,42,0.8076923076923077,52,52,10
nearest,2,1002,"{""cardiac"": {""expected_lost"": 8.065041369223243, ""expected_saved"": 0.9349586307767574, ""mean_response_minutes"": 24.01625104938331, ""mean_scene_minutes"": 12.0, ""mean_transport_minutes"": 44.55, ""p90_response_minutes"": 30.38925188889, ""patients"": 9, ""response_count"": 9, ""response_minutes"": 216.14625944444978, ""scene_count"": 9, ""scene_minutes"": 108.0, ""transport_count"": 8, ""transport_minutes"": 356.4}, ""minor"": {""expected_lost"": 0.7582366642511329, ""expected_saved"": 6.2417633357488675, ""mean_response_minutes"": 32.98975270686201, ""mean_scene_minutes"": 10.0, ""mean_transport_minutes"": 37.800000000000004, ""p90_response_minutes"": 53.64483780718255, ""patients"": 7, ""response_count"": 7, ""response_minutes"": 230.92826894803403, ""scene_count"": 7, ""scene_minutes"": 70.0, ""transport_count"": 7, ""transport_minutes"": 264.6}, ""stroke"": {""expected_lost"": 6.240528670846962, ""expected_saved"": 3.759471329153038, ""mean_response_minutes"": 54.65663023011835, ""mean_scene_minutes"": 14.0, ""mean_transport_minutes"": 26.415, ""p90_response_minutes"": 84.09248669022102, ""patients"": 10, ""response_count"": 10, ""response_minutes"": 546.5663023011836, ""scene_count"": 10, ""scene_minutes"": 140.0, ""transport_count"": 10, ""transport_minutes"": 264.15}, ""trauma"": {""expected_lost"": 9.386759766868195, ""expected_saved"": 1.613240233131806, ""mean_response_minutes"": 38.723191652073425, ""mean_scene_minutes"": 14.4, ""mean_transport_minutes"": 25.11111111111111, ""p90_response_minutes"": 104.47892005027056, ""patients"": 11, ""response_count"": 10, ""response_minutes"": 387.2319165207342, ""scene_count"": 10, ""scene_minutes"": 144.0, ""transport_count"": 9, ""transport_minutes"": 226.0}}","{""arrive_hospital"": 74, ""arrive_scene"": 36, ""hospital_release"": 53, ""patient_arrival"": 37, ""reposition_complete"": 34, ""restock_complete"": 34, ""scene_complete"": 35, ""transfer_ready"": 59}",24.450566,12.549434,0.33917387915703956,38.35757631151116,12.833333333333334,32.68088235294118,63.85518505937205,36,0.972972972972973,37,37,1
nearest,3,1003,"{""cardiac"": {""expected_lost"": 13.223244335065708, ""expected_saved"": 0.7767556644067238, ""mean_response_minutes"": 77.15767899696155, ""mean_scene_minutes"": 12.0, ""mean_transport_minutes"": 39.89499999999998, ""p90_response_minutes"": 132.7584006087377, ""patients"": 14, ""response_count"": 10, ""response_minutes"": 771.5767899696156, ""scene_count"": 10, ""scene_minutes"": 120.0, ""transport_count"": 10, ""transport_minutes"": 398.9499999999998}, ""minor"": {""expected_lost"": 3.364683256349356, ""expected_saved"": 12.635316743650643, ""mean_response_minutes"": 49.084139764771194, ""mean_scene_minutes"": 10.0, ""mean_transport_minutes"": 37.06666666666667, ""p90_response_minutes"": 80.9757859504979, ""patients"": 16, ""response_count"": 15, ""response_minutes"": 736.2620964715679, ""scene_count"": 15, ""scene_minutes"": 150.0, ""transport_count"": 15, ""transport_minutes"": 556.0}, ""stroke"": {""expected_lost"": 11.809373826031477, ""expected_saved"": 3.1906261739685218, ""mean_response_minutes"": 95.73151812217246, ""mean_scene_minutes"": 13.999999999999991, ""mean_transport_minutes"": 28.296153846153857, ""p90_response_minutes"": 238.87195388984435, ""patients"": 15, ""response_count"": 13, ""response_minutes"": 1244.509735588242, ""scene_count"": 13, ""scene_minutes"": 181.9999999999999, ""transport_count"": 13, ""transport_minutes"": 367.85000000000014}, ""trauma"": {""expected_lost"": 9.701078788426933, ""expected_saved"": 1.2989212115730666, ""mean_response_minutes"": 32.56937731448308, ""mean_scene_minutes"": 16.0, ""mean_transport_minutes"": 23.25, ""p90_response_minutes"": 47.083384185153974, ""patients"": 11, ""response_count"": 8, ""response_minutes"": 260.5550185158646, ""scene_count"": 8, ""scene_minutes"": 128.0, ""transport_count"": 8, ""transport_minutes"": 186.0}}","{""arrive_hospital"": 108, ""arrive_scene"": 46, ""hospital_release"": 71, ""patient_arrival"": 56, ""reposition_complete"": 43, ""restock_complete"": 43, ""scene_complete"": 46, ""transfer_ready"": 83}",38.09838,17.90162,0.3196717820285527,65.49790522924545,12.60869565217391,32.8,110.34399849792524,46,0.8214285714285714,56,56,10
nearest,4,1004,"{""cardiac"": {""expected_lost"": 7.195285453506811, ""expected_saved"": 0.8047145464931893, ""mean_response_minutes"": 47.69801809223134, ""mean_scene_minutes"": 10.0, ""mean_transport_minutes"": 37.85999999999999, ""p90_response_minutes"": 108.89405427669396, ""patients"": 8, ""response_count"": 6, ""response_minutes"": 286.188108553388, ""scene_count"": 6, ""scene_minutes"": 60.0, ""transport_count"": 5, ""transport_minutes"": 189.29999999999995}, ""minor"": {""expected_lost"": 0.5182883507537016, ""expected_saved"": 5.481711649246298, ""mean_response_minutes"": 30.199289272664487, ""mean_scene_minutes"": 10.0, ""mean_transport_minutes"": 38.333333333333336, ""p90_response_minutes"": 55.105736834377694, ""patients"": 6, ""response_count"": 6, ""response_minutes"": 181.19573563598692, ""scene_count"": 6, ""scene_minutes"": 60.0, ""transport_count"": 6, ""transport_minutes"": 230.0}, ""stroke"": {""expected_lost"": 7.934561648638729, ""expected_saved"": 4.065438351361271, ""mean_response_minutes"": 51.35842525693293, ""mean_scene_minutes"": 14.0, ""mean_transport_minutes"": 28.750000000000014, ""p90_response_minutes"": 84.17122930503527, ""patients"": 12, ""response_count"": 10, ""response_minutes"": 513.5842525693294, ""scene_count"": 10, ""scene_minutes"": 140.0, ""transport_count"": 9, ""transport_minutes"": 258.7500000000001}, ""trauma"": {""expected_lost"": 11.418897100177139, ""expected_saved"": 1.5811028998228618, ""mean_response_minutes"": 59.66402428306666, ""mean_scene_minutes"": 16.0, ""mean_transport_minutes"": 26.177272727272726, ""p90_response_minutes"": 117.49335635985246, ""patients"": 13, ""response_count"": 12, ""response_minutes"": 715.9682913967999, ""scene_count"": 12, ""scene_minutes"": 192.0, ""transport_count"": 11, ""transport_minutes"": 287.95}}","{""arrive_hospital"": 62, ""arrive_scene"": 34, ""hospital_release"": 50, ""patient_arrival"": 39, ""reposition_complete"": 31, ""restock_complete"": 31, ""scene_complete"": 33, ""transfer_ready"": 51}",27.067033,11.932967,0.3059735242800928,49.909893769279535,13.294117647058824,31.161290322580644,109.3491193644281,34,0.8717948717948718,39,39,5
nearest,5,1005,"{""cardiac"": {""expected_lost"": 7.5567905131052795, ""expected_saved"": 0.4432094868947202, ""mean_response_minutes"": 99.31820893874065, ""mean_scene_minutes"": 11.999999999999984, ""mean_transport_minutes"": 41.535714285714285, ""p90_response_minutes"": 233.8369157908324, ""patients"": 8, ""response_count"": 7, ""response_minutes"": 695.2274625711846, ""scene_count"": 7, ""scene_minutes"": 83.99999999999989, ""transport_count"": 7, ""transport_minutes"": 290.75}, ""minor"": {""expected_lost"": 2.0933442888209837, ""expected_saved"": 8.906655711179017, ""mean_response_minutes"": 54.0035390819055, ""mean_scene_minutes"": 10.0, ""mean_transport_minutes"": 39.84999999999999, ""p90_response_minutes"": 79.9583388930821, ""patients"": 11, ""response_count"": 11, ""response_minutes"": 594.0389299009605, ""scene_count"": 11, ""scene_minutes"": 110.0, ""transport_count"": 11, ""transport_minutes"": 438.34999999999985}, ""stroke"": {""expected_lost"": 5.3746412491986275, ""expected_saved"": 2.6253587508013716, ""mean_response_minutes"": 78.6329290406457, ""mean_scene_minutes"": 14.0, ""mean_transport_minutes"": 26.406250000000007, ""p90_response_minutes"": 186.9735205912122, ""patients"": 8, ""response_count"": 8, ""response_minutes"": 629.0634323251656, ""scene_count"": 8, ""scene_minutes"": 112.0, ""transport_count"": 8, ""transport_minutes"": 211.25000000000006}, ""trauma"": {""expected_lost"": 10.769551085009741, ""expected_saved"": 1.2304489149902584, ""mean_response_minutes"": 59.013515580515815, ""mean_scene_minutes"": 16.0, ""mean_transport_minutes"": 28.65454545454546, ""p90_response_minutes"": 105.42581104999279, ""patients"": 12, ""response_count"": 12, ""response_minutes"": 708.1621869661898, ""scene_count"": 12, ""scene_minutes"": 192.0, ""transport_count"": 11, ""transport_minutes"": 315.20000000000005}}","{""arrive_hospital"": 81, ""arrive_scene"": 38, ""hospital_release"": 56, ""patient_arrival"": 39, ""reposition_complete"": 36, ""restock_complete"": 36, ""scene_complete"": 38, ""transfer_ready"": 63}",25.794327,13.205673,0.33860699650936826,69.11821083588158,13.105263157894735,33.93378378378378,184.15248021984587,38,0.9743589743589743,39,39,1
nearest,6,1006,"{""cardiac"": {""expected_lost"": 9.325220714527285, ""expected_saved"": 0.6747792854727147, ""mean_response_minutes"": 42.42518377636433, ""mean_scene_minutes"": 12.0, ""mean_transport_minutes"": 38.625, ""p90_response_minutes"": 75.2435455632928, ""patients"": 10, ""response_count"": 8, ""response_minutes"": 339.4014702109146, ""scene_count"": 8, ""scene_minutes"": 96.0, ""transport_count"": 8, ""transport_minutes"": 309.0}, ""minor"": {""expected_lost"": 3.4428896972675096, ""expected_saved"": 13.55711030273249, ""mean_response_minutes"": 58.532315926957835, ""mean_scene_minutes"": 10.0, ""mean_transport_minutes"": 41.52941176470587, ""p90_response_minutes"": 99.34757217215288, ""patients"": 17, ""response_count"": 17, ""response_minutes"": 995.0493707582832, ""scene_count"": 17, ""scene_minutes"": 170.0, ""transport_count"": 17, ""transport_minutes"": 705.9999999999998}, ""stroke"": {""expected_lost"": 7.336310216661588, ""expected_saved"": 3.6636897833384108, ""mean_response_minutes"": 81.48782382667778, ""mean_scene_minutes"": 14.0, ""mean_transport_minutes"": 24.966666666666658, ""p90_response_minutes"": 107.33863645891392, ""patients"": 11, ""response_count"": 10, ""response_minutes"": 814.8782382667778, ""scene_count"": 10, ""scene_minutes"": 140.0, ""transport_count"": 9, ""transport_minutes"": 224.69999999999993}, ""trauma"": {""expected_lost"": 12.802044801056914, ""expected_saved"": 1.1979551989430872, ""mean_response_minutes"": 102.07340277536444, ""mean_scene_minutes"": 16.0, ""mean_transport_minutes"": 26.29583333333333, ""p90_response_minutes"": 171.11995436788945, ""patients"": 14, ""response_count"": 12, ""response_minutes"": 1224.8808333043733, ""scene_count"": 12, ""scene_minutes"": 192.0, ""transport_count"": 12, ""transport_minutes"": 315.54999999999995}}","{""arrive_hospital"": 105, ""arrive_scene"": 47, ""hospital_release"": 70, ""patient_arrival"": 52, ""reposition_complete"": 46, ""restock_complete"": 46, ""scene_complete"": 47, ""transfer_ready"": 80}",32.906465,19.093535,0.3671833571247442,71.79170026681594,12.72340425531915,33.80978260869565,99.34757217215287,47,0.9038461538461539,52,52,5
nearest,7,1007,"{""cardiac"": {""expected_lost"": 18.143628781236607, ""expected_saved"": 0.8563712184818387, ""mean_response_minutes"": 83.45350743738753, ""mean_scene_minutes"": 12.0, ""mean_transport_minutes"": 41.85416666666666, ""p90_response_minutes"": 177.5469513128384, ""patients"": 19, ""response_count"": 12, ""response_minutes"": 1001.4420892486504, ""scene_count"": 12, ""scene_minutes"": 144.0, ""transport_count"": 12, ""transport_minutes"": 502.2499999999999}, ""minor"": {""expected_lost"": 1.8780328070138768, ""expected_saved"": 8.121967192986123, ""mean_response_minutes"": 48.31346859736798, ""mean_scene_minutes"": 10.0, ""mean_transport_minutes"": 37.87999999999998, ""p90_response_minutes"": 68.06469910036377, ""patients"": 10, ""response_count"": 10, ""response_minutes"": 483.1346859736798, ""scene_count"": 10, ""scene_minutes"": 100.0, ""transport_count"": 10, ""transport_minutes"": 378.79999999999984}, ""stroke"": {""expected_lost"": 6.864261811187598, ""expected_saved"": 3.1357381888124016, ""mean_response_minutes"": 52.4128943142261, ""mean_scene_minutes"": 14.0, ""mean_transport_minutes"": 26.25, ""p90_response_minutes"": 99.64983563532897, ""patients"": 10, ""response_count"": 9, ""response_minutes"": 471.7160488280349, ""scene_count"": 9, ""scene_minutes"": 126.0, ""transport_count"": 9, ""transport_minutes"": 236.25}, ""trauma"": {""expected_lost"": 8.784929742526707, ""expected_saved"": 1.2150702574732926, ""mean_response_minutes"": 41.54658057431491, ""mean_scene_minutes"": 12.800000000000011, ""mean_transport_minutes"": 23.83125000000001, ""p90_response_minutes"": 65.39506782246785, ""patients"": 10, ""response_count"": 10, ""response_minutes"": 415.4658057431491, ""scene_count"": 10, ""scene_minutes"": 128.0000000000001, ""transport_count"": 8, ""transport_minutes"": 190.6500000000001}}","{""arrive_hospital"": 90, ""arrive_scene"": 41, ""hospital_release"": 60, ""patient_arrival"": 49, ""reposition_complete"": 38, ""restock_complete"": 38, ""scene_complete"": 39, ""transfer_ready"": 69}",35.670853,13.329147,0.27202340526027874,57.84777145837839,12.146341463414636,33.53717948717948,93.30438462720485,41,0.8367346938775511,49,49,8
nearest,8,1008,"{""cardiac"": {""expected_lost"": 13.49895822998093, ""expected_saved"": 0.5010417700190698, ""mean_response_minutes"": 65.21751770516926, ""mean_scene_minutes"": 9.333333333333334, ""mean_transport_minutes"": 40.81666666666664, ""p90_response_minutes"": 164.16495501591902, ""patients"": 14, ""response_count"": 9, ""response_minutes"": 586.9576593465233, ""scene_count"": 9, ""scene_minutes"": 84.0, ""transport_count"": 6, ""transport_minutes"": 244.89999999999986}, ""minor"": {""expected_lost"": 1.2572266915030927, ""expected_saved"": 6.742773308496908, ""mean_response_minutes"": 47.56889396783701, ""mean_scene_minutes"": 10.0, ""mean_transport_minutes"": 40.44375, ""p90_response_minutes"": 66.72857558909975, ""patients"": 8, ""response_count"": 8, ""response_minutes"": 380.5511517426961, ""scene_count"": 8, ""scene_minutes"": 80.0, ""transport_count"": 8, ""transport_minutes"": 323.55}, ""stroke"": {""expected_lost"": 10.77850332576805, ""expected_saved"": 4.221496674231951, ""mean_response_minutes"": 177.4852031128519, ""mean_scene_minutes"": 14.000000000000009, ""mean_transport_minutes"": 28.06428571428572, ""p90_response_minutes"": 651.2841846213976, ""patients"": 15, ""response_count"": 14, ""response_minutes"": 2484.7928435799267, ""scene_count"": 14, ""scene_minutes"": 196.0000000000001, ""transport_count"": 14, ""transport_minutes"": 392.9000000000001}, ""trauma"": {""expected_lost"": 11.896869937486478, ""expected_saved"": 1.1031300625135183, ""mean_response_minutes"": 70.68812322521596, ""mean_scene_minutes"": 16.0, ""mean_transport_minutes"": 29.981818181818177, ""p90_response_minutes"": 144.63579998013165, ""patients"": 13, ""response_count"": 11, ""response_minutes"": 777.5693554773756, ""scene_count"": 11, ""scene_minutes"": 176.0, ""transport_count"": 11, ""transport_minutes"": 329.79999999999995}}","{""arrive_hospital"": 81, ""arrive_scene"": 42, ""hospital_release"": 59, ""patient_arrival"": 50, ""reposition_complete"": 39, ""restock_complete"": 39, ""scene_complete"": 40, ""transfer_ready"": 67}",37.431558,12.568442,0.25136883630522894,100.71121452729815,12.761904761904765,33.10641025641026,151.29202802834467,42,0.84,50,50,8
nearest,9,1009,"{""cardiac"": {""expected_lost"": 13.958351644672378, ""expected_saved"": 1.0416483548971673, ""mean_response_minutes"": 86.66594939909082, ""mean_scene_minutes"": 12.0, ""mean_transport_minutes"": 41.512499999999996, ""p90_response_minutes"": 189.51388706802854, ""patients"": 15, ""response_count"": 12, ""response_minutes"": 1039.9913927890898, ""scene_count"": 12, ""scene_minutes"": 144.0, ""transport_count"": 12, ""transport_minutes"": 498.15}, ""minor"": {""expected_lost"": 2.724088188442999, ""expected_saved"": 9.275911811557002, ""mean_response_minutes"": 65.78932026622662, ""mean_scene_minutes"": 10.0, ""mean_transport_minutes"": 36.975, ""p90_response_minutes"": 82.4674259462325, ""patients"": 12, ""response_count"": 12, ""response_minutes"": 789.4718431947194, ""scene_count"": 12, ""scene_minutes"": 120.0, ""transport_count"": 12, ""transport_minutes"": 443.70000000000005}, ""stroke"": {""expected_lost"": 6.226236136208768, ""expected_saved"": 1.773763863791232, ""mean_response_minutes"": 46.9983236789091, ""mean_scene_minutes"": 14.0, ""mean_transport_minutes"": 26.849999999999977, ""p90_response_minutes"": 79.75314156323456, ""patients"": 8, ""response_count"": 5, ""response_minutes"": 234.99161839454553, ""scene_count"": 5, ""scene_minutes"": 70.0, ""transport_count"": 5, ""transport_minutes"": 134.2499999999999}, ""trauma"": {""expected_lost"": 14.343923833326107, ""expected_saved"": 1.6560761666738952, ""mean_response_minutes"": 48.14403066381086, ""mean_scene_minutes"": 16.0, ""mean_transport_minutes"": 22.717857142857138, ""p90_response_minutes"": 98.13899773112148, ""patients"": 16, ""response_count"": 14, ""response_minutes"": 674.0164292933521, ""scene_count"": 14, ""scene_minutes"": 224.0, ""transport_count"": 14, ""transport_minutes"": 318.04999999999995}}","{""arrive_hospital"": 94, ""arrive_scene"": 43, ""hospital_release"": 61, ""patient_arrival"": 51, ""reposition_complete"": 41, ""restock_complete"": 41, ""scene_complete"": 43, ""transfer_ready"": 70}",37.2526,13.7474,0.26955686660626066,63.6853786900397,12.976744186046512,32.42209302325581,124.10302020076,43,0.8431372549019608,51,51,8
nearest,10,1010,"{""cardiac"": {""expected_lost"": 12.427347230306246, ""expected_saved"": 0.5726527695150558, ""mean_response_minutes"": 90.73642799304946, ""mean_scene_minutes"": 12.00000000000001, ""mean_transport_minutes"": 41.1181818181818, ""p90_response_minutes"": 223.34369114638685, ""patients"": 13, ""response_count"": 11, ""response_minutes"": 998.1007079235441, ""scene_count"": 11, ""scene_minutes"": 132.0000000000001, ""transport_count"": 11, ""transport_minutes"": 452.29999999999984}, ""minor"": {""expected_lost"": 2.110953844244926, ""expected_saved"": 14.889046155755073, ""mean_response_minutes"": 40.52466926946233, ""mean_scene_minutes"": 10.0, ""mean_transport_minutes"": 40.37058823529411, ""p90_response_minutes"": 52.02665040074386, ""patients"": 17, ""response_count"": 17, ""response_minutes"": 688.9193775808596, ""scene_count"": 17, ""scene_minutes"": 170.0, ""transport_count"": 17, ""transport_minutes"": 686.2999999999998}, ""stroke"": {""expected_lost"": 4.332402393626242, ""expected_saved"": 2.667597606373758, ""mean_response_minutes"": 48.69653355538742, ""mean_scene_minutes"": 14.0, ""mean_transport_minutes"": 27.571428571428573, ""p90_response_minutes"": 110.40503762476109, ""patients"": 7, ""response_count"": 7, ""response_minutes"": 340.87573488771193, ""scene_count"": 7, ""scene_minutes"": 98.0, ""transport_count"": 7, ""transport_minutes"": 193.0}, ""trauma"": {""expected_lost"": 7.459524993637058, ""expected_saved"": 0.5404750063629419, ""mean_response_minutes"": 79.49802724817394, ""mean_scene_minutes"": 16.0, ""mean_transport_minutes"": 28.625, ""p90_response_minutes"": 165.31092995318224, ""patients"": 8, ""response_count"": 8, ""response_minutes"": 635.9842179853915, ""scene_count"": 8, ""scene_minutes"": 128.0, ""transport_count"": 8, ""transport_minutes"": 229.0}}","{""arrive_hospital"": 106, ""arrive_scene"": 43, ""hospital_release"": 72, ""patient_arrival"": 45, ""reposition_complete"": 43, ""restock_complete"": 43, ""scene_complete"": 43, ""transfer_ready"": 78}",26.330228,18.669772,0.41488381195570706,61.95069856691875,12.279069767441863,36.29302325581395,116.9130502179091,43,0.9555555555555556,45,45,2
nearest,11,1011,"{""cardiac"": {""expected_lost"": 14.982304003515988, ""expected_saved"": 1.0176959964840122, ""mean_response_minutes"": 49.616451083330496, ""mean_scene_minutes"": 12.0, ""mean_transport_minutes"": 42.32500000000001, ""p90_response_minutes"": 50.1559448274689, ""patients"": 16, ""response_count"": 12, ""response_minutes"": 595.3974129999659, ""scene_count"": 12, ""scene_minutes"": 144.0, ""transport_count"": 12, ""transport_minutes"": 507.90000000000015}, ""minor"": {""expected_lost"": 2.462984990162427, ""expected_saved"": 12.537015009837576, ""mean_response_minutes"": 40.46052263433876, ""mean_scene_minutes"": 10.0, ""mean_transport_minutes"": 38.85714285714284, ""p90_response_minutes"": 57.131485701124255, ""patients"": 15, ""response_count"": 15, ""response_minutes"": 606.9078395150814, ""scene_count"": 15, ""scene_minutes"": 150.0, ""transport_count"": 14, ""transport_minutes"": 543.9999999999998}, ""stroke"": {""expected_lost"": 15.41205920699204, ""expected_saved"": 2.58794079300796, ""mean_response_minutes"": 79.22050702599786, ""mean_scene_minutes"": 14.0, ""mean_transport_minutes"": 25.925, ""p90_response_minutes"": 139.36089084548252, ""patients"": 18, ""response_count"": 10, ""response_minutes"": 792.2050702599786, ""scene_count"": 10, ""scene_minutes"": 140.0, ""transport_count"": 10, ""transport_minutes"": 259.25}, ""trauma"": {""expected_lost"": 13.967474427651682, ""expected_saved"": 1.0325255723483162, ""mean_response_minutes"": 81.01070245960342, ""mean_scene_minutes"": 16.0, ""mean_transport_minutes"": 26.855555555555572, ""p90_response_minutes"": 231.8072789480293, ""patients"": 15, ""response_count"": 10, ""response_minutes"": 810.1070245960342, ""scene_count"": 10, ""scene_minutes"": 160.0, ""transport_count"": 9, ""transport_minutes"": 241.70000000000016}}","{""arrive_hospital"": 107, ""arrive_scene"": 47, ""hospital_release"": 70, ""patient_arrival"": 64, ""reposition_complete"": 44, ""restock_complete"": 44, ""scene_complete"": 47, ""transfer_ready"": 81}",46.824823,17.175177,0.26836214643246653,59.67270951853321,12.638297872340425,34.507777777777775,133.68526717227087,47,0.734375,64,64,17
nearest,12,1012,"{""cardiac"": {""expected_lost"": 8.66451675658845, ""expected_saved"": 1.3354832434115507, ""mean_response_minutes"": 24.746373809392292, ""mean_scene_minutes"": 12.0, ""mean_transport_minutes"": 37.6, ""p90_response_minutes"": 32.30137380939233, ""patients"": 10, ""response_count"": 10, ""response_minutes"": 247.46373809392293, ""scene_count"": 10, ""scene_minutes"": 120.0, ""transport_count"": 10, ""transport_minutes"": 376.0}, ""minor"": {""expected_lost"": 0.14384931992321878, ""expected_saved"": 4.856150680076781, ""mean_response_minutes"": 17.620000000000005, ""mean_scene_minutes"": 10.00000000000001, ""mean_transport_minutes"": 40.299999999999976, ""p90_response_minutes"": 20.760000000000012, ""patients"": 5, ""response_count"": 5, ""response_minutes"": 88.10000000000002, ""scene_count"": 5, ""scene_minutes"": 50.00000000000006, ""transport_count"": 5, ""transport_minutes"": 201.4999999999999}, ""stroke"": {""expected_lost"": 2.0516475121806357, ""expected_saved"": 1.9483524878193645, ""mean_response_minutes"": 27.538596608279367, ""mean_scene_minutes"": 14.000000000000004, ""mean_transport_minutes"": 24.0, ""p90_response_minutes"": 32.45485601439216, ""patients"": 4, ""response_count"": 4, ""response_minutes"": 110.15438643311747, ""scene_count"": 4, ""scene_minutes"": 56.000000000000014, ""transport_count"": 4, ""transport_minutes"": 96.0}, ""trauma"": {""expected_lost"": 8.23002724018611, ""expected_saved"": 1.7699727598138892, ""mean_response_minutes"": 26.49030117628039, ""mean_scene_minutes"": 16.0, ""mean_transport_minutes"": 29.410000000000007, ""p90_response_minutes"": 34.70030117628038, ""patients"": 10, ""response_count"": 10, ""response_minutes"": 264.9030117628039, ""scene_count"": 10, ""scene_minutes"": 160.0, ""transport_count"": 10, ""transport_minutes"": 294.1000000000001}}","{""arrive_hospital"": 63, ""arrive_scene"": 29, ""hospital_release"": 53, ""patient_arrival"": 29, ""reposition_complete"": 29, ""restock_complete"": 29, ""scene_complete"": 29, ""transfer_ready"": 48}",19.090041,9.909959,0.3417227300386754,24.504177113442903,13.310344827586208,33.36551724137931,32.3642700422285,29,1.0,29,29,0
nearest,13,1013,"{""cardiac"": {""expected_lost"": 9.388826639692553, ""expected_saved"": 0.6111733603074458, ""mean_response_minutes"": 41.250764310110625, ""mean_scene_minutes"": 12.0, ""mean_transport_minutes"": 41.73571428571428, ""p90_response_minutes"": 77.08574837166819, ""patients"": 10, ""response_count"": 7, ""response_minutes"": 288.75535017077436, ""scene_count"": 7, ""scene_minutes"": 84.0, ""transport_count"": 7, ""transport_minutes"": 292.15}, ""minor"": {""expected_lost"": 2.879696454707477, ""expected_saved"": 13.120303545292522, ""mean_response_minutes"": 68.10845684218489, ""mean_scene_minutes"": 10.0, ""mean_transport_minutes"": 38.12500000000001, ""p90_response_minutes"": 83.1109665212789, ""patients"": 16, ""response_count"": 16, ""response_minutes"": 1089.7353094749583, ""scene_count"": 16, ""scene_minutes"": 160.0, ""transport_count"": 16, ""transport_minutes"": 610.0000000000001}, ""stroke"": {""expected_lost"": 10.77000227687232, ""expected_saved"": 2.2299977231276795, ""mean_response_minutes"": 152.6251346875763, ""mean_scene_minutes"": 12.727272727272727, ""mean_transport_minutes"": 26.80999999999999, ""p90_response_minutes"": 356.84304839728486, ""patients"": 13, ""response_count"": 11, ""response_minutes"": 1678.8764815633392, ""scene_count"": 11, ""scene_minutes"": 140.0, ""transport_count"": 10, ""transport_minutes"": 268.0999999999999}, ""trauma"": {""expected_lost"": 9.012874728683208, ""expected_saved"": 0.9871252713167908, ""mean_response_minutes"": 95.52376825723483, ""mean_scene_minutes"": 16.0, ""mean_transport_minutes"": 24.400000000000006, ""p90_response_minutes"": 195.0729627084742, ""patients"": 10, ""response_count"": 8, ""response_minutes"": 764.1901460578787, ""scene_count"": 8, ""scene_minutes"": 128.0, ""transport_count"": 8, ""transport_minutes"": 195.20000000000005}}","{""arrive_hospital"": 96, ""arrive_scene"": 42, ""hospital_release"": 66, ""patient_arrival"": 49, ""reposition_complete"": 39, ""restock_complete"": 39, ""scene_complete"": 41, ""transfer_ready"": 73}",32.0514,16.9486,0.34588979387845803,90.98945922064165,12.19047619047619,33.30365853658537,310.11154191707897,42,0.8571428571428571,49,49,7
nearest,14,1014,"{""cardiac"": {""expected_lost"": 9.764925739703468, ""expected_saved"": 1.2350742602965326, ""mean_response_minutes"": 26.97637717502246, ""mean_scene_minutes"": 12.0, ""mean_transport_minutes"": 37.666666666666664, ""p90_response_minutes"": 43.39808218550452, ""patients"": 11, ""response_count"": 9, ""response_minutes"": 242.78739457520214, ""scene_count"": 9, ""scene_minutes"": 108.0, ""transport_count"": 9, ""transport_minutes"": 339.0}, ""minor"": {""expected_lost"": 3.7570241989409427, ""expected_saved"": 8.242975801059057, ""mean_response_minutes"": 46.527624143861466, ""mean_scene_minutes"": 10.0, ""mean_transport_minutes"": 37.19499999999998, ""p90_response_minutes"": 66.53144920996576, ""patients"": 12, ""response_count"": 10, ""response_minutes"": 465.27624143861465, ""scene_count"": 10, ""scene_minutes"": 100.0, ""transport_count"": 10, ""transport_minutes"": 371.9499999999998}, ""stroke"": {""expected_lost"": 7.494139443621117, ""expected_saved"": 4.505860556378883, ""mean_response_minutes"": 30.824067313790987, ""mean_scene_minutes"": 14.0, ""mean_transport_minutes"": 25.939999999999998, ""p90_response_minutes"": 41.55879887605343, ""patients"": 12, ""response_count"": 10, ""response_minutes"": 308.2406731379099, ""scene_count"": 10, ""scene_minutes"": 140.0, ""transport_count"": 10, ""transport_minutes"": 259.4}, ""trauma"": {""expected_lost"": 11.49769076284159, ""expected_saved"": 1.50230923715841, ""mean_response_minutes"": 39.00260621626685, ""mean_scene_minutes"": 16.0, ""mean_transport_minutes"": 26.633333333333315, ""p90_response_minutes"": 59.9675081883637, ""patients"": 13, ""response_count"": 12, ""response_minutes"": 468.03127459520215, ""scene_count"": 12, ""scene_minutes"": 192.0, ""transport_count"": 12, ""transport_minutes"": 319.5999999999998}}","{""arrive_hospital"": 86, ""arrive_scene"": 41, ""hospital_release"": 62, ""patient_arrival"": 48, ""reposition_complete"": 38, ""restock_complete"": 38, ""scene_complete"": 41, ""transfer_ready"": 69}",32.51378,15.48622,0.32262958031026834,36.2033069206568,13.170731707317072,31.46219512195121,60.812645943648704,41,0.8541666666666666,48,48,7
nearest,15,1015,"{""cardiac"": {""expected_lost"": 11.680943607683812, ""expected_saved"": 1.3190563923161904, ""mean_response_minutes"": 30.062319113718946, ""mean_scene_minutes"": 12.0, ""mean_transport_minutes"": 35.8, ""p90_response_minutes"": 58.853348199983024, ""patients"": 13, ""response_count"": 10, ""response_minutes"": 300.62319113718945, ""scene_count"": 10, ""scene_minutes"": 120.0, ""transport_count"": 10, ""transport_minutes"": 358.0}, ""minor"": {""expected_lost"": 1.739911931582192, ""expected_saved"": 10.260088068417806, ""mean_response_minutes"": 44.413537707806974, ""mean_scene_minutes"": 10.0, ""mean_transport_minutes"": 37.07083333333333, ""p90_response_minutes"": 61.32065047794897, ""patients"": 12, ""response_count"": 12, ""response_minutes"": 532.9624524936837, ""scene_count"": 12, ""scene_minutes"": 120.0, ""transport_count"": 12, ""transport_minutes"": 444.85}, ""stroke"": {""expected_lost"": 11.780137602668095, ""expected_saved"": 4.219862397331905, ""mean_response_minutes"": 55.449189014303776, ""mean_scene_minutes"": 14.0, ""mean_transport_minutes"": 25.388461538461534, ""p90_response_minutes"": 94.00496021482405, ""patients"": 16, ""response_count"": 13, ""response_minutes"": 720.8394571859491, ""scene_count"": 13, ""scene_minutes"": 182.0, ""transport_count"": 13, ""transport_minutes"": 330.04999999999995}, ""trauma"": {""expected_lost"": 10.65105348970668, ""expected_saved"": 1.3489465102933198, ""mean_response_minutes"": 73.76096328594203, ""mean_scene_minutes"": 16.0, ""mean_transport_minutes"": 23.833333333333332, ""p90_response_minutes"": 202.25608348881448, ""patients"": 12, ""response_count"": 9, ""response_minutes"": 663.8486695734782, ""scene_count"": 9, ""scene_minutes"": 144.0, ""transport_count"": 9, ""transport_minutes"": 214.5}}","{""arrive_hospital"": 98, ""arrive_scene"": 44, ""hospital_release"": 73, ""patient_arrival"": 53, ""reposition_complete"": 41, ""restock_complete"": 41, ""scene_complete"": 44, ""transfer_ready"": 78}",35.852047,17.147953,0.3235462899690421,50.415312963415914,12.863636363636363,30.622727272727275,93.38150022012306,44,0.8301886792452831,53,53,9
nearest,16,1016,"{""cardiac"": {""expected_lost"": 16.629108069295583, ""expected_saved"": 0.37089192978835334, ""mean_response_minutes"": 126.59135142901667, ""mean_scene_minutes"": 12.000000000000004, ""mean_transport_minutes"": 35.21428571428572, ""p90_response_minutes"": 366.6037717875319, ""patients"": 17, ""response_count"": 15, ""response_minutes"": 1898.87027143525, ""scene_count"": 15, ""scene_minutes"": 180.00000000000006, ""transport_count"": 14, ""transport_minutes"": 493.0000000000001}, ""minor"": {""expected_lost"": 3.749499823754693, ""expected_saved"": 13.250500176245309, ""mean_response_minutes"": 58.41691721330477, ""mean_scene_minutes"": 10.0, ""mean_transport_minutes"": 40.6125, ""p90_response_minutes"": 98.92516503071985, ""patients"": 17, ""response_count"": 17, ""response_minutes"": 993.0875926261812, ""scene_count"": 17, ""scene_minutes"": 170.0, ""transport_count"": 16, ""transport_minutes"": 649.8}, ""stroke"": {""expected_lost"": 5.330335382424347, ""expected_saved"": 2.669664617575653, ""mean_response_minutes"": 38.174226833349444, ""mean_scene_minutes"": 13.999999999999998, ""mean_transport_minutes"": 26.821428571428573, ""p90_response_minutes"": 59.36206313067122, ""patients"": 8, ""response_count"": 8, ""response_minutes"": 305.39381466679555, ""scene_count"": 8, ""scene_minutes"": 111.99999999999999, ""transport_count"": 7, ""transport_minutes"": 187.75}, ""trauma"": {""expected_lost"": 6.158825025065418, ""expected_saved"": 0.8411749749345827, ""mean_response_minutes"": 49.76554335700589, ""mean_scene_minutes"": 16.0, ""mean_transport_minutes"": 23.678571428571427, ""p90_response_minutes"": 101.19137020664112, ""patients"": 7, ""response_count"": 7, ""response_minutes"": 348.35880349904124, ""scene_count"": 7, ""scene_minutes"": 112.0, ""transport_count"": 7, ""transport_minutes"": 165.75}}","{""arrive_hospital"": 106, ""arrive_mortuary"": 1, ""arrive_scene"": 47, ""hospital_release"": 73, ""patient_arrival"": 49, ""reposition_complete"": 44, ""restock_complete"": 44, ""scene_complete"": 47, ""transfer_ready"": 77}",31.867768,17.132232,0.34963738160293667,75.44064855802698,12.212765957446809,34.00681818181818,114.1521798446212,47,0.9591836734693877,49,49,2
nearest,17,1017,"{""cardiac"": {""expected_lost"": 9.568434512414747, ""expected_saved"": 0.43156548758525215, ""mean_response_minutes"": 72.5228561179629, ""mean_scene_minutes"": 12.0, ""mean_transport_minutes"": 40.31111111111111, ""p90_response_minutes"": 127.19932972839676, ""patients"": 10, ""response_count"": 10, ""response_minutes"": 725.228561179629, ""scene_count"": 10, ""scene_minutes"": 120.0, ""transport_count"": 9, ""transport_minutes"": 362.8}, ""minor"": {""expected_lost"": 2.569834856877278, ""expected_saved"": 16.43016514312272, ""mean_response_minutes"": 39.44993127257187, ""mean_scene_minutes"": 10.0, ""mean_transport_minutes"": 39.92631578947368, ""p90_response_minutes"": 65.16080098697216, ""patients"": 19, ""response_count"": 19, ""response_minutes"": 749.5486941788655, ""scene_count"": 19, ""scene_minutes"": 190.0, ""transport_count"": 19, ""transport_minutes"": 758.6}, ""stroke"": {""expected_lost"": 3.651375838545087, ""expected_saved"": 1.3486241614549135, ""mean_response_minutes"": 55.92609471953828, ""mean_scene_minutes"": 14.0, ""mean_transport_minutes"": 25.0, ""p90_response_minutes"": 71.84540010291023, ""patients"": 5, ""response_count"": 5, ""response_minutes"": 279.6304735976914, ""scene_count"": 5, ""scene_minutes"": 70.0, ""transport_count"": 5, ""transport_minutes"": 125.0}, ""trauma"": {""expected_lost"": 10.275028403794828, ""expected_saved"": 0.724971596205171, ""mean_response_minutes"": 73.28360485802745, ""mean_scene_minutes"": 14.222222222222221, ""mean_transport_minutes"": 25.69999999999999, ""p90_response_minutes"": 129.6718091722367, ""patients"": 11, ""response_count"": 9, ""response_minutes"": 659.5524437222471, ""scene_count"": 9, ""scene_minutes"": 128.0, ""transport_count"": 8, ""transport_minutes"": 205.5999999999999}}","{""arrive_hospital"": 102, ""arrive_scene"": 43, ""hospital_release"": 64, ""patient_arrival"": 45, ""reposition_complete"": 40, ""restock_complete"": 40, ""scene_complete"": 42, ""transfer_ready"": 74}",26.064674,18.935326,0.4207850308526235,56.13860866694031,11.813953488372093,35.41463414634146,102.43647861495661,43,0.9555555555555556,45,45,2
nearest,18,1018,"{""cardiac"": {""expected_lost"": 7.00638282981439, ""expected_saved"": 0.993617170185611, ""mean_response_minutes"": 49.79229418597167, ""mean_scene_minutes"": 12.000000000000002, ""mean_transport_minutes"": 40.631249999999994, ""p90_response_minutes"": 129.4213311446892, ""patients"": 8, ""response_count"": 8, ""response_minutes"": 398.33835348777336, ""scene_count"": 8, ""scene_minutes"": 96.00000000000001, ""transport_count"": 8, ""transport_minutes"": 325.04999999999995}, ""minor"": {""expected_lost"": 1.1101705139222755, ""expected_saved"": 5.889829486077724, ""mean_response_minutes"": 45.93867803219683, ""mean_scene_minutes"": 10.0, ""mean_transport_minutes"": 42.849999999999945, ""p90_response_minutes"": 80.9766730207435, ""patients"": 7, ""response_count"": 7, ""response_minutes"": 321.57074622537783, ""scene_count"": 7, ""scene_minutes"": 70.0, ""transport_count"": 7, ""transport_minutes"": 299.9499999999996}, ""stroke"": {""expected_lost"": 7.185449781588104, ""expected_saved"": 5.814550218411896, ""mean_response_minutes"": 31.80317472944861, ""mean_scene_minutes"": 14.0, ""mean_transport_minutes"": 27.47692307692308, ""p90_response_minutes"": 40.54742982527483, ""patients"": 13, ""response_count"": 13, ""response_minutes"": 413.44127148283195, ""scene_count"": 13, ""scene_minutes"": 182.0, ""transport_count"": 13, ""transport_minutes"": 357.20000000000005}, ""trauma"": {""expected_lost"": 10.528765072680114, ""expected_saved"": 1.4712349273198857, ""mean_response_minutes"": 83.09605764955118, ""mean_scene_minutes"": 16.0, ""mean_transport_minutes"": 24.909999999999997, ""p90_response_minutes"": 246.19788683911412, ""patients"": 12, ""response_count"": 11, ""response_minutes"": 914.056634145063, ""scene_count"": 11, ""scene_minutes"": 176.0, ""transport_count"": 10, ""transport_minutes"": 249.09999999999997}}","{""arrive_hospital"": 81, ""arrive_scene"": 39, ""hospital_release"": 57, ""patient_arrival"": 40, ""reposition_complete"": 38, ""restock_complete"": 38, ""scene_complete"": 39, ""transfer_ready"": 66}",25.830768,14.169232,0.354230795049878,52.49761552156528,13.435897435897436,32.40263157894736,117.03651288576488,39,0.975,40,40,1
nearest,19,1019,"{""cardiac"": {""expected_lost"": 11.01408706861089, ""expected_saved"": 0.9859129313891116, ""mean_response_minutes"": 63.25776014188752, ""mean_scene_minutes"": 12.0, ""mean_transport_minutes"": 40.22727272727272, ""p90_response_minutes"": 170.10864859428057, ""patients"": 12, ""response_count"": 11, ""response_minutes"": 695.8353615607627, ""scene_count"": 11, ""scene_minutes"": 132.0, ""transport_count"": 11, ""transport_minutes"": 442.4999999999999}, ""minor"": {""expected_lost"": 0.8553510776392618, ""expected_saved"": 8.144648922360739, ""mean_response_minutes"": 32.07894021589862, ""mean_scene_minutes"": 10.0, ""mean_transport_minutes"": 37.150000000000006, ""p90_response_minutes"": 59.49400888478044, ""patients"": 9, ""response_count"": 9, ""response_minutes"": 288.7104619430876, ""scene_count"": 9, ""scene_minutes"": 90.0, ""transport_count"": 9, ""transport_minutes"": 334.35}, ""stroke"": {""expected_lost"": 6.898221065950696, ""expected_saved"": 4.101778934049304, ""mean_response_minutes"": 48.59992506705937, ""mean_scene_minutes"": 13.999999999999995, ""mean_transport_minutes"": 26.136363636363626, ""p90_response_minutes"": 71.39511677679593, ""patients"": 11, ""response_count"": 11, ""response_minutes"": 534.599175737653, ""scene_count"": 11, ""scene_minutes"": 153.99999999999994, ""transport_count"": 11, ""transport_minutes"": 287.4999999999999}, ""trauma"": {""expected_lost"": 10.881261781214217, ""expected_saved"": 1.1187382187857848, ""mean_response_minutes"": 65.04881436033232, ""mean_scene_minutes"": 15.999999999999998, ""mean_transport_minutes"": 25.495833333333337, ""p90_response_minutes"": 110.71552005312202, ""patients"": 12, ""response_count"": 12, ""response_minutes"": 780.5857723239878, ""scene_count"": 12, ""scene_minutes"": 191.99999999999997, ""transport_count"": 12, ""transport_minutes"": 305.95000000000005}}","{""arrive_hospital"": 93, ""arrive_scene"": 43, ""hospital_release"": 66, ""patient_arrival"": 44, ""reposition_complete"": 42, ""restock_complete"": 42, ""scene_complete"": 43, ""transfer_ready"": 74}",29.648921,14.351079,0.32616088651329406,53.48211096663932,13.209302325581392,31.867441860465114,108.06753902031699,43,0.9772727272727273,44,44,1
nearest,20,1020,"{""cardiac"": {""expected_lost"": 11.257509574635666, ""expected_saved"": 0.7424904253643341, ""mean_response_minutes"": 57.511048875550955, ""mean_scene_minutes"": 12.0, ""mean_transport_minutes"": 37.883333333333326, ""p90_response_minutes"": 106.42357770174472, ""patients"": 12, ""response_count"": 12, ""response_minutes"": 690.1325865066115, ""scene_count"": 12, ""scene_minutes"": 144.0, ""transport_count"": 12, ""transport_minutes"": 454.5999999999999}, ""minor"": {""expected_lost"": 3.206707878157548, ""expected_saved"": 10.793292121842452, ""mean_response_minutes"": 43.18542818232571, ""mean_scene_minutes"": 10.0, ""mean_transport_minutes"": 39.23333333333331, ""p90_response_minutes"": 64.02576581681046, ""patients"": 14, ""response_count"": 13, ""response_minutes"": 561.4105663702342, ""scene_count"": 13, ""scene_minutes"": 130.0, ""transport_count"": 12, ""transport_minutes"": 470.7999999999998}, ""stroke"": {""expected_lost"": 9.164245462012168, ""expected_saved"": 3.83575453798783, ""mean_response_minutes"": 38.49106075019403, ""mean_scene_minutes"": 12.727272727272727, ""mean_transport_minutes"": 25.775000000000006, ""p90_response_minutes"": 44.164613632430246, ""patients"": 13, ""response_count"": 11, ""response_minutes"": 423.4016682521343, ""scene_count"": 11, ""scene_minutes"": 140.0, ""transport_count"": 10, ""transport_minutes"": 257.75000000000006}, ""trauma"": {""expected_lost"": 8.311608504972684, ""expected_saved"": 0.6883914950273168, ""mean_response_minutes"": 46.3565753717637, ""mean_scene_minutes"": 15.999999999999996, ""mean_transport_minutes"": 31.487500000000004, ""p90_response_minutes"": 59.81629605286555, ""patients"": 9, ""response_count"": 9, ""response_minutes"": 417.2091783458733, ""scene_count"": 9, ""scene_minutes"": 143.99999999999997, ""transport_count"": 8, ""transport_minutes"": 251.90000000000003}}","{""arrive_hospital"": 100, ""arrive_scene"": 45, ""hospital_release"": 69, ""patient_arrival"": 48, ""reposition_complete"": 42, ""restock_complete"": 42, ""scene_complete"": 44, ""transfer_ready"": 76}",31.940071,16.059929,0.3345818454212903,46.492311099441196,12.4,34.167857142857144,74.19108124964518,45,0.9375,48,48,3
nearest,21,1021,"{""cardiac"": {""expected_lost"": 15.542947697576631, ""expected_saved"": 0.45705230166235206, ""mean_response_minutes"": 158.83072399756932, ""mean_scene_minutes"": 12.0, ""mean_transport_minutes"": 39.05714285714286, ""p90_response_minutes"": 358.3772945897392, ""patients"": 16, ""response_count"": 14, ""response_minutes"": 2223.6301359659706, ""scene_count"": 14, ""scene_minutes"": 168.0, ""transport_count"": 14, ""transport_minutes"": 546.8}, ""minor"": {""expected_lost"": 4.028665784510281, ""expected_saved"": 8.971334215489719, ""mean_response_minutes"": 56.78528044430822, ""mean_scene_minutes"": 10.0, ""mean_transport_minutes"": 39.87272727272727, ""p90_response_minutes"": 75.70225322988763, ""patients"": 13, ""response_count"": 12, ""response_minutes"": 681.4233653316986, ""scene_count"": 12, ""scene_minutes"": 120.0, ""transport_count"": 11, ""transport_minutes"": 438.5999999999999}, ""stroke"": {""expected_lost"": 11.53766517003442, ""expected_saved"": 3.4623348299655787, ""mean_response_minutes"": 58.196145649318694, ""mean_scene_minutes"": 14.0, ""mean_transport_minutes"": 25.181818181818183, ""p90_response_minutes"": 80.87762129147717, ""patients"": 15, ""response_count"": 11, ""response_minutes"": 640.1576021425057, ""scene_count"": 11, ""scene_minutes"": 154.0, ""transport_count"": 11, ""transport_minutes"": 277.0}, ""trauma"": {""expected_lost"": 13.917584428716747, ""expected_saved"": 1.0824155712832535, ""mean_response_minutes"": 79.8190274928576, ""mean_scene_minutes"": 16.0, ""mean_transport_minutes"": 23.90454545454546, ""p90_response_minutes"": 229.38174811477265, ""patients"": 15, ""response_count"": 11, ""response_minutes"": 878.0093024214336, ""scene_count"": 11, ""scene_minutes"": 176.0, ""transport_count"": 11, ""transport_minutes"": 262.95000000000005}}","{""arrive_hospital"": 105, ""arrive_scene"": 48, ""hospital_release"": 71, ""patient_arrival"": 59, ""reposition_complete"": 46, ""restock_complete"": 46, ""scene_complete"": 48, ""transfer_ready"": 81}",45.026863,13.973137,0.23683282912543907,92.15042512211686,12.875,32.454255319148935,238.9983767655541,48,0.8135593220338984,59,59,11
nearest,22,1022,"{""cardiac"": {""expected_lost"": 17.432413598814414, ""expected_saved"": 0.5675864011855865, ""mean_response_minutes"": 49.48188925165709, ""mean_scene_minutes"": 10.800000000000002, ""mean_transport_minutes"": 37.08888888888888, ""p90_response_minutes"": 75.93135625392912, ""patients"": 18, ""response_count"": 10, ""response_minutes"": 494.8188925165709, ""scene_count"": 10, ""scene_minutes"": 108.00000000000003, ""transport_count"": 9, ""transport_minutes"": 333.79999999999995}, ""minor"": {""expected_lost"": 3.726373434126499, ""expected_saved"": 18.2736265658735, ""mean_response_minutes"": 50.51873171265104, ""mean_scene_minutes"": 10.0, ""mean_transport_minutes"": 39.34090909090908, ""p90_response_minutes"": 72.25302967059133, ""patients"": 22, ""response_count"": 22, ""response_minutes"": 1111.4120976783229, ""scene_count"": 22, ""scene_minutes"": 220.0, ""transport_count"": 22, ""transport_minutes"": 865.4999999999998}, ""stroke"": {""expected_lost"": 8.717889221627644, ""expected_saved"": 2.282110778372355, ""mean_response_minutes"": 105.45931550356126, ""mean_scene_minutes"": 12.727272727272727, ""mean_transport_minutes"": 29.68500000000001, ""p90_response_minutes"": 207.24685997097174, ""patients"": 11, ""response_count"": 11, ""response_minutes"": 1160.0524705391738, ""scene_count"": 11, ""scene_minutes"": 140.0, ""transport_count"": 10, ""transport_minutes"": 296.8500000000001}, ""trauma"": {""expected_lost"": 9.78608797100955, ""expected_saved"": 0.21391202899045003, ""mean_response_minutes"": 80.19031382084985, ""mean_scene_minutes"": 16.0, ""mean_transport_minutes"": 31.799999999999976, ""p90_response_minutes"": 126.79536994493887, ""patients"": 10, ""response_count"": 5, ""response_minutes"": 400.95156910424924, ""scene_count"": 5, ""scene_minutes"": 80.0, ""transport_count"": 5, ""transport_minutes"": 158.9999999999999}}","{""arrive_hospital"": 116, ""arrive_scene"": 48, ""hospital_release"": 72, ""patient_arrival"": 61, ""reposition_complete"": 45, ""restock_complete"": 45, ""scene_complete"": 46, ""transfer_ready"": 85}",39.662764,21.337236,0.34979075040035884,65.98406312163159,11.416666666666666,35.98152173913043,137.13721713920376,48,0.7868852459016393,61,61,13
nearest,23,1023,"{""cardiac"": {""expected_lost"": 4.630660066894278, ""expected_saved"": 0.3693399331057221, ""mean_response_minutes"": 42.37906474829326, ""mean_scene_minutes"": 12.0, ""mean_transport_minutes"": 43.83999999999992, ""p90_response_minutes"": 66.08738902134334, ""patients"": 5, ""response_count"": 5, ""response_minutes"": 211.8953237414663, ""scene_count"": 5, ""scene_minutes"": 60.0, ""transport_count"": 5, ""transport_minutes"": 219.1999999999996}, ""minor"": {""expected_lost"": 1.8078627444784992, ""expected_saved"": 11.192137255521502, ""mean_response_minutes"": 46.71104409228232, ""mean_scene_minutes"": 10.0, ""mean_transport_minutes"": 38.26923076923077, ""p90_response_minutes"": 59.93951367605752, ""patients"": 13, ""response_count"": 13, ""response_minutes"": 607.2435731996702, ""scene_count"": 13, ""scene_minutes"": 130.0, ""transport_count"": 13, ""transport_minutes"": 497.5}, ""stroke"": {""expected_lost"": 4.263716223868232, ""expected_saved"": 3.736283776131768, ""mean_response_minutes"": 29.858429434683266, ""mean_scene_minutes"": 14.0, ""mean_transport_minutes"": 25.30000000000001, ""p90_response_minutes"": 50.009971889227586, ""patients"": 8, ""response_count"": 8, ""response_minutes"": 238.86743547746613, ""scene_count"": 8, ""scene_minutes"": 112.0, ""transport_count"": 8, ""transport_minutes"": 202.4000000000001}, ""trauma"": {""expected_lost"": 9.513318656552734, ""expected_saved"": 1.486681343447266, ""mean_response_minutes"": 44.62907485081822, ""mean_scene_minutes"": 16.00000000000001, ""mean_transport_minutes"": 27.531818181818196, ""p90_response_minutes"": 78.04734163234673, ""patients"": 11, ""response_count"": 11, ""response_minutes"": 490.9198233590004, ""scene_count"": 11, ""scene_minutes"": 176.0000000000001, ""transport_count"": 11, ""transport_minutes"": 302.85000000000014}}","{""arrive_hospital"": 81, ""arrive_scene"": 37, ""hospital_release"": 61, ""patient_arrival"": 37, ""reposition_complete"": 36, ""restock_complete"": 36, ""scene_complete"": 37, ""transfer_ready"": 63}",20.215558,16.784442,0.45363357589746656,41.86286907507035,12.918918918918923,33.02567567567567,70.57327997952066,37,1.0,37,37,0
nearest,24,1024,"{""cardiac"": {""expected_lost"": 7.433516181927162, ""expected_saved"": 0.5664838180728384, ""mean_response_minutes"": 50.09194627437383, ""mean_scene_minutes"": 12.0, ""mean_transport_minutes"": 33.933333333333316, ""p90_response_minutes"": 84.58431735607358, ""patients"": 8, ""response_count"": 7, ""response_minutes"": 350.64362392061685, ""scene_count"": 7, ""scene_minutes"": 84.0, ""transport_count"": 6, ""transport_minutes"": 203.5999999999999}, ""minor"": {""expected_lost"": 2.856792167634694, ""expected_saved"": 11.143207832365308, ""mean_response_minutes"": 25.46295607474376, ""mean_scene_minutes"": 10.0, ""mean_transport_minutes"": 38.300000000000004, ""p90_response_minutes"": 47.48942628327948, ""patients"": 14, ""response_count"": 12, ""response_minutes"": 305.55547289692515, ""scene_count"": 12, ""scene_minutes"": 120.0, ""transport_count"": 12, ""transport_minutes"": 459.6}, ""stroke"": {""expected_lost"": 6.981658887264108, ""expected_saved"": 3.018341112735892, ""mean_response_minutes"": 72.94186876988657, ""mean_scene_minutes"": 14.0, ""mean_transport_minutes"": 27.711111111111094, ""p90_response_minutes"": 168.2660188086037, ""patients"": 10, ""response_count"": 9, ""response_minutes"": 656.4768189289791, ""scene_count"": 9, ""scene_minutes"": 126.0, ""transport_count"": 9, ""transport_minutes"": 249.39999999999986}, ""trauma"": {""expected_lost"": 12.749511975836501, ""expected_saved"": 1.2504880241634964, ""mean_response_minutes"": 70.66140165341034, ""mean_scene_minutes"": 16.0, ""mean_transport_minutes"": 26.045454545454547, ""p90_response_minutes"": 158.4925432543505, ""patients"": 14, ""response_count"": 11, ""response_minutes"": 777.2754181875138, ""scene_count"": 11, ""scene_minutes"": 176.0, ""transport_count"": 11, ""transport_minutes"": 286.5}}","{""arrive_hospital"": 80, ""arrive_scene"": 39, ""hospital_release"": 56, ""patient_arrival"": 46, ""reposition_complete"": 36, ""restock_complete"": 36, ""scene_complete"": 39, ""transfer_ready"": 64}",30.021479,15.978521,0.34735914755081604,53.588495741898335,12.974358974358974,31.555263157894736,139.57733486639825,39,0.8478260869565217,46,46,7
nearest,25,1025,"{""cardiac"": {""expected_lost"": 7.97999643368545, ""expected_saved"": 0.020003566314548703, ""mean_response_minutes"": 100.9491133183821, ""mean_scene_minutes"": 12.0, ""mean_transport_minutes"": 44.80000000000001, ""p90_response_minutes"": 126.73313943915426, ""patients"": 8, ""response_count"": 4, ""response_minutes"": 403.7964532735284, ""scene_count"": 4, ""scene_minutes"": 48.0, ""transport_count"": 4, ""transport_minutes"": 179.20000000000005}, ""minor"": {""expected_lost"": 5.257937370975143, ""expected_saved"": 19.742062629024854, ""mean_response_minutes"": 52.89682822354349, ""mean_scene_minutes"": 10.0, ""mean_transport_minutes"": 37.87916666666666, ""p90_response_minutes"": 71.86712038784705, ""patients"": 25, ""response_count"": 24, ""response_minutes"": 1269.5238773650437, ""scene_count"": 24, ""scene_minutes"": 240.0, ""transport_count"": 24, ""transport_minutes"": 909.0999999999999}, ""stroke"": {""expected_lost"": 7.522253634753749, ""expected_saved"": 2.477746365246251, ""mean_response_minutes"": 86.1511512216574, ""mean_scene_minutes"": 14.0, ""mean_transport_minutes"": 24.25, ""p90_response_minutes"": 161.00137901699696, ""patients"": 10, ""response_count"": 8, ""response_minutes"": 689.2092097732592, ""scene_count"": 8, ""scene_minutes"": 112.0, ""transport_count"": 8, ""transport_minutes"": 194.0}, ""trauma"": {""expected_lost"": 11.005068388603547, ""expected_saved"": 0.9949316113964543, ""mean_response_minutes"": 118.99494741756772, ""mean_scene_minutes"": 16.0, ""mean_transport_minutes"": 25.019999999999992, ""p90_response_minutes"": 421.77856216908197, ""patients"": 12, ""response_count"": 11, ""response_minutes"": 1308.944421593245, ""scene_count"": 11, ""scene_minutes"": 176.0, ""transport_count"": 10, ""transport_minutes"": 250.19999999999993}}","{""arrive_hospital"": 109, ""arrive_scene"": 47, ""hospital_release"": 75, ""patient_arrival"": 55, ""reposition_complete"": 45, ""restock_complete"": 45, ""scene_complete"": 47, ""transfer_ready"": 82}",31.765256,23.234744,0.4224498940360384,78.11646727670373,12.25531914893617,33.31521739130435,113.9771402548761,47,0.8545454545454545,55,55,8
nearest,26,1026,"{""cardiac"": {""expected_lost"": 15.8606307623962, ""expected_saved"": 1.1393692376037992, ""mean_response_minutes"": 62.88357092665269, ""mean_scene_minutes"": 12.0, ""mean_transport_minutes"": 39.57333333333334, ""p90_response_minutes"": 129.82554354808408, ""patients"": 17, ""response_count"": 15, ""response_minutes"": 943.2535638997903, ""scene_count"": 15, ""scene_minutes"": 180.0, ""transport_count"": 15, ""transport_minutes"": 593.6}, ""minor"": {""expected_lost"": 1.9916254469375085, ""expected_saved"": 4.008374553062492, ""mean_response_minutes"": 32.72706662497456, ""mean_scene_minutes"": 10.0, ""mean_transport_minutes"": 41.64999999999999, ""p90_response_minutes"": 40.78041337231873, ""patients"": 6, ""response_count"": 5, ""response_minutes"": 163.6353331248728, ""scene_count"": 5, ""scene_minutes"": 50.0, ""transport_count"": 4, ""transport_minutes"": 166.59999999999997}, ""stroke"": {""expected_lost"": 7.096401929359801, ""expected_saved"": 3.9035980706402, ""mean_response_minutes"": 40.92007871267249, ""mean_scene_minutes"": 13.99999999999999, ""mean_transport_minutes"": 26.35909090909092, ""p90_response_minutes"": 46.7799457533647, ""patients"": 11, ""response_count"": 11, ""response_minutes"": 450.1208658393974, ""scene_count"": 11, ""scene_minutes"": 153.9999999999999, ""transport_count"": 11, ""transport_minutes"": 289.9500000000001}, ""trauma"": {""expected_lost"": 13.485324514832586, ""expected_saved"": 1.5146754851674147, ""mean_response_minutes"": 63.416816119097675, ""mean_scene_minutes"": 16.0, ""mean_transport_minutes"": 28.138461538461534, ""p90_response_minutes"": 117.95948911287132, ""patients"": 15, ""response_count"": 15, ""response_minutes"": 951.2522417864651, ""scene_count"": 15, ""scene_minutes"": 240.0, ""transport_count"": 13, ""transport_minutes"": 365.79999999999995}}","{""arrive_hospital"": 92, ""arrive_scene"": 46, ""hospital_release"": 66, ""patient_arrival"": 49, ""reposition_complete"": 43, ""restock_complete"": 43, ""scene_complete"": 46, ""transfer_ready"": 73}",38.433983,10.566017,0.2156330070708959,54.52743488370707,13.565217391304346,32.92906976744186,112.84096475129525,46,0.9387755102040817,49,49,3
nearest,27,1027,"{""cardiac"": {""expected_lost"": 10.200548431263549, ""expected_saved"": 0.7994515687364512, ""mean_response_minutes"": 52.74514201311657, ""mean_scene_minutes"": 12.0, ""mean_transport_minutes"": 39.09999999999998, ""p90_response_minutes"": 113.37946570323983, ""patients"": 11, ""response_count"": 10, ""response_minutes"": 527.4514201311657, ""scene_count"": 10, ""scene_minutes"": 120.0, ""transport_count"": 10, ""transport_minutes"": 390.9999999999998}, ""minor"": {""expected_lost"": 1.108781856598615, ""expected_saved"": 5.891218143401385, ""mean_response_minutes"": 47.54948620036833, ""mean_scene_minutes"": 10.000000000000002, ""mean_transport_minutes"": 41.05714285714286, ""p90_response_minutes"": 96.33011013159106, ""patients"": 7, ""response_count"": 7, ""response_minutes"": 332.8464034025783, ""scene_count"": 7, ""scene_minutes"": 70.00000000000001, ""transport_count"": 7, ""transport_minutes"": 287.4}, ""stroke"": {""expected_lost"": 5.938330470166914, ""expected_saved"": 4.061669529833086, ""mean_response_minutes"": 37.65013965654821, ""mean_scene_minutes"": 14.0, ""mean_transport_minutes"": 25.75, ""p90_response_minutes"": 82.21599402166463, ""patients"": 10, ""response_count"": 10, ""response_minutes"": 376.50139656548214, ""scene_count"": 10, ""scene_minutes"": 140.0, ""transport_count"": 10, ""transport_minutes"": 257.5}, ""trauma"": {""expected_lost"": 10.066749999478496, ""expected_saved"": 1.9332500005215056, ""mean_response_minutes"": 32.72474518382602, ""mean_scene_minutes"": 16.00000000000001, ""mean_transport_minutes"": 26.049999999999994, ""p90_response_minutes"": 56.32935980054054, ""patients"": 12, ""response_count"": 12, ""response_minutes"": 392.69694220591225, ""scene_count"": 12, ""scene_minutes"": 192.0000000000001, ""transport_count"": 12, ""transport_minutes"": 312.5999999999999}}","{""arrive_hospital"": 83, ""arrive_scene"": 39, ""hospital_release"": 60, ""patient_arrival"": 40, ""reposition_complete"": 39, ""restock_complete"": 39, ""scene_complete"": 39, ""transfer_ready"": 66}",27.314411,12.685589,0.31713973106231064,41.781952879618935,13.384615384615387,32.012820512820504,91.19902014693368,39,0.975,40,40,1
nearest,28,1028,"{""cardiac"": {""expected_lost"": 20.895435264315555, ""expected_saved"": 1.1045647356844441, ""mean_response_minutes"": 50.24743415988032, ""mean_scene_minutes"": 12.0, ""mean_transport_minutes"": 39.204166666666666, ""p90_response_minutes"": 110.97334880608132, ""patients"": 22, ""response_count"": 12, ""response_minutes"": 602.9692099185638, ""scene_count"": 12, ""scene_minutes"": 144.0, ""transport_count"": 12, ""transport_minutes"": 470.45}, ""minor"": {""expected_lost"": 3.0406680030138467, ""expected_saved"": 12.959331996986156, ""mean_response_minutes"": 54.3526000616375, ""mean_scene_minutes"": 9.999999999999993, ""mean_transport_minutes"": 39.26874999999998, ""p90_response_minutes"": 89.62961909248622, ""patients"": 16, ""response_count"": 16, ""response_minutes"": 869.6416009862, ""scene_count"": 16, ""scene_minutes"": 159.9999999999999, ""transport_count"": 16, ""transport_minutes"": 628.2999999999997}, ""stroke"": {""expected_lost"": 7.3594029575584585, ""expected_saved"": 1.6405970424415406, ""mean_response_minutes"": 79.89869594080251, ""mean_scene_minutes"": 14.0, ""mean_transport_minutes"": 27.0, ""p90_response_minutes"": 181.61477417962453, ""patients"": 9, ""response_count"": 6, ""response_minutes"": 479.3921756448151, ""scene_count"": 6, ""scene_minutes"": 84.0, ""transport_count"": 5, ""transport_minutes"": 135.0}, ""trauma"": {""expected_lost"": 10.887245861052527, ""expected_saved"": 1.1127541389474733, ""mean_response_minutes"": 68.58695318316725, ""mean_scene_minutes"": 14.4, ""mean_transport_minutes"": 25.000000000000014, ""p90_response_minutes"": 148.94469202364473, ""patients"": 12, ""response_count"": 10, ""response_minutes"": 685.8695318316726, ""scene_count"": 10, ""scene_minutes"": 144.0, ""transport_count"": 9, ""transport_minutes"": 225.0000000000001}}","{""arrive_hospital"": 101, ""arrive_scene"": 44, ""hospital_release"": 69, ""patient_arrival"": 59, ""reposition_complete"": 41, ""restock_complete"": 41, ""scene_complete"": 43, ""transfer_ready"": 74}",42.182752,16.817248,0.2850381002382986,59.951648145028436,12.090909090909088,34.732142857142854,119.02767184147238,44,0.7457627118644068,59,59,15
nearest,29,1029,"{""cardiac"": {""expected_lost"": 8.47102416819107, ""expected_saved"": 0.5289758318089309, ""mean_response_minutes"": 46.22444086145981, ""mean_scene_minutes"": 12.0, ""mean_transport_minutes"": 40.39999999999999, ""p90_response_minutes"": 84.9597800004392, ""patients"": 9, ""response_count"": 6, ""response_minutes"": 277.34664516875887, ""scene_count"": 6, ""scene_minutes"": 72.0, ""transport_count"": 6, ""transport_minutes"": 242.39999999999995}, ""minor"": {""expected_lost"": 2.9775281628106742, ""expected_saved"": 10.022471837189324, ""mean_response_minutes"": 51.82088519741665, ""mean_scene_minutes"": 10.0, ""mean_transport_minutes"": 39.35833333333333, ""p90_response_minutes"": 60.5024048798457, ""patients"": 13, ""response_count"": 13, ""response_minutes"": 673.6715075664165, ""scene_count"": 13, ""scene_minutes"": 130.0, ""transport_count"": 12, ""transport_minutes"": 472.29999999999995}, ""stroke"": {""expected_lost"": 11.785294724998767, ""expected_saved"": 5.214705275001234, ""mean_response_minutes"": 41.53764694745783, ""mean_scene_minutes"": 14.0, ""mean_transport_minutes"": 24.65769230769231, ""p90_response_minutes"": 84.02239417288635, ""patients"": 17, ""response_count"": 13, ""response_minutes"": 539.9894103169518, ""scene_count"": 13, ""scene_minutes"": 182.0, ""transport_count"": 13, ""transport_minutes"": 320.55000000000007}, ""trauma"": {""expected_lost"": 8.89708932154269, ""expected_saved"": 1.1029106784573108, ""mean_response_minutes"": 35.74236292760549, ""mean_scene_minutes"": 16.0, ""mean_transport_minutes"": 28.850000000000005, ""p90_response_minutes"": 57.438003406906105, ""patients"": 10, ""response_count"": 7, ""response_minutes"": 250.19654049323844, ""scene_count"": 7, ""scene_minutes"": 112.0, ""transport_count"": 7, ""transport_minutes"": 201.95000000000005}}","{""arrive_hospital"": 87, ""arrive_scene"": 39, ""hospital_release"": 56, ""patient_arrival"": 49, ""reposition_complete"": 38, ""restock_complete"": 38, ""scene_complete"": 39, ""transfer_ready"": 69}",32.130936,16.869064,0.34426660453993463,44.64625906526578,12.717948717948717,32.55789473684211,78.99042558017395,39,0.7959183673469388,49,49,10
nearest,30,1030,"{""cardiac"": {""expected_lost"": 9.573294696744965, ""expected_saved"": 0.4267053032550353, ""mean_response_minutes"": 67.17307039822421, ""mean_scene_minutes"": 12.0, ""mean_transport_minutes"": 34.142857142857146, ""p90_response_minutes"": 127.09983019393235, ""patients"": 10, ""response_count"": 7, ""response_minutes"": 470.21149278756945, ""scene_count"": 7, ""scene_minutes"": 84.0, ""transport_count"": 7, ""transport_minutes"": 239.0}, ""minor"": {""expected_lost"": 0.9665686090635075, ""expected_saved"": 10.033431390936492, ""mean_response_minutes"": 29.75050693127847, ""mean_scene_minutes"": 10.0, ""mean_transport_minutes"": 38.24545454545454, ""p90_response_minutes"": 39.994431626339406, ""patients"": 11, ""response_count"": 11, ""response_minutes"": 327.25557624406315, ""scene_count"": 11, ""scene_minutes"": 110.0, ""transport_count"": 11, ""transport_minutes"": 420.69999999999993}, ""stroke"": {""expected_lost"": 10.250062656940525, ""expected_saved"": 4.749937343059475, ""mean_response_minutes"": 113.57631991474905, ""mean_scene_minutes"": 13.999999999999996, ""mean_transport_minutes"": 26.756666666666668, ""p90_response_minutes"": 253.57259108717807, ""patients"": 15, ""response_count"": 15, ""response_minutes"": 1703.6447987212357, ""scene_count"": 15, ""scene_minutes"": 209.99999999999994, ""transport_count"": 15, ""transport_minutes"": 401.35}, ""trauma"": {""expected_lost"": 11.61481325979481, ""expected_saved"": 1.3851867402051905, ""mean_response_minutes"": 58.98597307969746, ""mean_scene_minutes"": 16.0, ""mean_transport_minutes"": 25.73333333333333, ""p90_response_minutes"": 89.49098164082567, ""patients"": 13, ""response_count"": 12, ""response_minutes"": 707.8316769563695, ""scene_count"": 12, ""scene_minutes"": 192.0, ""transport_count"": 12, ""transport_minutes"": 308.79999999999995}}","{""arrive_hospital"": 92, ""arrive_scene"": 45, ""hospital_release"": 65, ""patient_arrival"": 49, ""reposition_complete"": 43, ""restock_complete"": 43, ""scene_complete"": 45, ""transfer_ready"": 75}",32.404739,16.595261,0.33867879137665685,71.30985654909416,13.244444444444444,30.44111111111111,135.0442635000606,45,0.9183673469387755,49,49,4
nearest,31,1031,"{""cardiac"": {""expected_lost"": 6.680399965603222, ""expected_saved"": 0.3196000343967785, ""mean_response_minutes"": 61.61260654282259, ""mean_scene_minutes"": 12.0, ""mean_transport_minutes"": 43.73333333333335, ""p90_response_minutes"": 108.573417116901, ""patients"": 7, ""response_count"": 6, ""response_minutes"": 369.67563925693554, ""scene_count"": 6, ""scene_minutes"": 72.0, ""transport_count"": 6, ""transport_minutes"": 262.4000000000001}, ""minor"": {""expected_lost"": 1.952107852977855, ""expected_saved"": 9.047892147022145, ""mean_response_minutes"": 36.62945509315401, ""mean_scene_minutes"": 9.090909090909081, ""mean_transport_minutes"": 39.989999999999995, ""p90_response_minutes"": 62.8243529819722, ""patients"": 11, ""response_count"": 11, ""response_minutes"": 402.92400602469405, ""scene_count"": 11, ""scene_minutes"": 99.99999999999989, ""transport_count"": 10, ""transport_minutes"": 399.9}, ""stroke"": {""expected_lost"": 5.297380437859461, ""expected_saved"": 3.70261956214054, ""mean_response_minutes"": 34.97609842499744, ""mean_scene_minutes"": 14.0, ""mean_transport_minutes"": 24.583333333333332, ""p90_response_minutes"": 56.01616569414762, ""patients"": 9, ""response_count"": 9, ""response_minutes"": 314.7848858249769, ""scene_count"": 9, ""scene_minutes"": 126.0, ""transport_count"": 9, ""transport_minutes"": 221.25}, ""trauma"": {""expected_lost"": 10.370092171798495, ""expected_saved"": 1.629907828201504, ""mean_response_minutes"": 64.4722225036222, ""mean_scene_minutes"": 16.0, ""mean_transport_minutes"": 29.072727272727267, ""p90_response_minutes"": 124.93972417412579, ""patients"": 12, ""response_count"": 11, ""response_minutes"": 709.1944475398443, ""scene_count"": 11, ""scene_minutes"": 176.0, ""transport_count"": 11, ""transport_minutes"": 319.79999999999995}}","{""arrive_hospital"": 77, ""arrive_scene"": 37, ""hospital_release"": 58, ""patient_arrival"": 39, ""reposition_complete"": 36, ""restock_complete"": 36, ""scene_complete"": 36, ""transfer_ready"": 61}",24.29998,14.70002,0.37692357876310173,48.55618861206624,12.810810810810807,33.42638888888889,78.97240480110523,37,0.9487179487179487,39,39,2
nearest,32,1032,"{""cardiac"": {""expected_lost"": 6.659452567047647, ""expected_saved"": 0.34054743282222394, ""mean_response_minutes"": 131.42169837274338, ""mean_scene_minutes"": 12.0, ""mean_transport_minutes"": 33.6, ""p90_response_minutes"": 320.5225081114955, ""patients"": 7, ""response_count"": 5, ""response_minutes"": 657.108491863717, ""scene_count"": 5, ""scene_minutes"": 60.0, ""transport_count"": 5, ""transport_minutes"": 168.0}, ""minor"": {""expected_lost"": 2.3860210191224005, ""expected_saved"": 10.6139789808776, ""mean_response_minutes"": 53.822670329492546, ""mean_scene_minutes"": 10.0, ""mean_transport_minutes"": 39.18076923076923, ""p90_response_minutes"": 86.70367322553759, ""patients"": 13, ""response_count"": 13, ""response_minutes"": 699.6947142834031, ""scene_count"": 13, ""scene_minutes"": 130.0, ""transport_count"": 13, ""transport_minutes"": 509.34999999999997}, ""stroke"": {""expected_lost"": 6.741881508391295, ""expected_saved"": 3.258118491608706, ""mean_response_minutes"": 64.2136120209347, ""mean_scene_minutes"": 14.0, ""mean_transport_minutes"": 25.988888888888894, ""p90_response_minutes"": 134.68824155597758, ""patients"": 10, ""response_count"": 9, ""response_minutes"": 577.9225081884123, ""scene_count"": 9, ""scene_minutes"": 126.0, ""transport_count"": 9, ""transport_minutes"": 233.90000000000006}, ""trauma"": {""expected_lost"": 13.919131190919689, ""expected_saved"": 2.080868809080311, ""mean_response_minutes"": 106.94986393169526, ""mean_scene_minutes"": 16.0, ""mean_transport_minutes"": 24.080000000000002, ""p90_response_minutes"": 264.53546834398617, ""patients"": 16, ""response_count"": 16, ""response_minutes"": 1711.1978229071242, ""scene_count"": 16, ""scene_minutes"": 256.0, ""transport_count"": 15, ""transport_minutes"": 361.20000000000005}}","{""arrive_hospital"": 85, ""arrive_scene"": 43, ""hospital_release"": 57, ""patient_arrival"": 46, ""reposition_complete"": 42, ""restock_complete"": 42, ""scene_complete"": 43, ""transfer_ready"": 67}",29.706486,16.293514,0.35420681987801805,84.78891947075944,13.30232558139535,30.29642857142857,175.03602277055256,43,0.9347826086956522,46,46,3
nearest,33,1033,"{""cardiac"": {""expected_lost"": 17.074122621904326, ""expected_saved"": 0.9258773780956764, ""mean_response_minutes"": 83.73094194574838, ""mean_scene_minutes"": 12.0, ""mean_transport_minutes"": 37.07692307692308, ""p90_response_minutes"": 148.67026193123536, ""patients"": 18, ""response_count"": 13, ""response_minutes"": 1088.502245294729, ""scene_count"": 13, ""scene_minutes"": 156.0, ""transport_count"": 13, ""transport_minutes"": 482.0}, ""minor"": {""expected_lost"": 3.2447715780567883, ""expected_saved"": 11.75522842194321, ""mean_response_minutes"": 58.51296978202294, ""mean_scene_minutes"": 10.0, ""mean_transport_minutes"": 38.790000000000006, ""p90_response_minutes"": 93.0219901875777, ""patients"": 15, ""response_count"": 15, ""response_minutes"": 877.6945467303441, ""scene_count"": 15, ""scene_minutes"": 150.0, ""transport_count"": 15, ""transport_minutes"": 581.8500000000001}, ""stroke"": {""expected_lost"": 5.708527894282311, ""expected_saved"": 2.291472105717689, ""mean_response_minutes"": 68.36845379586607, ""mean_scene_minutes"": 14.0, ""mean_transport_minutes"": 28.125, ""p90_response_minutes"": 129.7424102624342, ""patients"": 8, ""response_count"": 8, ""response_minutes"": 546.9476303669286, ""scene_count"": 8, ""scene_minutes"": 112.0, ""transport_count"": 8, ""transport_minutes"": 225.0}, ""trauma"": {""expected_lost"": 10.098831330072493, ""expected_saved"": 0.9011686699275073, ""mean_response_minutes"": 69.9487842726857, ""mean_scene_minutes"": 16.0, ""mean_transport_minutes"": 23.679999999999996, ""p90_response_minutes"": 133.47991139103507, ""patients"": 11, ""response_count"": 10, ""response_minutes"": 699.487842726857, ""scene_count"": 10, ""scene_minutes"": 160.0, ""transport_count"": 10, ""transport_minutes"": 236.79999999999995}}","{""arrive_hospital"": 106, ""arrive_mortuary"": 1, ""arrive_scene"": 46, ""hospital_release"": 66, ""patient_arrival"": 52, ""reposition_complete"": 45, ""restock_complete"": 45, ""scene_complete"": 46, ""transfer_ready"": 80}",36.126253,15.873747,0.30526435722469397,69.83983185040995,12.565217391304348,33.16630434782609,137.07385482274026,46,0.8846153846153846,52,52,6
nearest,34,1034,"{""cardiac"": {""expected_lost"": 16.55027073278362, ""expected_saved"": 0.4497292671203419, ""mean_response_minutes"": 99.35900634648982, ""mean_scene_minutes"": 12.0, ""mean_transport_minutes"": 37.28333333333335, ""p90_response_minutes"": 237.1987930296832, ""patients"": 17, ""response_count"": 13, ""response_minutes"": 1291.6670825043677, ""scene_count"": 13, ""scene_minutes"": 156.0, ""transport_count"": 12, ""transport_minutes"": 447.4000000000002}, ""minor"": {""expected_lost"": 2.854399259783132, ""expected_saved"": 8.145600740216869, ""mean_response_minutes"": 70.80531657458147, ""mean_scene_minutes"": 10.0, ""mean_transport_minutes"": 42.004545454545436, ""p90_response_minutes"": 95.60012340477624, ""patients"": 11, ""response_count"": 11, ""response_minutes"": 778.8584823203961, ""scene_count"": 11, ""scene_minutes"": 110.0, ""transport_count"": 11, ""transport_minutes"": 462.0499999999998}, ""stroke"": {""expected_lost"": 7.357586920525807, ""expected_saved"": 2.6424130794741925, ""mean_response_minutes"": 109.64700415972439, ""mean_scene_minutes"": 14.0, ""mean_transport_minutes"": 26.730000000000018, ""p90_response_minutes"": 221.75303080180146, ""patients"": 10, ""response_count"": 10, ""response_minutes"": 1096.4700415972438, ""scene_count"": 10, ""scene_minutes"": 140.0, ""transport_count"": 10, ""transport_minutes"": 267.3000000000002}, ""trauma"": {""expected_lost"": 11.867493739091916, ""expected_saved"": 1.132506260908084, ""mean_response_minutes"": 115.88824380755274, ""mean_scene_minutes"": 16.0, ""mean_transport_minutes"": 23.416666666666668, ""p90_response_minutes"": 264.12210703750384, ""patients"": 13, ""response_count"": 12, ""response_minutes"": 1390.658925690633, ""scene_count"": 12, ""scene_minutes"": 192.0, ""transport_count"": 12, ""transport_minutes"": 281.0}}","{""arrive_hospital"": 99, ""arrive_scene"": 46, ""hospital_release"": 64, ""patient_arrival"": 51, ""reposition_complete"": 44, ""restock_complete"": 44, ""scene_complete"": 46, ""transfer_ready"": 76}",38.629751,12.370249,0.24255390877881336,99.07944635027478,13.0,32.39444444444445,224.3364289025783,46,0.9019607843137255,51,51,5
nearest,35,1035,"{""cardiac"": {""expected_lost"": 9.623446588393856, ""expected_saved"": 0.37655341160614475, ""mean_response_minutes"": 76.72754808551451, ""mean_scene_minutes"": 12.0, ""mean_transport_minutes"": 41.68749999999996, ""p90_response_minutes"": 136.2088393932934, ""patients"": 10, ""response_count"": 8, ""response_minutes"": 613.8203846841161, ""scene_count"": 8, ""scene_minutes"": 96.0, ""transport_count"": 8, ""transport_minutes"": 333.49999999999966}, ""minor"": {""expected_lost"": 2.0422005465875728, ""expected_saved"": 8.957799453412427, ""mean_response_minutes"": 33.00558816872136, ""mean_scene_minutes"": 10.0, ""mean_transport_minutes"": 39.1, ""p90_response_minutes"": 52.467287770722606, ""patients"": 11, ""response_count"": 10, ""response_minutes"": 330.0558816872136, ""scene_count"": 10, ""scene_minutes"": 100.0, ""transport_count"": 10, ""transport_minutes"": 391.0}, ""stroke"": {""expected_lost"": 9.043336574599769, ""expected_saved"": 4.95666342540023, ""mean_response_minutes"": 47.28181327285298, ""mean_scene_minutes"": 14.0, ""mean_transport_minutes"": 26.903571428571443, ""p90_response_minutes"": 81.10361676893505, ""patients"": 14, ""response_count"": 14, ""response_minutes"": 661.9453858199417, ""scene_count"": 14, ""scene_minutes"": 196.0, ""transport_count"": 14, ""transport_minutes"": 376.6500000000002}, ""trauma"": {""expected_lost"": 14.934012539013072, ""expected_saved"": 1.065987460986929, ""mean_response_minutes"": 148.69142236334795, ""mean_scene_minutes"": 16.0, ""mean_transport_minutes"": 28.745454545454553, ""p90_response_minutes"": 527.7248778266121, ""patients"": 16, ""response_count"": 11, ""response_minutes"": 1635.6056459968274, ""scene_count"": 11, ""scene_minutes"": 176.0, ""transport_count"": 11, ""transport_minutes"": 316.2000000000001}}","{""arrive_hospital"": 93, ""arrive_scene"": 43, ""hospital_release"": 66, ""patient_arrival"": 51, ""reposition_complete"": 43, ""restock_complete"": 43, ""scene_complete"": 43, ""transfer_ready"": 75}",35.642996,15.357004,0.3011177206157986,75.38203019042089,13.209302325581396,32.961627906976744,132.58701243304654,43,0.8431372549019608,51,51,8
nearest,36,1036,"{""cardiac"": {""expected_lost"": 10.339971402877014, ""expected_saved"": 0.6600285971229863, ""mean_response_minutes"": 61.47149499108618, ""mean_scene_minutes"": 12.0, ""mean_transport_minutes"": 41.277777777777764, ""p90_response_minutes"": 114.62278122442608, ""patients"": 11, ""response_count"": 10, ""response_minutes"": 614.7149499108618, ""scene_count"": 10, ""scene_minutes"": 120.0, ""transport_count"": 9, ""transport_minutes"": 371.4999999999999}, ""minor"": {""expected_lost"": 1.4278814036711567, ""expected_saved"": 8.572118596328844, ""mean_response_minutes"": 42.95585822231349, ""mean_scene_minutes"": 10.0, ""mean_transport_minutes"": 38.74499999999998, ""p90_response_minutes"": 67.01485326455736, ""patients"": 10, ""response_count"": 10, ""response_minutes"": 429.55858222313486, ""scene_count"": 10, ""scene_minutes"": 100.0, ""transport_count"": 10, ""transport_minutes"": 387.4499999999998}, ""stroke"": {""expected_lost"": 9.574274464906594, ""expected_saved"": 4.425725535093406, ""mean_response_minutes"": 61.15029605162535, ""mean_scene_minutes"": 14.0, ""mean_transport_minutes"": 24.384615384615383, ""p90_response_minutes"": 107.38091365266857, ""patients"": 14, ""response_count"": 13, ""response_minutes"": 794.9538486711295, ""scene_count"": 13, ""scene_minutes"": 182.0, ""transport_count"": 13, ""transport_minutes"": 317.0}, ""trauma"": {""expected_lost"": 9.006474824395966, ""expected_saved"": 0.9935251756040335, ""mean_response_minutes"": 49.0276514406995, ""mean_scene_minutes"": 16.0, ""mean_transport_minutes"": 28.227777777777774, ""p90_response_minutes"": 76.50472006540127, ""patients"": 10, ""response_count"": 10, ""response_minutes"": 490.27651440699503, ""scene_count"": 10, ""scene_minutes"": 160.0, ""transport_count"": 9, ""transport_minutes"": 254.04999999999995}}","{""arrive_hospital"": 92, ""arrive_scene"": 43, ""hospital_release"": 62, ""patient_arrival"": 45, ""reposition_complete"": 40, ""restock_complete"": 40, ""scene_complete"": 43, ""transfer_ready"": 73}",30.348602,14.651398,0.32558662009220607,54.17450919097958,13.069767441860465,32.439024390243894,106.0805054423145,43,0.9555555555555556,45,45,2
nearest,37,1037,"{""cardiac"": {""expected_lost"": 15.19592460289623, ""expected_saved"": 0.8040753971037706, ""mean_response_minutes"": 37.05609364649551, ""mean_scene_minutes"": 9.6, ""mean_transport_minutes"": 38.724999999999994, ""p90_response_minutes"": 56.37502259649537, ""patients"": 16, ""response_count"": 10, ""response_minutes"": 370.56093646495515, ""scene_count"": 10, ""scene_minutes"": 96.0, ""transport_count"": 8, ""transport_minutes"": 309.79999999999995}, ""minor"": {""expected_lost"": 3.608634478170026, ""expected_saved"": 14.391365521829972, ""mean_response_minutes"": 49.46235400664792, ""mean_scene_minutes"": 10.0, ""mean_transport_minutes"": 38.79117647058824, ""p90_response_minutes"": 81.68956586699777, ""patients"": 18, ""response_count"": 17, ""response_minutes"": 840.8600181130147, ""scene_count"": 17, ""scene_minutes"": 170.0, ""transport_count"": 17, ""transport_minutes"": 659.45}, ""stroke"": {""expected_lost"": 8.77057820307255, ""expected_saved"": 4.229421796927451, ""mean_response_minutes"": 67.91902210760698, ""mean_scene_minutes"": 14.0, ""mean_transport_minutes"": 27.32307692307692, ""p90_response_minutes"": 102.12722602950225, ""patients"": 13, ""response_count"": 13, ""response_minutes"": 882.9472873988907, ""scene_count"": 13, ""scene_minutes"": 182.0, ""transport_count"": 13, ""transport_minutes"": 355.19999999999993}, ""trauma"": {""expected_lost"": 4.449272193567061, ""expected_saved"": 0.5507278064329393, ""mean_response_minutes"": 271.91924339065173, ""mean_scene_minutes"": 16.0, ""mean_transport_minutes"": 22.380000000000017, ""p90_response_minutes"": 548.634481401193, ""patients"": 5, ""response_count"": 5, ""response_minutes"": 1359.5962169532586, ""scene_count"": 5, ""scene_minutes"": 80.0, ""transport_count"": 5, ""transport_minutes"": 111.90000000000009}}","{""arrive_hospital"": 106, ""arrive_scene"": 45, ""hospital_release"": 68, ""patient_arrival"": 52, ""reposition_complete"": 43, ""restock_complete"": 43, ""scene_complete"": 43, ""transfer_ready"": 81}",32.024409,19.975591,0.38414597158257935,76.75476575400262,11.733333333333333,33.40348837209302,179.78851322053316,45,0.8653846153846154,52,52,7
nearest,38,1038,"{""cardiac"": {""expected_lost"": 14.873169058689694, ""expected_saved"": 1.1268309410114927, ""mean_response_minutes"": 105.94552292116116, ""mean_scene_minutes"": 12.0, ""mean_transport_minutes"": 39.433333333333316, ""p90_response_minutes"": 306.5658807966158, ""patients"": 16, ""response_count"": 12, ""response_minutes"": 1271.3462750539338, ""scene_count"": 12, ""scene_minutes"": 144.0, ""transport_count"": 12, ""transport_minutes"": 473.1999999999998}, ""minor"": {""expected_lost"": 3.914649177580638, ""expected_saved"": 13.085350822419361, ""mean_response_minutes"": 56.87497322027795, ""mean_scene_minutes"": 10.0, ""mean_transport_minutes"": 36.4375, ""p90_response_minutes"": 67.61211455863929, ""patients"": 17, ""response_count"": 16, ""response_minutes"": 909.9995715244472, ""scene_count"": 16, ""scene_minutes"": 160.0, ""transport_count"": 16, ""transport_minutes"": 583.0}, ""stroke"": {""expected_lost"": 10.482430003774443, ""expected_saved"": 3.517569996225557, ""mean_response_minutes"": 58.125686314593274, ""mean_scene_minutes"": 13.999999999999998, ""mean_transport_minutes"": 24.954545454545453, ""p90_response_minutes"": 94.83770770497483, ""patients"": 14, ""response_count"": 11, ""response_minutes"": 639.382549460526, ""scene_count"": 11, ""scene_minutes"": 153.99999999999997, ""transport_count"": 11, ""transport_minutes"": 274.5}, ""trauma"": {""expected_lost"": 9.420471022809735, ""expected_saved"": 0.5795289771902653, ""mean_response_minutes"": 107.49502074379794, ""mean_scene_minutes"": 16.0, ""mean_transport_minutes"": 24.6, ""p90_response_minutes"": 246.9055409626193, ""patients"": 10, ""response_count"": 8, ""response_minutes"": 859.9601659503835, ""scene_count"": 8, ""scene_minutes"": 128.0, ""transport_count"": 8, ""transport_minutes"": 196.8}}","{""arrive_hospital"": 110, ""arrive_mortuary"": 1, ""arrive_scene"": 47, ""hospital_release"": 72, ""patient_arrival"": 57, ""reposition_complete"": 46, ""restock_complete"": 46, ""scene_complete"": 47, ""transfer_ready"": 83}",38.690719,18.309281,0.32121545152362585,78.31252259551682,12.46808510638298,32.49999999999999,246.57186147986718,47,0.8245614035087719,57,57,10
nearest,39,1039,"{""cardiac"": {""expected_lost"": 9.266436069160413, ""expected_saved"": 0.7335639308395867, ""mean_response_minutes"": 46.627575939509974, ""mean_scene_minutes"": 12.0, ""mean_transport_minutes"": 38.142857142857146, ""p90_response_minutes"": 92.48902107647072, ""patients"": 10, ""response_count"": 7, ""response_minutes"": 326.3930315765698, ""scene_count"": 7, ""scene_minutes"": 84.0, ""transport_count"": 7, ""transport_minutes"": 267.0}, ""minor"": {""expected_lost"": 2.8339752707712513, ""expected_saved"": 5.166024729228749, ""mean_response_minutes"": 75.8562561032084, ""mean_scene_minutes"": 10.0, ""mean_transport_minutes"": 40.59285714285714, ""p90_response_minutes"": 115.27831533407007, ""patients"": 8, ""response_count"": 7, ""response_minutes"": 530.9937927224588, ""scene_count"": 7, ""scene_minutes"": 70.0, ""transport_count"": 7, ""transport_minutes"": 284.15}, ""stroke"": {""expected_lost"": 12.126104773798582, ""expected_saved"": 3.8738952262014195, ""mean_response_minutes"": 99.99296743319799, ""mean_scene_minutes"": 14.0, ""mean_transport_minutes"": 27.189285714285727, ""p90_response_minutes"": 174.5010094235422, ""patients"": 16, ""response_count"": 15, ""response_minutes"": 1499.89451149797, ""scene_count"": 15, ""scene_minutes"": 210.0, ""transport_count"": 14, ""transport_minutes"": 380.6500000000002}, ""trauma"": {""expected_lost"": 12.52660189991549, ""expected_saved"": 1.4733981000845129, ""mean_response_minutes"": 85.0566320420366, ""mean_scene_minutes"": 14.76923076923077, ""mean_transport_minutes"": 28.35833333333335, ""p90_response_minutes"": 102.8256059985756, ""patients"": 14, ""response_count"": 13, ""response_minutes"": 1105.7362165464758, ""scene_count"": 13, ""scene_minutes"": 192.0, ""transport_count"": 12, ""transport_minutes"": 340.3000000000002}}","{""arrive_hospital"": 82, ""arrive_scene"": 42, ""hospital_release"": 60, ""patient_arrival"": 48, ""reposition_complete"": 40, ""restock_complete"": 40, ""scene_complete"": 41, ""transfer_ready"": 68}",36.753118,11.246882,0.23431004138238054,82.4527988653208,13.238095238095237,31.80250000000001,168.0802573984153,42,0.875,48,48,6
nearest,40,1040,"{""cardiac"": {""expected_lost"": 4.774451081108553, ""expected_saved"": 0.2255489188914471, ""mean_response_minutes"": 55.26639141847479, ""mean_scene_minutes"": 12.0, ""mean_transport_minutes"": 41.35999999999994, ""p90_response_minutes"": 87.05024814027259, ""patients"": 5, ""response_count"": 5, ""response_minutes"": 276.33195709237395, ""scene_count"": 5, ""scene_minutes"": 60.0, ""transport_count"": 5, ""transport_minutes"": 206.79999999999973}, ""minor"": {""expected_lost"": 2.127811485248865, ""expected_saved"": 12.872188514751135, ""mean_response_minutes"": 38.87366580217893, ""mean_scene_minutes"": 10.0, ""mean_transport_minutes"": 37.193333333333314, ""p90_response_minutes"": 68.48752916345899, ""patients"": 15, ""response_count"": 15, ""response_minutes"": 583.1049870326839, ""scene_count"": 15, ""scene_minutes"": 150.0, ""transport_count"": 15, ""transport_minutes"": 557.8999999999997}, ""stroke"": {""expected_lost"": 2.9456705496550133, ""expected_saved"": 3.0543294503449867, ""mean_response_minutes"": 26.44748700703489, ""mean_scene_minutes"": 14.0, ""mean_transport_minutes"": 23.333333333333332, ""p90_response_minutes"": 36.81794877694858, ""patients"": 6, ""response_count"": 6, ""response_minutes"": 158.68492204220934, ""scene_count"": 6, ""scene_minutes"": 84.0, ""transport_count"": 6, ""transport_minutes"": 140.0}, ""trauma"": {""expected_lost"": 11.554959162710619, ""expected_saved"": 1.445040837289382, ""mean_response_minutes"": 111.96129711405617, ""mean_scene_minutes"": 16.0, ""mean_transport_minutes"": 26.411538461538456, ""p90_response_minutes"": 275.35215948917016, ""patients"": 13, ""response_count"": 13, ""response_minutes"": 1455.4968624827302, ""scene_count"": 13, ""scene_minutes"": 208.0, ""transport_count"": 13, ""transport_minutes"": 343.3499999999999}}","{""arrive_hospital"": 83, ""arrive_scene"": 39, ""hospital_release"": 58, ""patient_arrival"": 39, ""reposition_complete"": 37, ""restock_complete"": 37, ""scene_complete"": 39, ""transfer_ready"": 62}",21.402892,17.597108,0.45120789028915237,63.426121247435844,12.871794871794872,32.00128205128203,85.14108473768415,39,1.0,39,39,0
nearest,41,1041,"{""cardiac"": {""expected_lost"": 3.562382392914058, ""expected_saved"": 0.43761760708594144, ""mean_response_minutes"": 29.456636370471813, ""mean_scene_minutes"": 12.0, ""mean_transport_minutes"": 39.14999999999998, ""p90_response_minutes"": 44.43858183732105, ""patients"": 4, ""response_count"": 4, ""response_minutes"": 117.82654548188725, ""scene_count"": 4, ""scene_minutes"": 48.0, ""transport_count"": 4, ""transport_minutes"": 156.5999999999999}, ""minor"": {""expected_lost"": 0.5549822873686392, ""expected_saved"": 6.44501771263136, ""mean_response_minutes"": 31.52387893216831, ""mean_scene_minutes"": 10.0, ""mean_transport_minutes"": 41.61428571428571, ""p90_response_minutes"": 50.42537431231473, ""patients"": 7, ""response_count"": 7, ""response_minutes"": 220.66715252517815, ""scene_count"": 7, ""scene_minutes"": 70.0, ""transport_count"": 7, ""transport_minutes"": 291.29999999999995}, ""stroke"": {""expected_lost"": 8.018815699236887, ""expected_saved"": 4.981184300763112, ""mean_response_minutes"": 33.06475121224553, ""mean_scene_minutes"": 13.999999999999996, ""mean_transport_minutes"": 26.637500000000003, ""p90_response_minutes"": 57.14589009536222, ""patients"": 13, ""response_count"": 13, ""response_minutes"": 429.8417657591919, ""scene_count"": 13, ""scene_minutes"": 181.99999999999994, ""transport_count"": 12, ""transport_minutes"": 319.65000000000003}, ""trauma"": {""expected_lost"": 5.712165122347234, ""expected_saved"": 1.2878348776527662, ""mean_response_minutes"": 33.97634952851448, ""mean_scene_minutes"": 16.0, ""mean_transport_minutes"": 26.714285714285715, ""p90_response_minutes"": 53.28477203295376, ""patients"": 7, ""response_count"": 7, ""response_minutes"": 237.8344466996014, ""scene_count"": 7, ""scene_minutes"": 112.0, ""transport_count"": 7, ""transport_minutes"": 187.0}}","{""arrive_hospital"": 63, ""arrive_scene"": 31, ""hospital_release"": 48, ""patient_arrival"": 31, ""reposition_complete"": 29, ""restock_complete"": 29, ""scene_complete"": 31, ""transfer_ready"": 53}",17.848346,13.151654,0.42424691929461866,32.45709388599544,13.29032258064516,31.81833333333333,58.45451350087319,31,1.0,31,31,0
nearest,42,1042,"{""cardiac"": {""expected_lost"": 15.211734386896824, ""expected_saved"": 0.7882656131031766, ""mean_response_minutes"": 45.13148387733586, ""mean_scene_minutes"": 11.0, ""mean_transport_minutes"": 36.43636363636362, ""p90_response_minutes"": 73.31523829198436, ""patients"": 16, ""response_count"": 12, ""response_minutes"": 541.5778065280304, ""scene_count"": 12, ""scene_minutes"": 132.0, ""transport_count"": 11, ""transport_minutes"": 400.79999999999984}, ""minor"": {""expected_lost"": 2.1405660827999595, ""expected_saved"": 9.85943391720004, ""mean_response_minutes"": 36.780958746983146, ""mean_scene_minutes"": 10.0, ""mean_transport_minutes"": 39.89090909090908, ""p90_response_minutes"": 59.07109043706669, ""patients"": 12, ""response_count"": 11, ""response_minutes"": 404.5905462168146, ""scene_count"": 11, ""scene_minutes"": 110.0, ""transport_count"": 11, ""transport_minutes"": 438.79999999999995}, ""stroke"": {""expected_lost"": 7.836117069589967, ""expected_saved"": 4.163882930410033, ""mean_response_minutes"": 47.7132058450027, ""mean_scene_minutes"": 14.0, ""mean_transport_minutes"": 28.241666666666656, ""p90_response_minutes"": 89.5801638248544, ""patients"": 12, ""response_count"": 12, ""response_minutes"": 572.5584701400323, ""scene_count"": 12, ""scene_minutes"": 168.0, ""transport_count"": 12, ""transport_minutes"": 338.89999999999986}, ""trauma"": {""expected_lost"": 8.086168421980917, ""expected_saved"": 0.9138315780190847, ""mean_response_minutes"": 99.63849098123775, ""mean_scene_minutes"": 16.0, ""mean_transport_minutes"": 28.172222222222217, ""p90_response_minutes"": 299.1302602383038, ""patients"": 9, ""response_count"": 9, ""response_minutes"": 896.7464188311397, ""scene_count"": 9, ""scene_minutes"": 144.0, ""transport_count"": 9, ""transport_minutes"": 253.54999999999995}}","{""arrive_hospital"": 97, ""arrive_scene"": 44, ""hospital_release"": 66, ""patient_arrival"": 49, ""reposition_complete"": 42, ""restock_complete"": 42, ""scene_complete"": 43, ""transfer_ready"": 76}",33.274586,15.725414,0.32092681711698645,54.89711912990947,12.590909090909092,33.303488372093014,86.99019123170783,44,0.8979591836734694,49,49,5
nearest,43,1043,"{""cardiac"": {""expected_lost"": 6.339623373599297, ""expected_saved"": 0.6603766264007035, ""mean_response_minutes"": 42.77284398644984, ""mean_scene_minutes"": 12.0, ""mean_transport_minutes"": 40.199999999999996, ""p90_response_minutes"": 81.51386204083417, ""patients"": 7, ""response_count"": 7, ""response_minutes"": 299.4099079051489, ""scene_count"": 7, ""scene_minutes"": 84.0, ""transport_count"": 7, ""transport_minutes"": 281.4}, ""minor"": {""expected_lost"": 0.1592729327260615, ""expected_saved"": 3.840727067273938, ""mean_response_minutes"": 22.353157514234596, ""mean_scene_minutes"": 10.0, ""mean_transport_minutes"": 40.87500000000001, ""p90_response_minutes"": 23.0, ""patients"": 4, ""response_count"": 4, ""response_minutes"": 89.41263005693838, ""scene_count"": 4, ""scene_minutes"": 40.0, ""transport_count"": 4, ""transport_minutes"": 163.50000000000003}, ""stroke"": {""expected_lost"": 7.400763716010228, ""expected_saved"": 4.599236283989771, ""mean_response_minutes"": 35.74220150227057, ""mean_scene_minutes"": 12.833333333333334, ""mean_transport_minutes"": 27.450000000000003, ""p90_response_minutes"": 50.044291195753196, ""patients"": 12, ""response_count"": 12, ""response_minutes"": 428.9064180272468, ""scene_count"": 12, ""scene_minutes"": 154.0, ""transport_count"": 11, ""transport_minutes"": 301.95000000000005}, ""trauma"": {""expected_lost"": 9.206869336675963, ""expected_saved"": 1.7931306633240383, ""mean_response_minutes"": 48.50483084977341, ""mean_scene_minutes"": 16.0, ""mean_transport_minutes"": 24.2, ""p90_response_minutes"": 75.27620610510999, ""patients"": 11, ""response_count"": 10, ""response_minutes"": 485.0483084977341, ""scene_count"": 10, ""scene_minutes"": 160.0, ""transport_count"": 10, ""transport_minutes"": 242.0}}","{""arrive_hospital"": 65, ""arrive_scene"": 33, ""hospital_release"": 54, ""patient_arrival"": 34, ""reposition_complete"": 32, ""restock_complete"": 32, ""scene_complete"": 32, ""transfer_ready"": 54}",23.106529,10.893471,0.3203961953231898,39.47809892385055,13.272727272727273,30.9015625,67.04947713059408,33,0.9705882352941176,34,34,1
nearest,44,1044,"{""cardiac"": {""expected_lost"": 12.166137861908839, ""expected_saved"": 0.833862138091161, ""mean_response_minutes"": 43.031854214025614, ""mean_scene_minutes"": 11.99999999999999, ""mean_transport_minutes"": 40.39999999999998, ""p90_response_minutes"": 86.6296161882449, ""patients"": 13, ""response_count"": 10, ""response_minutes"": 430.3185421402561, ""scene_count"": 10, ""scene_minutes"": 119.99999999999989, ""transport_count"": 10, ""transport_minutes"": 403.9999999999998}, ""minor"": {""expected_lost"": 3.4123653749239695, ""expected_saved"": 7.587634625076031, ""mean_response_minutes"": 72.19763824126787, ""mean_scene_minutes"": 10.0, ""mean_transport_minutes"": 35.7, ""p90_response_minutes"": 96.59455160519903, ""patients"": 11, ""response_count"": 10, ""response_minutes"": 721.9763824126787, ""scene_count"": 10, ""scene_minutes"": 100.0, ""transport_count"": 10, ""transport_minutes"": 357.0}, ""stroke"": {""expected_lost"": 8.231703998121066, ""expected_saved"": 3.768296001878934, ""mean_response_minutes"": 65.69591539828195, ""mean_scene_minutes"": 14.0, ""mean_transport_minutes"": 27.19583333333333, ""p90_response_minutes"": 73.79274656620674, ""patients"": 12, ""response_count"": 12, ""response_minutes"": 788.3509847793835, ""scene_count"": 12, ""scene_minutes"": 168.0, ""transport_count"": 12, ""transport_minutes"": 326.34999999999997}, ""trauma"": {""expected_lost"": 7.952950963302979, ""expected_saved"": 1.0470490366970207, ""mean_response_minutes"": 58.27339040724098, ""mean_scene_minutes"": 16.0, ""mean_transport_minutes"": 24.714285714285715, ""p90_response_minutes"": 125.36086565460141, ""patients"": 9, ""response_count"": 7, ""response_minutes"": 407.91373285068687, ""scene_count"": 7, ""scene_minutes"": 112.0, ""transport_count"": 7, ""transport_minutes"": 173.0}}","{""arrive_hospital"": 89, ""arrive_scene"": 39, ""hospital_release"": 62, ""patient_arrival"": 45, ""reposition_complete"": 37, ""restock_complete"": 37, ""scene_complete"": 39, ""transfer_ready"": 68}",31.763158,13.236842,0.2941520400387366,60.21947800469241,12.820512820512818,32.316666666666656,87.51003042535984,39,0.8666666666666667,45,45,6
nearest,45,1045,"{""cardiac"": {""expected_lost"": 11.212386364178954, ""expected_saved"": 0.7876136358210437, ""mean_response_minutes"": 37.83108624930412, ""mean_scene_minutes"": 12.0, ""mean_transport_minutes"": 41.22777777777777, ""p90_response_minutes"": 81.93747333713063, ""patients"": 12, ""response_count"": 9, ""response_minutes"": 340.4797762437371, ""scene_count"": 9, ""scene_minutes"": 108.0, ""transport_count"": 9, ""transport_minutes"": 371.0499999999999}, ""minor"": {""expected_lost"": 1.2804844804633242, ""expected_saved"": 7.719515519536677, ""mean_response_minutes"": 42.90803211147568, ""mean_scene_minutes"": 10.0, ""mean_transport_minutes"": 39.82777777777776, ""p90_response_minutes"": 65.6618928338457, ""patients"": 9, ""response_count"": 9, ""response_minutes"": 386.1722890032811, ""scene_count"": 9, ""scene_minutes"": 90.0, ""transport_count"": 9, ""transport_minutes"": 358.4499999999999}, ""stroke"": {""expected_lost"": 6.160920279683303, ""expected_saved"": 2.8390797203166978, ""mean_response_minutes"": 52.2261368685256, ""mean_scene_minutes"": 14.0, ""mean_transport_minutes"": 26.6875, ""p90_response_minutes"": 96.03092806586758, ""patients"": 9, ""response_count"": 8, ""response_minutes"": 417.8090949482048, ""scene_count"": 8, ""scene_minutes"": 112.0, ""transport_count"": 8, ""transport_minutes"": 213.5}, ""trauma"": {""expected_lost"": 8.048244030594988, ""expected_saved"": 0.951755969405012, ""mean_response_minutes"": 99.26946992429687, ""mean_scene_minutes"": 16.0, ""mean_transport_minutes"": 28.519999999999982, ""p90_response_minutes"": 242.41986524905508, ""patients"": 9, ""response_count"": 6, ""response_minutes"": 595.6168195457813, ""scene_count"": 6, ""scene_minutes"": 96.0, ""transport_count"": 5, ""transport_minutes"": 142.5999999999999}}","{""arrive_hospital"": 75, ""arrive_scene"": 32, ""hospital_release"": 50, ""patient_arrival"": 39, ""reposition_complete"": 30, ""restock_complete"": 30, ""scene_complete"": 32, ""transfer_ready"": 57}",26.702035,12.297965,0.3153324319251135,54.377436866906386,12.6875,35.01935483870967,78.18449867571194,32,0.8205128205128205,39,39,7
nearest,46,1046,"{""cardiac"": {""expected_lost"": 8.4496388434381, ""expected_saved"": 0.5503611565619, ""mean_response_minutes"": 51.771590540100824, ""mean_scene_minutes"": 12.0, ""mean_transport_minutes"": 39.25, ""p90_response_minutes"": 116.79127625991603, ""patients"": 9, ""response_count"": 4, ""response_minutes"": 207.0863621604033, ""scene_count"": 4, ""scene_minutes"": 48.0, ""transport_count"": 4, ""transport_minutes"": 157.0}, ""minor"": {""expected_lost"": 8.476207346275883, ""expected_saved"": 10.523792653724115, ""mean_response_minutes"": 119.7260971062455, ""mean_scene_minutes"": 10.0, ""mean_transport_minutes"": 42.881249999999966, ""p90_response_minutes"": 181.97111031785334, ""patients"": 19, ""response_count"": 16, ""response_minutes"": 1915.617553699928, ""scene_count"": 16, ""scene_minutes"": 160.0, ""transport_count"": 16, ""transport_minutes"": 686.0999999999995}, ""stroke"": {""expected_lost"": 14.605384821839936, ""expected_saved"": 6.394615178160065, ""mean_response_minutes"": 54.11031801459287, ""mean_scene_minutes"": 14.0, ""mean_transport_minutes"": 26.1888888888889, ""p90_response_minutes"": 89.65882758036729, ""patients"": 21, ""response_count"": 18, ""response_minutes"": 973.9857242626716, ""scene_count"": 18, ""scene_minutes"": 252.0, ""transport_count"": 18, ""transport_minutes"": 471.4000000000002}, ""trauma"": {""expected_lost"": 14.131496107414065, ""expected_saved"": 0.8685038925859347, ""mean_response_minutes"": 89.36237405367547, ""mean_scene_minutes"": 16.0, ""mean_transport_minutes"": 20.125, ""p90_response_minutes"": 173.84958399169517, ""patients"": 15, ""response_count"": 9, ""response_minutes"": 804.2613664830792, ""scene_count"": 9, ""scene_minutes"": 144.0, ""transport_count"": 8, ""transport_minutes"": 161.0}}","{""arrive_hospital"": 104, ""arrive_scene"": 47, ""hospital_release"": 66, ""patient_arrival"": 64, ""reposition_complete"": 45, ""restock_complete"": 45, ""scene_complete"": 47, ""transfer_ready"": 84}",45.662727,18.337273,0.2865198887661254,82.99895758736345,12.851063829787234,32.07608695652173,163.36596425000667,47,0.734375,64,64,17
nearest,47,1047,"{""cardiac"": {""expected_lost"": 17.35076268405979, ""expected_saved"": 0.64923731594021, ""mean_response_minutes"": 49.59840001659647, ""mean_scene_minutes"": 12.0, ""mean_transport_minutes"": 41.02777777777775, ""p90_response_minutes"": 93.41266752392372, ""patients"": 18, ""response_count"": 9, ""response_minutes"": 446.38560014936826, ""scene_count"": 9, ""scene_minutes"": 108.0, ""transport_count"": 9, ""transport_minutes"": 369.2499999999998}, ""minor"": {""expected_lost"": 2.4435891340135347, ""expected_saved"": 11.556410865986466, ""mean_response_minutes"": 50.737370032133015, ""mean_scene_minutes"": 10.0, ""mean_transport_minutes"": 38.699999999999996, ""p90_response_minutes"": 65.4174636983631, ""patients"": 14, ""response_count"": 14, ""response_minutes"": 710.3231804498622, ""scene_count"": 14, ""scene_minutes"": 140.0, ""transport_count"": 14, ""transport_minutes"": 541.8}, ""stroke"": {""expected_lost"": 12.878757938690656, ""expected_saved"": 4.121242061309341, ""mean_response_minutes"": 97.0545580751312, ""mean_scene_minutes"": 14.0, ""mean_transport_minutes"": 27.919999999999998, ""p90_response_minutes"": 186.40770902431274, ""patients"": 17, ""response_count"": 15, ""response_minutes"": 1455.818371126968, ""scene_count"": 15, ""scene_minutes"": 210.0, ""transport_count"": 15, ""transport_minutes"": 418.79999999999995}, ""trauma"": {""expected_lost"": 11.830340041018085, ""expected_saved"": 1.1696599589819137, ""mean_response_minutes"": 126.6920965809467, ""mean_scene_minutes"": 16.0, ""mean_transport_minutes"": 26.093749999999996, ""p90_response_minutes"": 424.5046783904279, ""patients"": 13, ""response_count"": 10, ""response_minutes"": 1266.920965809467, ""scene_count"": 10, ""scene_minutes"": 160.0, ""transport_count"": 8, ""transport_minutes"": 208.74999999999997}}","{""arrive_hospital"": 107, ""arrive_scene"": 48, ""hospital_release"": 73, ""patient_arrival"": 62, ""reposition_complete"": 46, ""restock_complete"": 46, ""scene_complete"": 48, ""transfer_ready"": 84}",44.50345,17.49655,0.2822024226164182,80.82183578199303,12.875,33.44782608695651,107.36411973291547,48,0.7741935483870968,62,62,14
nearest,48,1048,"{""cardiac"": {""expected_lost"": 6.263976034876395, ""expected_saved"": 0.7360239651236055, ""mean_response_minutes"": 52.930029667552894, ""mean_scene_minutes"": 12.000000000000002, ""mean_transport_minutes"": 39.55714285714286, ""p90_response_minutes"": 120.94543026445518, ""patients"": 7, ""response_count"": 7, ""response_minutes"": 370.51020767287025, ""scene_count"": 7, ""scene_minutes"": 84.00000000000001, ""transport_count"": 7, ""transport_minutes"": 276.9}, ""minor"": {""expected_lost"": 2.360379396201993, ""expected_saved"": 10.639620603798006, ""mean_response_minutes"": 51.86696108375899, ""mean_scene_minutes"": 10.0, ""mean_transport_minutes"": 39.23846153846154, ""p90_response_minutes"": 85.83787692385201, ""patients"": 13, ""response_count"": 13, ""response_minutes"": 674.2704940888668, ""scene_count"": 13, ""scene_minutes"": 130.0, ""transport_count"": 13, ""transport_minutes"": 510.1}, ""stroke"": {""expected_lost"": 5.049992858101045, ""expected_saved"": 2.950007141898955, ""mean_response_minutes"": 42.11781022756554, ""mean_scene_minutes"": 14.0, ""mean_transport_minutes"": 28.21249999999999, ""p90_response_minutes"": 69.91918517266713, ""patients"": 8, ""response_count"": 8, ""response_minutes"": 336.94248182052434, ""scene_count"": 8, ""scene_minutes"": 112.0, ""transport_count"": 8, ""transport_minutes"": 225.69999999999993}, ""trauma"": {""expected_lost"": 8.998295808317458, ""expected_saved"": 2.0017041916825438, ""mean_response_minutes"": 37.484541166378385, ""mean_scene_minutes"": 16.0, ""mean_transport_minutes"": 25.59000000000001, ""p90_response_minutes"": 61.329326196726015, ""patients"": 11, ""response_count"": 11, ""response_minutes"": 412.32995283016226, ""scene_count"": 11, ""scene_minutes"": 176.0, ""transport_count"": 10, ""transport_minutes"": 255.9000000000001}}","{""arrive_hospital"": 86, ""arrive_scene"": 39, ""hospital_release"": 61, ""patient_arrival"": 39, ""reposition_complete"": 37, ""restock_complete"": 37, ""scene_complete"": 39, ""transfer_ready"": 66}",22.672644,16.327356,0.41865015134623373,46.00136247211343,12.871794871794872,33.38421052631579,92.15953173809137,39,1.0,39,39,0
nearest,49,1049,"{""cardiac"": {""expected_lost"": 12.265845607235528, ""expected_saved"": 0.7341543927644729, ""mean_response_minutes"": 82.55963586563739, ""mean_scene_minutes"": 12.0, ""mean_transport_minutes"": 37.17727272727272, ""p90_response_minutes"": 169.9240669491893, ""patients"": 13, ""response_count"": 11, ""response_minutes"": 908.1559945220113, ""scene_count"": 11, ""scene_minutes"": 132.0, ""transport_count"": 11, ""transport_minutes"": 408.94999999999993}, ""minor"": {""expected_lost"": 1.3984965523821142, ""expected_saved"": 8.601503447617887, ""mean_response_minutes"": 42.62100962776326, ""mean_scene_minutes"": 10.0, ""mean_transport_minutes"": 42.25999999999999, ""p90_response_minutes"": 65.36845930656051, ""patients"": 10, ""response_count"": 10, ""response_minutes"": 426.2100962776326, ""scene_count"": 10, ""scene_minutes"": 100.0, ""transport_count"": 10, ""transport_minutes"": 422.5999999999999}, ""stroke"": {""expected_lost"": 13.104695063993208, ""expected_saved"": 3.89530493600679, ""mean_response_minutes"": 78.34635150675696, ""mean_scene_minutes"": 12.923076923076923, ""mean_transport_minutes"": 27.24583333333331, ""p90_response_minutes"": 213.93145058991695, ""patients"": 17, ""response_count"": 13, ""response_minutes"": 1018.5025695878405, ""scene_count"": 13, ""scene_minutes"": 168.0, ""transport_count"": 12, ""transport_minutes"": 326.9499999999997}, ""trauma"": {""expected_lost"": 10.26244678992444, ""expected_saved"": 0.7375532100755609, ""mean_response_minutes"": 74.38033715392423, ""mean_scene_minutes"": 16.0, ""mean_transport_minutes"": 24.571428571428573, ""p90_response_minutes"": 142.34762673270404, ""patients"": 11, ""response_count"": 7, ""response_minutes"": 520.6623600774697, ""scene_count"": 7, ""scene_minutes"": 112.0, ""transport_count"": 7, ""transport_minutes"": 172.0}}","{""arrive_hospital"": 93, ""arrive_scene"": 41, ""hospital_release"": 64, ""patient_arrival"": 51, ""reposition_complete"": 40, ""restock_complete"": 40, ""scene_complete"": 40, ""transfer_ready"": 73}",37.031484,13.968516,0.2738924703228375,70.08612245036471,12.487804878048781,33.26249999999999,169.9240669491893,41,0.803921568627451,51,51,10
nearest,50,1050,"{""cardiac"": {""expected_lost"": 6.353053566673564, ""expected_saved"": 0.6469464333264355, ""mean_response_minutes"": 59.46465567173785, ""mean_scene_minutes"": 12.0, ""mean_transport_minutes"": 37.800000000000004, ""p90_response_minutes"": 135.85432640099896, ""patients"": 7, ""response_count"": 7, ""response_minutes"": 416.252589702165, ""scene_count"": 7, ""scene_minutes"": 84.0, ""transport_count"": 7, ""transport_minutes"": 264.6}, ""minor"": {""expected_lost"": 1.7393003632954478, ""expected_saved"": 11.260699636704551, ""mean_response_minutes"": 28.42425399037913, ""mean_scene_minutes"": 10.0, ""mean_transport_minutes"": 40.90416666666666, ""p90_response_minutes"": 42.987539081758015, ""patients"": 13, ""response_count"": 12, ""response_minutes"": 341.09104788454954, ""scene_count"": 12, ""scene_minutes"": 120.0, ""transport_count"": 12, ""transport_minutes"": 490.8499999999999}, ""stroke"": {""expected_lost"": 6.568844503053451, ""expected_saved"": 4.43115549694655, ""mean_response_minutes"": 40.53696202992666, ""mean_scene_minutes"": 14.0, ""mean_transport_minutes"": 26.281818181818174, ""p90_response_minutes"": 56.36735859808664, ""patients"": 11, ""response_count"": 11, ""response_minutes"": 445.90658232919327, ""scene_count"": 11, ""scene_minutes"": 154.0, ""transport_count"": 11, ""transport_minutes"": 289.0999999999999}, ""trauma"": {""expected_lost"": 5.684355606809766, ""expected_saved"": 1.3156443931902344, ""mean_response_minutes"": 31.167720228870216, ""mean_scene_minutes"": 16.0, ""mean_transport_minutes"": 18.571428571428573, ""p90_response_minutes"": 45.13879192239516, ""patients"": 7, ""response_count"": 7, ""response_minutes"": 218.1740416020915, ""scene_count"": 7, ""scene_minutes"": 112.0, ""transport_count"": 7, ""transport_minutes"": 130.0}}","{""arrive_hospital"": 86, ""arrive_scene"": 37, ""hospital_release"": 65, ""patient_arrival"": 38, ""reposition_complete"": 37, ""restock_complete"": 37, ""scene_complete"": 37, ""transfer_ready"": 67}",20.345554,17.654446,0.46459068316230995,38.416871932918895,12.702702702702704,31.744594594594588,58.9901302958995,37,0.9736842105263158,38,38,1
nearest,51,1051,"{""cardiac"": {""expected_lost"": 11.277771769607503, ""expected_saved"": 0.7222282303924994, ""mean_response_minutes"": 40.42823752211438, ""mean_scene_minutes"": 12.0, ""mean_transport_minutes"": 40.300000000000004, ""p90_response_minutes"": 81.29488156464515, ""patients"": 12, ""response_count"": 9, ""response_minutes"": 363.8541376990294, ""scene_count"": 9, ""scene_minutes"": 108.0, ""transport_count"": 9, ""transport_minutes"": 362.70000000000005}, ""minor"": {""expected_lost"": 2.5808861349885417, ""expected_saved"": 11.419113865011457, ""mean_response_minutes"": 36.53245392293199, ""mean_scene_minutes"": 10.0, ""mean_transport_minutes"": 39.023076923076914, ""p90_response_minutes"": 60.00998503557159, ""patients"": 14, ""response_count"": 13, ""response_minutes"": 474.9219009981159, ""scene_count"": 13, ""scene_minutes"": 130.0, ""transport_count"": 13, ""transport_minutes"": 507.29999999999984}, ""stroke"": {""expected_lost"": 8.470828406437528, ""expected_saved"": 3.529171593562472, ""mean_response_minutes"": 78.74833441279002, ""mean_scene_minutes"": 14.0, ""mean_transport_minutes"": 27.895833333333332, ""p90_response_minutes"": 216.17483137881007, ""patients"": 12, ""response_count"": 12, ""response_minutes"": 944.9800129534801, ""scene_count"": 12, ""scene_minutes"": 168.0, ""transport_count"": 12, ""transport_minutes"": 334.75}, ""trauma"": {""expected_lost"": 13.158124887689652, ""expected_saved"": 0.8418751123103464, ""mean_response_minutes"": 52.82798600210796, ""mean_scene_minutes"": 16.0, ""mean_transport_minutes"": 29.525, ""p90_response_minutes"": 79.73463402298603, ""patients"": 14, ""response_count"": 11, ""response_minutes"": 581.1078460231876, ""scene_count"": 11, ""scene_minutes"": 176.0, ""transport_count"": 10, ""transport_minutes"": 295.25}}","{""arrive_hospital"": 100, ""arrive_scene"": 45, ""hospital_release"": 65, ""patient_arrival"": 52, ""reposition_complete"": 44, ""restock_complete"": 44, ""scene_complete"": 45, ""transfer_ready"": 78}",35.487611,16.512389,0.3175459384860917,52.55253105941808,12.933333333333334,34.090909090909086,86.29632818862328,45,0.8653846153846154,52,52,7
nearest,52,1052,"{""cardiac"": {""expected_lost"": 9.858194446345854, ""expected_saved"": 1.141805553654145, ""mean_response_minutes"": 40.56283378134269, ""mean_scene_minutes"": 12.0, ""mean_transport_minutes"": 37.8, ""p90_response_minutes"": 63.94722769457492, ""patients"": 11, ""response_count"": 10, ""response_minutes"": 405.6283378134269, ""scene_count"": 10, ""scene_minutes"": 120.0, ""transport_count"": 10, ""transport_minutes"": 378.0}, ""minor"": {""expected_lost"": 1.3745335179478364, ""expected_saved"": 8.625466482052165, ""mean_response_minutes"": 43.80906733528419, ""mean_scene_minutes"": 10.0, ""mean_transport_minutes"": 40.485, ""p90_response_minutes"": 63.17335280342883, ""patients"": 10, ""response_count"": 10, ""response_minutes"": 438.0906733528419, ""scene_count"": 10, ""scene_minutes"": 100.0, ""transport_count"": 10, ""transport_minutes"": 404.85}, ""stroke"": {""expected_lost"": 6.283767592206897, ""expected_saved"": 3.716232407793103, ""mean_response_minutes"": 35.14065560479521, ""mean_scene_minutes"": 14.0, ""mean_transport_minutes"": 24.300000000000022, ""p90_response_minutes"": 67.37157896918903, ""patients"": 10, ""response_count"": 9, ""response_minutes"": 316.26590044315685, ""scene_count"": 9, ""scene_minutes"": 126.0, ""transport_count"": 9, ""transport_minutes"": 218.7000000000002}, ""trauma"": {""expected_lost"": 9.043476941575486, ""expected_saved"": 0.9565230584245138, ""mean_response_minutes"": 61.44572222531118, ""mean_scene_minutes"": 16.0, ""mean_transport_minutes"": 29.66500000000001, ""p90_response_minutes"": 91.41205467725399, ""patients"": 10, ""response_count"": 10, ""response_minutes"": 614.4572222531118, ""scene_count"": 10, ""scene_minutes"": 160.0, ""transport_count"": 10, ""transport_minutes"": 296.6500000000001}}","{""arrive_hospital"": 87, ""arrive_scene"": 39, ""hospital_release"": 59, ""patient_arrival"": 41, ""reposition_complete"": 38, ""restock_complete"": 38, ""scene_complete"": 39, ""transfer_ready"": 66}",26.559972,14.440028,0.35219579272985174,45.49851625288558,12.974358974358974,33.28717948717949,74.97972004217696,39,0.9512195121951219,41,41,2
nearest,53,1053,"{""cardiac"": {""expected_lost"": 11.648102813401595, ""expected_saved"": 0.35189718659840424, ""mean_response_minutes"": 45.80729882470319, ""mean_scene_minutes"": 12.0, ""mean_transport_minutes"": 38.26666666666665, ""p90_response_minutes"": 69.30316509222334, ""patients"": 12, ""response_count"": 6, ""response_minutes"": 274.8437929482191, ""scene_count"": 6, ""scene_minutes"": 72.0, ""transport_count"": 6, ""transport_minutes"": 229.5999999999999}, ""minor"": {""expected_lost"": 3.4544206445692716, ""expected_saved"": 14.545579355430728, ""mean_response_minutes"": 53.425048031846764, ""mean_scene_minutes"": 10.0, ""mean_transport_minutes"": 38.48333333333332, ""p90_response_minutes"": 71.00744217463027, ""patients"": 18, ""response_count"": 18, ""response_minutes"": 961.6508645732417, ""scene_count"": 18, ""scene_minutes"": 180.0, ""transport_count"": 18, ""transport_minutes"": 692.6999999999998}, ""stroke"": {""expected_lost"": 10.604932961582763, ""expected_saved"": 3.395067038417236, ""mean_response_minutes"": 109.06304885684581, ""mean_scene_minutes"": 14.0, ""mean_transport_minutes"": 26.013636363636362, ""p90_response_minutes"": 353.08682461857865, ""patients"": 14, ""response_count"": 11, ""response_minutes"": 1199.693537425304, ""scene_count"": 11, ""scene_minutes"": 154.0, ""transport_count"": 11, ""transport_minutes"": 286.15}, ""trauma"": {""expected_lost"": 10.170752861539524, ""expected_saved"": 0.829247138460474, ""mean_response_minutes"": 138.06289320501872, ""mean_scene_minutes"": 16.0, ""mean_transport_minutes"": 30.220000000000006, ""p90_response_minutes"": 444.22262594892334, ""patients"": 11, ""response_count"": 10, ""response_minutes"": 1380.6289320501874, ""scene_count"": 10, ""scene_minutes"": 160.0, ""transport_count"": 10, ""transport_minutes"": 302.20000000000005}}","{""arrive_hospital"": 102, ""arrive_scene"": 45, ""hospital_release"": 65, ""patient_arrival"": 55, ""reposition_complete"": 44, ""restock_complete"": 44, ""scene_complete"": 45, ""transfer_ready"": 79}",35.878209,19.121791,0.34766892216194256,84.81815837771003,12.577777777777778,33.56999999999999,184.99376178355678,45,0.8181818181818182,55,55,10
nearest,54,1054,"{""cardiac"": {""expected_lost"": 13.26815745614436, ""expected_saved"": 0.73184254385564, ""mean_response_minutes"": 52.988641157067256, ""mean_scene_minutes"": 12.0, ""mean_transport_minutes"": 39.84090909090907, ""p90_response_minutes"": 80.62633382745673, ""patients"": 14, ""response_count"": 11, ""response_minutes"": 582.8750527277398, ""scene_count"": 11, ""scene_minutes"": 132.0, ""transport_count"": 11, ""transport_minutes"": 438.2499999999998}, ""minor"": {""expected_lost"": 1.7075383025135098, ""expected_saved"": 7.292461697486489, ""mean_response_minutes"": 54.31046484018566, ""mean_scene_minutes"": 10.0, ""mean_transport_minutes"": 42.616666666666674, ""p90_response_minutes"": 82.58762634811656, ""patients"": 9, ""response_count"": 9, ""response_minutes"": 488.79418356167093, ""scene_count"": 9, ""scene_minutes"": 90.0, ""transport_count"": 9, ""transport_minutes"": 383.55000000000007}, ""stroke"": {""expected_lost"": 6.853997741792781, ""expected_saved"": 5.1460022582072185, ""mean_response_minutes"": 30.20583547664237, ""mean_scene_minutes"": 14.0, ""mean_transport_minutes"": 25.24545454545455, ""p90_response_minutes"": 38.957713327593865, ""patients"": 12, ""response_count"": 11, ""response_minutes"": 332.2641902430661, ""scene_count"": 11, ""scene_minutes"": 154.0, ""transport_count"": 11, ""transport_minutes"": 277.70000000000005}, ""trauma"": {""expected_lost"": 7.536058037469793, ""expected_saved"": 1.4639419625302066, ""mean_response_minutes"": 41.3740737897873, ""mean_scene_minutes"": 14.222222222222221, ""mean_transport_minutes"": 22.0, ""p90_response_minutes"": 79.2049495868794, ""patients"": 9, ""response_count"": 9, ""response_minutes"": 372.36666410808573, ""scene_count"": 9, ""scene_minutes"": 128.0, ""transport_count"": 7, ""transport_minutes"": 154.0}}","{""arrive_hospital"": 89, ""arrive_scene"": 40, ""hospital_release"": 64, ""patient_arrival"": 44, ""reposition_complete"": 38, ""restock_complete"": 38, ""scene_complete"": 39, ""transfer_ready"": 69}",29.365752,14.634248,0.33259655595635357,44.40750226601406,12.6,32.98684210526316,80.86441705320367,40,0.9090909090909091,44,44,4
nearest,55,1055,"{""cardiac"": {""expected_lost"": 8.899430938345647, ""expected_saved"": 1.1005690616543524, ""mean_response_minutes"": 34.18227414038684, ""mean_scene_minutes"": 12.0, ""mean_transport_minutes"": 39.94499999999999, ""p90_response_minutes"": 53.75389511411774, ""patients"": 10, ""response_count"": 10, ""response_minutes"": 341.8227414038684, ""scene_count"": 10, ""scene_minutes"": 120.0, ""transport_count"": 10, ""transport_minutes"": 399.44999999999993}, ""minor"": {""expected_lost"": 1.330510454486261, ""expected_saved"": 7.6694895455137395, ""mean_response_minutes"": 32.20924775728147, ""mean_scene_minutes"": 10.0, ""mean_transport_minutes"": 39.88749999999999, ""p90_response_minutes"": 49.18514407139266, ""patients"": 9, ""response_count"": 9, ""response_minutes"": 289.8832298155332, ""scene_count"": 9, ""scene_minutes"": 90.0, ""transport_count"": 8, ""transport_minutes"": 319.0999999999999}, ""stroke"": {""expected_lost"": 4.472172935198352, ""expected_saved"": 2.527827064801648, ""mean_response_minutes"": 56.838170069855515, ""mean_scene_minutes"": 14.0, ""mean_transport_minutes"": 24.799999999999986, ""p90_response_minutes"": 112.47749188415298, ""patients"": 7, ""response_count"": 7, ""response_minutes"": 397.8671904889886, ""scene_count"": 7, ""scene_minutes"": 98.0, ""transport_count"": 7, ""transport_minutes"": 173.5999999999999}, ""trauma"": {""expected_lost"": 9.028392589394235, ""expected_saved"": 1.9716074106057666, ""mean_response_minutes"": 27.587863625074544, ""mean_scene_minutes"": 16.0, ""mean_transport_minutes"": 25.545454545454547, ""p90_response_minutes"": 44.347872829435346, ""patients"": 11, ""response_count"": 11, ""response_minutes"": 303.46649987582, ""scene_count"": 11, ""scene_minutes"": 176.0, ""transport_count"": 11, ""transport_minutes"": 281.0}}","{""arrive_hospital"": 79, ""arrive_scene"": 37, ""hospital_release"": 58, ""patient_arrival"": 37, ""reposition_complete"": 36, ""restock_complete"": 36, ""scene_complete"": 37, ""transfer_ready"": 61}",23.730507,13.269493,0.3586349481777164,36.02809896173542,13.08108108108108,32.58749999999999,59.257598802448605,37,1.0,37,37,0
nearest,56,1056,"{""cardiac"": {""expected_lost"": 10.372183955815702, ""expected_saved"": 0.6278160441842978, ""mean_response_minutes"": 38.69244053025474, ""mean_scene_minutes"": 12.0, ""mean_transport_minutes"": 42.166666666666664, ""p90_response_minutes"": 54.845527939614826, ""patients"": 11, ""response_count"": 9, ""response_minutes"": 348.23196477229266, ""scene_count"": 9, ""scene_minutes"": 108.0, ""transport_count"": 9, ""transport_minutes"": 379.5}, ""minor"": {""expected_lost"": 2.4176803910871305, ""expected_saved"": 7.5823196089128695, ""mean_response_minutes"": 45.283891634723624, ""mean_scene_minutes"": 10.0, ""mean_transport_minutes"": 38.977777777777746, ""p90_response_minutes"": 75.16779278392914, ""patients"": 10, ""response_count"": 9, ""response_minutes"": 407.5550247125126, ""scene_count"": 9, ""scene_minutes"": 90.0, ""transport_count"": 9, ""transport_minutes"": 350.7999999999997}, ""stroke"": {""expected_lost"": 8.215550235795547, ""expected_saved"": 3.7844497642044512, ""mean_response_minutes"": 52.695760590058185, ""mean_scene_minutes"": 14.0, ""mean_transport_minutes"": 26.46999999999998, ""p90_response_minutes"": 71.48834845657643, ""patients"": 12, ""response_count"": 10, ""response_minutes"": 526.9576059005818, ""scene_count"": 10, ""scene_minutes"": 140.0, ""transport_count"": 10, ""transport_minutes"": 264.6999999999998}, ""trauma"": {""expected_lost"": 8.995838234863417, ""expected_saved"": 1.0041617651365817, ""mean_response_minutes"": 92.35789837944056, ""mean_scene_minutes"": 15.999999999999993, ""mean_transport_minutes"": 30.24444444444445, ""p90_response_minutes"": 245.92993897092575, ""patients"": 10, ""response_count"": 9, ""response_minutes"": 831.221085414965, ""scene_count"": 9, ""scene_minutes"": 143.99999999999994, ""transport_count"": 9, ""transport_minutes"": 272.20000000000005}}","{""arrive_hospital"": 83, ""arrive_scene"": 37, ""hospital_release"": 60, ""patient_arrival"": 43, ""reposition_complete"": 35, ""restock_complete"": 35, ""scene_complete"": 37, ""transfer_ready"": 64}",30.001253,12.998747,0.30229644610321404,57.1342075891987,13.027027027027026,34.24864864864864,106.8438769247145,37,0.8604651162790697,43,43,6
nearest,57,1057,"{""cardiac"": {""expected_lost"": 5.702993538451144, ""expected_saved"": 0.29700646154885657, ""mean_response_minutes"": 97.64968256110262, ""mean_scene_minutes"": 12.0, ""mean_transport_minutes"": 36.69999999999997, ""p90_response_minutes"": 186.40542458662935, ""patients"": 6, ""response_count"": 6, ""response_minutes"": 585.8980953666157, ""scene_count"": 6, ""scene_minutes"": 72.0, ""transport_count"": 6, ""transport_minutes"": 220.19999999999982}, ""minor"": {""expected_lost"": 1.7888737865754039, ""expected_saved"": 10.211126213424595, ""mean_response_minutes"": 45.09915774711872, ""mean_scene_minutes"": 10.0, ""mean_transport_minutes"": 37.354166666666664, ""p90_response_minutes"": 87.51465598803489, ""patients"": 12, ""response_count"": 12, ""response_minutes"": 541.1898929654246, ""scene_count"": 12, ""scene_minutes"": 120.0, ""transport_count"": 12, ""transport_minutes"": 448.25}, ""stroke"": {""expected_lost"": 5.527759015385655, ""expected_saved"": 3.472240984614344, ""mean_response_minutes"": 50.45284130600561, ""mean_scene_minutes"": 14.0, ""mean_transport_minutes"": 28.422222222222217, ""p90_response_minutes"": 92.7032159878949, ""patients"": 9, ""response_count"": 9, ""response_minutes"": 454.0755717540505, ""scene_count"": 9, ""scene_minutes"": 126.0, ""transport_count"": 9, ""transport_minutes"": 255.79999999999995}, ""trauma"": {""expected_lost"": 9.394671878354636, ""expected_saved"": 1.6053281216453632, ""mean_response_minutes"": 40.9710985394841, ""mean_scene_minutes"": 15.999999999999998, ""mean_transport_minutes"": 25.200000000000003, ""p90_response_minutes"": 58.79365468702713, ""patients"": 11, ""response_count"": 11, ""response_minutes"": 450.68208393432514, ""scene_count"": 11, ""scene_minutes"": 175.99999999999997, ""transport_count"": 11, ""transport_minutes"": 277.20000000000005}}","{""arrive_hospital"": 82, ""arrive_scene"": 38, ""hospital_release"": 60, ""patient_arrival"": 38, ""reposition_complete"": 37, ""restock_complete"": 37, ""scene_complete"": 38, ""transfer_ready"": 64}",22.414298,15.585702,0.4101500468745568,53.46962221106357,13.0,31.61710526315789,125.95421100299336,38,1.0,38,38,0
nearest,58,1058,"{""cardiac"": {""expected_lost"": 11.430786543393616, ""expected_saved"": 0.5692134566063848, ""mean_response_minutes"": 69.01845203728485, ""mean_scene_minutes"": 11.999999999999995, ""mean_transport_minutes"": 39.795833333333334, ""p90_response_minutes"": 143.33941429531467, ""patients"": 12, ""response_count"": 12, ""response_minutes"": 828.2214244474181, ""scene_count"": 12, ""scene_minutes"": 143.99999999999994, ""transport_count"": 12, ""transport_minutes"": 477.55}, ""minor"": {""expected_lost"": 2.539830679766352, ""expected_saved"": 10.46016932023365, ""mean_response_minutes"": 38.345894345369246, ""mean_scene_minutes"": 9.23076923076923, ""mean_transport_minutes"": 38.04999999999999, ""p90_response_minutes"": 79.23001901364442, ""patients"": 13, ""response_count"": 13, ""response_minutes"": 498.4966264898002, ""scene_count"": 13, ""scene_minutes"": 120.0, ""transport_count"": 12, ""transport_minutes"": 456.5999999999999}, ""stroke"": {""expected_lost"": 5.0573259455657835, ""expected_saved"": 1.942674054434217, ""mean_response_minutes"": 122.74582247675842, ""mean_scene_minutes"": 14.0, ""mean_transport_minutes"": 26.142857142857142, ""p90_response_minutes"": 314.47881720672336, ""patients"": 7, ""response_count"": 7, ""response_minutes"": 859.2207573373089, ""scene_count"": 7, ""scene_minutes"": 98.0, ""transport_count"": 7, ""transport_minutes"": 183.0}, ""trauma"": {""expected_lost"": 9.497414608445709, ""expected_saved"": 1.502585391554291, ""mean_response_minutes"": 45.65663696905593, ""mean_scene_minutes"": 16.0, ""mean_transport_minutes"": 26.09090909090909, ""p90_response_minutes"": 82.34698500000036, ""patients"": 11, ""response_count"": 11, ""response_minutes"": 502.22300665961524, ""scene_count"": 11, ""scene_minutes"": 176.0, ""transport_count"": 11, ""transport_minutes"": 287.0}}","{""arrive_hospital"": 96, ""arrive_scene"": 43, ""hospital_release"": 66, ""patient_arrival"": 43, ""reposition_complete"": 41, ""restock_complete"": 41, ""scene_complete"": 42, ""transfer_ready"": 73}",28.525358,14.474642,0.3366195865774078,62.51539104498005,12.511627906976743,33.43214285714286,124.43457845399448,43,1.0,43,43,0
nearest,59,1059,"{""cardiac"": {""expected_lost"": 13.331779877747662, ""expected_saved"": 0.6682201222523404, ""mean_response_minutes"": 89.81771303344388, ""mean_scene_minutes"": 12.0, ""mean_transport_minutes"": 38.91538461538461, ""p90_response_minutes"": 162.08548085150449, ""patients"": 14, ""response_count"": 13, ""response_minutes"": 1167.6302694347705, ""scene_count"": 13, ""scene_minutes"": 156.0, ""transport_count"": 13, ""transport_minutes"": 505.9}, ""minor"": {""expected_lost"": 1.344075444680204, ""expected_saved"": 4.655924555319796, ""mean_response_minutes"": 24.315782174017347, ""mean_scene_minutes"": 8.333333333333334, ""mean_transport_minutes"": 42.799999999999955, ""p90_response_minutes"": 41.59999999999991, ""patients"": 6, ""response_count"": 6, ""response_minutes"": 145.8946930441041, ""scene_count"": 6, ""scene_minutes"": 50.0, ""transport_count"": 5, ""transport_minutes"": 213.99999999999977}, ""stroke"": {""expected_lost"": 7.062118819094159, ""expected_saved"": 3.937881180905842, ""mean_response_minutes"": 38.413486307205886, ""mean_scene_minutes"": 14.0, ""mean_transport_minutes"": 25.9, ""p90_response_minutes"": 52.138434304168186, ""patients"": 11, ""response_count"": 11, ""response_minutes"": 422.5483493792648, ""scene_count"": 11, ""scene_minutes"": 154.0, ""transport_count"": 10, ""transport_minutes"": 259.0}, ""trauma"": {""expected_lost"": 13.693152033630575, ""expected_saved"": 2.3068479663694244, ""mean_response_minutes"": 39.39665161644186, ""mean_scene_minutes"": 15.999999999999996, ""mean_transport_minutes"": 23.974999999999994, ""p90_response_minutes"": 66.68533865518657, ""patients"": 16, ""response_count"": 16, ""response_minutes"": 630.3464258630697, ""scene_count"": 16, ""scene_minutes"": 255.99999999999994, ""transport_count"": 16, ""transport_minutes"": 383.5999999999999}}","{""arrive_hospital"": 87, ""arrive_mortuary"": 1, ""arrive_scene"": 46, ""hospital_release"": 58, ""patient_arrival"": 47, ""reposition_complete"": 43, ""restock_complete"": 43, ""scene_complete"": 45, ""transfer_ready"": 70}",35.431126,11.568874,0.24614625159249792,51.443907341765424,13.391304347826088,30.965909090909086,80.33635577330833,46,0.9787234042553191,47,47,1
nearest,60,1060,"{""cardiac"": {""expected_lost"": 11.883482133961136, ""expected_saved"": 1.1165178660388622, ""mean_response_minutes"": 59.564946934849885, ""mean_scene_minutes"": 12.0, ""mean_transport_minutes"": 39.542307692307695, ""p90_response_minutes"": 125.53502774509327, ""patients"": 13, ""response_count"": 13, ""response_minutes"": 774.3443101530485, ""scene_count"": 13, ""scene_minutes"": 156.0, ""transport_count"": 13, ""transport_minutes"": 514.0500000000001}, ""minor"": {""expected_lost"": 1.1202788822428564, ""expected_saved"": 8.879721117757143, ""mean_response_minutes"": 33.34538235302275, ""mean_scene_minutes"": 10.0, ""mean_transport_minutes"": 41.11499999999999, ""p90_response_minutes"": 45.7126962742052, ""patients"": 10, ""response_count"": 10, ""response_minutes"": 333.4538235302275, ""scene_count"": 10, ""scene_minutes"": 100.0, ""transport_count"": 10, ""transport_minutes"": 411.14999999999986}, ""stroke"": {""expected_lost"": 4.586056385176307, ""expected_saved"": 2.413943614823693, ""mean_response_minutes"": 33.44146155579538, ""mean_scene_minutes"": 14.000000000000009, ""mean_transport_minutes"": 28.625, ""p90_response_minutes"": 53.24179332841655, ""patients"": 7, ""response_count"": 7, ""response_minutes"": 234.09023089056765, ""scene_count"": 7, ""scene_minutes"": 98.00000000000006, ""transport_count"": 6, ""transport_minutes"": 171.75}, ""trauma"": {""expected_lost"": 8.188728771348147, ""expected_saved"": 0.8112712286518531, ""mean_response_minutes"": 78.07483428196934, ""mean_scene_minutes"": 16.0, ""mean_transport_minutes"": 27.75, ""p90_response_minutes"": 199.5475505438556, ""patients"": 9, ""response_count"": 9, ""response_minutes"": 702.673508537724, ""scene_count"": 9, ""scene_minutes"": 144.0, ""transport_count"": 9, ""transport_minutes"": 249.75}}","{""arrive_hospital"": 90, ""arrive_scene"": 39, ""hospital_release"": 62, ""patient_arrival"": 39, ""reposition_complete"": 38, ""restock_complete"": 38, ""scene_complete"": 39, ""transfer_ready"": 67}",25.778546,13.221454,0.3390116365967064,52.424663413117116,12.76923076923077,35.43947368421052,98.85471299628534,39,1.0,39,39,0
nearest,61,1061,"{""cardiac"": {""expected_lost"": 13.844158818858523, ""expected_saved"": 1.1558411809991487, ""mean_response_minutes"": 84.01443594354664, ""mean_scene_minutes"": 12.0, ""mean_transport_minutes"": 38.129999999999995, ""p90_response_minutes"": 211.04782738965042, ""patients"": 15, ""response_count"": 15, ""response_minutes"": 1260.2165391531996, ""scene_count"": 15, ""scene_minutes"": 180.0, ""transport_count"": 15, ""transport_minutes"": 571.9499999999999}, ""minor"": {""expected_lost"": 0.5264511813848269, ""expected_saved"": 3.473548818615173, ""mean_response_minutes"": 40.82529316232896, ""mean_scene_minutes"": 10.0, ""mean_transport_minutes"": 38.0, ""p90_response_minutes"": 69.45112567419316, ""patients"": 4, ""response_count"": 4, ""response_minutes"": 163.30117264931584, ""scene_count"": 4, ""scene_minutes"": 40.0, ""transport_count"": 4, ""transport_minutes"": 152.0}, ""stroke"": {""expected_lost"": 7.803751271562759, ""expected_saved"": 4.196248728437241, ""mean_response_minutes"": 49.544289311942755, ""mean_scene_minutes"": 14.0, ""mean_transport_minutes"": 25.666666666666668, ""p90_response_minutes"": 66.2163322771492, ""patients"": 12, ""response_count"": 12, ""response_minutes"": 594.5314717433131, ""scene_count"": 12, ""scene_minutes"": 168.0, ""transport_count"": 12, ""transport_minutes"": 308.0}, ""trauma"": {""expected_lost"": 6.499036529033111, ""expected_saved"": 1.5009634709668882, ""mean_response_minutes"": 31.476426450354094, ""mean_scene_minutes"": 14.0, ""mean_transport_minutes"": 24.921428571428578, ""p90_response_minutes"": 58.550281839304276, ""patients"": 8, ""response_count"": 8, ""response_minutes"": 251.81141160283275, ""scene_count"": 8, ""scene_minutes"": 112.0, ""transport_count"": 7, ""transport_minutes"": 174.45000000000005}}","{""arrive_hospital"": 87, ""arrive_scene"": 39, ""hospital_release"": 64, ""patient_arrival"": 39, ""reposition_complete"": 37, ""restock_complete"": 37, ""scene_complete"": 38, ""transfer_ready"": 68}",28.673398,10.326602,0.26478467176970394,58.20155372176053,12.820512820512821,31.747368421052634,119.1689775926245,39,1.0,39,39,0
nearest,62,1062,"{""cardiac"": {""expected_lost"": 10.084506844571091, ""expected_saved"": 0.9154931551926946, ""mean_response_minutes"": 88.06642438562001, ""mean_scene_minutes"": 12.000000000000007, ""mean_transport_minutes"": 36.47222222222222, ""p90_response_minutes"": 258.45095437557427, ""patients"": 11, ""response_count"": 9, ""response_minutes"": 792.5978194705801, ""scene_count"": 9, ""scene_minutes"": 108.00000000000006, ""transport_count"": 9, ""transport_minutes"": 328.25}, ""minor"": {""expected_lost"": 4.80417302491658, ""expected_saved"": 7.19582697508342, ""mean_response_minutes"": 144.10871460213323, ""mean_scene_minutes"": 10.0, ""mean_transport_minutes"": 39.290909090909096, ""p90_response_minutes"": 390.1793104856079, ""patients"": 12, ""response_count"": 12, ""response_minutes"": 1729.304575225599, ""scene_count"": 12, ""scene_minutes"": 120.0, ""transport_count"": 11, ""transport_minutes"": 432.20000000000005}, ""stroke"": {""expected_lost"": 9.764253637167512, ""expected_saved"": 4.235746362832488, ""mean_response_minutes"": 101.73150328616575, ""mean_scene_minutes"": 14.0, ""mean_transport_minutes"": 27.489285714285725, ""p90_response_minutes"": 137.18219006458492, ""patients"": 14, ""response_count"": 14, ""response_minutes"": 1424.2410460063204, ""scene_count"": 14, ""scene_minutes"": 196.0, ""transport_count"": 14, ""transport_minutes"": 384.85000000000014}, ""trauma"": {""expected_lost"": 13.737784707174079, ""expected_saved"": 1.2622152928259223, ""mean_response_minutes"": 54.52811428949539, ""mean_scene_minutes"": 16.0, ""mean_transport_minutes"": 24.220833333333342, ""p90_response_minutes"": 79.26584994832096, ""patients"": 15, ""response_count"": 12, ""response_minutes"": 654.3373714739447, ""scene_count"": 12, ""scene_minutes"": 192.0, ""transport_count"": 12, ""transport_minutes"": 290.6500000000001}}","{""arrive_hospital"": 98, ""arrive_scene"": 47, ""hospital_release"": 65, ""patient_arrival"": 52, ""reposition_complete"": 46, ""restock_complete"": 46, ""scene_complete"": 47, ""transfer_ready"": 78}",38.390718,13.609282,0.2617169574218178,97.8825704718392,13.106382978723405,31.216304347826092,181.76149029185845,47,0.9038461538461539,52,52,5
nearest,63,1063,"{""cardiac"": {""expected_lost"": 9.084956960170857, ""expected_saved"": 0.9150430398291431, ""mean_response_minutes"": 58.69149163576804, ""mean_scene_minutes"": 12.0, ""mean_transport_minutes"": 39.53333333333333, ""p90_response_minutes"": 116.67570600710181, ""patients"": 10, ""response_count"": 9, ""response_minutes"": 528.2234247219124, ""scene_count"": 9, ""scene_minutes"": 108.0, ""transport_count"": 9, ""transport_minutes"": 355.79999999999995}, ""minor"": {""expected_lost"": 1.3683998493800629, ""expected_saved"": 6.631600150619937, ""mean_response_minutes"": 52.041259989974925, ""mean_scene_minutes"": 10.0, ""mean_transport_minutes"": 44.46874999999997, ""p90_response_minutes"": 106.0307327286683, ""patients"": 8, ""response_count"": 8, ""response_minutes"": 416.3300799197994, ""scene_count"": 8, ""scene_minutes"": 80.0, ""transport_count"": 8, ""transport_minutes"": 355.7499999999998}, ""stroke"": {""expected_lost"": 5.317141805563929, ""expected_saved"": 1.6828581944360712, ""mean_response_minutes"": 55.51421380635039, ""mean_scene_minutes"": 11.666666666666666, ""mean_transport_minutes"": 26.6, ""p90_response_minutes"": 86.52151930294986, ""patients"": 7, ""response_count"": 6, ""response_minutes"": 333.08528283810233, ""scene_count"": 6, ""scene_minutes"": 70.0, ""transport_count"": 5, ""transport_minutes"": 133.0}, ""trauma"": {""expected_lost"": 13.625290395223987, ""expected_saved"": 2.374709604776013, ""mean_response_minutes"": 33.05890398622709, ""mean_scene_minutes"": 16.0, ""mean_transport_minutes"": 26.079999999999995, ""p90_response_minutes"": 61.0497734362871, ""patients"": 16, ""response_count"": 15, ""response_minutes"": 495.88355979340633, ""scene_count"": 15, ""scene_minutes"": 240.0, ""transport_count"": 15, ""transport_minutes"": 391.19999999999993}}","{""arrive_hospital"": 76, ""arrive_scene"": 38, ""hospital_release"": 51, ""patient_arrival"": 41, ""reposition_complete"": 36, ""restock_complete"": 36, ""scene_complete"": 37, ""transfer_ready"": 58}",29.395789,11.604211,0.28302953633319905,46.67164071771633,13.105263157894736,33.39864864864864,92.55228149041585,38,0.926829268292683,41,41,3
nearest,64,1064,"{""cardiac"": {""expected_lost"": 13.140348986037337, ""expected_saved"": 0.8596510139626646, ""mean_response_minutes"": 54.5059960711593, ""mean_scene_minutes"": 12.0, ""mean_transport_minutes"": 36.19090909090909, ""p90_response_minutes"": 87.4924059831967, ""patients"": 14, ""response_count"": 11, ""response_minutes"": 599.5659567827523, ""scene_count"": 11, ""scene_minutes"": 132.0, ""transport_count"": 11, ""transport_minutes"": 398.09999999999997}, ""minor"": {""expected_lost"": 2.8094536556108842, ""expected_saved"": 7.190546344389115, ""mean_response_minutes"": 56.30211288330736, ""mean_scene_minutes"": 9.0, ""mean_transport_minutes"": 42.78888888888886, ""p90_response_minutes"": 87.5156883953043, ""patients"": 10, ""response_count"": 10, ""response_minutes"": 563.0211288330736, ""scene_count"": 10, ""scene_minutes"": 90.0, ""transport_count"": 9, ""transport_minutes"": 385.09999999999974}, ""stroke"": {""expected_lost"": 6.177732127146372, ""expected_saved"": 3.8222678728536277, ""mean_response_minutes"": 37.25278940751092, ""mean_scene_minutes"": 14.0, ""mean_transport_minutes"": 26.666666666666668, ""p90_response_minutes"": 73.97445593629223, ""patients"": 10, ""response_count"": 9, ""response_minutes"": 335.27510466759827, ""scene_count"": 9, ""scene_minutes"": 126.0, ""transport_count"": 9, ""transport_minutes"": 240.0}, ""trauma"": {""expected_lost"": 9.042826504609321, ""expected_saved"": 1.9571734953906788, ""mean_response_minutes"": 52.35722903642916, ""mean_scene_minutes"": 16.0, ""mean_transport_minutes"": 26.27999999999999, ""p90_response_minutes"": 72.2502514622288, ""patients"": 11, ""response_count"": 10, ""response_minutes"": 523.5722903642916, ""scene_count"": 10, ""scene_minutes"": 160.0, ""transport_count"": 10, ""transport_minutes"": 262.7999999999999}}","{""arrive_hospital"": 86, ""arrive_scene"": 40, ""hospital_release"": 62, ""patient_arrival"": 45, ""reposition_complete"": 38, ""restock_complete"": 38, ""scene_complete"": 39, ""transfer_ready"": 67}",31.170361,13.829639,0.30732530503546857,50.535862016192894,12.7,32.974358974358964,87.9109431411534,40,0.8888888888888888,45,45,5
nearest,65,1065,"{""cardiac"": {""expected_lost"": 14.142359526920794, ""expected_saved"": 0.8576404730792049, ""mean_response_minutes"": 50.301606412586686, ""mean_scene_minutes"": 12.0, ""mean_transport_minutes"": 40.1, ""p90_response_minutes"": 90.10658191618631, ""patients"": 15, ""response_count"": 11, ""response_minutes"": 553.3176705384535, ""scene_count"": 11, ""scene_minutes"": 132.0, ""transport_count"": 11, ""transport_minutes"": 441.1}, ""minor"": {""expected_lost"": 4.5093506871023195, ""expected_saved"": 5.4906493128976805, ""mean_response_minutes"": 32.078946930223275, ""mean_scene_minutes"": 10.0, ""mean_transport_minutes"": 43.383333333333326, ""p90_response_minutes"": 39.787103727592466, ""patients"": 10, ""response_count"": 6, ""response_minutes"": 192.47368158133963, ""scene_count"": 6, ""scene_minutes"": 60.0, ""transport_count"": 6, ""transport_minutes"": 260.29999999999995}, ""stroke"": {""expected_lost"": 9.477492994268907, ""expected_saved"": 5.522507005731092, ""mean_response_minutes"": 35.98902671235846, ""mean_scene_minutes"": 14.0, ""mean_transport_minutes"": 27.803571428571427, ""p90_response_minutes"": 78.25066534927606, ""patients"": 15, ""response_count"": 14, ""response_minutes"": 503.84637397301844, ""scene_count"": 14, ""scene_minutes"": 196.0, ""transport_count"": 14, ""transport_minutes"": 389.25}, ""trauma"": {""expected_lost"": 8.229118473244945, ""expected_saved"": 0.7708815267550553, ""mean_response_minutes"": 65.56358224894183, ""mean_scene_minutes"": 16.0, ""mean_transport_minutes"": 23.577777777777783, ""p90_response_minutes"": 112.32407161006032, ""patients"": 9, ""response_count"": 9, ""response_minutes"": 590.0722402404764, ""scene_count"": 9, ""scene_minutes"": 144.0, ""transport_count"": 9, ""transport_minutes"": 212.20000000000005}}","{""arrive_hospital"": 88, ""arrive_scene"": 40, ""hospital_release"": 60, ""patient_arrival"": 49, ""reposition_complete"": 39, ""restock_complete"": 39, ""scene_complete"": 40, ""transfer_ready"": 70}",36.358322,12.641678,0.257993435070674,45.9927491583322,13.3,32.57125,83.26629575409723,40,0.8163265306122449,49,49,9
nearest,66,1066,"{""cardiac"": {""expected_lost"": 11.450927901667395, ""expected_saved"": 0.5490720983326048, ""mean_response_minutes"": 97.66682977225386, ""mean_scene_minutes"": 12.0, ""mean_transport_minutes"": 38.03000000000001, ""p90_response_minutes"": 192.6382096522323, ""patients"": 12, ""response_count"": 10, ""response_minutes"": 976.6682977225387, ""scene_count"": 10, ""scene_minutes"": 120.0, ""transport_count"": 10, ""transport_minutes"": 380.30000000000007}, ""minor"": {""expected_lost"": 2.5503145804904914, ""expected_saved"": 11.449685419509507, ""mean_response_minutes"": 45.55282724030976, ""mean_scene_minutes"": 10.0, ""mean_transport_minutes"": 42.88846153846153, ""p90_response_minutes"": 63.772046109438364, ""patients"": 14, ""response_count"": 14, ""response_minutes"": 637.7395813643367, ""scene_count"": 14, ""scene_minutes"": 140.0, ""transport_count"": 13, ""transport_minutes"": 557.5499999999998}, ""stroke"": {""expected_lost"": 9.15427256090025, ""expected_saved"": 2.8457274390997522, ""mean_response_minutes"": 80.56308558043817, ""mean_scene_minutes"": 14.0, ""mean_transport_minutes"": 27.386363636363637, ""p90_response_minutes"": 171.41210943168994, ""patients"": 12, ""response_count"": 11, ""response_minutes"": 886.1939413848198, ""scene_count"": 11, ""scene_minutes"": 154.0, ""transport_count"": 11, ""transport_minutes"": 301.25}, ""trauma"": {""expected_lost"": 11.689382118815008, ""expected_saved"": 1.31061788118499, ""mean_response_minutes"": 51.15391199246833, ""mean_scene_minutes"": 16.0, ""mean_transport_minutes"": 25.325, ""p90_response_minutes"": 83.32279055877203, ""patients"": 13, ""response_count"": 12, ""response_minutes"": 613.84694390962, ""scene_count"": 12, ""scene_minutes"": 192.0, ""transport_count"": 12, ""transport_minutes"": 303.9}}","{""arrive_hospital"": 103, ""arrive_scene"": 47, ""hospital_release"": 72, ""patient_arrival"": 51, ""reposition_complete"": 44, ""restock_complete"": 44, ""scene_complete"": 47, ""transfer_ready"": 80}",34.844897,16.155103,0.31676672231621283,66.26486732726207,12.893617021276595,33.54347826086956,164.15637747974534,47,0.9215686274509803,51,51,4
nearest,67,1067,"{""cardiac"": {""expected_lost"": 15.214965103836596, ""expected_saved"": 0.7850348961634044, ""mean_response_minutes"": 44.11255059246917, ""mean_scene_minutes"": 12.0, ""mean_transport_minutes"": 40.289999999999985, ""p90_response_minutes"": 71.43891039348523, ""patients"": 16, ""response_count"": 11, ""response_minutes"": 485.2380565171609, ""scene_count"": 11, ""scene_minutes"": 132.0, ""transport_count"": 10, ""transport_minutes"": 402.89999999999986}, ""minor"": {""expected_lost"": 2.5038337553611303, ""expected_saved"": 4.49616624463887, ""mean_response_minutes"": 35.44973650397524, ""mean_scene_minutes"": 10.0, ""mean_transport_minutes"": 37.88000000000002, ""p90_response_minutes"": 54.19813933051333, ""patients"": 7, ""response_count"": 5, ""response_minutes"": 177.24868251987618, ""scene_count"": 5, ""scene_minutes"": 50.0, ""transport_count"": 5, ""transport_minutes"": 189.4000000000001}, ""stroke"": {""expected_lost"": 5.9552113301439356, ""expected_saved"": 3.044788669856065, ""mean_response_minutes"": 40.58004312090392, ""mean_scene_minutes"": 14.0, ""mean_transport_minutes"": 25.857142857142858, ""p90_response_minutes"": 68.88447706534382, ""patients"": 9, ""response_count"": 8, ""response_minutes"": 324.6403449672314, ""scene_count"": 8, ""scene_minutes"": 112.0, ""transport_count"": 7, ""transport_minutes"": 181.0}, ""trauma"": {""expected_lost"": 18.71021189280279, ""expected_saved"": 2.289788107197212, ""mean_response_minutes"": 62.376787765651635, ""mean_scene_minutes"": 15.999999999999995, ""mean_transport_minutes"": 28.48421052631578, ""p90_response_minutes"": 133.7845515903041, ""patients"": 21, ""response_count"": 19, ""response_minutes"": 1185.158967547381, ""scene_count"": 19, ""scene_minutes"": 303.9999999999999, ""transport_count"": 19, ""transport_minutes"": 541.1999999999998}}","{""arrive_hospital"": 78, ""arrive_scene"": 43, ""hospital_release"": 58, ""patient_arrival"": 53, ""reposition_complete"": 41, ""restock_complete"": 41, ""scene_complete"": 43, ""transfer_ready"": 63}",42.384222,10.615778,0.2002976965633123,50.51828026864303,13.906976744186045,32.06097560975609,72.81832988894217,43,0.8113207547169812,53,53,10
nearest,68,1068,"{""cardiac"": {""expected_lost"": 10.556590320146128, ""expected_saved"": 1.4434096798538714, ""mean_response_minutes"": 27.358643670055873, ""mean_scene_minutes"": 12.0, ""mean_transport_minutes"": 38.75454545454544, ""p90_response_minutes"": 43.49008300987339, ""patients"": 12, ""response_count"": 11, ""response_minutes"": 300.9450803706146, ""scene_count"": 11, ""scene_minutes"": 132.0, ""transport_count"": 11, ""transport_minutes"": 426.29999999999984}, ""minor"": {""expected_lost"": 1.4404529438782445, ""expected_saved"": 8.559547056121756, ""mean_response_minutes"": 40.06422392193333, ""mean_scene_minutes"": 10.0, ""mean_transport_minutes"": 37.45499999999999, ""p90_response_minutes"": 57.56693280225981, ""patients"": 10, ""response_count"": 10, ""response_minutes"": 400.64223921933336, ""scene_count"": 10, ""scene_minutes"": 100.0, ""transport_count"": 10, ""transport_minutes"": 374.5499999999999}, ""stroke"": {""expected_lost"": 7.078369932291412, ""expected_saved"": 2.9216300677085876, ""mean_response_minutes"": 79.95231315022083, ""mean_scene_minutes"": 13.999999999999988, ""mean_transport_minutes"": 26.9375, ""p90_response_minutes"": 147.9755388530316, ""patients"": 10, ""response_count"": 9, ""response_minutes"": 719.5708183519874, ""scene_count"": 9, ""scene_minutes"": 125.99999999999989, ""transport_count"": 8, ""transport_minutes"": 215.5}, ""trauma"": {""expected_lost"": 10.754192797430907, ""expected_saved"": 1.245807202569093, ""mean_response_minutes"": 91.08705355095711, ""mean_scene_minutes"": 16.0, ""mean_transport_minutes"": 28.79000000000001, ""p90_response_minutes"": 153.78235324190086, ""patients"": 12, ""response_count"": 10, ""response_minutes"": 910.870535509571, ""scene_count"": 10, ""scene_minutes"": 160.0, ""transport_count"": 10, ""transport_minutes"": 287.9000000000001}}","{""arrive_hospital"": 87, ""arrive_scene"": 40, ""hospital_release"": 63, ""patient_arrival"": 44, ""reposition_complete"": 38, ""restock_complete"": 38, ""scene_complete"": 40, ""transfer_ready"": 67}",29.829606,14.170394,0.32205440923302947,58.30071683628769,12.949999999999998,33.44230769230769,80.4420669021734,40,0.9090909090909091,44,44,4
nearest,69,1069,"{""cardiac"": {""expected_lost"": 9.388603345370253, ""expected_saved"": 0.6113966546297475, ""mean_response_minutes"": 39.08529364055298, ""mean_scene_minutes"": 12.0, ""mean_transport_minutes"": 39.21666666666666, ""p90_response_minutes"": 71.31712681330924, ""patients"": 10, ""response_count"": 6, ""response_minutes"": 234.5117618433179, ""scene_count"": 6, ""scene_minutes"": 72.0, ""transport_count"": 6, ""transport_minutes"": 235.29999999999995}, ""minor"": {""expected_lost"": 4.970856753586783, ""expected_saved"": 13.029143246413218, ""mean_response_minutes"": 57.00825936245565, ""mean_scene_minutes"": 9.444444444444445, ""mean_transport_minutes"": 39.1875, ""p90_response_minutes"": 83.73439611387394, ""patients"": 18, ""response_count"": 18, ""response_minutes"": 1026.1486685242016, ""scene_count"": 18, ""scene_minutes"": 170.0, ""transport_count"": 16, ""transport_minutes"": 627.0}, ""stroke"": {""expected_lost"": 8.818949576141373, ""expected_saved"": 3.1810504238586272, ""mean_response_minutes"": 106.51460452147663, ""mean_scene_minutes"": 14.0, ""mean_transport_minutes"": 26.595454545454547, ""p90_response_minutes"": 260.16047550161824, ""patients"": 12, ""response_count"": 11, ""response_minutes"": 1171.660649736243, ""scene_count"": 11, ""scene_minutes"": 154.0, ""transport_count"": 11, ""transport_minutes"": 292.55}, ""trauma"": {""expected_lost"": 11.054770270140338, ""expected_saved"": 0.9452297298596631, ""mean_response_minutes"": 43.86631473679719, ""mean_scene_minutes"": 16.0, ""mean_transport_minutes"": 26.21875, ""p90_response_minutes"": 60.021302935254496, ""patients"": 12, ""response_count"": 8, ""response_minutes"": 350.93051789437754, ""scene_count"": 8, ""scene_minutes"": 128.0, ""transport_count"": 8, ""transport_minutes"": 209.75}}","{""arrive_hospital"": 96, ""arrive_scene"": 43, ""hospital_release"": 64, ""patient_arrival"": 52, ""reposition_complete"": 41, ""restock_complete"": 41, ""scene_complete"": 42, ""transfer_ready"": 74}",34.23318,17.76682,0.34166961643771665,64.72678134879398,12.186046511627907,33.28292682926829,92.95923576196026,43,0.8269230769230769,52,52,9
nearest,70,1070,"{""cardiac"": {""expected_lost"": 14.399994785320155, ""expected_saved"": 0.6000052146798486, ""mean_response_minutes"": 92.57808144673146, ""mean_scene_minutes"": 12.0, ""mean_transport_minutes"": 41.53333333333332, ""p90_response_minutes"": 252.0917648214703, ""patients"": 15, ""response_count"": 12, ""response_minutes"": 1110.9369773607775, ""scene_count"": 12, ""scene_minutes"": 144.0, ""transport_count"": 12, ""transport_minutes"": 498.3999999999998}, ""minor"": {""expected_lost"": 3.2111747044962304, ""expected_saved"": 9.78882529550377, ""mean_response_minutes"": 86.85250085765134, ""mean_scene_minutes"": 10.0, ""mean_transport_minutes"": 40.092307692307685, ""p90_response_minutes"": 166.4295122146113, ""patients"": 13, ""response_count"": 13, ""response_minutes"": 1129.0825111494673, ""scene_count"": 13, ""scene_minutes"": 130.0, ""transport_count"": 13, ""transport_minutes"": 521.1999999999999}, ""stroke"": {""expected_lost"": 6.987931355783053, ""expected_saved"": 3.0120686442169475, ""mean_response_minutes"": 104.73434555650508, ""mean_scene_minutes"": 14.0, ""mean_transport_minutes"": 25.5, ""p90_response_minutes"": 257.8018093577649, ""patients"": 10, ""response_count"": 10, ""response_minutes"": 1047.3434555650508, ""scene_count"": 10, ""scene_minutes"": 140.0, ""transport_count"": 10, ""transport_minutes"": 255.0}, ""trauma"": {""expected_lost"": 8.337085165599108, ""expected_saved"": 0.662914834400891, ""mean_response_minutes"": 175.14828791194574, ""mean_scene_minutes"": 14.222222222222221, ""mean_transport_minutes"": 27.956250000000008, ""p90_response_minutes"": 502.5470853385769, ""patients"": 9, ""response_count"": 9, ""response_minutes"": 1576.3345912075117, ""scene_count"": 9, ""scene_minutes"": 128.0, ""transport_count"": 8, ""transport_minutes"": 223.65000000000006}}","{""arrive_hospital"": 103, ""arrive_scene"": 44, ""hospital_release"": 71, ""patient_arrival"": 47, ""reposition_complete"": 43, ""restock_complete"": 43, ""scene_complete"": 43, ""transfer_ready"": 78}",32.936186,14.063814,0.29923008486811603,110.53858034733653,12.318181818181818,34.84302325581395,293.4665494142179,44,0.9361702127659575,47,47,3
nearest,71,1071,"{""cardiac"": {""expected_lost"": 5.579161168743047, ""expected_saved"": 0.42083883125695143, ""mean_response_minutes"": 50.28543568397058, ""mean_scene_minutes"": 12.0, ""mean_transport_minutes"": 42.44999999999997, ""p90_response_minutes"": 99.85630705191176, ""patients"": 6, ""response_count"": 6, ""response_minutes"": 301.7126141038235, ""scene_count"": 6, ""scene_minutes"": 72.0, ""transport_count"": 6, ""transport_minutes"": 254.69999999999982}, ""minor"": {""expected_lost"": 4.392973644776811, ""expected_saved"": 14.607026355223187, ""mean_response_minutes"": 41.1548939051094, ""mean_scene_minutes"": 9.444444444444445, ""mean_transport_minutes"": 39.217647058823516, ""p90_response_minutes"": 59.891114362062424, ""patients"": 19, ""response_count"": 18, ""response_minutes"": 740.7880902919692, ""scene_count"": 18, ""scene_minutes"": 170.0, ""transport_count"": 17, ""transport_minutes"": 666.6999999999998}, ""stroke"": {""expected_lost"": 8.878975287060427, ""expected_saved"": 4.12102471293957, ""mean_response_minutes"": 40.333025473765474, ""mean_scene_minutes"": 14.0, ""mean_transport_minutes"": 25.454545454545453, ""p90_response_minutes"": 57.28695489012625, ""patients"": 13, ""response_count"": 11, ""response_minutes"": 443.6632802114202, ""scene_count"": 11, ""scene_minutes"": 154.0, ""transport_count"": 11, ""transport_minutes"": 280.0}, ""trauma"": {""expected_lost"": 12.103876463557917, ""expected_saved"": 0.8961235364420845, ""mean_response_minutes"": 64.59801887320484, ""mean_scene_minutes"": 16.0, ""mean_transport_minutes"": 28.436363636363623, ""p90_response_minutes"": 130.14065334871486, ""patients"": 13, ""response_count"": 11, ""response_minutes"": 710.5782076052532, ""scene_count"": 11, ""scene_minutes"": 176.0, ""transport_count"": 11, ""transport_minutes"": 312.79999999999984}}","{""arrive_hospital"": 100, ""arrive_scene"": 46, ""hospital_release"": 65, ""patient_arrival"": 51, ""reposition_complete"": 43, ""restock_complete"": 43, ""scene_complete"": 45, ""transfer_ready"": 78}",30.954987,20.045013,0.39303947913454507,47.7552650480971,12.434782608695652,33.64888888888888,88.66684697662996,46,0.9019607843137255,51,51,5
nearest,72,1072,"{""cardiac"": {""expected_lost"": 5.819807860664278, ""expected_saved"": 0.1801921393357219, ""mean_response_minutes"": 68.4776191507112, ""mean_scene_minutes"": 12.0, ""mean_transport_minutes"": 38.92, ""p90_response_minutes"": 101.3746776643948, ""patients"": 6, ""response_count"": 5, ""response_minutes"": 342.38809575355606, ""scene_count"": 5, ""scene_minutes"": 60.0, ""transport_count"": 5, ""transport_minutes"": 194.60000000000002}, ""minor"": {""expected_lost"": 2.335220732234471, ""expected_saved"": 11.664779267765528, ""mean_response_minutes"": 33.82823100003832, ""mean_scene_minutes"": 10.0, ""mean_transport_minutes"": 39.669230769230765, ""p90_response_minutes"": 50.967071397720844, ""patients"": 14, ""response_count"": 13, ""response_minutes"": 439.7670030004982, ""scene_count"": 13, ""scene_minutes"": 130.0, ""transport_count"": 13, ""transport_minutes"": 515.6999999999999}, ""stroke"": {""expected_lost"": 9.208780444049209, ""expected_saved"": 5.791219555950793, ""mean_response_minutes"": 40.553352358217715, ""mean_scene_minutes"": 14.0, ""mean_transport_minutes"": 25.52333333333332, ""p90_response_minutes"": 83.88427289374351, ""patients"": 15, ""response_count"": 15, ""response_minutes"": 608.3002853732658, ""scene_count"": 15, ""scene_minutes"": 210.0, ""transport_count"": 15, ""transport_minutes"": 382.8499999999998}, ""trauma"": {""expected_lost"": 9.309100435156322, ""expected_saved"": 0.6908995648436773, ""mean_response_minutes"": 113.79010985525788, ""mean_scene_minutes"": 14.4, ""mean_transport_minutes"": 26.22222222222222, ""p90_response_minutes"": 243.90756360579502, ""patients"": 10, ""response_count"": 10, ""response_minutes"": 1137.9010985525788, ""scene_count"": 10, ""scene_minutes"": 144.0, ""transport_count"": 9, ""transport_minutes"": 236.0}}","{""arrive_hospital"": 91, ""arrive_scene"": 43, ""hospital_release"": 64, ""patient_arrival"": 45, ""reposition_complete"": 40, ""restock_complete"": 40, ""scene_complete"": 42, ""transfer_ready"": 73}",26.672909,18.327091,0.40726867839768277,58.798987969299986,12.651162790697674,31.64642857142856,108.68920086436891,43,0.9555555555555556,45,45,2
nearest,73,1073,"{""cardiac"": {""expected_lost"": 10.67217159817331, ""expected_saved"": 0.32782840182669, ""mean_response_minutes"": 94.47561576232401, ""mean_scene_minutes"": 12.0, ""mean_transport_minutes"": 39.81666666666664, ""p90_response_minutes"": 198.42031729578156, ""patients"": 11, ""response_count"": 7, ""response_minutes"": 661.3293103362681, ""scene_count"": 7, ""scene_minutes"": 84.0, ""transport_count"": 6, ""transport_minutes"": 238.89999999999986}, ""minor"": {""expected_lost"": 2.0700385051507895, ""expected_saved"": 13.92996149484921, ""mean_response_minutes"": 41.26962380367625, ""mean_scene_minutes"": 10.0, ""mean_transport_minutes"": 39.99374999999999, ""p90_response_minutes"": 67.47166756575967, ""patients"": 16, ""response_count"": 16, ""response_minutes"": 660.31398085882, ""scene_count"": 16, ""scene_minutes"": 160.0, ""transport_count"": 16, ""transport_minutes"": 639.8999999999999}, ""stroke"": {""expected_lost"": 5.3861769405630975, ""expected_saved"": 1.6138230594369023, ""mean_response_minutes"": 66.59618476390803, ""mean_scene_minutes"": 11.666666666666666, ""mean_transport_minutes"": 27.140000000000008, ""p90_response_minutes"": 152.24895020945382, ""patients"": 7, ""response_count"": 6, ""response_minutes"": 399.5771085834482, ""scene_count"": 6, ""scene_minutes"": 70.0, ""transport_count"": 5, ""transport_minutes"": 135.70000000000005}, ""trauma"": {""expected_lost"": 12.03799286962669, ""expected_saved"": 0.9620071303733078, ""mean_response_minutes"": 104.70453817088234, ""mean_scene_minutes"": 16.0, ""mean_transport_minutes"": 29.587499999999995, ""p90_response_minutes"": 182.66828659580267, ""patients"": 13, ""response_count"": 12, ""response_minutes"": 1256.454458050588, ""scene_count"": 12, ""scene_minutes"": 192.0, ""transport_count"": 12, ""transport_minutes"": 355.04999999999995}}","{""arrive_hospital"": 88, ""arrive_scene"": 41, ""hospital_release"": 62, ""patient_arrival"": 47, ""reposition_complete"": 39, ""restock_complete"": 39, ""scene_complete"": 40, ""transfer_ready"": 66}",30.16638,16.83362,0.35816212949970433,72.62621604461282,12.341463414634147,35.11666666666666,145.49116246600647,41,0.8723404255319149,47,47,6
nearest,74,1074,"{""cardiac"": {""expected_lost"": 2.777206092769479, ""expected_saved"": 0.2227939072305209, ""mean_response_minutes"": 27.3779176399143, ""mean_scene_minutes"": 12.0, ""mean_transport_minutes"": 36.0, ""p90_response_minutes"": 29.190928035854345, ""patients"": 3, ""response_count"": 2, ""response_minutes"": 54.7558352798286, ""scene_count"": 2, ""scene_minutes"": 24.0, ""transport_count"": 2, ""transport_minutes"": 72.0}, ""minor"": {""expected_lost"": 3.2649732849181126, ""expected_saved"": 13.735026715081888, ""mean_response_minutes"": 46.936304766178246, ""mean_scene_minutes"": 10.0, ""mean_transport_minutes"": 40.187499999999986, ""p90_response_minutes"": 82.63811397316172, ""patients"": 17, ""response_count"": 17, ""response_minutes"": 797.9171810250302, ""scene_count"": 17, ""scene_minutes"": 170.0, ""transport_count"": 16, ""transport_minutes"": 642.9999999999998}, ""stroke"": {""expected_lost"": 10.425390069331742, ""expected_saved"": 3.574609930668256, ""mean_response_minutes"": 94.55863414090852, ""mean_scene_minutes"": 14.0, ""mean_transport_minutes"": 27.482142857142858, ""p90_response_minutes"": 205.76109840430166, ""patients"": 14, ""response_count"": 14, ""response_minutes"": 1323.8208779727192, ""scene_count"": 14, ""scene_minutes"": 196.0, ""transport_count"": 14, ""transport_minutes"": 384.75}, ""trauma"": {""expected_lost"": 12.85254859770376, ""expected_saved"": 1.147451402296238, ""mean_response_minutes"": 116.30887357504153, ""mean_scene_minutes"": 13.714285714285714, ""mean_transport_minutes"": 31.200000000000006, ""p90_response_minutes"": 312.77151120896065, ""patients"": 14, ""response_count"": 14, ""response_minutes"": 1628.3242300505815, ""scene_count"": 14, ""scene_minutes"": 192.0, ""transport_count"": 12, ""transport_minutes"": 374.4000000000001}}","{""arrive_hospital"": 94, ""arrive_scene"": 47, ""hospital_release"": 69, ""patient_arrival"": 48, ""reposition_complete"": 44, ""restock_complete"": 44, ""scene_complete"": 45, ""transfer_ready"": 76}",29.320118,18.679882,0.389164207401602,80.95357711336511,12.382978723404255,33.50340909090908,199.8983836926223,47,0.9791666666666666,48,48,1
nearest,75,1075,"{""cardiac"": {""expected_lost"": 15.721566296075615, ""expected_saved"": 1.2784337039243858, ""mean_response_minutes"": 51.091329189445666, ""mean_scene_minutes"": 12.0, ""mean_transport_minutes"": 38.93076923076923, ""p90_response_minutes"": 84.65663325948212, ""patients"": 17, ""response_count"": 13, ""response_minutes"": 664.1872794627936, ""scene_count"": 13, ""scene_minutes"": 156.0, ""transport_count"": 13, ""transport_minutes"": 506.09999999999997}, ""minor"": {""expected_lost"": 3.445542011639634, ""expected_saved"": 8.554457988360367, ""mean_response_minutes"": 46.06700572163315, ""mean_scene_minutes"": 9.999999999999998, ""mean_transport_minutes"": 39.809999999999995, ""p90_response_minutes"": 71.115026807592, ""patients"": 12, ""response_count"": 10, ""response_minutes"": 460.6700572163315, ""scene_count"": 10, ""scene_minutes"": 99.99999999999999, ""transport_count"": 10, ""transport_minutes"": 398.09999999999997}, ""stroke"": {""expected_lost"": 7.945511254772896, ""expected_saved"": 5.054488745227104, ""mean_response_minutes"": 33.94280446579225, ""mean_scene_minutes"": 14.000000000000009, ""mean_transport_minutes"": 27.116666666666656, ""p90_response_minutes"": 56.671630147068164, ""patients"": 13, ""response_count"": 12, ""response_minutes"": 407.313653589507, ""scene_count"": 12, ""scene_minutes"": 168.0000000000001, ""transport_count"": 12, ""transport_minutes"": 325.39999999999986}, ""trauma"": {""expected_lost"": 8.527772487479204, ""expected_saved"": 0.4722275125207959, ""mean_response_minutes"": 91.938253200442, ""mean_scene_minutes"": 16.0, ""mean_transport_minutes"": 25.974999999999994, ""p90_response_minutes"": 175.8515666601872, ""patients"": 9, ""response_count"": 8, ""response_minutes"": 735.506025603536, ""scene_count"": 8, ""scene_minutes"": 128.0, ""transport_count"": 8, ""transport_minutes"": 207.79999999999995}}","{""arrive_hospital"": 101, ""arrive_scene"": 43, ""hospital_release"": 70, ""patient_arrival"": 51, ""reposition_complete"": 42, ""restock_complete"": 42, ""scene_complete"": 43, ""transfer_ready"": 78}",35.640392,15.359608,0.30116878333397357,52.73667478772486,12.837209302325585,33.427906976744175,93.55034126744098,43,0.8431372549019608,51,51,8
nearest,76,1076,"{""cardiac"": {""expected_lost"": 9.423546661051558, ""expected_saved"": 0.5764533389484406, ""mean_response_minutes"": 36.99762727050169, ""mean_scene_minutes"": 12.0, ""mean_transport_minutes"": 38.79999999999999, ""p90_response_minutes"": 62.54692510285895, ""patients"": 10, ""response_count"": 6, ""response_minutes"": 221.98576362301014, ""scene_count"": 6, ""scene_minutes"": 72.0, ""transport_count"": 6, ""transport_minutes"": 232.79999999999995}, ""minor"": {""expected_lost"": 5.133929077736282, ""expected_saved"": 9.866070922263718, ""mean_response_minutes"": 40.1446845071254, ""mean_scene_minutes"": 10.0, ""mean_transport_minutes"": 36.536363636363625, ""p90_response_minutes"": 61.28101491052324, ""patients"": 15, ""response_count"": 12, ""response_minutes"": 481.7362140855048, ""scene_count"": 12, ""scene_minutes"": 120.0, ""transport_count"": 11, ""transport_minutes"": 401.89999999999986}, ""stroke"": {""expected_lost"": 7.237161081689706, ""expected_saved"": 3.762838918310295, ""mean_response_minutes"": 43.081867775010046, ""mean_scene_minutes"": 14.0, ""mean_transport_minutes"": 24.111111111111107, ""p90_response_minutes"": 98.27244153845727, ""patients"": 11, ""response_count"": 9, ""response_minutes"": 387.7368099750904, ""scene_count"": 9, ""scene_minutes"": 126.0, ""transport_count"": 9, ""transport_minutes"": 216.99999999999997}, ""trauma"": {""expected_lost"": 10.660941749059223, ""expected_saved"": 1.3390582509407785, ""mean_response_minutes"": 61.24045117864749, ""mean_scene_minutes"": 16.0, ""mean_transport_minutes"": 24.88333333333334, ""p90_response_minutes"": 158.0363855338293, ""patients"": 12, ""response_count"": 9, ""response_minutes"": 551.1640606078274, ""scene_count"": 9, ""scene_minutes"": 144.0, ""transport_count"": 9, ""transport_minutes"": 223.95000000000005}}","{""arrive_hospital"": 75, ""arrive_scene"": 36, ""hospital_release"": 52, ""patient_arrival"": 48, ""reposition_complete"": 33, ""restock_complete"": 33, ""scene_complete"": 36, ""transfer_ready"": 60}",32.455579,15.544421,0.32384211313465067,45.6284124525398,12.833333333333334,30.73285714285714,81.96952685727666,36,0.75,48,48,12
nearest,77,1077,"{""cardiac"": {""expected_lost"": 8.752514088349836, ""expected_saved"": 0.24748591165016337, ""mean_response_minutes"": 69.69147860045878, ""mean_scene_minutes"": 12.0, ""mean_transport_minutes"": 38.741666666666674, ""p90_response_minutes"": 103.28603949783627, ""patients"": 9, ""response_count"": 6, ""response_minutes"": 418.1488716027527, ""scene_count"": 6, ""scene_minutes"": 72.0, ""transport_count"": 6, ""transport_minutes"": 232.45000000000005}, ""minor"": {""expected_lost"": 3.334053147717399, ""expected_saved"": 12.6659468522826, ""mean_response_minutes"": 47.26286856753384, ""mean_scene_minutes"": 10.0, ""mean_transport_minutes"": 39.440000000000005, ""p90_response_minutes"": 77.02954648341833, ""patients"": 16, ""response_count"": 15, ""response_minutes"": 708.9430285130077, ""scene_count"": 15, ""scene_minutes"": 150.0, ""transport_count"": 15, ""transport_minutes"": 591.6}, ""stroke"": {""expected_lost"": 9.50307737605014, ""expected_saved"": 4.496922623949859, ""mean_response_minutes"": 58.55574382215496, ""mean_scene_minutes"": 14.0, ""mean_transport_minutes"": 25.635714285714283, ""p90_response_minutes"": 101.35049618816258, ""patients"": 14, ""response_count"": 14, ""response_minutes"": 819.7804135101694, ""scene_count"": 14, ""scene_minutes"": 196.0, ""transport_count"": 14, ""transport_minutes"": 358.9}, ""trauma"": {""expected_lost"": 10.888045912831869, ""expected_saved"": 1.1119540871681335, ""mean_response_minutes"": 66.91954334801352, ""mean_scene_minutes"": 16.0, ""mean_transport_minutes"": 27.445833333333326, ""p90_response_minutes"": 144.30096509410072, ""patients"": 12, ""response_count"": 12, ""response_minutes"": 803.0345201761622, ""scene_count"": 12, ""scene_minutes"": 192.0, ""transport_count"": 12, ""transport_minutes"": 329.3499999999999}}","{""arrive_hospital"": 103, ""arrive_scene"": 47, ""hospital_release"": 70, ""patient_arrival"": 51, ""reposition_complete"": 47, ""restock_complete"": 47, ""scene_complete"": 47, ""transfer_ready"": 82}",32.477691,18.522309,0.3631825387264854,58.508656038342416,12.97872340425532,32.17659574468085,109.86932515948703,47,0.9215686274509803,51,51,4
nearest,78,1078,"{""cardiac"": {""expected_lost"": 8.443524925566752, ""expected_saved"": 0.5564750744332472, ""mean_response_minutes"": 45.829380098082325, ""mean_scene_minutes"": 12.0, ""mean_transport_minutes"": 40.76249999999999, ""p90_response_minutes"": 83.58326108890506, ""patients"": 9, ""response_count"": 8, ""response_minutes"": 366.6350407846586, ""scene_count"": 8, ""scene_minutes"": 96.0, ""transport_count"": 8, ""transport_minutes"": 326.0999999999999}, ""minor"": {""expected_lost"": 2.102383827147058, ""expected_saved"": 12.89761617285294, ""mean_response_minutes"": 44.75752839761386, ""mean_scene_minutes"": 10.0, ""mean_transport_minutes"": 38.006666666666675, ""p90_response_minutes"": 55.936342449965196, ""patients"": 15, ""response_count"": 15, ""response_minutes"": 671.3629259642079, ""scene_count"": 15, ""scene_minutes"": 150.0, ""transport_count"": 15, ""transport_minutes"": 570.1000000000001}, ""stroke"": {""expected_lost"": 8.338023135146779, ""expected_saved"": 4.661976864853221, ""mean_response_minutes"": 46.98002091457415, ""mean_scene_minutes"": 14.0, ""mean_transport_minutes"": 26.183333333333337, ""p90_response_minutes"": 100.57308802040818, ""patients"": 13, ""response_count"": 12, ""response_minutes"": 563.7602509748898, ""scene_count"": 12, ""scene_minutes"": 168.0, ""transport_count"": 12, ""transport_minutes"": 314.20000000000005}, ""trauma"": {""expected_lost"": 10.844762667810087, ""expected_saved"": 1.155237332189913, ""mean_response_minutes"": 93.98002244894245, ""mean_scene_minutes"": 12.444444444444443, ""mean_transport_minutes"": 22.0, ""p90_response_minutes"": 272.7798695418463, ""patients"": 12, ""response_count"": 9, ""response_minutes"": 845.8202020404821, ""scene_count"": 9, ""scene_minutes"": 111.99999999999999, ""transport_count"": 6, ""transport_minutes"": 132.0}}","{""arrive_hospital"": 99, ""arrive_scene"": 44, ""hospital_release"": 66, ""patient_arrival"": 49, ""reposition_complete"": 41, ""restock_complete"": 41, ""scene_complete"": 42, ""transfer_ready"": 76}",29.728695,19.271305,0.39329194784345556,55.626782267369066,11.954545454545455,32.74146341463415,120.1232626796353,44,0.8979591836734694,49,49,5
nearest,79,1079,"{""cardiac"": {""expected_lost"": 8.45774668839506, ""expected_saved"": 0.5422533116049394, ""mean_response_minutes"": 67.17506558428137, ""mean_scene_minutes"": 11.999999999999988, ""mean_transport_minutes"": 38.711111111111094, ""p90_response_minutes"": 142.16865344335943, ""patients"": 9, ""response_count"": 9, ""response_minutes"": 604.5755902585323, ""scene_count"": 9, ""scene_minutes"": 107.99999999999989, ""transport_count"": 9, ""transport_minutes"": 348.39999999999986}, ""minor"": {""expected_lost"": 1.5363130066743909, ""expected_saved"": 8.463686993325608, ""mean_response_minutes"": 34.26220180067147, ""mean_scene_minutes"": 10.0, ""mean_transport_minutes"": 39.016666666666666, ""p90_response_minutes"": 52.09503230928033, ""patients"": 10, ""response_count"": 10, ""response_minutes"": 342.6220180067147, ""scene_count"": 10, ""scene_minutes"": 100.0, ""transport_count"": 9, ""transport_minutes"": 351.15}, ""stroke"": {""expected_lost"": 7.481001104337401, ""expected_saved"": 5.5189988956626, ""mean_response_minutes"": 31.05746726134813, ""mean_scene_minutes"": 14.0, ""mean_transport_minutes"": 24.861538461538448, ""p90_response_minutes"": 48.30436322070305, ""patients"": 13, ""response_count"": 13, ""response_minutes"": 403.7470743975257, ""scene_count"": 13, ""scene_minutes"": 182.0, ""transport_count"": 13, ""transport_minutes"": 323.1999999999998}, ""trauma"": {""expected_lost"": 6.0522026871788, ""expected_saved"": 0.9477973128211994, ""mean_response_minutes"": 40.07203029371196, ""mean_scene_minutes"": 13.714285714285714, ""mean_transport_minutes"": 26.166666666666668, ""p90_response_minutes"": 64.46483655866632, ""patients"": 7, ""response_count"": 7, ""response_minutes"": 280.5042120559837, ""scene_count"": 7, ""scene_minutes"": 96.0, ""transport_count"": 6, ""transport_minutes"": 157.0}}","{""arrive_hospital"": 86, ""arrive_scene"": 39, ""hospital_release"": 57, ""patient_arrival"": 39, ""reposition_complete"": 37, ""restock_complete"": 37, ""scene_complete"": 38, ""transfer_ready"": 68}",23.527263,15.472737,0.39673683367729085,41.83202294150658,12.461538461538458,31.885135135135123,75.30552831299666,39,1.0,39,39,0
nearest,80,1080,"{""cardiac"": {""expected_lost"": 10.410797449271334, ""expected_saved"": 0.5892025507286662, ""mean_response_minutes"": 86.66825934789182, ""mean_scene_minutes"": 12.0, ""mean_transport_minutes"": 40.383333333333304, ""p90_response_minutes"": 253.7880926799624, ""patients"": 11, ""response_count"": 9, ""response_minutes"": 780.0143341310263, ""scene_count"": 9, ""scene_minutes"": 108.0, ""transport_count"": 9, ""transport_minutes"": 363.44999999999976}, ""minor"": {""expected_lost"": 0.9555868333259736, ""expected_saved"": 7.044413166674027, ""mean_response_minutes"": 34.252617906567934, ""mean_scene_minutes"": 10.0, ""mean_transport_minutes"": 40.075, ""p90_response_minutes"": 53.902491586730406, ""patients"": 8, ""response_count"": 8, ""response_minutes"": 274.0209432525435, ""scene_count"": 8, ""scene_minutes"": 80.0, ""transport_count"": 8, ""transport_minutes"": 320.6}, ""stroke"": {""expected_lost"": 4.845876263564702, ""expected_saved"": 3.1541237364352983, ""mean_response_minutes"": 36.08194715012824, ""mean_scene_minutes"": 14.0, ""mean_transport_minutes"": 28.699999999999996, ""p90_response_minutes"": 50.90244379507094, ""patients"": 8, ""response_count"": 8, ""response_minutes"": 288.6555772010259, ""scene_count"": 8, ""scene_minutes"": 112.0, ""transport_count"": 8, ""transport_minutes"": 229.59999999999997}, ""trauma"": {""expected_lost"": 8.289420346539737, ""expected_saved"": 0.7105796534602622, ""mean_response_minutes"": 108.6380948476538, ""mean_scene_minutes"": 14.0, ""mean_transport_minutes"": 25.857142857142858, ""p90_response_minutes"": 249.5845981908818, ""patients"": 9, ""response_count"": 8, ""response_minutes"": 869.1047587812304, ""scene_count"": 8, ""scene_minutes"": 112.0, ""transport_count"": 7, ""transport_minutes"": 181.0}}","{""arrive_hospital"": 74, ""arrive_scene"": 33, ""hospital_release"": 49, ""patient_arrival"": 36, ""reposition_complete"": 31, ""restock_complete"": 31, ""scene_complete"": 32, ""transfer_ready"": 57}",24.501681,11.498319,0.319397752980507,67.02410949593413,12.484848484848484,34.20781249999999,204.61947868195193,33,0.9166666666666666,36,36,3
nearest,81,1081,"{""cardiac"": {""expected_lost"": 12.47213917684277, ""expected_saved"": 0.5278608231572305, ""mean_response_minutes"": 50.804980755415386, ""mean_scene_minutes"": 12.0, ""mean_transport_minutes"": 40.87142857142856, ""p90_response_minutes"": 94.64445791534928, ""patients"": 13, ""response_count"": 7, ""response_minutes"": 355.6348652879077, ""scene_count"": 7, ""scene_minutes"": 84.0, ""transport_count"": 7, ""transport_minutes"": 286.0999999999999}, ""minor"": {""expected_lost"": 3.696579533349134, ""expected_saved"": 15.303420466650868, ""mean_response_minutes"": 43.292352274180935, ""mean_scene_minutes"": 10.000000000000002, ""mean_transport_minutes"": 38.94722222222222, ""p90_response_minutes"": 64.6528803438515, ""patients"": 19, ""response_count"": 18, ""response_minutes"": 779.2623409352568, ""scene_count"": 18, ""scene_minutes"": 180.00000000000003, ""transport_count"": 18, ""transport_minutes"": 701.05}, ""stroke"": {""expected_lost"": 7.858232649292265, ""expected_saved"": 2.141767350707733, ""mean_response_minutes"": 100.24329498827669, ""mean_scene_minutes"": 14.00000000000001, ""mean_transport_minutes"": 26.49000000000001, ""p90_response_minutes"": 218.408292058192, ""patients"": 10, ""response_count"": 10, ""response_minutes"": 1002.4329498827668, ""scene_count"": 10, ""scene_minutes"": 140.0000000000001, ""transport_count"": 10, ""transport_minutes"": 264.9000000000001}, ""trauma"": {""expected_lost"": 12.14541934505604, ""expected_saved"": 0.8545806549439621, ""mean_response_minutes"": 60.958181162410305, ""mean_scene_minutes"": 16.0, ""mean_transport_minutes"": 25.805, ""p90_response_minutes"": 84.4839102297343, ""patients"": 13, ""response_count"": 11, ""response_minutes"": 670.5399927865134, ""scene_count"": 11, ""scene_minutes"": 176.0, ""transport_count"": 10, ""transport_minutes"": 258.05}}","{""arrive_hospital"": 104, ""arrive_scene"": 46, ""hospital_release"": 66, ""patient_arrival"": 55, ""reposition_complete"": 44, ""restock_complete"": 44, ""scene_complete"": 46, ""transfer_ready"": 80}",36.172371,18.827629,0.34232053264472356,61.040655410705305,12.608695652173916,33.55777777777777,125.51701938032309,46,0.8363636363636363,55,55,9
nearest,82,1082,"{""cardiac"": {""expected_lost"": 11.097905696770468, ""expected_saved"": 0.9020943032295318, ""mean_response_minutes"": 59.939053311307205, ""mean_scene_minutes"": 11.99999999999999, ""mean_transport_minutes"": 40.663636363636336, ""p90_response_minutes"": 132.0382394959238, ""patients"": 12, ""response_count"": 11, ""response_minutes"": 659.3295864243793, ""scene_count"": 11, ""scene_minutes"": 131.9999999999999, ""transport_count"": 11, ""transport_minutes"": 447.2999999999997}, ""minor"": {""expected_lost"": 1.2849810246202407, ""expected_saved"": 8.71501897537976, ""mean_response_minutes"": 38.26305478442199, ""mean_scene_minutes"": 10.0, ""mean_transport_minutes"": 40.84500000000001, ""p90_response_minutes"": 57.8552601192302, ""patients"": 10, ""response_count"": 10, ""response_minutes"": 382.6305478442199, ""scene_count"": 10, ""scene_minutes"": 100.0, ""transport_count"": 10, ""transport_minutes"": 408.45000000000016}, ""stroke"": {""expected_lost"": 10.836396634340257, ""expected_saved"": 4.1636033656597435, ""mean_response_minutes"": 68.25094191800896, ""mean_scene_minutes"": 14.0, ""mean_transport_minutes"": 26.40357142857143, ""p90_response_minutes"": 140.76413322788363, ""patients"": 15, ""response_count"": 14, ""response_minutes"": 955.5131868521254, ""scene_count"": 14, ""scene_minutes"": 196.0, ""transport_count"": 14, ""transport_minutes"": 369.65}, ""trauma"": {""expected_lost"": 6.898797071525404, ""expected_saved"": 1.101202928474596, ""mean_response_minutes"": 42.93820896066539, ""mean_scene_minutes"": 16.0, ""mean_transport_minutes"": 27.0, ""p90_response_minutes"": 82.11933307389204, ""patients"": 8, ""response_count"": 7, ""response_minutes"": 300.56746272465773, ""scene_count"": 7, ""scene_minutes"": 112.0, ""transport_count"": 7, ""transport_minutes"": 189.0}}","{""arrive_hospital"": 97, ""arrive_scene"": 42, ""hospital_release"": 65, ""patient_arrival"": 45, ""reposition_complete"": 41, ""restock_complete"": 41, ""scene_complete"": 42, ""transfer_ready"": 77}",30.11808,14.88192,0.33070932383874735,54.71525675822339,12.857142857142854,33.67619047619047,109.51177673178722,42,0.9333333333333333,45,45,3
nearest,83,1083,"{""cardiac"": {""expected_lost"": 11.181195122883663, ""expected_saved"": 0.8188048771163376, ""mean_response_minutes"": 62.42648554110176, ""mean_scene_minutes"": 10.909090909090908, ""mean_transport_minutes"": 40.99499999999998, ""p90_response_minutes"": 129.19255866840484, ""patients"": 12, ""response_count"": 11, ""response_minutes"": 686.6913409521194, ""scene_count"": 11, ""scene_minutes"": 120.0, ""transport_count"": 10, ""transport_minutes"": 409.9499999999998}, ""minor"": {""expected_lost"": 2.3644034378290204, ""expected_saved"": 10.635596562170978, ""mean_response_minutes"": 48.51344065412726, ""mean_scene_minutes"": 10.0, ""mean_transport_minutes"": 39.353846153846135, ""p90_response_minutes"": 71.52864779961999, ""patients"": 13, ""response_count"": 13, ""response_minutes"": 630.6747285036544, ""scene_count"": 13, ""scene_minutes"": 130.0, ""transport_count"": 13, ""transport_minutes"": 511.5999999999998}, ""stroke"": {""expected_lost"": 4.1286088470214874, ""expected_saved"": 1.8713911529785128, ""mean_response_minutes"": 48.031810181562605, ""mean_scene_minutes"": 14.0, ""mean_transport_minutes"": 26.44999999999999, ""p90_response_minutes"": 54.61461388854896, ""patients"": 6, ""response_count"": 6, ""response_minutes"": 288.19086108937563, ""scene_count"": 6, ""scene_minutes"": 84.0, ""transport_count"": 6, ""transport_minutes"": 158.69999999999993}, ""trauma"": {""expected_lost"": 17.553790494082147, ""expected_saved"": 1.4462095059178535, ""mean_response_minutes"": 60.66335774522535, ""mean_scene_minutes"": 16.0, ""mean_transport_minutes"": 25.25, ""p90_response_minutes"": 117.7579758092019, ""patients"": 19, ""response_count"": 16, ""response_minutes"": 970.6137239236056, ""scene_count"": 16, ""scene_minutes"": 256.0, ""transport_count"": 16, ""transport_minutes"": 404.0}}","{""arrive_hospital"": 95, ""arrive_scene"": 46, ""hospital_release"": 64, ""patient_arrival"": 50, ""reposition_complete"": 44, ""restock_complete"": 44, ""scene_complete"": 45, ""transfer_ready"": 72}",35.227998,14.772002,0.2954400419636736,56.00370987975554,12.826086956521738,32.98333333333332,88.40316764960062,46,0.92,50,50,4
nearest,84,1084,"{""cardiac"": {""expected_lost"": 10.977070769012546, ""expected_saved"": 1.0229292309874536, ""mean_response_minutes"": 51.690055939582656, ""mean_scene_minutes"": 12.0, ""mean_transport_minutes"": 40.49999999999999, ""p90_response_minutes"": 111.67114232280936, ""patients"": 12, ""response_count"": 12, ""response_minutes"": 620.2806712749918, ""scene_count"": 12, ""scene_minutes"": 144.0, ""transport_count"": 11, ""transport_minutes"": 445.4999999999999}, ""minor"": {""expected_lost"": 0.8911359791777973, ""expected_saved"": 6.108864020822203, ""mean_response_minutes"": 42.00286193125271, ""mean_scene_minutes"": 10.0, ""mean_transport_minutes"": 39.028571428571404, ""p90_response_minutes"": 63.781909384614174, ""patients"": 7, ""response_count"": 7, ""response_minutes"": 294.02003351876897, ""scene_count"": 7, ""scene_minutes"": 70.0, ""transport_count"": 7, ""transport_minutes"": 273.1999999999998}, ""stroke"": {""expected_lost"": 8.67366586786106, ""expected_saved"": 4.326334132138942, ""mean_response_minutes"": 41.50819092986891, ""mean_scene_minutes"": 14.0, ""mean_transport_minutes"": 25.841666666666658, ""p90_response_minutes"": 72.25158912802856, ""patients"": 13, ""response_count"": 12, ""response_minutes"": 498.09829115842695, ""scene_count"": 12, ""scene_minutes"": 168.0, ""transport_count"": 12, ""transport_minutes"": 310.0999999999999}, ""trauma"": {""expected_lost"": 5.995270146269958, ""expected_saved"": 1.0047298537300418, ""mean_response_minutes"": 36.562966508287005, ""mean_scene_minutes"": 16.0, ""mean_transport_minutes"": 24.428571428571427, ""p90_response_minutes"": 59.83130872094152, ""patients"": 7, ""response_count"": 7, ""response_minutes"": 255.94076555800905, ""scene_count"": 7, ""scene_minutes"": 112.0, ""transport_count"": 7, ""transport_minutes"": 171.0}}","{""arrive_hospital"": 84, ""arrive_scene"": 38, ""hospital_release"": 62, ""patient_arrival"": 39, ""reposition_complete"": 36, ""restock_complete"": 36, ""scene_complete"": 38, ""transfer_ready"": 65}",26.537143,12.462857,0.3195604419917599,43.90367793447886,13.0,32.42702702702702,83.08139979278053,38,0.9743589743589743,39,39,1
nearest,85,1085,"{""cardiac"": {""expected_lost"": 2.7258123863474513, ""expected_saved"": 0.27418761365254896, ""mean_response_minutes"": 20.875, ""mean_scene_minutes"": 12.0, ""mean_transport_minutes"": 35.04999999999998, ""p90_response_minutes"": 22.575, ""patients"": 3, ""response_count"": 2, ""response_minutes"": 41.75, ""scene_count"": 2, ""scene_minutes"": 24.0, ""transport_count"": 2, ""transport_minutes"": 70.09999999999997}, ""minor"": {""expected_lost"": 2.5240998683728586, ""expected_saved"": 8.475900131627142, ""mean_response_minutes"": 63.7472117632213, ""mean_scene_minutes"": 10.0, ""mean_transport_minutes"": 38.77272727272727, ""p90_response_minutes"": 104.08434655882013, ""patients"": 11, ""response_count"": 11, ""response_minutes"": 701.2193293954343, ""scene_count"": 11, ""scene_minutes"": 110.0, ""transport_count"": 11, ""transport_minutes"": 426.5}, ""stroke"": {""expected_lost"": 7.2201970808536, ""expected_saved"": 2.7798029191464018, ""mean_response_minutes"": 141.69715019205347, ""mean_scene_minutes"": 14.0, ""mean_transport_minutes"": 27.244999999999994, ""p90_response_minutes"": 349.01144685956314, ""patients"": 10, ""response_count"": 10, ""response_minutes"": 1416.9715019205348, ""scene_count"": 10, ""scene_minutes"": 140.0, ""transport_count"": 10, ""transport_minutes"": 272.44999999999993}, ""trauma"": {""expected_lost"": 16.554344889964234, ""expected_saved"": 1.445655109858972, ""mean_response_minutes"": 94.27941002251366, ""mean_scene_minutes"": 16.0, ""mean_transport_minutes"": 24.74999999999999, ""p90_response_minutes"": 88.21806283161956, ""patients"": 18, ""response_count"": 13, ""response_minutes"": 1225.6323302926776, ""scene_count"": 13, ""scene_minutes"": 208.0, ""transport_count"": 12, ""transport_minutes"": 296.9999999999999}}","{""arrive_hospital"": 70, ""arrive_scene"": 36, ""hospital_release"": 49, ""patient_arrival"": 42, ""reposition_complete"": 34, ""restock_complete"": 34, ""scene_complete"": 36, ""transfer_ready"": 57}",29.024454,12.975546,0.30894156605440637,94.04369893357352,13.38888888888889,30.45857142857142,106.55699186893258,36,0.8571428571428571,42,42,6
nearest,86,1086,"{""cardiac"": {""expected_lost"": 11.914904269827685, ""expected_saved"": 1.0850957301723123, ""mean_response_minutes"": 56.864491134898216, ""mean_scene_minutes"": 12.0, ""mean_transport_minutes"": 37.309999999999995, ""p90_response_minutes"": 173.59249160596636, ""patients"": 13, ""response_count"": 10, ""response_minutes"": 568.6449113489822, ""scene_count"": 10, ""scene_minutes"": 120.0, ""transport_count"": 10, ""transport_minutes"": 373.09999999999997}, ""minor"": {""expected_lost"": 3.4038997276242724, ""expected_saved"": 9.596100272375727, ""mean_response_minutes"": 39.924664704646034, ""mean_scene_minutes"": 9.999999999999995, ""mean_transport_minutes"": 42.52272727272727, ""p90_response_minutes"": 47.26817501671826, ""patients"": 13, ""response_count"": 11, ""response_minutes"": 439.1713117511064, ""scene_count"": 11, ""scene_minutes"": 109.99999999999994, ""transport_count"": 11, ""transport_minutes"": 467.75}, ""stroke"": {""expected_lost"": 8.532276742444857, ""expected_saved"": 3.4677232575551433, ""mean_response_minutes"": 52.02679610846351, ""mean_scene_minutes"": 14.0, ""mean_transport_minutes"": 27.099999999999977, ""p90_response_minutes"": 87.81596173681501, ""patients"": 12, ""response_count"": 10, ""response_minutes"": 520.2679610846351, ""scene_count"": 10, ""scene_minutes"": 140.0, ""transport_count"": 10, ""transport_minutes"": 270.9999999999998}, ""trauma"": {""expected_lost"": 17.638252849629342, ""expected_saved"": 1.3617471503706562, ""mean_response_minutes"": 49.70630587788205, ""mean_scene_minutes"": 16.00000000000001, ""mean_transport_minutes"": 26.299999999999994, ""p90_response_minutes"": 100.47215469929786, ""patients"": 19, ""response_count"": 12, ""response_minutes"": 596.4756705345847, ""scene_count"": 12, ""scene_minutes"": 192.0000000000001, ""transport_count"": 12, ""transport_minutes"": 315.5999999999999}}","{""arrive_hospital"": 93, ""arrive_scene"": 43, ""hospital_release"": 66, ""patient_arrival"": 57, ""reposition_complete"": 42, ""restock_complete"": 42, ""scene_complete"": 43, ""transfer_ready"": 73}",41.489334,15.510666,0.27211695456971635,49.40836871440252,13.069767441860465,33.196511627906965,100.16521993274577,43,0.7543859649122807,57,57,14
nearest,87,1087,"{""cardiac"": {""expected_lost"": 8.12176943215319, ""expected_saved"": 0.8782305678468098, ""mean_response_minutes"": 40.02312568436406, ""mean_scene_minutes"": 12.000000000000012, ""mean_transport_minutes"": 40.54444444444445, ""p90_response_minutes"": 73.15137372463064, ""patients"": 9, ""response_count"": 9, ""response_minutes"": 360.20813115927655, ""scene_count"": 9, ""scene_minutes"": 108.00000000000011, ""transport_count"": 9, ""transport_minutes"": 364.9000000000001}, ""minor"": {""expected_lost"": 2.7401009829116116, ""expected_saved"": 11.259899017088388, ""mean_response_minutes"": 58.55110780238896, ""mean_scene_minutes"": 10.0, ""mean_transport_minutes"": 39.44642857142857, ""p90_response_minutes"": 105.09918903061183, ""patients"": 14, ""response_count"": 14, ""response_minutes"": 819.7155092334455, ""scene_count"": 14, ""scene_minutes"": 140.0, ""transport_count"": 14, ""transport_minutes"": 552.25}, ""stroke"": {""expected_lost"": 7.770344103960269, ""expected_saved"": 1.2296558960397312, ""mean_response_minutes"": 188.91260318326667, ""mean_scene_minutes"": 12.444444444444445, ""mean_transport_minutes"": 28.3125, ""p90_response_minutes"": 415.38647775306214, ""patients"": 9, ""response_count"": 9, ""response_minutes"": 1700.2134286494, ""scene_count"": 9, ""scene_minutes"": 112.0, ""transport_count"": 8, ""transport_minutes"": 226.5}, ""trauma"": {""expected_lost"": 12.766213132919637, ""expected_saved"": 1.2337868670803622, ""mean_response_minutes"": 134.5103922916981, ""mean_scene_minutes"": 15.999999999999991, ""mean_transport_minutes"": 25.892307692307686, ""p90_response_minutes"": 435.4746081740759, ""patients"": 14, ""response_count"": 14, ""response_minutes"": 1883.1454920837734, ""scene_count"": 14, ""scene_minutes"": 223.9999999999999, ""transport_count"": 13, ""transport_minutes"": 336.5999999999999}}","{""arrive_hospital"": 98, ""arrive_scene"": 46, ""hospital_release"": 62, ""patient_arrival"": 46, ""reposition_complete"": 44, ""restock_complete"": 44, ""scene_complete"": 45, ""transfer_ready"": 75}",31.398428,14.601572,0.317425485827289,103.5496208940412,12.695652173913043,33.64204545454545,292.88762667337903,46,1.0,46,46,0
nearest,88,1088,"{""cardiac"": {""expected_lost"": 10.618445449638276, ""expected_saved"": 0.38155454974500946, ""mean_response_minutes"": 139.40899072915744, ""mean_scene_minutes"": 12.0, ""mean_transport_minutes"": 36.82000000000001, ""p90_response_minutes"": 364.5737128328969, ""patients"": 11, ""response_count"": 10, ""response_minutes"": 1394.0899072915745, ""scene_count"": 10, ""scene_minutes"": 120.0, ""transport_count"": 10, ""transport_minutes"": 368.20000000000005}, ""minor"": {""expected_lost"": 3.617208299462293, ""expected_saved"": 11.382791700537705, ""mean_response_minutes"": 53.73678207264753, ""mean_scene_minutes"": 10.0, ""mean_transport_minutes"": 40.382142857142846, ""p90_response_minutes"": 83.31785668232027, ""patients"": 15, ""response_count"": 14, ""response_minutes"": 752.3149490170654, ""scene_count"": 14, ""scene_minutes"": 140.0, ""transport_count"": 14, ""transport_minutes"": 565.3499999999998}, ""stroke"": {""expected_lost"": 3.2136418577704107, ""expected_saved"": 1.7863581422295896, ""mean_response_minutes"": 44.7345363530564, ""mean_scene_minutes"": 14.0, ""mean_transport_minutes"": 27.029999999999994, ""p90_response_minutes"": 65.68308622693985, ""patients"": 5, ""response_count"": 5, ""response_minutes"": 223.672681765282, ""scene_count"": 5, ""scene_minutes"": 70.0, ""transport_count"": 5, ""transport_minutes"": 135.14999999999998}, ""trauma"": {""expected_lost"": 11.267019974541721, ""expected_saved"": 1.7329800254582772, ""mean_response_minutes"": 119.45402858227658, ""mean_scene_minutes"": 16.0, ""mean_transport_minutes"": 25.23076923076924, ""p90_response_minutes"": 344.4998464948669, ""patients"": 13, ""response_count"": 13, ""response_minutes"": 1552.9023715695955, ""scene_count"": 13, ""scene_minutes"": 208.0, ""transport_count"": 13, ""transport_minutes"": 328.0000000000001}}","{""arrive_hospital"": 92, ""arrive_scene"": 42, ""hospital_release"": 65, ""patient_arrival"": 44, ""reposition_complete"": 41, ""restock_complete"": 41, ""scene_complete"": 42, ""transfer_ready"": 69}",28.716316,15.283684,0.34735646404478576,93.40428356294089,12.80952380952381,33.25476190476191,305.61563297687314,42,0.9545454545454546,44,44,2
nearest,89,1089,"{""cardiac"": {""expected_lost"": 10.336225852048859, ""expected_saved"": 0.6637741479511419, ""mean_response_minutes"": 59.78498422336153, ""mean_scene_minutes"": 12.0, ""mean_transport_minutes"": 41.82222222222218, ""p90_response_minutes"": 106.28404548181997, ""patients"": 11, ""response_count"": 9, ""response_minutes"": 538.0648580102538, ""scene_count"": 9, ""scene_minutes"": 108.0, ""transport_count"": 9, ""transport_minutes"": 376.39999999999964}, ""minor"": {""expected_lost"": 2.1970658234897154, ""expected_saved"": 8.802934176510286, ""mean_response_minutes"": 37.32607495828128, ""mean_scene_minutes"": 9.999999999999996, ""mean_transport_minutes"": 39.33999999999999, ""p90_response_minutes"": 59.204912714003086, ""patients"": 11, ""response_count"": 10, ""response_minutes"": 373.2607495828128, ""scene_count"": 10, ""scene_minutes"": 99.99999999999997, ""transport_count"": 10, ""transport_minutes"": 393.39999999999986}, ""stroke"": {""expected_lost"": 7.7818510933325005, ""expected_saved"": 4.2181489066674995, ""mean_response_minutes"": 64.62225263868412, ""mean_scene_minutes"": 12.833333333333334, ""mean_transport_minutes"": 25.468181818181804, ""p90_response_minutes"": 147.34751440798362, ""patients"": 12, ""response_count"": 12, ""response_minutes"": 775.4670316642095, ""scene_count"": 12, ""scene_minutes"": 154.0, ""transport_count"": 11, ""transport_minutes"": 280.14999999999986}, ""trauma"": {""expected_lost"": 3.9143130361872984, ""expected_saved"": 1.0856869638127014, ""mean_response_minutes"": 22.754757968388912, ""mean_scene_minutes"": 16.0, ""mean_transport_minutes"": 25.3, ""p90_response_minutes"": 31.21427390516674, ""patients"": 5, ""response_count"": 5, ""response_minutes"": 113.77378984194456, ""scene_count"": 5, ""scene_minutes"": 80.0, ""transport_count"": 5, ""transport_minutes"": 126.5}}","{""arrive_hospital"": 84, ""arrive_scene"": 36, ""hospital_release"": 59, ""patient_arrival"": 39, ""reposition_complete"": 34, ""restock_complete"": 34, ""scene_complete"": 35, ""transfer_ready"": 65}",24.229456,14.770544,0.37873190243440064,50.01573414164503,12.277777777777779,33.61285714285712,101.0477270095297,36,0.9230769230769231,39,39,3
nearest,90,1090,"{""cardiac"": {""expected_lost"": 15.636337785176941, ""expected_saved"": 0.36366221482305644, ""mean_response_minutes"": 66.85704317361169, ""mean_scene_minutes"": 12.0, ""mean_transport_minutes"": 38.12142857142856, ""p90_response_minutes"": 123.09316115351112, ""patients"": 16, ""response_count"": 8, ""response_minutes"": 534.8563453888935, ""scene_count"": 8, ""scene_minutes"": 96.0, ""transport_count"": 7, ""transport_minutes"": 266.8499999999999}, ""minor"": {""expected_lost"": 3.642076374722173, ""expected_saved"": 11.357923625277827, ""mean_response_minutes"": 55.76466325905493, ""mean_scene_minutes"": 10.0, ""mean_transport_minutes"": 41.0392857142857, ""p90_response_minutes"": 92.53627072995434, ""patients"": 15, ""response_count"": 14, ""response_minutes"": 780.705285626769, ""scene_count"": 14, ""scene_minutes"": 140.0, ""transport_count"": 14, ""transport_minutes"": 574.5499999999997}, ""stroke"": {""expected_lost"": 10.08871207493834, ""expected_saved"": 3.9112879250616617, ""mean_response_minutes"": 49.53880368566435, ""mean_scene_minutes"": 14.000000000000004, ""mean_transport_minutes"": 27.410000000000004, ""p90_response_minutes"": 128.29870184856333, ""patients"": 14, ""response_count"": 10, ""response_minutes"": 495.3880368566435, ""scene_count"": 10, ""scene_minutes"": 140.00000000000003, ""transport_count"": 10, ""transport_minutes"": 274.1}, ""trauma"": {""expected_lost"": 10.287754998867669, ""expected_saved"": 0.7122450011323308, ""mean_response_minutes"": 82.86431410466834, ""mean_scene_minutes"": 16.0, ""mean_transport_minutes"": 25.636363636363637, ""p90_response_minutes"": 149.83748242740558, ""patients"": 11, ""response_count"": 11, ""response_minutes"": 911.5074551513517, ""scene_count"": 11, ""scene_minutes"": 176.0, ""transport_count"": 11, ""transport_minutes"": 282.0}}","{""arrive_hospital"": 92, ""arrive_scene"": 43, ""hospital_release"": 58, ""patient_arrival"": 56, ""reposition_complete"": 40, ""restock_complete"": 40, ""scene_complete"": 43, ""transfer_ready"": 71}",39.654881,16.345119,0.29187712082669426,63.31295634938737,12.837209302325581,33.27380952380951,138.63074422807892,43,0.7678571428571429,56,56,13
nearest,91,1091,"{""cardiac"": {""expected_lost"": 13.161007739721645, ""expected_saved"": 0.838992260278353, ""mean_response_minutes"": 37.228447042027156, ""mean_scene_minutes"": 12.0, ""mean_transport_minutes"": 37.75, ""p90_response_minutes"": 67.0444487357641, ""patients"": 14, ""response_count"": 8, ""response_minutes"": 297.82757633621725, ""scene_count"": 8, ""scene_minutes"": 96.0, ""transport_count"": 8, ""transport_minutes"": 302.0}, ""minor"": {""expected_lost"": 3.267034219000927, ""expected_saved"": 10.732965780999074, ""mean_response_minutes"": 48.67793961826443, ""mean_scene_minutes"": 10.0, ""mean_transport_minutes"": 41.02307692307692, ""p90_response_minutes"": 63.10556482882099, ""patients"": 14, ""response_count"": 13, ""response_minutes"": 632.8132150374377, ""scene_count"": 13, ""scene_minutes"": 130.0, ""transport_count"": 13, ""transport_minutes"": 533.3}, ""stroke"": {""expected_lost"": 9.986750496127758, ""expected_saved"": 3.0132495038722404, ""mean_response_minutes"": 108.29968378063323, ""mean_scene_minutes"": 14.0, ""mean_transport_minutes"": 25.868181818181803, ""p90_response_minutes"": 108.9637019939496, ""patients"": 13, ""response_count"": 11, ""response_minutes"": 1191.2965215869656, ""scene_count"": 11, ""scene_minutes"": 154.0, ""transport_count"": 11, ""transport_minutes"": 284.54999999999984}, ""trauma"": {""expected_lost"": 15.353063147886006, ""expected_saved"": 1.646936852113992, ""mean_response_minutes"": 50.477007260817196, ""mean_scene_minutes"": 16.0, ""mean_transport_minutes"": 25.75714285714285, ""p90_response_minutes"": 101.43449370929274, ""patients"": 17, ""response_count"": 14, ""response_minutes"": 706.6781016514408, ""scene_count"": 14, ""scene_minutes"": 224.0, ""transport_count"": 14, ""transport_minutes"": 360.5999999999999}}","{""arrive_hospital"": 99, ""arrive_scene"": 46, ""hospital_release"": 65, ""patient_arrival"": 58, ""reposition_complete"": 45, ""restock_complete"": 45, ""scene_complete"": 46, ""transfer_ready"": 77}",41.767856,16.232144,0.2798645585735113,61.491639448088286,13.130434782608695,32.18369565217391,95.7553161393862,46,0.7931034482758621,58,58,12
nearest,92,1092,"{""cardiac"": {""expected_lost"": 10.98007560504186, ""expected_saved"": 1.0199243949581405, ""mean_response_minutes"": 45.990294678743126, ""mean_scene_minutes"": 10.8, ""mean_transport_minutes"": 39.78888888888888, ""p90_response_minutes"": 78.91042477277118, ""patients"": 12, ""response_count"": 10, ""response_minutes"": 459.90294678743123, ""scene_count"": 10, ""scene_minutes"": 108.0, ""transport_count"": 9, ""transport_minutes"": 358.0999999999999}, ""minor"": {""expected_lost"": 0.9536632614338862, ""expected_saved"": 12.046336738566113, ""mean_response_minutes"": 29.057422843442275, ""mean_scene_minutes"": 10.0, ""mean_transport_minutes"": 38.32692307692308, ""p90_response_minutes"": 47.00764073441837, ""patients"": 13, ""response_count"": 13, ""response_minutes"": 377.74649696474955, ""scene_count"": 13, ""scene_minutes"": 130.0, ""transport_count"": 13, ""transport_minutes"": 498.25}, ""stroke"": {""expected_lost"": 4.080143794455438, ""expected_saved"": 1.9198562055445625, ""mean_response_minutes"": 31.447055267560916, ""mean_scene_minutes"": 14.0, ""mean_transport_minutes"": 29.46999999999996, ""p90_response_minutes"": 48.84116580268275, ""patients"": 6, ""response_count"": 6, ""response_minutes"": 188.6823316053655, ""scene_count"": 6, ""scene_minutes"": 84.0, ""transport_count"": 5, ""transport_minutes"": 147.3499999999998}, ""trauma"": {""expected_lost"": 9.996669449057363, ""expected_saved"": 1.0033305509426376, ""mean_response_minutes"": 51.49762234069596, ""mean_scene_minutes"": 16.0, ""mean_transport_minutes"": 25.359090909090913, ""p90_response_minutes"": 94.49294163819332, ""patients"": 11, ""response_count"": 11, ""response_minutes"": 566.4738457476556, ""scene_count"": 11, ""scene_minutes"": 176.0, ""transport_count"": 11, ""transport_minutes"": 278.95000000000005}}","{""arrive_hospital"": 87, ""arrive_scene"": 40, ""hospital_release"": 61, ""patient_arrival"": 42, ""reposition_complete"": 37, ""restock_complete"": 37, ""scene_complete"": 39, ""transfer_ready"": 64}",26.010552,15.989448,0.380701140238368,39.820140527630045,12.45,33.753947368421045,69.36482154781712,40,0.9523809523809523,42,42,2
nearest,93,1093,"{""cardiac"": {""expected_lost"": 6.9452976009839364, ""expected_saved"": 0.05470239860114281, ""mean_response_minutes"": 216.35671871577256, ""mean_scene_minutes"": 12.0, ""mean_transport_minutes"": 35.0, ""p90_response_minutes"": 344.85033593609876, ""patients"": 7, ""response_count"": 6, ""response_minutes"": 1298.1403122946354, ""scene_count"": 6, ""scene_minutes"": 72.0, ""transport_count"": 6, ""transport_minutes"": 210.0}, ""minor"": {""expected_lost"": 3.275050286464204, ""expected_saved"": 10.724949713535796, ""mean_response_minutes"": 51.71242794594999, ""mean_scene_minutes"": 10.0, ""mean_transport_minutes"": 38.853846153846156, ""p90_response_minutes"": 79.77904108848843, ""patients"": 14, ""response_count"": 13, ""response_minutes"": 672.2615632973499, ""scene_count"": 13, ""scene_minutes"": 130.0, ""transport_count"": 13, ""transport_minutes"": 505.1}, ""stroke"": {""expected_lost"": 11.845844449174447, ""expected_saved"": 4.154155550825557, ""mean_response_minutes"": 91.8038947836952, ""mean_scene_minutes"": 14.00000000000001, ""mean_transport_minutes"": 27.421875, ""p90_response_minutes"": 253.24687917532538, ""patients"": 16, ""response_count"": 16, ""response_minutes"": 1468.8623165391232, ""scene_count"": 16, ""scene_minutes"": 224.00000000000017, ""transport_count"": 16, ""transport_minutes"": 438.75}, ""trauma"": {""expected_lost"": 11.064371537025297, ""expected_saved"": 0.9356284629747034, ""mean_response_minutes"": 80.09010176768278, ""mean_scene_minutes"": 16.0, ""mean_transport_minutes"": 25.74545454545455, ""p90_response_minutes"": 117.17432438960032, ""patients"": 12, ""response_count"": 11, ""response_minutes"": 880.9911194445106, ""scene_count"": 11, ""scene_minutes"": 176.0, ""transport_count"": 11, ""transport_minutes"": 283.20000000000005}}","{""arrive_hospital"": 97, ""arrive_scene"": 46, ""hospital_release"": 65, ""patient_arrival"": 49, ""reposition_complete"": 45, ""restock_complete"": 45, ""scene_complete"": 46, ""transfer_ready"": 78}",33.130564,15.869436,0.32386604338647346,93.91859372990476,13.086956521739136,31.240217391304352,244.84204857533553,46,0.9387755102040817,49,49,3
nearest,94,1094,"{""cardiac"": {""expected_lost"": 9.227474833563615, ""expected_saved"": 0.7725251664363845, ""mean_response_minutes"": 55.51584946915895, ""mean_scene_minutes"": 12.0, ""mean_transport_minutes"": 39.37777777777779, ""p90_response_minutes"": 88.77586723233952, ""patients"": 10, ""response_count"": 9, ""response_minutes"": 499.6426452224306, ""scene_count"": 9, ""scene_minutes"": 108.0, ""transport_count"": 9, ""transport_minutes"": 354.4000000000001}, ""minor"": {""expected_lost"": 2.327365248306564, ""expected_saved"": 7.672634751693436, ""mean_response_minutes"": 44.07971597236468, ""mean_scene_minutes"": 10.000000000000007, ""mean_transport_minutes"": 37.05555555555553, ""p90_response_minutes"": 75.5556546174138, ""patients"": 10, ""response_count"": 9, ""response_minutes"": 396.71744375128213, ""scene_count"": 9, ""scene_minutes"": 90.00000000000006, ""transport_count"": 9, ""transport_minutes"": 333.4999999999998}, ""stroke"": {""expected_lost"": 4.464794707877937, ""expected_saved"": 3.535205292122063, ""mean_response_minutes"": 30.5861362559976, ""mean_scene_minutes"": 14.0, ""mean_transport_minutes"": 26.493750000000013, ""p90_response_minutes"": 44.89126316002264, ""patients"": 8, ""response_count"": 8, ""response_minutes"": 244.6890900479808, ""scene_count"": 8, ""scene_minutes"": 112.0, ""transport_count"": 8, ""transport_minutes"": 211.9500000000001}, ""trauma"": {""expected_lost"": 6.203516726098881, ""expected_saved"": 0.7964832739011197, ""mean_response_minutes"": 76.76717863419674, ""mean_scene_minutes"": 16.0, ""mean_transport_minutes"": 31.19285714285713, ""p90_response_minutes"": 149.21323077089508, ""patients"": 7, ""response_count"": 7, ""response_minutes"": 537.3702504393772, ""scene_count"": 7, ""scene_minutes"": 112.0, ""transport_count"": 7, ""transport_minutes"": 218.3499999999999}}","{""arrive_hospital"": 75, ""arrive_scene"": 33, ""hospital_release"": 59, ""patient_arrival"": 35, ""reposition_complete"": 32, ""restock_complete"": 32, ""scene_complete"": 33, ""transfer_ready"": 58}",22.223152,12.776848,0.3650528138329429,50.861194832153664,12.787878787878789,33.884848484848476,79.65289209816946,33,0.9428571428571428,35,35,2
nearest,95,1095,"{""cardiac"": {""expected_lost"": 8.442526160644919, ""expected_saved"": 0.55747383935508, ""mean_response_minutes"": 74.78728491672162, ""mean_scene_minutes"": 12.0, ""mean_transport_minutes"": 37.87222222222221, ""p90_response_minutes"": 133.29609359812815, ""patients"": 9, ""response_count"": 9, ""response_minutes"": 673.0855642504946, ""scene_count"": 9, ""scene_minutes"": 108.0, ""transport_count"": 9, ""transport_minutes"": 340.8499999999999}, ""minor"": {""expected_lost"": 2.0696571417211143, ""expected_saved"": 8.930342858278886, ""mean_response_minutes"": 33.93086939480569, ""mean_scene_minutes"": 10.0, ""mean_transport_minutes"": 38.89, ""p90_response_minutes"": 63.1600556650881, ""patients"": 11, ""response_count"": 10, ""response_minutes"": 339.3086939480569, ""scene_count"": 10, ""scene_minutes"": 100.0, ""transport_count"": 10, ""transport_minutes"": 388.9}, ""stroke"": {""expected_lost"": 5.575291875992811, ""expected_saved"": 3.424708124007189, ""mean_response_minutes"": 43.06037361955171, ""mean_scene_minutes"": 14.000000000000004, ""mean_transport_minutes"": 25.088888888888885, ""p90_response_minutes"": 62.33570076348789, ""patients"": 9, ""response_count"": 9, ""response_minutes"": 387.5433625759654, ""scene_count"": 9, ""scene_minutes"": 126.00000000000003, ""transport_count"": 9, ""transport_minutes"": 225.79999999999995}, ""trauma"": {""expected_lost"": 15.214192152192034, ""expected_saved"": 1.7858078478079689, ""mean_response_minutes"": 67.93603955861856, ""mean_scene_minutes"": 16.00000000000001, ""mean_transport_minutes"": 25.916666666666682, ""p90_response_minutes"": 175.19681255140023, ""patients"": 17, ""response_count"": 15, ""response_minutes"": 1019.0405933792784, ""scene_count"": 15, ""scene_minutes"": 240.00000000000017, ""transport_count"": 15, ""transport_minutes"": 388.7500000000002}}","{""arrive_hospital"": 89, ""arrive_scene"": 43, ""hospital_release"": 59, ""patient_arrival"": 46, ""reposition_complete"": 42, ""restock_complete"": 42, ""scene_complete"": 43, ""transfer_ready"": 71}",31.301667,14.698333,0.319528971074981,56.25530730590221,13.348837209302332,31.26279069767442,100.04781975415128,43,0.9347826086956522,46,46,3
nearest,96,1096,"{""cardiac"": {""expected_lost"": 9.385261246260981, ""expected_saved"": 0.6147387537390181, ""mean_response_minutes"": 162.1881087734647, ""mean_scene_minutes"": 12.0, ""mean_transport_minutes"": 37.60555555555557, ""p90_response_minutes"": 361.09500659144857, ""patients"": 10, ""response_count"": 9, ""response_minutes"": 1459.6929789611822, ""scene_count"": 9, ""scene_minutes"": 108.0, ""transport_count"": 9, ""transport_minutes"": 338.4500000000001}, ""minor"": {""expected_lost"": 2.2185944143807257, ""expected_saved"": 9.781405585619273, ""mean_response_minutes"": 36.78203218448678, ""mean_scene_minutes"": 10.0, ""mean_transport_minutes"": 34.32727272727272, ""p90_response_minutes"": 55.14424023038248, ""patients"": 12, ""response_count"": 11, ""response_minutes"": 404.6023540293546, ""scene_count"": 11, ""scene_minutes"": 110.0, ""transport_count"": 11, ""transport_minutes"": 377.5999999999999}, ""stroke"": {""expected_lost"": 4.430049936110562, ""expected_saved"": 2.569950063889438, ""mean_response_minutes"": 29.37989541530893, ""mean_scene_minutes"": 12.0, ""mean_transport_minutes"": 26.816666666666666, ""p90_response_minutes"": 35.89398670196046, ""patients"": 7, ""response_count"": 7, ""response_minutes"": 205.6592679071625, ""scene_count"": 7, ""scene_minutes"": 84.0, ""transport_count"": 6, ""transport_minutes"": 160.9}, ""trauma"": {""expected_lost"": 10.763441638676277, ""expected_saved"": 2.2365583613237208, ""mean_response_minutes"": 42.64822583963518, ""mean_scene_minutes"": 16.0, ""mean_transport_minutes"": 25.723076923076913, ""p90_response_minutes"": 62.70647440925343, ""patients"": 13, ""response_count"": 13, ""response_minutes"": 554.4269359152573, ""scene_count"": 13, ""scene_minutes"": 208.0, ""transport_count"": 13, ""transport_minutes"": 334.39999999999986}}","{""arrive_hospital"": 79, ""arrive_mortuary"": 1, ""arrive_scene"": 40, ""hospital_release"": 56, ""patient_arrival"": 42, ""reposition_complete"": 37, ""restock_complete"": 37, ""scene_complete"": 39, ""transfer_ready"": 62}",26.797347,15.202653,0.361967922965987,65.6095384203239,12.75,31.060256410256407,184.71564141484205,40,0.9523809523809523,42,42,2
nearest,97,1097,"{""cardiac"": {""expected_lost"": 10.37739797363819, ""expected_saved"": 0.6226020263618095, ""mean_response_minutes"": 52.811397418233575, ""mean_scene_minutes"": 11.999999999999996, ""mean_transport_minutes"": 38.271428571428565, ""p90_response_minutes"": 109.88077678620485, ""patients"": 11, ""response_count"": 7, ""response_minutes"": 369.679781927635, ""scene_count"": 7, ""scene_minutes"": 83.99999999999997, ""transport_count"": 7, ""transport_minutes"": 267.9}, ""minor"": {""expected_lost"": 4.678293898790783, ""expected_saved"": 11.32170610120922, ""mean_response_minutes"": 110.35498511248869, ""mean_scene_minutes"": 10.0, ""mean_transport_minutes"": 38.340625, ""p90_response_minutes"": 315.453209605078, ""patients"": 16, ""response_count"": 16, ""response_minutes"": 1765.679761799819, ""scene_count"": 16, ""scene_minutes"": 160.0, ""transport_count"": 16, ""transport_minutes"": 613.45}, ""stroke"": {""expected_lost"": 12.752046939999293, ""expected_saved"": 5.247953060000705, ""mean_response_minutes"": 103.45353533438175, ""mean_scene_minutes"": 14.0, ""mean_transport_minutes"": 25.7764705882353, ""p90_response_minutes"": 205.81950083765895, ""patients"": 18, ""response_count"": 17, ""response_minutes"": 1758.7101006844898, ""scene_count"": 17, ""scene_minutes"": 238.0, ""transport_count"": 17, ""transport_minutes"": 438.2000000000001}, ""trauma"": {""expected_lost"": 6.303174346770614, ""expected_saved"": 0.6968256532293853, ""mean_response_minutes"": 91.74697838424203, ""mean_scene_minutes"": 16.00000000000003, ""mean_transport_minutes"": 32.14999999999998, ""p90_response_minutes"": 224.45311700725534, ""patients"": 7, ""response_count"": 4, ""response_minutes"": 366.9879135369681, ""scene_count"": 4, ""scene_minutes"": 64.00000000000011, ""transport_count"": 4, ""transport_minutes"": 128.5999999999999}}","{""arrive_hospital"": 105, ""arrive_scene"": 44, ""hospital_release"": 69, ""patient_arrival"": 52, ""reposition_complete"": 41, ""restock_complete"": 41, ""scene_complete"": 44, ""transfer_ready"": 83}",34.110913,17.889087,0.3440209007846369,96.84221722611164,12.409090909090912,32.9125,241.65071219413062,44,0.8461538461538461,52,52,8
nearest,98,1098,"{""cardiac"": {""expected_lost"": 9.238937574712033, ""expected_saved"": 0.7610624252879665, ""mean_response_minutes"": 41.16456215508346, ""mean_scene_minutes"": 12.0, ""mean_transport_minutes"": 40.93499999999999, ""p90_response_minutes"": 78.06232769272029, ""patients"": 10, ""response_count"": 10, ""response_minutes"": 411.64562155083456, ""scene_count"": 10, ""scene_minutes"": 120.0, ""transport_count"": 10, ""transport_minutes"": 409.34999999999985}, ""minor"": {""expected_lost"": 0.9052182046999667, ""expected_saved"": 8.094781795300033, ""mean_response_minutes"": 32.790620103009815, ""mean_scene_minutes"": 10.0, ""mean_transport_minutes"": 39.14444444444444, ""p90_response_minutes"": 72.63770766874354, ""patients"": 9, ""response_count"": 9, ""response_minutes"": 295.11558092708833, ""scene_count"": 9, ""scene_minutes"": 90.0, ""transport_count"": 9, ""transport_minutes"": 352.29999999999995}, ""stroke"": {""expected_lost"": 6.771843794137331, ""expected_saved"": 4.22815620586267, ""mean_response_minutes"": 43.798478078718276, ""mean_scene_minutes"": 14.0, ""mean_transport_minutes"": 25.454545454545453, ""p90_response_minutes"": 92.38439784627519, ""patients"": 11, ""response_count"": 11, ""response_minutes"": 481.783258865901, ""scene_count"": 11, ""scene_minutes"": 154.0, ""transport_count"": 11, ""transport_minutes"": 280.0}, ""trauma"": {""expected_lost"": 6.528490116547124, ""expected_saved"": 1.4715098834528764, ""mean_response_minutes"": 25.287768508882827, ""mean_scene_minutes"": 16.0, ""mean_transport_minutes"": 25.55714285714287, ""p90_response_minutes"": 39.63656409459031, ""patients"": 8, ""response_count"": 7, ""response_minutes"": 177.01437956217978, ""scene_count"": 7, ""scene_minutes"": 112.0, ""transport_count"": 7, ""transport_minutes"": 178.9000000000001}}","{""arrive_hospital"": 85, ""arrive_scene"": 37, ""hospital_release"": 62, ""patient_arrival"": 38, ""reposition_complete"": 36, ""restock_complete"": 36, ""scene_complete"": 37, ""transfer_ready"": 66}",23.44449,14.55551,0.3830397449974619,36.90699570016226,12.864864864864865,32.98783783783783,80.14896776632328,37,0.9736842105263158,38,38,1
nearest,99,1099,"{""cardiac"": {""expected_lost"": 10.295953929981458, ""expected_saved"": 0.7040460700185419, ""mean_response_minutes"": 53.2973367518896, ""mean_scene_minutes"": 12.0, ""mean_transport_minutes"": 41.260000000000005, ""p90_response_minutes"": 94.18732304591548, ""patients"": 11, ""response_count"": 10, ""response_minutes"": 532.973367518896, ""scene_count"": 10, ""scene_minutes"": 120.0, ""transport_count"": 10, ""transport_minutes"": 412.6}, ""minor"": {""expected_lost"": 2.0902240874588327, ""expected_saved"": 7.909775912541166, ""mean_response_minutes"": 47.56081336992849, ""mean_scene_minutes"": 10.0, ""mean_transport_minutes"": 40.39999999999999, ""p90_response_minutes"": 65.24801277360713, ""patients"": 10, ""response_count"": 10, ""response_minutes"": 475.6081336992849, ""scene_count"": 10, ""scene_minutes"": 100.0, ""transport_count"": 9, ""transport_minutes"": 363.5999999999999}, ""stroke"": {""expected_lost"": 11.44283410059549, ""expected_saved"": 4.557165899404511, ""mean_response_minutes"": 55.14604377184639, ""mean_scene_minutes"": 14.0, ""mean_transport_minutes"": 25.5, ""p90_response_minutes"": 94.67039208443188, ""patients"": 16, ""response_count"": 14, ""response_minutes"": 772.0446128058494, ""scene_count"": 14, ""scene_minutes"": 196.0, ""transport_count"": 14, ""transport_minutes"": 357.0}, ""trauma"": {""expected_lost"": 12.914659413968796, ""expected_saved"": 1.085340586031206, ""mean_response_minutes"": 74.96291669174589, ""mean_scene_minutes"": 14.545454545454545, ""mean_transport_minutes"": 26.216666666666665, ""p90_response_minutes"": 171.7221732211069, ""patients"": 14, ""response_count"": 11, ""response_minutes"": 824.5920836092048, ""scene_count"": 11, ""scene_minutes"": 160.0, ""transport_count"": 9, ""transport_minutes"": 235.95}}","{""arrive_hospital"": 94, ""arrive_scene"": 45, ""hospital_release"": 67, ""patient_arrival"": 51, ""reposition_complete"": 42, ""restock_complete"": 42, ""scene_complete"": 44, ""transfer_ready"": 75}",36.743672,14.256328,0.27953585231363576,57.89373772518301,12.8,32.59880952380953,98.7584430375498,45,0.8823529411764706,51,51,6
