policy,episode,seed,by_type,events,expected_lost,expected_saved,expected_saved_per_patient,mean_response_minutes,mean_scene_minutes,mean_transport_minutes,p90_response_minutes,reached_patients,response_rate,seeded_patients,terminal_patients,unreached_patients
Station North,0,2000,"{""cardiac"": {""expected_lost"": 18.242339068719907, ""expected_saved"": 0.7576609304002785, ""mean_response_minutes"": 113.47023152687287, ""mean_scene_minutes"": 12.0, ""mean_transport_minutes"": 41.72307692307691, ""p90_response_minutes"": 291.8812071323575, ""patients"": 19, ""response_count"": 13, ""response_minutes"": 1475.1130098493472, ""scene_count"": 13, ""scene_minutes"": 156.0, ""transport_count"": 13, ""transport_minutes"": 542.3999999999999}, ""minor"": {""expected_lost"": 3.190233579933557, ""expected_saved"": 11.809766420066445, ""mean_response_minutes"": 43.56373592448381, ""mean_scene_minutes"": 10.0, ""mean_transport_minutes"": 40.19285714285713, ""p90_response_minutes"": 86.56545451180145, ""patients"": 15, ""response_count"": 14, ""response_minutes"": 609.8923029427733, ""scene_count"": 14, ""scene_minutes"": 140.0, ""transport_count"": 14, ""transport_minutes"": 562.6999999999998}, ""stroke"": {""expected_lost"": 5.1191704369479565, ""expected_saved"": 1.8808295630520433, ""mean_response_minutes"": 133.9028063765097, ""mean_scene_minutes"": 14.0, ""mean_transport_minutes"": 25.571428571428573, ""p90_response_minutes"": 334.6706503575948, ""patients"": 7, ""response_count"": 7, ""response_minutes"": 937.3196446355678, ""scene_count"": 7, ""scene_minutes"": 98.0, ""transport_count"": 7, ""transport_minutes"": 179.0}, ""trauma"": {""expected_lost"": 8.76048604578625, ""expected_saved"": 0.23951395421375096, ""mean_response_minutes"": 101.41805530264597, ""mean_scene_minutes"": 16.0, ""mean_transport_minutes"": 23.633333333333326, ""p90_response_minutes"": 207.22366594504973, ""patients"": 9, ""response_count"": 7, ""response_minutes"": 709.9263871185218, ""scene_count"": 7, ""scene_minutes"": 112.0, ""transport_count"": 6, ""transport_minutes"": 141.79999999999995}}","{""arrive_hospital"": 99, ""arrive_scene"": 41, ""hospital_release"": 66, ""patient_arrival"": 50, ""reposition_complete"": 39, ""restock_complete"": 39, ""scene_complete"": 41, ""transfer_ready"": 73}",35.312229,14.687771,0.29375541735465033,91.03052059868804,12.341463414634147,35.647499999999994,274.52558234291337,41,0.82,50,50,9
Station North,1,2001,"{""cardiac"": {""expected_lost"": 10.52028825962627, ""expected_saved"": 0.4797117399517645, ""mean_response_minutes"": 82.23221063858536, ""mean_scene_minutes"": 12.0, ""mean_transport_minutes"": 41.03333333333334, ""p90_response_minutes"": 192.09791123202325, ""patients"": 11, ""response_count"": 6, ""response_minutes"": 493.3932638315122, ""scene_count"": 6, ""scene_minutes"": 72.0, ""transport_count"": 6, ""transport_minutes"": 246.20000000000005}, ""minor"": {""expected_lost"": 2.4756258972679497, ""expected_saved"": 7.52437410273205, ""mean_response_minutes"": 36.28519565450602, ""mean_scene_minutes"": 10.0, ""mean_transport_minutes"": 40.462499999999984, ""p90_response_minutes"": 54.22561710240907, ""patients"": 10, ""response_count"": 9, ""response_minutes"": 326.5667608905542, ""scene_count"": 9, ""scene_minutes"": 90.0, ""transport_count"": 8, ""transport_minutes"": 323.6999999999999}, ""stroke"": {""expected_lost"": 9.358090791878624, ""expected_saved"": 2.641909208121376, ""mean_response_minutes"": 55.271350933419036, ""mean_scene_minutes"": 14.000000000000012, ""mean_transport_minutes"": 29.333333333333332, ""p90_response_minutes"": 74.03349179814236, ""patients"": 12, ""response_count"": 9, ""response_minutes"": 497.44215840077135, ""scene_count"": 9, ""scene_minutes"": 126.00000000000011, ""transport_count"": 9, ""transport_minutes"": 264.0}, ""trauma"": {""expected_lost"": 15.196737230664484, ""expected_saved"": 1.8032627693355148, ""mean_response_minutes"": 60.498957172344994, ""mean_scene_minutes"": 15.0, ""mean_transport_minutes"": 23.79333333333334, ""p90_response_minutes"": 115.34292062333662, ""patients"": 17, ""response_count"": 16, ""response_minutes"": 967.9833147575199, ""scene_count"": 16, ""scene_minutes"": 240.0, ""transport_count"": 15, ""transport_minutes"": 356.9000000000001}}","{""arrive_hospital"": 74, ""arrive_scene"": 40, ""hospital_release"": 55, ""patient_arrival"": 50, ""reposition_complete"": 37, ""restock_complete"": 37, ""scene_complete"": 39, ""transfer_ready"": 61}",37.550742,12.449258,0.2489851564028141,57.134637447008934,13.200000000000003,31.336842105263155,108.23646008877316,40,0.8,50,50,10
Station North,2,2002,"{""cardiac"": {""expected_lost"": 10.238105438540911, ""expected_saved"": 0.7618945614590885, ""mean_response_minutes"": 69.7746317040122, ""mean_scene_minutes"": 12.0, ""mean_transport_minutes"": 40.961111111111094, ""p90_response_minutes"": 150.82639949947497, ""patients"": 11, ""response_count"": 10, ""response_minutes"": 697.7463170401219, ""scene_count"": 10, ""scene_minutes"": 120.0, ""transport_count"": 9, ""transport_minutes"": 368.64999999999986}, ""minor"": {""expected_lost"": 2.045531547398711, ""expected_saved"": 7.954468452601289, ""mean_response_minutes"": 39.40674393666214, ""mean_scene_minutes"": 10.000000000000002, ""mean_transport_minutes"": 41.10555555555553, ""p90_response_minutes"": 74.81007948999454, ""patients"": 10, ""response_count"": 9, ""response_minutes"": 354.6606954299593, ""scene_count"": 9, ""scene_minutes"": 90.00000000000001, ""transport_count"": 9, ""transport_minutes"": 369.9499999999998}, ""stroke"": {""expected_lost"": 5.313701448071087, ""expected_saved"": 3.686298551928913, ""mean_response_minutes"": 30.475043929212728, ""mean_scene_minutes"": 14.0, ""mean_transport_minutes"": 25.125, ""p90_response_minutes"": 49.01602460518302, ""patients"": 9, ""response_count"": 9, ""response_minutes"": 274.27539536291454, ""scene_count"": 9, ""scene_minutes"": 126.0, ""transport_count"": 8, ""transport_minutes"": 201.0}, ""trauma"": {""expected_lost"": 13.506637344709421, ""expected_saved"": 1.4933626552905783, ""mean_response_minutes"": 106.52831677752911, ""mean_scene_minutes"": 15.999999999999996, ""mean_transport_minutes"": 27.910714285714285, ""p90_response_minutes"": 313.72166637277365, ""patients"": 15, ""response_count"": 14, ""response_minutes"": 1491.3964348854076, ""scene_count"": 14, ""scene_minutes"": 223.99999999999994, ""transport_count"": 14, ""transport_minutes"": 390.75}}","{""arrive_hospital"": 84, ""arrive_scene"": 42, ""hospital_release"": 58, ""patient_arrival"": 45, ""reposition_complete"": 39, ""restock_complete"": 39, ""scene_complete"": 42, ""transfer_ready"": 66}",31.103976,13.896024,0.30880053825066356,67.09711530281913,13.333333333333334,33.25874999999999,132.52993996181567,42,0.9333333333333333,45,45,3
Station North,3,2003,"{""cardiac"": {""expected_lost"": 10.28347238200107, ""expected_saved"": 0.716527617998929, ""mean_response_minutes"": 55.0130916705162, ""mean_scene_minutes"": 12.0, ""mean_transport_minutes"": 41.6125, ""p90_response_minutes"": 99.63953724969849, ""patients"": 11, ""response_count"": 9, ""response_minutes"": 495.11782503464576, ""scene_count"": 9, ""scene_minutes"": 108.0, ""transport_count"": 8, ""transport_minutes"": 332.9}, ""minor"": {""expected_lost"": 2.3932048402918884, ""expected_saved"": 7.606795159708111, ""mean_response_minutes"": 69.97431985079747, ""mean_scene_minutes"": 10.0, ""mean_transport_minutes"": 38.1, ""p90_response_minutes"": 143.13873689319144, ""patients"": 10, ""response_count"": 10, ""response_minutes"": 699.7431985079747, ""scene_count"": 10, ""scene_minutes"": 100.0, ""transport_count"": 10, ""transport_minutes"": 381.0}, ""stroke"": {""expected_lost"": 9.058154830307565, ""expected_saved"": 3.9418451696924333, ""mean_response_minutes"": 84.4196417582311, ""mean_scene_minutes"": 14.0, ""mean_transport_minutes"": 30.449999999999985, ""p90_response_minutes"": 120.82111419770794, ""patients"": 13, ""response_count"": 12, ""response_minutes"": 1013.0357010987731, ""scene_count"": 12, ""scene_minutes"": 168.0, ""transport_count"": 12, ""transport_minutes"": 365.3999999999998}, ""trauma"": {""expected_lost"": 10.466806615363053, ""expected_saved"": 1.5331933846369472, ""mean_response_minutes"": 33.07327254149894, ""mean_scene_minutes"": 16.0, ""mean_transport_minutes"": 22.8125, ""p90_response_minutes"": 45.947896205661365, ""patients"": 12, ""response_count"": 9, ""response_minutes"": 297.6594528734904, ""scene_count"": 9, ""scene_minutes"": 144.0, ""transport_count"": 8, ""transport_minutes"": 182.5}}","{""arrive_hospital"": 86, ""arrive_scene"": 40, ""hospital_release"": 59, ""patient_arrival"": 46, ""reposition_complete"": 37, ""restock_complete"": 38, ""scene_complete"": 40, ""transfer_ready"": 68}",32.201639,13.798361,0.29996437678340054,62.638904437872085,13.0,33.20526315789473,123.51822162927333,40,0.8695652173913043,46,46,6
Station North,4,2004,"{""cardiac"": {""expected_lost"": 6.6433666990993405, ""expected_saved"": 0.35663330038402724, ""mean_response_minutes"": 95.33848241842553, ""mean_scene_minutes"": 12.0, ""mean_transport_minutes"": 43.191666666666634, ""p90_response_minutes"": 208.2630555279763, ""patients"": 7, ""response_count"": 6, ""response_minutes"": 572.0308945105531, ""scene_count"": 6, ""scene_minutes"": 72.0, ""transport_count"": 6, ""transport_minutes"": 259.1499999999998}, ""minor"": {""expected_lost"": 2.400100787714191, ""expected_saved"": 7.599899212285808, ""mean_response_minutes"": 39.34725945362853, ""mean_scene_minutes"": 10.0, ""mean_transport_minutes"": 37.75, ""p90_response_minutes"": 64.73146333268451, ""patients"": 10, ""response_count"": 9, ""response_minutes"": 354.12533508265676, ""scene_count"": 9, ""scene_minutes"": 90.0, ""transport_count"": 8, ""transport_minutes"": 302.0}, ""stroke"": {""expected_lost"": 9.208954801839745, ""expected_saved"": 4.791045198160255, ""mean_response_minutes"": 36.756792926616086, ""mean_scene_minutes"": 13.0, ""mean_transport_minutes"": 29.174999999999983, ""p90_response_minutes"": 57.64854132401109, ""patients"": 14, ""response_count"": 14, ""response_minutes"": 514.5951009726252, ""scene_count"": 14, ""scene_minutes"": 182.0, ""transport_count"": 12, ""transport_minutes"": 350.0999999999998}, ""trauma"": {""expected_lost"": 7.294842846065211, ""expected_saved"": 0.7051571539347881, ""mean_response_minutes"": 76.390023516251, ""mean_scene_minutes"": 16.0, ""mean_transport_minutes"": 28.099999999999994, ""p90_response_minutes"": 151.03608221726236, ""patients"": 8, ""response_count"": 8, ""response_minutes"": 611.120188130008, ""scene_count"": 8, ""scene_minutes"": 128.0, ""transport_count"": 8, ""transport_minutes"": 224.79999999999995}}","{""arrive_hospital"": 74, ""arrive_scene"": 37, ""hospital_release"": 56, ""patient_arrival"": 39, ""reposition_complete"": 34, ""restock_complete"": 34, ""scene_complete"": 36, ""transfer_ready"": 60}",25.547265,13.452735,0.3449419196093559,55.455986991779554,12.756756756756756,33.41323529411764,103.26729077540892,37,0.9487179487179487,39,39,2
Station North,5,2005,"{""cardiac"": {""expected_lost"": 11.172219976037981, ""expected_saved"": 0.8277800239620179, ""mean_response_minutes"": 99.82157184733705, ""mean_scene_minutes"": 12.000000000000005, ""mean_transport_minutes"": 38.38636363636363, ""p90_response_minutes"": 238.4026842309422, ""patients"": 12, ""response_count"": 11, ""response_minutes"": 1098.0372903207076, ""scene_count"": 11, ""scene_minutes"": 132.00000000000006, ""transport_count"": 11, ""transport_minutes"": 422.25}, ""minor"": {""expected_lost"": 2.5989483488674447, ""expected_saved"": 9.401051651132557, ""mean_response_minutes"": 26.51352543144235, ""mean_scene_minutes"": 10.0, ""mean_transport_minutes"": 38.3, ""p90_response_minutes"": 47.21630371884006, ""patients"": 12, ""response_count"": 10, ""response_minutes"": 265.1352543144235, ""scene_count"": 10, ""scene_minutes"": 100.0, ""transport_count"": 10, ""transport_minutes"": 383.0}, ""stroke"": {""expected_lost"": 8.667136589395412, ""expected_saved"": 3.33286341060459, ""mean_response_minutes"": 92.00374724175235, ""mean_scene_minutes"": 14.0, ""mean_transport_minutes"": 27.604545454545427, ""p90_response_minutes"": 243.22098481724836, ""patients"": 12, ""response_count"": 12, ""response_minutes"": 1104.0449669010281, ""scene_count"": 12, ""scene_minutes"": 168.0, ""transport_count"": 11, ""transport_minutes"": 303.6499999999997}, ""trauma"": {""expected_lost"": 9.714323885076071, ""expected_saved"": 1.2856761149239289, ""mean_response_minutes"": 51.98132819035864, ""mean_scene_minutes"": 14.545454545454534, ""mean_transport_minutes"": 26.380000000000017, ""p90_response_minutes"": 100.43045529539177, ""patients"": 11, ""response_count"": 11, ""response_minutes"": 571.794610093945, ""scene_count"": 11, ""scene_minutes"": 159.9999999999999, ""transport_count"": 10, ""transport_minutes"": 263.8000000000002}}","{""arrive_hospital"": 91, ""arrive_mortuary"": 1, ""arrive_scene"": 44, ""hospital_release"": 68, ""patient_arrival"": 47, ""reposition_complete"": 41, ""restock_complete"": 41, ""scene_complete"": 43, ""transfer_ready"": 70}",32.152629,14.847371,0.3159015149068743,69.06845730977507,12.727272727272727,32.68333333333333,156.09656095974898,44,0.9361702127659575,47,47,3
Station North,6,2006,"{""cardiac"": {""expected_lost"": 10.388978524688293, ""expected_saved"": 0.6110214753117066, ""mean_response_minutes"": 77.04315636004175, ""mean_scene_minutes"": 12.0, ""mean_transport_minutes"": 37.71999999999999, ""p90_response_minutes"": 157.42100881720842, ""patients"": 11, ""response_count"": 10, ""response_minutes"": 770.4315636004175, ""scene_count"": 10, ""scene_minutes"": 120.0, ""transport_count"": 10, ""transport_minutes"": 377.19999999999993}, ""minor"": {""expected_lost"": 0.722880134368781, ""expected_saved"": 6.277119865631219, ""mean_response_minutes"": 34.263721078254534, ""mean_scene_minutes"": 10.0, ""mean_transport_minutes"": 36.57142857142857, ""p90_response_minutes"": 64.21204757095843, ""patients"": 7, ""response_count"": 7, ""response_minutes"": 239.84604754778172, ""scene_count"": 7, ""scene_minutes"": 70.0, ""transport_count"": 7, ""transport_minutes"": 256.0}, ""stroke"": {""expected_lost"": 6.876885146110829, ""expected_saved"": 5.123114853889171, ""mean_response_minutes"": 37.678157677578355, ""mean_scene_minutes"": 14.0, ""mean_transport_minutes"": 26.995833333333326, ""p90_response_minutes"": 88.18160300512142, ""patients"": 12, ""response_count"": 12, ""response_minutes"": 452.13789213094026, ""scene_count"": 12, ""scene_minutes"": 168.0, ""transport_count"": 12, ""transport_minutes"": 323.94999999999993}, ""trauma"": {""expected_lost"": 9.201499399274784, ""expected_saved"": 1.7985006007252158, ""mean_response_minutes"": 40.8408387362091, ""mean_scene_minutes"": 14.545454545454545, ""mean_transport_minutes"": 27.17999999999999, ""p90_response_minutes"": 82.26767828683853, ""patients"": 11, ""response_count"": 11, ""response_minutes"": 449.2492260983001, ""scene_count"": 11, ""scene_minutes"": 160.0, ""transport_count"": 10, ""transport_minutes"": 271.7999999999999}}","{""arrive_hospital"": 82, ""arrive_scene"": 40, ""hospital_release"": 58, ""patient_arrival"": 41, ""reposition_complete"": 37, ""restock_complete"": 37, ""scene_complete"": 39, ""transfer_ready"": 67}",27.190243,13.809757,0.33682333647700763,47.79161823443598,12.95,31.511538461538457,95.3717292469211,40,0.975609756097561,41,41,1
Station North,7,2007,"{""cardiac"": {""expected_lost"": 7.519064563776675, ""expected_saved"": 0.48093543622332496, ""mean_response_minutes"": 145.0608057509151, ""mean_scene_minutes"": 12.0, ""mean_transport_minutes"": 39.1, ""p90_response_minutes"": 322.82180745366014, ""patients"": 8, ""response_count"": 6, ""response_minutes"": 870.3648345054906, ""scene_count"": 6, ""scene_minutes"": 72.0, ""transport_count"": 5, ""transport_minutes"": 195.5}, ""minor"": {""expected_lost"": 2.2898123819930833, ""expected_saved"": 8.710187618006918, ""mean_response_minutes"": 57.921306461443734, ""mean_scene_minutes"": 10.0, ""mean_transport_minutes"": 42.368181818181796, ""p90_response_minutes"": 101.52504995959339, ""patients"": 11, ""response_count"": 11, ""response_minutes"": 637.1343710758811, ""scene_count"": 11, ""scene_minutes"": 110.0, ""transport_count"": 11, ""transport_minutes"": 466.0499999999997}, ""stroke"": {""expected_lost"": 8.282490054270587, ""expected_saved"": 4.717509945729412, ""mean_response_minutes"": 63.39963227212895, ""mean_scene_minutes"": 14.0, ""mean_transport_minutes"": 26.28461538461539, ""p90_response_minutes"": 71.2291320417391, ""patients"": 13, ""response_count"": 13, ""response_minutes"": 824.1952195376763, ""scene_count"": 13, ""scene_minutes"": 182.0, ""transport_count"": 13, ""transport_minutes"": 341.70000000000005}, ""trauma"": {""expected_lost"": 13.917202488754729, ""expected_saved"": 1.0827975112452717, ""mean_response_minutes"": 107.0122056061596, ""mean_scene_minutes"": 16.0, ""mean_transport_minutes"": 26.51538461538462, ""p90_response_minutes"": 309.38099777990556, ""patients"": 15, ""response_count"": 14, ""response_minutes"": 1498.1708784862344, ""scene_count"": 14, ""scene_minutes"": 224.0, ""transport_count"": 13, ""transport_minutes"": 344.70000000000005}}","{""arrive_hospital"": 86, ""arrive_scene"": 44, ""hospital_release"": 64, ""patient_arrival"": 47, ""reposition_complete"": 42, ""restock_complete"": 42, ""scene_complete"": 44, ""transfer_ready"": 71}",32.008569,14.991431,0.3189666066213814,87.04239326375644,13.363636363636363,32.094047619047615,264.5905125039223,44,0.9361702127659575,47,47,3
Station North,8,2008,"{""cardiac"": {""expected_lost"": 8.372553952499361, ""expected_saved"": 0.6274460471660785, ""mean_response_minutes"": 84.07081370098861, ""mean_scene_minutes"": 10.5, ""mean_transport_minutes"": 39.92857142857143, ""p90_response_minutes"": 235.00508311121058, ""patients"": 9, ""response_count"": 8, ""response_minutes"": 672.5665096079089, ""scene_count"": 8, ""scene_minutes"": 84.0, ""transport_count"": 7, ""transport_minutes"": 279.5}, ""minor"": {""expected_lost"": 1.6583544712193812, ""expected_saved"": 9.341645528780619, ""mean_response_minutes"": 46.11720635170655, ""mean_scene_minutes"": 10.0, ""mean_transport_minutes"": 40.78181818181818, ""p90_response_minutes"": 76.73682367643403, ""patients"": 11, ""response_count"": 11, ""response_minutes"": 507.28926986877207, ""scene_count"": 11, ""scene_minutes"": 110.0, ""transport_count"": 11, ""transport_minutes"": 448.6}, ""stroke"": {""expected_lost"": 6.844912318425905, ""expected_saved"": 4.155087681574095, ""mean_response_minutes"": 53.71281006536662, ""mean_scene_minutes"": 14.0, ""mean_transport_minutes"": 26.00454545454545, ""p90_response_minutes"": 122.07979768452066, ""patients"": 11, ""response_count"": 11, ""response_minutes"": 590.8409107190328, ""scene_count"": 11, ""scene_minutes"": 154.0, ""transport_count"": 11, ""transport_minutes"": 286.04999999999995}, ""trauma"": {""expected_lost"": 9.662660489632197, ""expected_saved"": 1.3373395103678039, ""mean_response_minutes"": 73.97878936624015, ""mean_scene_minutes"": 16.0, ""mean_transport_minutes"": 25.65454545454546, ""p90_response_minutes"": 214.4130352075342, ""patients"": 11, ""response_count"": 11, ""response_minutes"": 813.7666830286416, ""scene_count"": 11, ""scene_minutes"": 176.0, ""transport_count"": 11, ""transport_minutes"": 282.20000000000005}}","{""arrive_hospital"": 87, ""arrive_scene"": 41, ""hospital_release"": 61, ""patient_arrival"": 42, ""reposition_complete"": 39, ""restock_complete"": 40, ""scene_complete"": 40, ""transfer_ready"": 69}",26.538481,15.461519,0.36813139923544264,63.03569202986233,12.78048780487805,32.40875,175.32697426765398,41,0.9761904761904762,42,42,1
Station North,9,2009,"{""cardiac"": {""expected_lost"": 8.597793458269189, ""expected_saved"": 0.4022065417308114, ""mean_response_minutes"": 72.50221110036023, ""mean_scene_minutes"": 12.0, ""mean_transport_minutes"": 40.60625, ""p90_response_minutes"": 139.9452289879004, ""patients"": 9, ""response_count"": 8, ""response_minutes"": 580.0176888028818, ""scene_count"": 8, ""scene_minutes"": 96.0, ""transport_count"": 8, ""transport_minutes"": 324.85}, ""minor"": {""expected_lost"": 0.8906055294046498, ""expected_saved"": 8.10939447059535, ""mean_response_minutes"": 34.76696977260155, ""mean_scene_minutes"": 10.0, ""mean_transport_minutes"": 42.71111111111111, ""p90_response_minutes"": 59.60356047236301, ""patients"": 9, ""response_count"": 9, ""response_minutes"": 312.90272795341394, ""scene_count"": 9, ""scene_minutes"": 90.0, ""transport_count"": 9, ""transport_minutes"": 384.4}, ""stroke"": {""expected_lost"": 4.639382510076252, ""expected_saved"": 2.360617489923748, ""mean_response_minutes"": 42.482907831747795, ""mean_scene_minutes"": 14.0, ""mean_transport_minutes"": 27.892857142857142, ""p90_response_minutes"": 63.336176743270855, ""patients"": 7, ""response_count"": 7, ""response_minutes"": 297.38035482223455, ""scene_count"": 7, ""scene_minutes"": 98.0, ""transport_count"": 7, ""transport_minutes"": 195.25}, ""trauma"": {""expected_lost"": 9.24544126762925, ""expected_saved"": 1.754558732370751, ""mean_response_minutes"": 42.52462109712198, ""mean_scene_minutes"": 16.0, ""mean_transport_minutes"": 27.83636363636364, ""p90_response_minutes"": 107.15777591706569, ""patients"": 11, ""response_count"": 11, ""response_minutes"": 467.77083206834175, ""scene_count"": 11, ""scene_minutes"": 176.0, ""transport_count"": 11, ""transport_minutes"": 306.20000000000005}}","{""arrive_hospital"": 76, ""arrive_scene"": 35, ""hospital_release"": 57, ""patient_arrival"": 36, ""reposition_complete"": 35, ""restock_complete"": 35, ""scene_complete"": 35, ""transfer_ready"": 59}",23.373223,12.626777,0.3507438120727962,47.37347438991063,13.142857142857142,34.59142857142857,101.3595179686982,35,0.9722222222222222,36,36,1
Station North,10,2010,"{""cardiac"": {""expected_lost"": 17.317148207306985, ""expected_saved"": 0.6828517926930143, ""mean_response_minutes"": 67.05384388559466, ""mean_scene_minutes"": 12.0, ""mean_transport_minutes"": 39.627777777777766, ""p90_response_minutes"": 159.4186652040295, ""patients"": 18, ""response_count"": 10, ""response_minutes"": 670.5384388559467, ""scene_count"": 10, ""scene_minutes"": 120.0, ""transport_count"": 9, ""transport_minutes"": 356.64999999999986}, ""minor"": {""expected_lost"": 3.6289880709223414, ""expected_saved"": 11.371011929077659, ""mean_response_minutes"": 55.52766647612316, ""mean_scene_minutes"": 10.0, ""mean_transport_minutes"": 42.03214285714286, ""p90_response_minutes"": 83.79707044803212, ""patients"": 15, ""response_count"": 14, ""response_minutes"": 777.3873306657242, ""scene_count"": 14, ""scene_minutes"": 140.0, ""transport_count"": 14, ""transport_minutes"": 588.45}, ""stroke"": {""expected_lost"": 12.910231215055017, ""expected_saved"": 3.0897687849449826, ""mean_response_minutes"": 74.02940908006562, ""mean_scene_minutes"": 14.0, ""mean_transport_minutes"": 27.440909090909084, ""p90_response_minutes"": 162.8158740332869, ""patients"": 16, ""response_count"": 12, ""response_minutes"": 888.3529089607874, ""scene_count"": 12, ""scene_minutes"": 168.0, ""transport_count"": 11, ""transport_minutes"": 301.8499999999999}, ""trauma"": {""expected_lost"": 12.9900817886075, ""expected_saved"": 1.0099182113924998, ""mean_response_minutes"": 135.29521094009445, ""mean_scene_minutes"": 16.0, ""mean_transport_minutes"": 24.0, ""p90_response_minutes"": 393.9027470160045, ""patients"": 14, ""response_count"": 11, ""response_minutes"": 1488.247320341039, ""scene_count"": 11, ""scene_minutes"": 176.0, ""transport_count"": 11, ""transport_minutes"": 264.0}}","{""arrive_hospital"": 101, ""arrive_scene"": 47, ""hospital_release"": 66, ""patient_arrival"": 63, ""reposition_complete"": 44, ""restock_complete"": 44, ""scene_complete"": 47, ""transfer_ready"": 78}",46.846449,16.153551,0.2564055669540977,81.37289359198931,12.851063829787234,33.57666666666666,170.08415284605667,47,0.746031746031746,63,63,16
Station North,11,2011,"{""cardiac"": {""expected_lost"": 10.206791530221354, ""expected_saved"": 0.7932084697786452, ""mean_response_minutes"": 50.85625162304997, ""mean_scene_minutes"": 10.8, ""mean_transport_minutes"": 40.561111111111096, ""p90_response_minutes"": 137.09694320272266, ""patients"": 11, ""response_count"": 10, ""response_minutes"": 508.5625162304997, ""scene_count"": 10, ""scene_minutes"": 108.0, ""transport_count"": 9, ""transport_minutes"": 365.04999999999984}, ""minor"": {""expected_lost"": 1.3500527726909564, ""expected_saved"": 9.649947227309044, ""mean_response_minutes"": 37.38351417277586, ""mean_scene_minutes"": 10.0, ""mean_transport_minutes"": 39.99545454545452, ""p90_response_minutes"": 59.65087781372557, ""patients"": 11, ""response_count"": 11, ""response_minutes"": 411.2186559005345, ""scene_count"": 11, ""scene_minutes"": 110.0, ""transport_count"": 11, ""transport_minutes"": 439.94999999999976}, ""stroke"": {""expected_lost"": 4.465870288243599, ""expected_saved"": 2.5341297117564, ""mean_response_minutes"": 44.03790952120407, ""mean_scene_minutes"": 14.0, ""mean_transport_minutes"": 27.142857142857142, ""p90_response_minutes"": 70.68738905107311, ""patients"": 7, ""response_count"": 7, ""response_minutes"": 308.2653666484285, ""scene_count"": 7, ""scene_minutes"": 98.0, ""transport_count"": 7, ""transport_minutes"": 190.0}, ""trauma"": {""expected_lost"": 9.910160570319487, ""expected_saved"": 1.0898394296805138, ""mean_response_minutes"": 78.70999171851993, ""mean_scene_minutes"": 16.0, ""mean_transport_minutes"": 27.075, ""p90_response_minutes"": 138.61059400286172, ""patients"": 11, ""response_count"": 10, ""response_minutes"": 787.0999171851993, ""scene_count"": 10, ""scene_minutes"": 160.0, ""transport_count"": 10, ""transport_minutes"": 270.75}}","{""arrive_hospital"": 83, ""arrive_scene"": 38, ""hospital_release"": 57, ""patient_arrival"": 40, ""reposition_complete"": 36, ""restock_complete"": 36, ""scene_complete"": 37, ""transfer_ready"": 63}",25.932875,14.067125,0.351678120963115,53.03016989380689,12.526315789473685,34.209459459459445,130.35458551191448,38,0.95,40,40,2
Station North,12,2012,"{""cardiac"": {""expected_lost"": 13.324907402491045, ""expected_saved"": 0.6750925975089538, ""mean_response_minutes"": 66.70767134246324, ""mean_scene_minutes"": 12.0, ""mean_transport_minutes"": 40.60769230769229, ""p90_response_minutes"": 127.82271626818894, ""patients"": 14, ""response_count"": 13, ""response_minutes"": 867.1997274520222, ""scene_count"": 13, ""scene_minutes"": 156.0, ""transport_count"": 13, ""transport_minutes"": 527.8999999999997}, ""minor"": {""expected_lost"": 2.9132873744143586, ""expected_saved"": 10.08671262558564, ""mean_response_minutes"": 45.94564308150168, ""mean_scene_minutes"": 10.0, ""mean_transport_minutes"": 36.550000000000004, ""p90_response_minutes"": 78.16929916851005, ""patients"": 13, ""response_count"": 12, ""response_minutes"": 551.3477169780201, ""scene_count"": 12, ""scene_minutes"": 120.0, ""transport_count"": 12, ""transport_minutes"": 438.6}, ""stroke"": {""expected_lost"": 10.885411924370063, ""expected_saved"": 3.114588075629937, ""mean_response_minutes"": 105.22388410757758, ""mean_scene_minutes"": 14.0, ""mean_transport_minutes"": 28.957142857142856, ""p90_response_minutes"": 194.71533372243053, ""patients"": 14, ""response_count"": 14, ""response_minutes"": 1473.1343775060861, ""scene_count"": 14, ""scene_minutes"": 196.0, ""transport_count"": 14, ""transport_minutes"": 405.4}, ""trauma"": {""expected_lost"": 7.428585751260611, ""expected_saved"": 0.5714142487393887, ""mean_response_minutes"": 130.72694335650323, ""mean_scene_minutes"": 16.000000000000004, ""mean_transport_minutes"": 26.84000000000001, ""p90_response_minutes"": 323.69749488089303, ""patients"": 8, ""response_count"": 7, ""response_minutes"": 915.0886034955226, ""scene_count"": 7, ""scene_minutes"": 112.00000000000003, ""transport_count"": 5, ""transport_minutes"": 134.20000000000005}}","{""arrive_hospital"": 106, ""arrive_scene"": 46, ""hospital_release"": 71, ""patient_arrival"": 49, ""reposition_complete"": 43, ""restock_complete"": 43, ""scene_complete"": 46, ""transfer_ready"": 81}",34.552192,14.447808,0.2948532152543657,82.75587881373156,12.695652173913043,34.229545454545445,161.27941293120665,46,0.9387755102040817,49,49,3
Station North,13,2013,"{""cardiac"": {""expected_lost"": 2.4112466369740373, ""expected_saved"": 0.5887533630259627, ""mean_response_minutes"": 16.0, ""mean_scene_minutes"": 12.0, ""mean_transport_minutes"": 39.0, ""p90_response_minutes"": 21.8, ""patients"": 3, ""response_count"": 3, ""response_minutes"": 48.0, ""scene_count"": 3, ""scene_minutes"": 36.0, ""transport_count"": 3, ""transport_minutes"": 117.0}, ""minor"": {""expected_lost"": 1.2649092386032348, ""expected_saved"": 8.735090761396766, ""mean_response_minutes"": 38.967216843490014, ""mean_scene_minutes"": 10.0, ""mean_transport_minutes"": 40.08, ""p90_response_minutes"": 60.22838263433041, ""patients"": 10, ""response_count"": 10, ""response_minutes"": 389.67216843490013, ""scene_count"": 10, ""scene_minutes"": 100.0, ""transport_count"": 10, ""transport_minutes"": 400.79999999999995}, ""stroke"": {""expected_lost"": 7.764439681859953, ""expected_saved"": 5.235560318140045, ""mean_response_minutes"": 40.28306370081135, ""mean_scene_minutes"": 14.000000000000009, ""mean_transport_minutes"": 24.71923076923078, ""p90_response_minutes"": 98.58772352993957, ""patients"": 13, ""response_count"": 13, ""response_minutes"": 523.6798281105475, ""scene_count"": 13, ""scene_minutes"": 182.0000000000001, ""transport_count"": 13, ""transport_minutes"": 321.35000000000014}, ""trauma"": {""expected_lost"": 7.778797212003291, ""expected_saved"": 1.2212027879967073, ""mean_response_minutes"": 63.33230380164697, ""mean_scene_minutes"": 16.0, ""mean_transport_minutes"": 27.466666666666672, ""p90_response_minutes"": 169.07632220670502, ""patients"": 9, ""response_count"": 9, ""response_minutes"": 569.9907342148227, ""scene_count"": 9, ""scene_minutes"": 144.0, ""transport_count"": 9, ""transport_minutes"": 247.20000000000005}}","{""arrive_hospital"": 72, ""arrive_scene"": 35, ""hospital_release"": 52, ""patient_arrival"": 35, ""reposition_complete"": 33, ""restock_complete"": 33, ""scene_complete"": 35, ""transfer_ready"": 58}",19.219393,15.780607,0.45087449230169924,43.75264945029344,13.200000000000003,31.038571428571434,108.83256826981824,35,1.0,35,35,0
Station North,14,2014,"{""cardiac"": {""expected_lost"": 11.425675165547545, ""expected_saved"": 0.5743248344524555, ""mean_response_minutes"": 76.66795838622393, ""mean_scene_minutes"": 12.0, ""mean_transport_minutes"": 41.31666666666663, ""p90_response_minutes"": 185.2949416701764, ""patients"": 12, ""response_count"": 6, ""response_minutes"": 460.00775031734355, ""scene_count"": 6, ""scene_minutes"": 72.0, ""transport_count"": 6, ""transport_minutes"": 247.89999999999975}, ""minor"": {""expected_lost"": 6.6875002601298466, ""expected_saved"": 12.312499739870152, ""mean_response_minutes"": 92.19095055315735, ""mean_scene_minutes"": 10.0, ""mean_transport_minutes"": 41.09117647058823, ""p90_response_minutes"": 169.15493954472447, ""patients"": 19, ""response_count"": 17, ""response_minutes"": 1567.246159403675, ""scene_count"": 17, ""scene_minutes"": 170.0, ""transport_count"": 17, ""transport_minutes"": 698.55}, ""stroke"": {""expected_lost"": 8.799948652601262, ""expected_saved"": 3.2000513473987366, ""mean_response_minutes"": 93.68860844650176, ""mean_scene_minutes"": 12.6, ""mean_transport_minutes"": 27.20555555555552, ""p90_response_minutes"": 112.08126223831715, ""patients"": 12, ""response_count"": 10, ""response_minutes"": 936.8860844650176, ""scene_count"": 10, ""scene_minutes"": 126.0, ""transport_count"": 9, ""transport_minutes"": 244.84999999999968}, ""trauma"": {""expected_lost"": 14.894096881403526, ""expected_saved"": 1.1059031185964756, ""mean_response_minutes"": 49.36890229323549, ""mean_scene_minutes"": 16.0, ""mean_transport_minutes"": 27.08181818181819, ""p90_response_minutes"": 82.81582750117127, ""patients"": 16, ""response_count"": 11, ""response_minutes"": 543.0579252255905, ""scene_count"": 11, ""scene_minutes"": 176.0, ""transport_count"": 11, ""transport_minutes"": 297.9000000000001}}","{""arrive_hospital"": 98, ""arrive_scene"": 44, ""hospital_release"": 67, ""patient_arrival"": 59, ""reposition_complete"": 43, ""restock_complete"": 43, ""scene_complete"": 43, ""transfer_ready"": 75}",41.807221,17.192779,0.29140303458165784,79.70904362299152,12.363636363636363,34.63255813953488,130.38346548667568,44,0.7457627118644068,59,59,15
Station North,15,2015,"{""cardiac"": {""expected_lost"": 9.599848616679159, ""expected_saved"": 1.4001513833208419, ""mean_response_minutes"": 27.94842626710674, ""mean_scene_minutes"": 12.0, ""mean_transport_minutes"": 37.82727272727272, ""p90_response_minutes"": 44.06412527218379, ""patients"": 11, ""response_count"": 11, ""response_minutes"": 307.4326889381741, ""scene_count"": 11, ""scene_minutes"": 132.0, ""transport_count"": 11, ""transport_minutes"": 416.0999999999999}, ""minor"": {""expected_lost"": 1.5637622693571704, ""expected_saved"": 5.436237730642829, ""mean_response_minutes"": 45.58321863975933, ""mean_scene_minutes"": 10.0, ""mean_transport_minutes"": 39.0, ""p90_response_minutes"": 64.2641722189529, ""patients"": 7, ""response_count"": 7, ""response_minutes"": 319.08253047831533, ""scene_count"": 7, ""scene_minutes"": 70.0, ""transport_count"": 6, ""transport_minutes"": 234.0}, ""stroke"": {""expected_lost"": 3.799377197903199, ""expected_saved"": 1.2006228020968008, ""mean_response_minutes"": 58.39670798521388, ""mean_scene_minutes"": 14.0, ""mean_transport_minutes"": 29.5, ""p90_response_minutes"": 98.29434196777335, ""patients"": 5, ""response_count"": 4, ""response_minutes"": 233.58683194085552, ""scene_count"": 4, ""scene_minutes"": 56.0, ""transport_count"": 4, ""transport_minutes"": 118.0}, ""trauma"": {""expected_lost"": 10.59139563319197, ""expected_saved"": 2.408604366808029, ""mean_response_minutes"": 21.770047014908506, ""mean_scene_minutes"": 16.0, ""mean_transport_minutes"": 23.08636363636364, ""p90_response_minutes"": 36.03493711898216, ""patients"": 13, ""response_count"": 11, ""response_minutes"": 239.47051716399358, ""scene_count"": 11, ""scene_minutes"": 176.0, ""transport_count"": 11, ""transport_minutes"": 253.95000000000005}}","{""arrive_hospital"": 70, ""arrive_scene"": 33, ""hospital_release"": 49, ""patient_arrival"": 36, ""reposition_complete"": 31, ""restock_complete"": 32, ""scene_complete"": 33, ""transfer_ready"": 53}",25.554384,10.445616,0.29015600785745826,33.32038086428299,13.151515151515152,31.9390625,49.73974266018423,33,0.9166666666666666,36,36,3
Station North,16,2016,"{""cardiac"": {""expected_lost"": 7.997298946777164, ""expected_saved"": 1.002701053222836, ""mean_response_minutes"": 45.80780733454113, ""mean_scene_minutes"": 12.0, ""mean_transport_minutes"": 40.18333333333331, ""p90_response_minutes"": 90.14629053047835, ""patients"": 9, ""response_count"": 9, ""response_minutes"": 412.27026601087016, ""scene_count"": 9, ""scene_minutes"": 108.0, ""transport_count"": 9, ""transport_minutes"": 361.6499999999998}, ""minor"": {""expected_lost"": 2.8075141728574806, ""expected_saved"": 12.19248582714252, ""mean_response_minutes"": 55.419063048331026, ""mean_scene_minutes"": 10.0, ""mean_transport_minutes"": 39.199999999999996, ""p90_response_minutes"": 76.1873942844289, ""patients"": 15, ""response_count"": 15, ""response_minutes"": 831.2859457249654, ""scene_count"": 15, ""scene_minutes"": 150.0, ""transport_count"": 15, ""transport_minutes"": 587.9999999999999}, ""stroke"": {""expected_lost"": 9.229010375990523, ""expected_saved"": 2.7709896240094767, ""mean_response_minutes"": 69.51520320643681, ""mean_scene_minutes"": 12.727272727272718, ""mean_transport_minutes"": 29.599999999999994, ""p90_response_minutes"": 94.88951308003539, ""patients"": 12, ""response_count"": 11, ""response_minutes"": 764.6672352708049, ""scene_count"": 11, ""scene_minutes"": 139.9999999999999, ""transport_count"": 10, ""transport_minutes"": 295.99999999999994}, ""trauma"": {""expected_lost"": 7.560864459342823, ""expected_saved"": 0.43913554041601355, ""mean_response_minutes"": 148.13431229944248, ""mean_scene_minutes"": 16.0, ""mean_transport_minutes"": 30.5, ""p90_response_minutes"": 384.4086597672368, ""patients"": 8, ""response_count"": 6, ""response_minutes"": 888.805873796655, ""scene_count"": 6, ""scene_minutes"": 96.0, ""transport_count"": 6, ""transport_minutes"": 183.0}}","{""arrive_hospital"": 98, ""arrive_scene"": 41, ""hospital_release"": 64, ""patient_arrival"": 44, ""reposition_complete"": 39, ""restock_complete"": 40, ""scene_complete"": 40, ""transfer_ready"": 73}",27.594688,16.405312,0.3728480010179736,70.65925172690964,12.048780487804875,35.71624999999999,94.88951308003539,41,0.9318181818181818,44,44,3
Station North,17,2017,"{""cardiac"": {""expected_lost"": 8.627154168909065, ""expected_saved"": 0.3728458310909345, ""mean_response_minutes"": 110.60038560479003, ""mean_scene_minutes"": 12.000000000000016, ""mean_transport_minutes"": 41.02857142857141, ""p90_response_minutes"": 248.72489012559737, ""patients"": 9, ""response_count"": 7, ""response_minutes"": 774.2026992335302, ""scene_count"": 7, ""scene_minutes"": 84.00000000000011, ""transport_count"": 7, ""transport_minutes"": 287.1999999999999}, ""minor"": {""expected_lost"": 5.275459618318455, ""expected_saved"": 10.724540381681544, ""mean_response_minutes"": 86.6843737235304, ""mean_scene_minutes"": 10.0, ""mean_transport_minutes"": 41.81666666666667, ""p90_response_minutes"": 203.25850351190763, ""patients"": 16, ""response_count"": 15, ""response_minutes"": 1300.265605852956, ""scene_count"": 15, ""scene_minutes"": 150.0, ""transport_count"": 15, ""transport_minutes"": 627.25}, ""stroke"": {""expected_lost"": 4.561899951495873, ""expected_saved"": 3.4381000485041273, ""mean_response_minutes"": 54.2267872838692, ""mean_scene_minutes"": 14.0, ""mean_transport_minutes"": 25.75, ""p90_response_minutes"": 110.50672739480736, ""patients"": 8, ""response_count"": 8, ""response_minutes"": 433.8142982709536, ""scene_count"": 8, ""scene_minutes"": 112.0, ""transport_count"": 8, ""transport_minutes"": 206.0}, ""trauma"": {""expected_lost"": 13.142174890852441, ""expected_saved"": 0.8578251091475588, ""mean_response_minutes"": 122.6769710326223, ""mean_scene_minutes"": 16.0, ""mean_transport_minutes"": 29.720000000000006, ""p90_response_minutes"": 373.95210322462606, ""patients"": 14, ""response_count"": 11, ""response_minutes"": 1349.4466813588454, ""scene_count"": 11, ""scene_minutes"": 176.0, ""transport_count"": 10, ""transport_minutes"": 297.20000000000005}}","{""arrive_hospital"": 89, ""arrive_mortuary"": 1, ""arrive_scene"": 41, ""hospital_release"": 63, ""patient_arrival"": 47, ""reposition_complete"": 39, ""restock_complete"": 39, ""scene_complete"": 41, ""transfer_ready"": 68}",31.606689,15.393311,0.3275172632005143,94.09095816381186,12.731707317073173,35.44125,262.79692708021855,41,0.8723404255319149,47,47,6
Station North,18,2018,"{""cardiac"": {""expected_lost"": 11.045030788240467, ""expected_saved"": 0.9549692116494982, ""mean_response_minutes"": 76.53868066962542, ""mean_scene_minutes"": 12.0, ""mean_transport_minutes"": 36.39090909090908, ""p90_response_minutes"": 99.79744053504578, ""patients"": 12, ""response_count"": 11, ""response_minutes"": 841.9254873658797, ""scene_count"": 11, ""scene_minutes"": 132.0, ""transport_count"": 11, ""transport_minutes"": 400.29999999999995}, ""minor"": {""expected_lost"": 4.807367957386979, ""expected_saved"": 11.192632042613019, ""mean_response_minutes"": 76.33077864278333, ""mean_scene_minutes"": 10.0, ""mean_transport_minutes"": 40.75666666666666, ""p90_response_minutes"": 158.9373721075053, ""patients"": 16, ""response_count"": 15, ""response_minutes"": 1144.96167964175, ""scene_count"": 15, ""scene_minutes"": 150.0, ""transport_count"": 15, ""transport_minutes"": 611.3499999999999}, ""stroke"": {""expected_lost"": 8.2387420063287, ""expected_saved"": 1.7612579936713018, ""mean_response_minutes"": 115.03835257451664, ""mean_scene_minutes"": 13.999999999999998, ""mean_transport_minutes"": 24.285714285714285, ""p90_response_minutes"": 307.7608080735349, ""patients"": 10, ""response_count"": 8, ""response_minutes"": 920.3068205961331, ""scene_count"": 8, ""scene_minutes"": 111.99999999999999, ""transport_count"": 7, ""transport_minutes"": 170.0}, ""trauma"": {""expected_lost"": 7.853532097614989, ""expected_saved"": 1.146467902385011, ""mean_response_minutes"": 51.65877741710985, ""mean_scene_minutes"": 16.0, ""mean_transport_minutes"": 26.161111111111122, ""p90_response_minutes"": 94.44168238379882, ""patients"": 9, ""response_count"": 9, ""response_minutes"": 464.92899675398866, ""scene_count"": 9, ""scene_minutes"": 144.0, ""transport_count"": 9, ""transport_minutes"": 235.4500000000001}}","{""arrive_hospital"": 98, ""arrive_scene"": 43, ""hospital_release"": 67, ""patient_arrival"": 47, ""reposition_complete"": 41, ""restock_complete"": 41, ""scene_complete"": 43, ""transfer_ready"": 72}",31.944673,15.055327,0.32032610958125174,78.42146475250584,12.511627906976743,33.74047619047619,166.38465194253567,43,0.9148936170212766,47,47,4
Station North,19,2019,"{""cardiac"": {""expected_lost"": 13.979915887247726, ""expected_saved"": 1.0200841127522748, ""mean_response_minutes"": 45.724515569419914, ""mean_scene_minutes"": 12.0, ""mean_transport_minutes"": 39.684615384615356, ""p90_response_minutes"": 83.99600238128683, ""patients"": 15, ""response_count"": 13, ""response_minutes"": 594.4187024024588, ""scene_count"": 13, ""scene_minutes"": 156.0, ""transport_count"": 13, ""transport_minutes"": 515.8999999999996}, ""minor"": {""expected_lost"": 1.1403190998372712, ""expected_saved"": 5.859680900162728, ""mean_response_minutes"": 49.53866188932825, ""mean_scene_minutes"": 10.0, ""mean_transport_minutes"": 40.214285714285715, ""p90_response_minutes"": 79.45007063944712, ""patients"": 7, ""response_count"": 7, ""response_minutes"": 346.7706332252978, ""scene_count"": 7, ""scene_minutes"": 70.0, ""transport_count"": 7, ""transport_minutes"": 281.5}, ""stroke"": {""expected_lost"": 6.976929269421532, ""expected_saved"": 3.023070730578468, ""mean_response_minutes"": 31.95889994696258, ""mean_scene_minutes"": 14.0, ""mean_transport_minutes"": 25.285714285714285, ""p90_response_minutes"": 56.87619942908219, ""patients"": 10, ""response_count"": 7, ""response_minutes"": 223.71229962873804, ""scene_count"": 7, ""scene_minutes"": 98.0, ""transport_count"": 7, ""transport_minutes"": 177.0}, ""trauma"": {""expected_lost"": 13.199652012786181, ""expected_saved"": 1.8003479872138177, ""mean_response_minutes"": 39.753370223083444, ""mean_scene_minutes"": 16.0, ""mean_transport_minutes"": 21.645833333333332, ""p90_response_minutes"": 67.8989950124082, ""patients"": 15, ""response_count"": 12, ""response_minutes"": 477.04044267700135, ""scene_count"": 12, ""scene_minutes"": 192.0, ""transport_count"": 12, ""transport_minutes"": 259.75}}","{""arrive_hospital"": 83, ""arrive_scene"": 39, ""hospital_release"": 59, ""patient_arrival"": 47, ""reposition_complete"": 36, ""restock_complete"": 37, ""scene_complete"": 39, ""transfer_ready"": 62}",35.296816,11.703184,0.2490039091639848,42.101078921371695,13.23076923076923,31.644871794871786,77.93043098019237,39,0.8297872340425532,47,47,8
Station North,20,2020,"{""cardiac"": {""expected_lost"": 3.641281599872559, ""expected_saved"": 0.35871840012744094, ""mean_response_minutes"": 34.112230679920195, ""mean_scene_minutes"": 12.0, ""mean_transport_minutes"": 41.583333333333336, ""p90_response_minutes"": 56.71935363180847, ""patients"": 4, ""response_count"": 3, ""response_minutes"": 102.33669203976058, ""scene_count"": 3, ""scene_minutes"": 36.0, ""transport_count"": 3, ""transport_minutes"": 124.75}, ""minor"": {""expected_lost"": 2.080930115207443, ""expected_saved"": 15.919069884792558, ""mean_response_minutes"": 36.82576179646159, ""mean_scene_minutes"": 10.0, ""mean_transport_minutes"": 40.333333333333336, ""p90_response_minutes"": 74.81658115622287, ""patients"": 18, ""response_count"": 18, ""response_minutes"": 662.8637123363087, ""scene_count"": 18, ""scene_minutes"": 180.0, ""transport_count"": 18, ""transport_minutes"": 726.0}, ""stroke"": {""expected_lost"": 6.640709710080147, ""expected_saved"": 1.3592902899198531, ""mean_response_minutes"": 245.60080330355476, ""mean_scene_minutes"": 14.0, ""mean_transport_minutes"": 26.785714285714285, ""p90_response_minutes"": 530.4537497492495, ""patients"": 8, ""response_count"": 7, ""response_minutes"": 1719.2056231248832, ""scene_count"": 7, ""scene_minutes"": 98.0, ""transport_count"": 7, ""transport_minutes"": 187.5}, ""trauma"": {""expected_lost"": 9.75438321432102, ""expected_saved"": 1.2456167856789788, ""mean_response_minutes"": 40.562131955952395, ""mean_scene_minutes"": 15.999999999999995, ""mean_transport_minutes"": 25.0, ""p90_response_minutes"": 64.26468499893751, ""patients"": 11, ""response_count"": 10, ""response_minutes"": 405.62131955952395, ""scene_count"": 10, ""scene_minutes"": 159.99999999999994, ""transport_count"": 10, ""transport_minutes"": 250.0}}","{""arrive_hospital"": 87, ""arrive_scene"": 38, ""hospital_release"": 58, ""patient_arrival"": 41, ""reposition_complete"": 37, ""restock_complete"": 38, ""scene_complete"": 38, ""transfer_ready"": 66}",22.117305,18.882695,0.46055354537850796,76.05335123843358,12.473684210526315,33.901315789473685,150.05902121278922,38,0.926829268292683,41,41,3
Station North,21,2021,"{""cardiac"": {""expected_lost"": 10.590395851937018, ""expected_saved"": 0.4096041480629837, ""mean_response_minutes"": 52.09592703085176, ""mean_scene_minutes"": 12.0, ""mean_transport_minutes"": 41.17142857142858, ""p90_response_minutes"": 85.10736214113363, ""patients"": 11, ""response_count"": 7, ""response_minutes"": 364.6714892159623, ""scene_count"": 7, ""scene_minutes"": 84.0, ""transport_count"": 7, ""transport_minutes"": 288.20000000000005}, ""minor"": {""expected_lost"": 2.028278368766289, ""expected_saved"": 9.97172163123371, ""mean_response_minutes"": 51.44022133812357, ""mean_scene_minutes"": 10.0, ""mean_transport_minutes"": 38.779166666666676, ""p90_response_minutes"": 74.13563031890648, ""patients"": 12, ""response_count"": 12, ""response_minutes"": 617.2826560574829, ""scene_count"": 12, ""scene_minutes"": 120.0, ""transport_count"": 12, ""transport_minutes"": 465.35000000000014}, ""stroke"": {""expected_lost"": 9.517966558581863, ""expected_saved"": 3.482033441418138, ""mean_response_minutes"": 53.17812369391356, ""mean_scene_minutes"": 12.6, ""mean_transport_minutes"": 27.14444444444444, ""p90_response_minutes"": 68.13144553503122, ""patients"": 13, ""response_count"": 10, ""response_minutes"": 531.7812369391356, ""scene_count"": 10, ""scene_minutes"": 126.0, ""transport_count"": 9, ""transport_minutes"": 244.29999999999995}, ""trauma"": {""expected_lost"": 19.7861786259797, ""expected_saved"": 1.2138213740202992, ""mean_response_minutes"": 69.49860352595798, ""mean_scene_minutes"": 16.0, ""mean_transport_minutes"": 25.01666666666667, ""p90_response_minutes"": 102.00096445557686, ""patients"": 21, ""response_count"": 13, ""response_minutes"": 903.4818458374538, ""scene_count"": 13, ""scene_minutes"": 208.0, ""transport_count"": 12, ""transport_minutes"": 300.20000000000005}}","{""arrive_hospital"": 85, ""arrive_scene"": 42, ""hospital_release"": 59, ""patient_arrival"": 57, ""reposition_complete"": 39, ""restock_complete"": 39, ""scene_complete"": 41, ""transfer_ready"": 67}",41.922819,15.077181,0.2645119402585111,57.55279114404844,12.80952380952381,32.45125,103.56427580009402,42,0.7368421052631579,57,57,15
Station North,22,2022,"{""cardiac"": {""expected_lost"": 14.181759380643165, ""expected_saved"": 0.8182406193568363, ""mean_response_minutes"": 55.08289767931734, ""mean_scene_minutes"": 12.0, ""mean_transport_minutes"": 38.36, ""p90_response_minutes"": 109.52093589109403, ""patients"": 15, ""response_count"": 10, ""response_minutes"": 550.8289767931734, ""scene_count"": 10, ""scene_minutes"": 120.0, ""transport_count"": 10, ""transport_minutes"": 383.6}, ""minor"": {""expected_lost"": 2.2090106315748654, ""expected_saved"": 10.790989368425134, ""mean_response_minutes"": 48.63909474645737, ""mean_scene_minutes"": 10.0, ""mean_transport_minutes"": 42.64230769230766, ""p90_response_minutes"": 83.24412533435576, ""patients"": 13, ""response_count"": 13, ""response_minutes"": 632.3082317039458, ""scene_count"": 13, ""scene_minutes"": 130.0, ""transport_count"": 13, ""transport_minutes"": 554.3499999999996}, ""stroke"": {""expected_lost"": 11.429732679980136, ""expected_saved"": 2.5702673200198665, ""mean_response_minutes"": 122.21844331804702, ""mean_scene_minutes"": 14.0, ""mean_transport_minutes"": 26.883333333333315, ""p90_response_minutes"": 296.4955066769064, ""patients"": 14, ""response_count"": 13, ""response_minutes"": 1588.8397631346113, ""scene_count"": 13, ""scene_minutes"": 182.0, ""transport_count"": 12, ""transport_minutes"": 322.5999999999998}, ""trauma"": {""expected_lost"": 8.327001330291754, ""expected_saved"": 0.6729986697082447, ""mean_response_minutes"": 117.49447207919872, ""mean_scene_minutes"": 16.0, ""mean_transport_minutes"": 26.166666666666668, ""p90_response_minutes"": 288.00842921162456, ""patients"": 9, ""response_count"": 6, ""response_minutes"": 704.9668324751923, ""scene_count"": 6, ""scene_minutes"": 96.0, ""transport_count"": 6, ""transport_minutes"": 157.0}}","{""arrive_hospital"": 97, ""arrive_scene"": 42, ""hospital_release"": 65, ""patient_arrival"": 51, ""reposition_complete"": 39, ""restock_complete"": 39, ""scene_complete"": 42, ""transfer_ready"": 75}",36.147504,14.852496,0.29122541132372726,82.78437628826006,12.571428571428571,34.57439024390242,200.42494983238709,42,0.8235294117647058,51,51,9
Station North,23,2023,"{""cardiac"": {""expected_lost"": 13.503861432767211, ""expected_saved"": 0.4961385672327895, ""mean_response_minutes"": 45.87341194417322, ""mean_scene_minutes"": 12.0, ""mean_transport_minutes"": 41.8333333333333, ""p90_response_minutes"": 72.8989190784128, ""patients"": 14, ""response_count"": 6, ""response_minutes"": 275.2404716650393, ""scene_count"": 6, ""scene_minutes"": 72.0, ""transport_count"": 6, ""transport_minutes"": 250.9999999999998}, ""minor"": {""expected_lost"": 3.9518359194273383, ""expected_saved"": 13.04816408057266, ""mean_response_minutes"": 52.1984777324216, ""mean_scene_minutes"": 10.0, ""mean_transport_minutes"": 39.78125, ""p90_response_minutes"": 80.26077986434046, ""patients"": 17, ""response_count"": 16, ""response_minutes"": 835.1756437187456, ""scene_count"": 16, ""scene_minutes"": 160.0, ""transport_count"": 16, ""transport_minutes"": 636.5}, ""stroke"": {""expected_lost"": 9.453555384697513, ""expected_saved"": 2.5464446153024873, ""mean_response_minutes"": 108.79904940481973, ""mean_scene_minutes"": 14.0, ""mean_transport_minutes"": 26.1, ""p90_response_minutes"": 284.88949400221327, ""patients"": 12, ""response_count"": 10, ""response_minutes"": 1087.9904940481972, ""scene_count"": 10, ""scene_minutes"": 140.0, ""transport_count"": 10, ""transport_minutes"": 261.0}, ""trauma"": {""expected_lost"": 9.405068814595598, ""expected_saved"": 0.5949311854044005, ""mean_response_minutes"": 46.42554982207609, ""mean_scene_minutes"": 16.0, ""mean_transport_minutes"": 29.080000000000005, ""p90_response_minutes"": 73.55623650917431, ""patients"": 10, ""response_count"": 7, ""response_minutes"": 324.97884875453263, ""scene_count"": 7, ""scene_minutes"": 112.0, ""transport_count"": 5, ""transport_minutes"": 145.40000000000003}}","{""arrive_hospital"": 90, ""arrive_scene"": 39, ""hospital_release"": 62, ""patient_arrival"": 53, ""reposition_complete"": 36, ""restock_complete"": 36, ""scene_complete"": 39, ""transfer_ready"": 69}",36.314322,16.685678,0.3148241216700442,64.70219123555165,12.41025641025641,34.97027027027027,108.21809202288733,39,0.7358490566037735,53,53,14
Station North,24,2024,"{""cardiac"": {""expected_lost"": 8.990577692362404, ""expected_saved"": 0.009422307637597264, ""mean_response_minutes"": 82.79178488244975, ""mean_scene_minutes"": 12.0, ""mean_transport_minutes"": 40.0, ""p90_response_minutes"": 82.79178488244975, ""patients"": 9, ""response_count"": 1, ""response_minutes"": 82.79178488244975, ""scene_count"": 1, ""scene_minutes"": 12.0, ""transport_count"": 1, ""transport_minutes"": 40.0}, ""minor"": {""expected_lost"": 5.5192613783418745, ""expected_saved"": 13.480738621658126, ""mean_response_minutes"": 50.641812599392566, ""mean_scene_minutes"": 10.0, ""mean_transport_minutes"": 41.20624999999997, ""p90_response_minutes"": 97.01117922033188, ""patients"": 19, ""response_count"": 17, ""response_minutes"": 860.9108141896736, ""scene_count"": 17, ""scene_minutes"": 170.0, ""transport_count"": 16, ""transport_minutes"": 659.2999999999995}, ""stroke"": {""expected_lost"": 12.17464373498334, ""expected_saved"": 5.825356265016662, ""mean_response_minutes"": 36.672018239665526, ""mean_scene_minutes"": 13.999999999999996, ""mean_transport_minutes"": 26.349999999999998, ""p90_response_minutes"": 75.41941914439542, ""patients"": 18, ""response_count"": 14, ""response_minutes"": 513.4082553553174, ""scene_count"": 14, ""scene_minutes"": 195.99999999999994, ""transport_count"": 14, ""transport_minutes"": 368.9}, ""trauma"": {""expected_lost"": 11.856915922518816, ""expected_saved"": 1.1430840774811837, ""mean_response_minutes"": 32.836890336534225, ""mean_scene_minutes"": 16.0, ""mean_transport_minutes"": 26.375, ""p90_response_minutes"": 40.401162116257524, ""patients"": 13, ""response_count"": 8, ""response_minutes"": 262.6951226922738, ""scene_count"": 8, ""scene_minutes"": 128.0, ""transport_count"": 8, ""transport_minutes"": 211.0}}","{""arrive_hospital"": 85, ""arrive_scene"": 40, ""hospital_release"": 62, ""patient_arrival"": 59, ""reposition_complete"": 38, ""restock_complete"": 38, ""scene_complete"": 40, ""transfer_ready"": 69}",38.541399,20.458601,0.3467559537592129,42.995149427992864,12.649999999999999,32.79999999999998,89.8597925959152,40,0.6779661016949152,59,59,19
Station North,25,2025,"{""cardiac"": {""expected_lost"": 8.359405495877455, ""expected_saved"": 0.6405945041225445, ""mean_response_minutes"": 67.37504626325004, ""mean_scene_minutes"": 12.0, ""mean_transport_minutes"": 41.162499999999994, ""p90_response_minutes"": 145.05648409307466, ""patients"": 9, ""response_count"": 8, ""response_minutes"": 539.0003701060003, ""scene_count"": 8, ""scene_minutes"": 96.0, ""transport_count"": 8, ""transport_minutes"": 329.29999999999995}, ""minor"": {""expected_lost"": 1.474532650947661, ""expected_saved"": 8.525467349052338, ""mean_response_minutes"": 31.228656025712542, ""mean_scene_minutes"": 10.0, ""mean_transport_minutes"": 42.04444444444445, ""p90_response_minutes"": 49.54171894879938, ""patients"": 10, ""response_count"": 10, ""response_minutes"": 312.2865602571254, ""scene_count"": 10, ""scene_minutes"": 100.0, ""transport_count"": 9, ""transport_minutes"": 378.4000000000001}, ""stroke"": {""expected_lost"": 5.508281041651809, ""expected_saved"": 2.4917189583481916, ""mean_response_minutes"": 62.4463709149782, ""mean_scene_minutes"": 14.0, ""mean_transport_minutes"": 27.5, ""p90_response_minutes"": 125.94463279489287, ""patients"": 8, ""response_count"": 8, ""response_minutes"": 499.5709673198256, ""scene_count"": 8, ""scene_minutes"": 112.0, ""transport_count"": 8, ""transport_minutes"": 220.0}, ""trauma"": {""expected_lost"": 14.847132445986691, ""expected_saved"": 1.1528675540133118, ""mean_response_minutes"": 87.48189992201267, ""mean_scene_minutes"": 16.0, ""mean_transport_minutes"": 28.57142857142858, ""p90_response_minutes"": 183.2370958342627, ""patients"": 16, ""response_count"": 14, ""response_minutes"": 1224.7465989081775, ""scene_count"": 14, ""scene_minutes"": 224.0, ""transport_count"": 14, ""transport_minutes"": 400.0000000000001}}","{""arrive_hospital"": 80, ""arrive_scene"": 40, ""hospital_release"": 58, ""patient_arrival"": 43, ""reposition_complete"": 37, ""restock_complete"": 37, ""scene_complete"": 40, ""transfer_ready"": 64}",30.189352,12.810648,0.2979220550124738,64.3901124147782,13.3,34.04358974358974,155.29561241720964,40,0.9302325581395349,43,43,3
Station North,26,2026,"{""cardiac"": {""expected_lost"": 8.510794472451492, ""expected_saved"": 1.4892055275485074, ""mean_response_minutes"": 38.43717664688954, ""mean_scene_minutes"": 12.0, ""mean_transport_minutes"": 40.99999999999998, ""p90_response_minutes"": 62.06737037883576, ""patients"": 10, ""response_count"": 10, ""response_minutes"": 384.37176646889543, ""scene_count"": 10, ""scene_minutes"": 120.0, ""transport_count"": 10, ""transport_minutes"": 409.9999999999998}, ""minor"": {""expected_lost"": 0.6373428519648217, ""expected_saved"": 8.362657148035177, ""mean_response_minutes"": 29.39546294982494, ""mean_scene_minutes"": 10.0, ""mean_transport_minutes"": 40.238888888888894, ""p90_response_minutes"": 53.07368313520237, ""patients"": 9, ""response_count"": 9, ""response_minutes"": 264.55916654842446, ""scene_count"": 9, ""scene_minutes"": 90.0, ""transport_count"": 9, ""transport_minutes"": 362.15000000000003}, ""stroke"": {""expected_lost"": 4.301939857924708, ""expected_saved"": 3.6980601420752914, ""mean_response_minutes"": 29.391371354549506, ""mean_scene_minutes"": 14.0, ""mean_transport_minutes"": 28.80000000000001, ""p90_response_minutes"": 54.62783768886806, ""patients"": 8, ""response_count"": 8, ""response_minutes"": 235.13097083639605, ""scene_count"": 8, ""scene_minutes"": 112.0, ""transport_count"": 8, ""transport_minutes"": 230.4000000000001}, ""trauma"": {""expected_lost"": 4.522966691786744, ""expected_saved"": 0.4770333082132564, ""mean_response_minutes"": 56.24675183574768, ""mean_scene_minutes"": 16.0, ""mean_transport_minutes"": 28.400000000000023, ""p90_response_minutes"": 81.88340621019942, ""patients"": 5, ""response_count"": 5, ""response_minutes"": 281.2337591787384, ""scene_count"": 5, ""scene_minutes"": 80.0, ""transport_count"": 5, ""transport_minutes"": 142.0000000000001}}","{""arrive_hospital"": 78, ""arrive_scene"": 32, ""hospital_release"": 64, ""patient_arrival"": 32, ""reposition_complete"": 32, ""restock_complete"": 32, ""scene_complete"": 32, ""transfer_ready"": 59}",17.973044,14.026956,0.43834237893350736,36.4154894697642,12.5625,35.767187500000006,75.18175969786898,32,1.0,32,32,0
Station North,27,2027,"{""cardiac"": {""expected_lost"": 10.972237004354781, ""expected_saved"": 1.0277629947399367, ""mean_response_minutes"": 69.62822102915189, ""mean_scene_minutes"": 12.0, ""mean_transport_minutes"": 35.72777777777777, ""p90_response_minutes"": 121.11714990301655, ""patients"": 12, ""response_count"": 10, ""response_minutes"": 696.2822102915188, ""scene_count"": 10, ""scene_minutes"": 120.0, ""transport_count"": 9, ""transport_minutes"": 321.5499999999999}, ""minor"": {""expected_lost"": 2.6721778464478962, ""expected_saved"": 11.327822153552106, ""mean_response_minutes"": 37.69675878915272, ""mean_scene_minutes"": 10.0, ""mean_transport_minutes"": 39.846153846153825, ""p90_response_minutes"": 62.39011398868371, ""patients"": 14, ""response_count"": 13, ""response_minutes"": 490.0578642589853, ""scene_count"": 13, ""scene_minutes"": 130.0, ""transport_count"": 13, ""transport_minutes"": 517.9999999999998}, ""stroke"": {""expected_lost"": 10.753786400907474, ""expected_saved"": 5.246213599092527, ""mean_response_minutes"": 41.504701252369195, ""mean_scene_minutes"": 14.0, ""mean_transport_minutes"": 28.382142857142867, ""p90_response_minutes"": 66.3140192252455, ""patients"": 16, ""response_count"": 14, ""response_minutes"": 581.0658175331687, ""scene_count"": 14, ""scene_minutes"": 196.0, ""transport_count"": 14, ""transport_minutes"": 397.35000000000014}, ""trauma"": {""expected_lost"": 4.404498117978767, ""expected_saved"": 0.5955018820212331, ""mean_response_minutes"": 91.0446945928063, ""mean_scene_minutes"": 15.999999999999966, ""mean_transport_minutes"": 30.329999999999973, ""p90_response_minutes"": 209.40239681513327, ""patients"": 5, ""response_count"": 5, ""response_minutes"": 455.2234729640315, ""scene_count"": 5, ""scene_minutes"": 79.99999999999983, ""transport_count"": 5, ""transport_minutes"": 151.64999999999986}}","{""arrive_hospital"": 96, ""arrive_scene"": 42, ""hospital_release"": 68, ""patient_arrival"": 47, ""reposition_complete"": 40, ""restock_complete"": 40, ""scene_complete"": 42, ""transfer_ready"": 75}",28.802699,18.197301,0.3871766091362938,52.91974678685011,12.523809523809518,33.8670731707317,84.40738466872146,42,0.8936170212765957,47,47,5
Station North,28,2028,"{""cardiac"": {""expected_lost"": 9.298350299416544, ""expected_saved"": 1.701649700583455, ""mean_response_minutes"": 29.469374253734827, ""mean_scene_minutes"": 12.0, ""mean_transport_minutes"": 39.209999999999994, ""p90_response_minutes"": 73.38055859246879, ""patients"": 11, ""response_count"": 11, ""response_minutes"": 324.1631167910831, ""scene_count"": 11, ""scene_minutes"": 132.0, ""transport_count"": 10, ""transport_minutes"": 392.0999999999999}, ""minor"": {""expected_lost"": 2.043000174795247, ""expected_saved"": 5.956999825204754, ""mean_response_minutes"": 46.459365520884845, ""mean_scene_minutes"": 10.0, ""mean_transport_minutes"": 38.285714285714285, ""p90_response_minutes"": 80.93813309136114, ""patients"": 8, ""response_count"": 7, ""response_minutes"": 325.2155586461939, ""scene_count"": 7, ""scene_minutes"": 70.0, ""transport_count"": 7, ""transport_minutes"": 268.0}, ""stroke"": {""expected_lost"": 2.970170049554839, ""expected_saved"": 2.0298299504451607, ""mean_response_minutes"": 40.084653870303896, ""mean_scene_minutes"": 14.0, ""mean_transport_minutes"": 26.0, ""p90_response_minutes"": 66.3697678341039, ""patients"": 5, ""response_count"": 5, ""response_minutes"": 200.42326935151948, ""scene_count"": 5, ""scene_minutes"": 70.0, ""transport_count"": 5, ""transport_minutes"": 130.0}, ""trauma"": {""expected_lost"": 11.366090802314393, ""expected_saved"": 1.6339091976856082, ""mean_response_minutes"": 48.539713036095286, ""mean_scene_minutes"": 16.0, ""mean_transport_minutes"": 28.50384615384615, ""p90_response_minutes"": 123.60044754830038, ""patients"": 13, ""response_count"": 13, ""response_minutes"": 631.0162694692388, ""scene_count"": 13, ""scene_minutes"": 208.0, ""transport_count"": 13, ""transport_minutes"": 370.54999999999995}}","{""arrive_hospital"": 74, ""arrive_scene"": 36, ""hospital_release"": 54, ""patient_arrival"": 37, ""reposition_complete"": 35, ""restock_complete"": 35, ""scene_complete"": 36, ""transfer_ready"": 57}",25.677611,11.322389,0.30601050470051294,41.133839284945424,13.333333333333334,33.161428571428566,91.68224220198009,36,0.972972972972973,37,37,1
Station North,29,2029,"{""cardiac"": {""expected_lost"": 5.198328719757387, ""expected_saved"": 0.8016712802426134, ""mean_response_minutes"": 29.05380229388236, ""mean_scene_minutes"": 11.999999999999996, ""mean_transport_minutes"": 38.280000000000015, ""p90_response_minutes"": 64.44140688164705, ""patients"": 6, ""response_count"": 5, ""response_minutes"": 145.2690114694118, ""scene_count"": 5, ""scene_minutes"": 59.999999999999986, ""transport_count"": 5, ""transport_minutes"": 191.4000000000001}, ""minor"": {""expected_lost"": 0.4012827109106734, ""expected_saved"": 6.598717289089326, ""mean_response_minutes"": 25.25075812656441, ""mean_scene_minutes"": 10.0, ""mean_transport_minutes"": 39.42857142857143, ""p90_response_minutes"": 39.65761767526819, ""patients"": 7, ""response_count"": 7, ""response_minutes"": 176.75530688595086, ""scene_count"": 7, ""scene_minutes"": 70.0, ""transport_count"": 7, ""transport_minutes"": 276.0}, ""stroke"": {""expected_lost"": 6.346652794627498, ""expected_saved"": 4.653347205372502, ""mean_response_minutes"": 36.286218781948754, ""mean_scene_minutes"": 14.0, ""mean_transport_minutes"": 28.08181818181818, ""p90_response_minutes"": 69.59041833978262, ""patients"": 11, ""response_count"": 11, ""response_minutes"": 399.1484066014363, ""scene_count"": 11, ""scene_minutes"": 154.0, ""transport_count"": 11, ""transport_minutes"": 308.9}, ""trauma"": {""expected_lost"": 12.333771952422369, ""expected_saved"": 1.6662280475776319, ""mean_response_minutes"": 37.963081680407264, ""mean_scene_minutes"": 14.666666666666666, ""mean_transport_minutes"": 28.868181818181814, ""p90_response_minutes"": 61.644152020307864, ""patients"": 14, ""response_count"": 12, ""response_minutes"": 455.55698016488714, ""scene_count"": 12, ""scene_minutes"": 176.0, ""transport_count"": 11, ""transport_minutes"": 317.54999999999995}}","{""arrive_hospital"": 69, ""arrive_scene"": 35, ""hospital_release"": 49, ""patient_arrival"": 38, ""reposition_complete"": 32, ""restock_complete"": 32, ""scene_complete"": 34, ""transfer_ready"": 57}",24.280036,13.719964,0.36105167953373885,33.620848717762456,13.142857142857142,32.17205882352941,66.49159186325998,35,0.9210526315789473,38,38,3
Station North,30,2030,"{""cardiac"": {""expected_lost"": 7.992478856068868, ""expected_saved"": 1.007521143931132, ""mean_response_minutes"": 27.688769106862026, ""mean_scene_minutes"": 12.0, ""mean_transport_minutes"": 39.325, ""p90_response_minutes"": 38.45304585646886, ""patients"": 9, ""response_count"": 8, ""response_minutes"": 221.5101528548962, ""scene_count"": 8, ""scene_minutes"": 96.0, ""transport_count"": 8, ""transport_minutes"": 314.6}, ""minor"": {""expected_lost"": 1.2235562553797967, ""expected_saved"": 2.7764437446202033, ""mean_response_minutes"": 26.159670531525496, ""mean_scene_minutes"": 10.0, ""mean_transport_minutes"": 38.0, ""p90_response_minutes"": 42.5832092756612, ""patients"": 4, ""response_count"": 3, ""response_minutes"": 78.47901159457649, ""scene_count"": 3, ""scene_minutes"": 30.0, ""transport_count"": 3, ""transport_minutes"": 114.0}, ""stroke"": {""expected_lost"": 4.485997165870979, ""expected_saved"": 3.5140028341290206, ""mean_response_minutes"": 26.597511469577398, ""mean_scene_minutes"": 12.25, ""mean_transport_minutes"": 27.45714285714285, ""p90_response_minutes"": 43.03186664511799, ""patients"": 8, ""response_count"": 8, ""response_minutes"": 212.78009175661919, ""scene_count"": 8, ""scene_minutes"": 98.0, ""transport_count"": 7, ""transport_minutes"": 192.19999999999993}, ""trauma"": {""expected_lost"": 9.651021742702316, ""expected_saved"": 2.348978257297683, ""mean_response_minutes"": 28.43045895504874, ""mean_scene_minutes"": 16.0, ""mean_transport_minutes"": 24.479166666666668, ""p90_response_minutes"": 44.589443306232205, ""patients"": 12, ""response_count"": 12, ""response_minutes"": 341.1655074605849, ""scene_count"": 12, ""scene_minutes"": 192.0, ""transport_count"": 12, ""transport_minutes"": 293.75}}","{""arrive_hospital"": 59, ""arrive_scene"": 31, ""hospital_release"": 46, ""patient_arrival"": 33, ""reposition_complete"": 30, ""restock_complete"": 30, ""scene_complete"": 30, ""transfer_ready"": 48}",23.353054,9.646946,0.292331696362971,27.546282698925058,13.419354838709678,30.485,47.47901159457649,31,0.9393939393939394,33,33,2
Station North,31,2031,"{""cardiac"": {""expected_lost"": 11.718035634492116, ""expected_saved"": 0.28196436511779444, ""mean_response_minutes"": 99.51072752051822, ""mean_scene_minutes"": 12.0, ""mean_transport_minutes"": 42.8, ""p90_response_minutes"": 246.90066198255113, ""patients"": 12, ""response_count"": 6, ""response_minutes"": 597.0643651231093, ""scene_count"": 6, ""scene_minutes"": 72.0, ""transport_count"": 5, ""transport_minutes"": 214.0}, ""minor"": {""expected_lost"": 1.6769941991139357, ""expected_saved"": 12.323005800886063, ""mean_response_minutes"": 38.64899213028762, ""mean_scene_minutes"": 10.0, ""mean_transport_minutes"": 40.80357142857143, ""p90_response_minutes"": 61.744017071224995, ""patients"": 14, ""response_count"": 14, ""response_minutes"": 541.0858898240266, ""scene_count"": 14, ""scene_minutes"": 140.0, ""transport_count"": 14, ""transport_minutes"": 571.25}, ""stroke"": {""expected_lost"": 7.618996840564483, ""expected_saved"": 3.381003159435517, ""mean_response_minutes"": 65.78447803245444, ""mean_scene_minutes"": 14.0, ""mean_transport_minutes"": 27.495000000000015, ""p90_response_minutes"": 113.42018627623982, ""patients"": 11, ""response_count"": 10, ""response_minutes"": 657.8447803245444, ""scene_count"": 10, ""scene_minutes"": 140.0, ""transport_count"": 10, ""transport_minutes"": 274.95000000000016}, ""trauma"": {""expected_lost"": 14.794427167101412, ""expected_saved"": 1.2055728327133362, ""mean_response_minutes"": 137.56907236584715, ""mean_scene_minutes"": 16.0, ""mean_transport_minutes"": 26.130769230769225, ""p90_response_minutes"": 356.21004993129236, ""patients"": 16, ""response_count"": 13, ""response_minutes"": 1788.397940756013, ""scene_count"": 13, ""scene_minutes"": 208.0, ""transport_count"": 13, ""transport_minutes"": 339.69999999999993}}","{""arrive_hospital"": 90, ""arrive_scene"": 43, ""hospital_release"": 63, ""patient_arrival"": 53, ""reposition_complete"": 42, ""restock_complete"": 42, ""scene_complete"": 43, ""transfer_ready"": 70}",35.808454,17.191546,0.3243687954368436,83.35797618669056,13.023255813953488,33.33095238095238,238.88806171228148,43,0.8113207547169812,53,53,10
Station North,32,2032,"{""cardiac"": {""expected_lost"": 2.737991733572466, ""expected_saved"": 0.262008266427534, ""mean_response_minutes"": 99.6834755178138, ""mean_scene_minutes"": 12.0, ""mean_transport_minutes"": 40.76666666666665, ""p90_response_minutes"": 208.23369869789627, ""patients"": 3, ""response_count"": 3, ""response_minutes"": 299.0504265534414, ""scene_count"": 3, ""scene_minutes"": 36.0, ""transport_count"": 3, ""transport_minutes"": 122.29999999999995}, ""minor"": {""expected_lost"": 1.1023357050144054, ""expected_saved"": 5.897664294985595, ""mean_response_minutes"": 48.1244096540126, ""mean_scene_minutes"": 10.0, ""mean_transport_minutes"": 41.35714285714285, ""p90_response_minutes"": 66.11745246334684, ""patients"": 7, ""response_count"": 7, ""response_minutes"": 336.8708675780882, ""scene_count"": 7, ""scene_minutes"": 70.0, ""transport_count"": 7, ""transport_minutes"": 289.49999999999994}, ""stroke"": {""expected_lost"": 11.021141261888133, ""expected_saved"": 6.978858738111867, ""mean_response_minutes"": 52.96300337438968, ""mean_scene_minutes"": 13.222222222222221, ""mean_transport_minutes"": 26.96764705882353, ""p90_response_minutes"": 116.12855181933523, ""patients"": 18, ""response_count"": 18, ""response_minutes"": 953.3340607390143, ""scene_count"": 18, ""scene_minutes"": 238.0, ""transport_count"": 17, ""transport_minutes"": 458.45000000000005}, ""trauma"": {""expected_lost"": 5.792582556847553, ""expected_saved"": 1.2074174431524467, ""mean_response_minutes"": 35.481023337420496, ""mean_scene_minutes"": 16.0, ""mean_transport_minutes"": 28.37142857142856, ""p90_response_minutes"": 76.95072959805321, ""patients"": 7, ""response_count"": 7, ""response_minutes"": 248.36716336194348, ""scene_count"": 7, ""scene_minutes"": 112.0, ""transport_count"": 7, ""transport_minutes"": 198.5999999999999}}","{""arrive_hospital"": 70, ""arrive_scene"": 35, ""hospital_release"": 55, ""patient_arrival"": 35, ""reposition_complete"": 33, ""restock_complete"": 33, ""scene_complete"": 34, ""transfer_ready"": 59}",20.654051,14.345949,0.4098842497907841,52.50350052092821,13.028571428571428,31.43676470588235,78.3739992801761,35,1.0,35,35,0
Station North,33,2033,"{""cardiac"": {""expected_lost"": 8.520607096955704, ""expected_saved"": 0.4793929030442964, ""mean_response_minutes"": 42.236227348178396, ""mean_scene_minutes"": 12.0, ""mean_transport_minutes"": 40.8125, ""p90_response_minutes"": 71.85220759356653, ""patients"": 9, ""response_count"": 5, ""response_minutes"": 211.181136740892, ""scene_count"": 5, ""scene_minutes"": 60.0, ""transport_count"": 4, ""transport_minutes"": 163.25}, ""minor"": {""expected_lost"": 1.5663007279159857, ""expected_saved"": 10.433699272084015, ""mean_response_minutes"": 40.33866832940642, ""mean_scene_minutes"": 10.0, ""mean_transport_minutes"": 39.612500000000004, ""p90_response_minutes"": 64.40693193727162, ""patients"": 12, ""response_count"": 12, ""response_minutes"": 484.064019952877, ""scene_count"": 12, ""scene_minutes"": 120.0, ""transport_count"": 12, ""transport_minutes"": 475.35}, ""stroke"": {""expected_lost"": 8.682847736538836, ""expected_saved"": 4.317152263461164, ""mean_response_minutes"": 62.529105667107004, ""mean_scene_minutes"": 14.0, ""mean_transport_minutes"": 26.1923076923077, ""p90_response_minutes"": 140.9709333127192, ""patients"": 13, ""response_count"": 13, ""response_minutes"": 812.878373672391, ""scene_count"": 13, ""scene_minutes"": 182.0, ""transport_count"": 13, ""transport_minutes"": 340.5000000000001}, ""trauma"": {""expected_lost"": 14.641251443938376, ""expected_saved"": 1.3587485560616257, ""mean_response_minutes"": 63.44573791600403, ""mean_scene_minutes"": 15.999999999999991, ""mean_transport_minutes"": 27.900000000000002, ""p90_response_minutes"": 139.20968345839924, ""patients"": 16, ""response_count"": 13, ""response_minutes"": 824.7945929080523, ""scene_count"": 13, ""scene_minutes"": 207.9999999999999, ""transport_count"": 13, ""transport_minutes"": 362.70000000000005}}","{""arrive_hospital"": 85, ""arrive_scene"": 43, ""hospital_release"": 61, ""patient_arrival"": 50, ""reposition_complete"": 40, ""restock_complete"": 40, ""scene_complete"": 43, ""transfer_ready"": 69}",33.411007,16.588993,0.33177985989302194,54.25390984358633,13.255813953488369,31.947619047619053,103.83101132754135,43,0.86,50,50,7
Station North,34,2034,"{""cardiac"": {""expected_lost"": 15.720751609966412, ""expected_saved"": 1.2792483900335876, ""mean_response_minutes"": 50.858751289077084, ""mean_scene_minutes"": 12.0, ""mean_transport_minutes"": 41.531818181818174, ""p90_response_minutes"": 88.33751506525414, ""patients"": 17, ""response_count"": 11, ""response_minutes"": 559.446264179848, ""scene_count"": 11, ""scene_minutes"": 132.0, ""transport_count"": 11, ""transport_minutes"": 456.8499999999999}, ""minor"": {""expected_lost"": 3.2474534128916246, ""expected_saved"": 6.752546587108376, ""mean_response_minutes"": 76.03439239564095, ""mean_scene_minutes"": 10.0, ""mean_transport_minutes"": 39.74444444444443, ""p90_response_minutes"": 113.08918346499603, ""patients"": 10, ""response_count"": 9, ""response_minutes"": 684.3095315607685, ""scene_count"": 9, ""scene_minutes"": 90.0, ""transport_count"": 9, ""transport_minutes"": 357.6999999999999}, ""stroke"": {""expected_lost"": 10.45023820432925, ""expected_saved"": 4.549761795670749, ""mean_response_minutes"": 80.20154968107512, ""mean_scene_minutes"": 13.999999999999996, ""mean_transport_minutes"": 26.208333333333332, ""p90_response_minutes"": 178.07465529951062, ""patients"": 15, ""response_count"": 13, ""response_minutes"": 1042.6201458539765, ""scene_count"": 13, ""scene_minutes"": 181.99999999999994, ""transport_count"": 12, ""transport_minutes"": 314.5}, ""trauma"": {""expected_lost"": 11.060937428536484, ""expected_saved"": 0.9390625714635162, ""mean_response_minutes"": 55.81649877815117, ""mean_scene_minutes"": 16.0, ""mean_transport_minutes"": 27.22222222222222, ""p90_response_minutes"": 91.70543726243139, ""patients"": 12, ""response_count"": 9, ""response_minutes"": 502.34848900336056, ""scene_count"": 9, ""scene_minutes"": 144.0, ""transport_count"": 9, ""transport_minutes"": 245.0}}","{""arrive_hospital"": 92, ""arrive_scene"": 42, ""hospital_release"": 65, ""patient_arrival"": 54, ""reposition_complete"": 40, ""restock_complete"": 40, ""scene_complete"": 42, ""transfer_ready"": 72}",40.479381,13.520619,0.2503818397088191,66.3982007285227,13.047619047619047,33.513414634146336,138.34435194348114,42,0.7777777777777778,54,54,12
Station North,35,2035,"{""cardiac"": {""expected_lost"": 8.302632616832005, ""expected_saved"": 0.6973673831171666, ""mean_response_minutes"": 98.781185095722, ""mean_scene_minutes"": 12.000000000000004, ""mean_transport_minutes"": 38.474999999999966, ""p90_response_minutes"": 250.4521406742084, ""patients"": 9, ""response_count"": 8, ""response_minutes"": 790.249480765776, ""scene_count"": 8, ""scene_minutes"": 96.00000000000003, ""transport_count"": 8, ""transport_minutes"": 307.7999999999997}, ""minor"": {""expected_lost"": 3.673573583923257, ""expected_saved"": 15.326426416076742, ""mean_response_minutes"": 40.227807256473625, ""mean_scene_minutes"": 10.0, ""mean_transport_minutes"": 39.48888888888887, ""p90_response_minutes"": 75.32735657983544, ""patients"": 19, ""response_count"": 18, ""response_minutes"": 724.1005306165252, ""scene_count"": 18, ""scene_minutes"": 180.0, ""transport_count"": 18, ""transport_minutes"": 710.7999999999997}, ""stroke"": {""expected_lost"": 8.503520370104928, ""expected_saved"": 2.496479629895072, ""mean_response_minutes"": 195.30400840632657, ""mean_scene_minutes"": 14.0, ""mean_transport_minutes"": 25.172727272727283, ""p90_response_minutes"": 667.9717231907077, ""patients"": 11, ""response_count"": 11, ""response_minutes"": 2148.3440924695924, ""scene_count"": 11, ""scene_minutes"": 154.0, ""transport_count"": 11, ""transport_minutes"": 276.9000000000001}, ""trauma"": {""expected_lost"": 4.670540463764885, ""expected_saved"": 0.3294595362351153, ""mean_response_minutes"": 85.71411602405708, ""mean_scene_minutes"": 16.0, ""mean_transport_minutes"": 17.666666666666668, ""p90_response_minutes"": 177.3145795732063, ""patients"": 5, ""response_count"": 3, ""response_minutes"": 257.1423480721712, ""scene_count"": 3, ""scene_minutes"": 48.0, ""transport_count"": 3, ""transport_minutes"": 53.0}}","{""arrive_hospital"": 99, ""arrive_scene"": 40, ""hospital_release"": 68, ""patient_arrival"": 44, ""reposition_complete"": 37, ""restock_complete"": 37, ""scene_complete"": 40, ""transfer_ready"": 74}",25.150267,18.849733,0.4284030219391841,97.99591129810162,11.95,33.71249999999999,223.63956914219685,40,0.9090909090909091,44,44,4
Station North,36,2036,"{""cardiac"": {""expected_lost"": 10.581766797346935, ""expected_saved"": 0.4182332026530662, ""mean_response_minutes"": 54.43333915189479, ""mean_scene_minutes"": 12.0, ""mean_transport_minutes"": 43.657142857142844, ""p90_response_minutes"": 95.58150298568106, ""patients"": 11, ""response_count"": 7, ""response_minutes"": 381.0333740632635, ""scene_count"": 7, ""scene_minutes"": 84.0, ""transport_count"": 7, ""transport_minutes"": 305.5999999999999}, ""minor"": {""expected_lost"": 4.0850162436330795, ""expected_saved"": 10.91498375636692, ""mean_response_minutes"": 49.61095133851317, ""mean_scene_minutes"": 9.999999999999996, ""mean_transport_minutes"": 39.19230769230769, ""p90_response_minutes"": 68.77050082423875, ""patients"": 15, ""response_count"": 13, ""response_minutes"": 644.9423674006712, ""scene_count"": 13, ""scene_minutes"": 129.99999999999994, ""transport_count"": 13, ""transport_minutes"": 509.5}, ""stroke"": {""expected_lost"": 8.477654507666603, ""expected_saved"": 3.5223454923333977, ""mean_response_minutes"": 77.82243173858136, ""mean_scene_minutes"": 14.0, ""mean_transport_minutes"": 26.127272727272736, ""p90_response_minutes"": 156.65693350823096, ""patients"": 12, ""response_count"": 11, ""response_minutes"": 856.046749124395, ""scene_count"": 11, ""scene_minutes"": 154.0, ""transport_count"": 11, ""transport_minutes"": 287.4000000000001}, ""trauma"": {""expected_lost"": 11.003160500216515, ""expected_saved"": 0.9968394997834844, ""mean_response_minutes"": 106.54327508385364, ""mean_scene_minutes"": 16.0, ""mean_transport_minutes"": 27.4, ""p90_response_minutes"": 181.43222689016784, ""patients"": 12, ""response_count"": 12, ""response_minutes"": 1278.5193010062437, ""scene_count"": 12, ""scene_minutes"": 192.0, ""transport_count"": 10, ""transport_minutes"": 274.0}}","{""arrive_hospital"": 92, ""arrive_scene"": 43, ""hospital_release"": 70, ""patient_arrival"": 50, ""reposition_complete"": 40, ""restock_complete"": 40, ""scene_complete"": 43, ""transfer_ready"": 72}",34.147598,15.852402,0.31704803902273737,73.50097189754821,13.023255813953488,33.573170731707314,130.4814186276396,43,0.86,50,50,7
Station North,37,2037,"{""cardiac"": {""expected_lost"": 9.36867392108926, ""expected_saved"": 0.6313260789107409, ""mean_response_minutes"": 57.16499071041572, ""mean_scene_minutes"": 12.0, ""mean_transport_minutes"": 34.285714285714285, ""p90_response_minutes"": 127.59050700618923, ""patients"": 10, ""response_count"": 7, ""response_minutes"": 400.15493497291004, ""scene_count"": 7, ""scene_minutes"": 84.0, ""transport_count"": 7, ""transport_minutes"": 240.0}, ""minor"": {""expected_lost"": 2.3393350088862124, ""expected_saved"": 7.660664991113788, ""mean_response_minutes"": 81.35565714076291, ""mean_scene_minutes"": 10.0, ""mean_transport_minutes"": 38.75, ""p90_response_minutes"": 131.1333826000636, ""patients"": 10, ""response_count"": 10, ""response_minutes"": 813.5565714076291, ""scene_count"": 10, ""scene_minutes"": 100.0, ""transport_count"": 10, ""transport_minutes"": 387.5}, ""stroke"": {""expected_lost"": 10.710710370372535, ""expected_saved"": 4.289289629627466, ""mean_response_minutes"": 154.5243327844472, ""mean_scene_minutes"": 14.0, ""mean_transport_minutes"": 27.16999999999999, ""p90_response_minutes"": 561.1493153274465, ""patients"": 15, ""response_count"": 15, ""response_minutes"": 2317.864991766708, ""scene_count"": 15, ""scene_minutes"": 210.0, ""transport_count"": 15, ""transport_minutes"": 407.54999999999984}, ""trauma"": {""expected_lost"": 13.6880568148287, ""expected_saved"": 1.3119431851713008, ""mean_response_minutes"": 130.13385228506272, ""mean_scene_minutes"": 14.857142857142858, ""mean_transport_minutes"": 22.73461538461538, ""p90_response_minutes"": 389.64292092679943, ""patients"": 15, ""response_count"": 14, ""response_minutes"": 1821.873931990878, ""scene_count"": 14, ""scene_minutes"": 208.0, ""transport_count"": 13, ""transport_minutes"": 295.54999999999995}}","{""arrive_hospital"": 92, ""arrive_scene"": 46, ""hospital_release"": 65, ""patient_arrival"": 50, ""reposition_complete"": 43, ""restock_complete"": 43, ""scene_complete"": 45, ""transfer_ready"": 76}",36.106776,13.893224,0.27786447769646605,116.37935717691573,13.08695652173913,29.568888888888885,427.4388951162839,46,0.92,50,50,4
Station North,38,2038,"{""cardiac"": {""expected_lost"": 13.031098629710367, ""expected_saved"": 0.9689013702896313, ""mean_response_minutes"": 70.15559571871927, ""mean_scene_minutes"": 11.999999999999991, ""mean_transport_minutes"": 41.29583333333331, ""p90_response_minutes"": 202.72909356039554, ""patients"": 14, ""response_count"": 12, ""response_minutes"": 841.8671486246312, ""scene_count"": 12, ""scene_minutes"": 143.9999999999999, ""transport_count"": 12, ""transport_minutes"": 495.5499999999997}, ""minor"": {""expected_lost"": 1.1701416753829537, ""expected_saved"": 8.829858324617046, ""mean_response_minutes"": 36.30356307421691, ""mean_scene_minutes"": 9.999999999999996, ""mean_transport_minutes"": 37.8, ""p90_response_minutes"": 51.27432592644331, ""patients"": 10, ""response_count"": 10, ""response_minutes"": 363.03563074216913, ""scene_count"": 10, ""scene_minutes"": 99.99999999999997, ""transport_count"": 10, ""transport_minutes"": 378.0}, ""stroke"": {""expected_lost"": 14.391462157240957, ""expected_saved"": 4.608537842759042, ""mean_response_minutes"": 107.11704032842036, ""mean_scene_minutes"": 13.999999999999998, ""mean_transport_minutes"": 26.516666666666666, ""p90_response_minutes"": 310.40021733926477, ""patients"": 19, ""response_count"": 15, ""response_minutes"": 1606.7556049263053, ""scene_count"": 15, ""scene_minutes"": 209.99999999999997, ""transport_count"": 15, ""transport_minutes"": 397.75}, ""trauma"": {""expected_lost"": 6.5417644796349945, ""expected_saved"": 0.458235520365006, ""mean_response_minutes"": 179.90506886247718, ""mean_scene_minutes"": 16.0, ""mean_transport_minutes"": 20.25, ""p90_response_minutes"": 491.16448849338616, ""patients"": 7, ""response_count"": 7, ""response_minutes"": 1259.3354820373402, ""scene_count"": 7, ""scene_minutes"": 112.0, ""transport_count"": 7, ""transport_minutes"": 141.75}}","{""arrive_hospital"": 103, ""arrive_scene"": 44, ""hospital_release"": 71, ""patient_arrival"": 50, ""reposition_complete"": 43, ""restock_complete"": 44, ""scene_complete"": 44, ""transfer_ready"": 81}",35.134467,14.865533,0.2973106611606145,92.52258787114648,12.863636363636358,32.11477272727272,266.86805019580794,44,0.88,50,50,6
Station North,39,2039,"{""cardiac"": {""expected_lost"": 12.959167719907642, ""expected_saved"": 1.0408322800923562, ""mean_response_minutes"": 52.81740100424387, ""mean_scene_minutes"": 10.999999999999986, ""mean_transport_minutes"": 41.34090909090908, ""p90_response_minutes"": 150.04755448523156, ""patients"": 14, ""response_count"": 12, ""response_minutes"": 633.8088120509265, ""scene_count"": 12, ""scene_minutes"": 131.99999999999983, ""transport_count"": 11, ""transport_minutes"": 454.7499999999999}, ""minor"": {""expected_lost"": 0.8384677924270878, ""expected_saved"": 5.161532207572913, ""mean_response_minutes"": 41.35549487538871, ""mean_scene_minutes"": 10.0, ""mean_transport_minutes"": 38.41666666666665, ""p90_response_minutes"": 75.68040861301336, ""patients"": 6, ""response_count"": 6, ""response_minutes"": 248.13296925233226, ""scene_count"": 6, ""scene_minutes"": 60.0, ""transport_count"": 6, ""transport_minutes"": 230.4999999999999}, ""stroke"": {""expected_lost"": 7.233284440167459, ""expected_saved"": 4.76671555983254, ""mean_response_minutes"": 46.92407939477983, ""mean_scene_minutes"": 14.0, ""mean_transport_minutes"": 26.47083333333332, ""p90_response_minutes"": 90.4219179367262, ""patients"": 12, ""response_count"": 12, ""response_minutes"": 563.088952737358, ""scene_count"": 12, ""scene_minutes"": 168.0, ""transport_count"": 12, ""transport_minutes"": 317.64999999999986}, ""trauma"": {""expected_lost"": 7.3539320549144485, ""expected_saved"": 0.6460679450855518, ""mean_response_minutes"": 54.3050138158913, ""mean_scene_minutes"": 16.0, ""mean_transport_minutes"": 21.833333333333332, ""p90_response_minutes"": 89.49097961434093, ""patients"": 8, ""response_count"": 6, ""response_minutes"": 325.8300828953478, ""scene_count"": 6, ""scene_minutes"": 96.0, ""transport_count"": 6, ""transport_minutes"": 131.0}}","{""arrive_hospital"": 80, ""arrive_scene"": 36, ""hospital_release"": 58, ""patient_arrival"": 40, ""reposition_complete"": 33, ""restock_complete"": 33, ""scene_complete"": 35, ""transfer_ready"": 63}",28.384852,11.615148,0.290378699814584,49.19057824822124,12.666666666666663,32.397142857142846,103.93368665213295,36,0.9,40,40,4
Station North,40,2040,"{""cardiac"": {""expected_lost"": 8.402899080091458, ""expected_saved"": 0.5971009199085421, ""mean_response_minutes"": 50.180008742663325, ""mean_scene_minutes"": 12.0, ""mean_transport_minutes"": 39.64166666666665, ""p90_response_minutes"": 106.84595947134812, ""patients"": 9, ""response_count"": 6, ""response_minutes"": 301.08005245597997, ""scene_count"": 6, ""scene_minutes"": 72.0, ""transport_count"": 6, ""transport_minutes"": 237.8499999999999}, ""minor"": {""expected_lost"": 1.895521538029993, ""expected_saved"": 8.104478461970007, ""mean_response_minutes"": 34.30203843221304, ""mean_scene_minutes"": 10.0, ""mean_transport_minutes"": 39.888888888888886, ""p90_response_minutes"": 49.764868629793874, ""patients"": 10, ""response_count"": 9, ""response_minutes"": 308.7183458899173, ""scene_count"": 9, ""scene_minutes"": 90.0, ""transport_count"": 9, ""transport_minutes"": 359.0}, ""stroke"": {""expected_lost"": 8.46978203004498, ""expected_saved"": 5.530217969955021, ""mean_response_minutes"": 37.332916640170616, ""mean_scene_minutes"": 14.0, ""mean_transport_minutes"": 27.146153846153823, ""p90_response_minutes"": 50.51686564050463, ""patients"": 14, ""response_count"": 14, ""response_minutes"": 522.6608329623887, ""scene_count"": 14, ""scene_minutes"": 196.0, ""transport_count"": 13, ""transport_minutes"": 352.8999999999997}, ""trauma"": {""expected_lost"": 9.860031261392836, ""expected_saved"": 1.1399687386071644, ""mean_response_minutes"": 41.63679012654484, ""mean_scene_minutes"": 14.4, ""mean_transport_minutes"": 26.377777777777787, ""p90_response_minutes"": 79.30162278249045, ""patients"": 11, ""response_count"": 10, ""response_minutes"": 416.3679012654484, ""scene_count"": 10, ""scene_minutes"": 144.0, ""transport_count"": 9, ""transport_minutes"": 237.4000000000001}}","{""arrive_hospital"": 80, ""arrive_scene"": 39, ""hospital_release"": 61, ""patient_arrival"": 44, ""reposition_complete"": 36, ""restock_complete"": 36, ""scene_complete"": 38, ""transfer_ready"": 64}",28.628234,15.371766,0.34935832023728924,39.71351621983934,12.871794871794872,32.085135135135125,89.25223999104276,39,0.8863636363636364,44,44,5
Station North,41,2041,"{""cardiac"": {""expected_lost"": 5.349049929094459, ""expected_saved"": 0.6509500709055412, ""mean_response_minutes"": 23.20999999999999, ""mean_scene_minutes"": 12.0, ""mean_transport_minutes"": 43.55999999999999, ""p90_response_minutes"": 24.2, ""patients"": 6, ""response_count"": 5, ""response_minutes"": 116.04999999999995, ""scene_count"": 5, ""scene_minutes"": 60.0, ""transport_count"": 5, ""transport_minutes"": 217.79999999999995}, ""minor"": {""expected_lost"": 1.408814272100479, ""expected_saved"": 12.591185727899523, ""mean_response_minutes"": 33.28426795601599, ""mean_scene_minutes"": 10.0, ""mean_transport_minutes"": 39.91071428571426, ""p90_response_minutes"": 56.36001982579598, ""patients"": 14, ""response_count"": 14, ""response_minutes"": 465.97975138422385, ""scene_count"": 14, ""scene_minutes"": 140.0, ""transport_count"": 14, ""transport_minutes"": 558.7499999999997}, ""stroke"": {""expected_lost"": 10.16492239180201, ""expected_saved"": 4.835077608197991, ""mean_response_minutes"": 88.39808990068404, ""mean_scene_minutes"": 13.066666666666666, ""mean_transport_minutes"": 27.85, ""p90_response_minutes"": 232.01462844000213, ""patients"": 15, ""response_count"": 15, ""response_minutes"": 1325.9713485102607, ""scene_count"": 15, ""scene_minutes"": 196.0, ""transport_count"": 14, ""transport_minutes"": 389.90000000000003}, ""trauma"": {""expected_lost"": 4.384210008332756, ""expected_saved"": 0.6157899916672438, ""mean_response_minutes"": 91.16085886052431, ""mean_scene_minutes"": 16.0, ""mean_transport_minutes"": 18.400000000000002, ""p90_response_minutes"": 189.04881617366675, ""patients"": 5, ""response_count"": 5, ""response_minutes"": 455.80429430262154, ""scene_count"": 5, ""scene_minutes"": 80.0, ""transport_count"": 5, ""transport_minutes"": 92.00000000000001}}","{""arrive_hospital"": 90, ""arrive_scene"": 39, ""hospital_release"": 68, ""patient_arrival"": 40, ""reposition_complete"": 36, ""restock_complete"": 36, ""scene_complete"": 38, ""transfer_ready"": 70}",21.306997,18.693003,0.4673250849667574,60.610394723002706,12.205128205128204,33.11710526315789,143.51042229595606,39,0.975,40,40,1
Station North,42,2042,"{""cardiac"": {""expected_lost"": 8.741804992253646, ""expected_saved"": 0.2581950077463535, ""mean_response_minutes"": 85.1632083465323, ""mean_scene_minutes"": 12.000000000000009, ""mean_transport_minutes"": 41.128571428571426, ""p90_response_minutes"": 159.3087154716992, ""patients"": 9, ""response_count"": 7, ""response_minutes"": 596.1424584257261, ""scene_count"": 7, ""scene_minutes"": 84.00000000000006, ""transport_count"": 7, ""transport_minutes"": 287.9}, ""minor"": {""expected_lost"": 4.0025027534906865, ""expected_saved"": 13.997497246509315, ""mean_response_minutes"": 67.29135525635678, ""mean_scene_minutes"": 10.0, ""mean_transport_minutes"": 39.85555555555556, ""p90_response_minutes"": 132.3953501877257, ""patients"": 18, ""response_count"": 18, ""response_minutes"": 1211.2443946144222, ""scene_count"": 18, ""scene_minutes"": 180.0, ""transport_count"": 18, ""transport_minutes"": 717.4000000000001}, ""stroke"": {""expected_lost"": 7.898704029423734, ""expected_saved"": 3.101295970576267, ""mean_response_minutes"": 60.97051006421559, ""mean_scene_minutes"": 13.999999999999998, ""mean_transport_minutes"": 29.4, ""p90_response_minutes"": 138.2532883236541, ""patients"": 11, ""response_count"": 11, ""response_minutes"": 670.6756107063715, ""scene_count"": 11, ""scene_minutes"": 153.99999999999997, ""transport_count"": 10, ""transport_minutes"": 294.0}, ""trauma"": {""expected_lost"": 6.440322579984059, ""expected_saved"": 0.559677420015941, ""mean_response_minutes"": 104.54444892044292, ""mean_scene_minutes"": 16.0, ""mean_transport_minutes"": 22.591666666666658, ""p90_response_minutes"": 199.9920126325688, ""patients"": 7, ""response_count"": 7, ""response_minutes"": 731.8111424431004, ""scene_count"": 7, ""scene_minutes"": 112.0, ""transport_count"": 6, ""transport_minutes"": 135.54999999999995}}","{""arrive_hospital"": 101, ""arrive_scene"": 43, ""hospital_release"": 67, ""patient_arrival"": 45, ""reposition_complete"": 40, ""restock_complete"": 41, ""scene_complete"": 43, ""transfer_ready"": 76}",27.083334,17.916666,0.39814812544106365,74.64822339975859,12.325581395348838,34.99634146341463,198.007881821863,43,0.9555555555555556,45,45,2
Station North,43,2043,"{""cardiac"": {""expected_lost"": 6.100298840112927, ""expected_saved"": 0.8997011598870723, ""mean_response_minutes"": 55.83224756251894, ""mean_scene_minutes"": 12.0, ""mean_transport_minutes"": 40.54285714285714, ""p90_response_minutes"": 128.13026914567462, ""patients"": 7, ""response_count"": 7, ""response_minutes"": 390.82573293763255, ""scene_count"": 7, ""scene_minutes"": 84.0, ""transport_count"": 7, ""transport_minutes"": 283.79999999999995}, ""minor"": {""expected_lost"": 1.6955409915356512, ""expected_saved"": 5.304459008464348, ""mean_response_minutes"": 37.569528575267135, ""mean_scene_minutes"": 10.0, ""mean_transport_minutes"": 42.24999999999998, ""p90_response_minutes"": 55.19574613172915, ""patients"": 7, ""response_count"": 6, ""response_minutes"": 225.41717145160283, ""scene_count"": 6, ""scene_minutes"": 60.0, ""transport_count"": 6, ""transport_minutes"": 253.4999999999999}, ""stroke"": {""expected_lost"": 7.075396782229626, ""expected_saved"": 3.9246032177703727, ""mean_response_minutes"": 33.927100932983656, ""mean_scene_minutes"": 14.0, ""mean_transport_minutes"": 28.724999999999994, ""p90_response_minutes"": 72.88618436842836, ""patients"": 11, ""response_count"": 11, ""response_minutes"": 373.19811026282025, ""scene_count"": 11, ""scene_minutes"": 154.0, ""transport_count"": 10, ""transport_minutes"": 287.24999999999994}, ""trauma"": {""expected_lost"": 8.483903962349112, ""expected_saved"": 1.5160960376508885, ""mean_response_minutes"": 41.542744356889244, ""mean_scene_minutes"": 14.222222222222221, ""mean_transport_minutes"": 21.59375, ""p90_response_minutes"": 67.26204658597821, ""patients"": 10, ""response_count"": 9, ""response_minutes"": 373.88469921200317, ""scene_count"": 9, ""scene_minutes"": 128.0, ""transport_count"": 8, ""transport_minutes"": 172.75}}","{""arrive_hospital"": 67, ""arrive_scene"": 33, ""hospital_release"": 53, ""patient_arrival"": 35, ""reposition_complete"": 30, ""restock_complete"": 30, ""scene_complete"": 32, ""transfer_ready"": 54}",23.355141,11.644859,0.33271026925064806,41.312900420123,12.909090909090908,32.17096774193548,69.39528372212129,33,0.9428571428571428,35,35,2
Station North,44,2044,"{""cardiac"": {""expected_lost"": 14.162527800102566, ""expected_saved"": 0.8374721992049222, ""mean_response_minutes"": 69.30886607131751, ""mean_scene_minutes"": 12.0, ""mean_transport_minutes"": 37.2, ""p90_response_minutes"": 112.69451614320339, ""patients"": 15, ""response_count"": 10, ""response_minutes"": 693.088660713175, ""scene_count"": 10, ""scene_minutes"": 120.0, ""transport_count"": 10, ""transport_minutes"": 372.0}, ""minor"": {""expected_lost"": 2.883039411468528, ""expected_saved"": 9.116960588531471, ""mean_response_minutes"": 52.75733586617992, ""mean_scene_minutes"": 10.0, ""mean_transport_minutes"": 39.86363636363637, ""p90_response_minutes"": 125.12474125106155, ""patients"": 12, ""response_count"": 11, ""response_minutes"": 580.3306945279792, ""scene_count"": 11, ""scene_minutes"": 110.0, ""transport_count"": 11, ""transport_minutes"": 438.5}, ""stroke"": {""expected_lost"": 10.155126458956335, ""expected_saved"": 5.844873541043665, ""mean_response_minutes"": 36.85418843544464, ""mean_scene_minutes"": 14.0, ""mean_transport_minutes"": 28.26562499999999, ""p90_response_minutes"": 50.169915209312876, ""patients"": 16, ""response_count"": 16, ""response_minutes"": 589.6670149671143, ""scene_count"": 16, ""scene_minutes"": 224.0, ""transport_count"": 16, ""transport_minutes"": 452.24999999999983}, ""trauma"": {""expected_lost"": 9.426258361305802, ""expected_saved"": 0.5737416386941987, ""mean_response_minutes"": 68.6570574748146, ""mean_scene_minutes"": 16.0, ""mean_transport_minutes"": 23.2, ""p90_response_minutes"": 125.73383877108554, ""patients"": 10, ""response_count"": 5, ""response_minutes"": 343.285287374073, ""scene_count"": 5, ""scene_minutes"": 80.0, ""transport_count"": 5, ""transport_minutes"": 116.0}}","{""arrive_hospital"": 99, ""arrive_scene"": 42, ""hospital_release"": 64, ""patient_arrival"": 53, ""reposition_complete"": 41, ""restock_complete"": 42, ""scene_complete"": 42, ""transfer_ready"": 78}",36.626952,16.373048,0.30892543334857087,52.53265851386526,12.714285714285714,32.82738095238095,87.65979660342029,42,0.7924528301886793,53,53,11
Station North,45,2045,"{""cardiac"": {""expected_lost"": 10.213002064516553, ""expected_saved"": 0.7869979354834477, ""mean_response_minutes"": 48.66792362569234, ""mean_scene_minutes"": 12.0, ""mean_transport_minutes"": 42.18499999999999, ""p90_response_minutes"": 93.56270087948897, ""patients"": 11, ""response_count"": 10, ""response_minutes"": 486.6792362569234, ""scene_count"": 10, ""scene_minutes"": 120.0, ""transport_count"": 10, ""transport_minutes"": 421.8499999999999}, ""minor"": {""expected_lost"": 1.2557981610952205, ""expected_saved"": 9.744201838904779, ""mean_response_minutes"": 32.641325026537814, ""mean_scene_minutes"": 10.0, ""mean_transport_minutes"": 37.94090909090908, ""p90_response_minutes"": 73.77800895037899, ""patients"": 11, ""response_count"": 11, ""response_minutes"": 359.05457529191597, ""scene_count"": 11, ""scene_minutes"": 110.0, ""transport_count"": 11, ""transport_minutes"": 417.3499999999999}, ""stroke"": {""expected_lost"": 5.754056611742815, ""expected_saved"": 3.2459433882571855, ""mean_response_minutes"": 46.89973437546624, ""mean_scene_minutes"": 14.0, ""mean_transport_minutes"": 27.293750000000003, ""p90_response_minutes"": 127.41369020750804, ""patients"": 9, ""response_count"": 9, ""response_minutes"": 422.0976093791962, ""scene_count"": 9, ""scene_minutes"": 126.0, ""transport_count"": 8, ""transport_minutes"": 218.35000000000002}, ""trauma"": {""expected_lost"": 6.483840274855396, ""expected_saved"": 0.5161597251446037, ""mean_response_minutes"": 63.9138654744965, ""mean_scene_minutes"": 16.000000000000018, ""mean_transport_minutes"": 27.31666666666668, ""p90_response_minutes"": 125.95270208104665, ""patients"": 7, ""response_count"": 6, ""response_minutes"": 383.48319284697897, ""scene_count"": 6, ""scene_minutes"": 96.00000000000011, ""transport_count"": 6, ""transport_minutes"": 163.9000000000001}}","{""arrive_hospital"": 83, ""arrive_scene"": 36, ""hospital_release"": 59, ""patient_arrival"": 38, ""reposition_complete"": 34, ""restock_complete"": 34, ""scene_complete"": 36, ""transfer_ready"": 62}",23.706697,14.293303,0.3761395496786846,45.869850382639285,12.555555555555559,34.89857142857142,98.98459201354365,36,0.9473684210526315,38,38,2
Station North,46,2046,"{""cardiac"": {""expected_lost"": 14.481764991145463, ""expected_saved"": 0.5182350088545359, ""mean_response_minutes"": 85.28247497375001, ""mean_scene_minutes"": 10.285714285714286, ""mean_transport_minutes"": 39.39166666666667, ""p90_response_minutes"": 212.44451987948702, ""patients"": 15, ""response_count"": 7, ""response_minutes"": 596.9773248162501, ""scene_count"": 7, ""scene_minutes"": 72.0, ""transport_count"": 6, ""transport_minutes"": 236.35000000000002}, ""minor"": {""expected_lost"": 1.6681908025622942, ""expected_saved"": 10.331809197437707, ""mean_response_minutes"": 44.21131235908129, ""mean_scene_minutes"": 10.0, ""mean_transport_minutes"": 40.67083333333333, ""p90_response_minutes"": 67.09440909685952, ""patients"": 12, ""response_count"": 12, ""response_minutes"": 530.5357483089755, ""scene_count"": 12, ""scene_minutes"": 120.0, ""transport_count"": 12, ""transport_minutes"": 488.04999999999995}, ""stroke"": {""expected_lost"": 9.301534522389057, ""expected_saved"": 2.698465477610943, ""mean_response_minutes"": 78.33823713316781, ""mean_scene_minutes"": 13.99999999999999, ""mean_transport_minutes"": 27.645454545454538, ""p90_response_minutes"": 106.78765430269573, ""patients"": 12, ""response_count"": 11, ""response_minutes"": 861.7206084648459, ""scene_count"": 11, ""scene_minutes"": 153.9999999999999, ""transport_count"": 11, ""transport_minutes"": 304.0999999999999}, ""trauma"": {""expected_lost"": 12.62733333023569, ""expected_saved"": 1.3726666697643126, ""mean_response_minutes"": 60.394861722421815, ""mean_scene_minutes"": 16.0, ""mean_transport_minutes"": 27.24615384615385, ""p90_response_minutes"": 91.29126610027556, ""patients"": 14, ""response_count"": 13, ""response_minutes"": 785.1332023914836, ""scene_count"": 13, ""scene_minutes"": 208.0, ""transport_count"": 13, ""transport_minutes"": 354.20000000000005}}","{""arrive_hospital"": 89, ""arrive_scene"": 43, ""hospital_release"": 63, ""patient_arrival"": 53, ""reposition_complete"": 40, ""restock_complete"": 41, ""scene_complete"": 42, ""transfer_ready"": 70}",38.078824,14.921176,0.28153162931448106,64.52016009259434,12.883720930232556,32.921428571428564,110.05911242479625,43,0.8113207547169812,53,53,10
Station North,47,2047,"{""cardiac"": {""expected_lost"": 10.757188518464405, ""expected_saved"": 1.2428114815355937, ""mean_response_minutes"": 35.79080035691215, ""mean_scene_minutes"": 12.0, ""mean_transport_minutes"": 38.43000000000001, ""p90_response_minutes"": 72.63332318136428, ""patients"": 12, ""response_count"": 10, ""response_minutes"": 357.9080035691215, ""scene_count"": 10, ""scene_minutes"": 120.0, ""transport_count"": 10, ""transport_minutes"": 384.30000000000007}, ""minor"": {""expected_lost"": 1.5915279331207277, ""expected_saved"": 12.408472066879273, ""mean_response_minutes"": 36.84953771314929, ""mean_scene_minutes"": 10.0, ""mean_transport_minutes"": 39.16428571428571, ""p90_response_minutes"": 58.147093994251094, ""patients"": 14, ""response_count"": 14, ""response_minutes"": 515.89352798409, ""scene_count"": 14, ""scene_minutes"": 140.0, ""transport_count"": 14, ""transport_minutes"": 548.3}, ""stroke"": {""expected_lost"": 2.7817782815204417, ""expected_saved"": 2.2182217184795587, ""mean_response_minutes"": 33.767394029375225, ""mean_scene_minutes"": 14.0, ""mean_transport_minutes"": 28.349999999999987, ""p90_response_minutes"": 61.942423755216474, ""patients"": 5, ""response_count"": 5, ""response_minutes"": 168.83697014687613, ""scene_count"": 5, ""scene_minutes"": 70.0, ""transport_count"": 5, ""transport_minutes"": 141.74999999999994}, ""trauma"": {""expected_lost"": 10.751407953553842, ""expected_saved"": 1.2485920464461564, ""mean_response_minutes"": 49.19849030971138, ""mean_scene_minutes"": 16.00000000000001, ""mean_transport_minutes"": 29.39090909090911, ""p90_response_minutes"": 57.96517540244872, ""patients"": 12, ""response_count"": 11, ""response_minutes"": 541.1833934068252, ""scene_count"": 11, ""scene_minutes"": 176.0000000000001, ""transport_count"": 11, ""transport_minutes"": 323.3000000000002}}","{""arrive_hospital"": 92, ""arrive_scene"": 40, ""hospital_release"": 66, ""patient_arrival"": 43, ""reposition_complete"": 37, ""restock_complete"": 37, ""scene_complete"": 40, ""transfer_ready"": 69}",25.881903,17.118097,0.3980952863567578,39.595547377672816,12.650000000000002,34.941250000000004,67.01800913100371,40,0.9302325581395349,43,43,3
Station North,48,2048,"{""cardiac"": {""expected_lost"": 11.5601567759047, ""expected_saved"": 0.439843223843018, ""mean_response_minutes"": 119.62839988712166, ""mean_scene_minutes"": 12.0, ""mean_transport_minutes"": 39.35454545454546, ""p90_response_minutes"": 228.14134156373598, ""patients"": 12, ""response_count"": 11, ""response_minutes"": 1315.9123987583382, ""scene_count"": 11, ""scene_minutes"": 132.0, ""transport_count"": 11, ""transport_minutes"": 432.90000000000003}, ""minor"": {""expected_lost"": 2.5019200597058164, ""expected_saved"": 7.4980799402941845, ""mean_response_minutes"": 47.70781007057339, ""mean_scene_minutes"": 9.999999999999988, ""mean_transport_minutes"": 44.81666666666667, ""p90_response_minutes"": 55.1331223685201, ""patients"": 10, ""response_count"": 9, ""response_minutes"": 429.3702906351605, ""scene_count"": 9, ""scene_minutes"": 89.99999999999989, ""transport_count"": 9, ""transport_minutes"": 403.35}, ""stroke"": {""expected_lost"": 8.124357403152711, ""expected_saved"": 3.875642596847288, ""mean_response_minutes"": 29.189994411874448, ""mean_scene_minutes"": 14.0, ""mean_transport_minutes"": 29.29444444444443, ""p90_response_minutes"": 38.7246094915743, ""patients"": 12, ""response_count"": 9, ""response_minutes"": 262.70994970687, ""scene_count"": 9, ""scene_minutes"": 126.0, ""transport_count"": 9, ""transport_minutes"": 263.64999999999986}, ""trauma"": {""expected_lost"": 13.63200789479713, ""expected_saved"": 2.3679921052028705, ""mean_response_minutes"": 77.45878124664837, ""mean_scene_minutes"": 16.0, ""mean_transport_minutes"": 23.3125, ""p90_response_minutes"": 163.0189719950799, ""patients"": 16, ""response_count"": 16, ""response_minutes"": 1239.340499946374, ""scene_count"": 16, ""scene_minutes"": 256.0, ""transport_count"": 16, ""transport_minutes"": 373.0}}","{""arrive_hospital"": 92, ""arrive_scene"": 45, ""hospital_release"": 62, ""patient_arrival"": 50, ""reposition_complete"": 43, ""restock_complete"": 43, ""scene_complete"": 45, ""transfer_ready"": 72}",35.818442,14.181558,0.2836311573237472,72.16295864548314,13.422222222222219,32.73111111111111,163.06057822359188,45,0.9,50,50,5
Station North,49,2049,"{""cardiac"": {""expected_lost"": 6.487498443114407, ""expected_saved"": 0.5125015568855934, ""mean_response_minutes"": 30.66950972829627, ""mean_scene_minutes"": 12.0, ""mean_transport_minutes"": 43.019999999999996, ""p90_response_minutes"": 45.96996230642262, ""patients"": 7, ""response_count"": 5, ""response_minutes"": 153.34754864148135, ""scene_count"": 5, ""scene_minutes"": 60.0, ""transport_count"": 5, ""transport_minutes"": 215.09999999999997}, ""minor"": {""expected_lost"": 2.99970314443367, ""expected_saved"": 12.00029685556633, ""mean_response_minutes"": 56.566052640498604, ""mean_scene_minutes"": 10.0, ""mean_transport_minutes"": 39.51333333333332, ""p90_response_minutes"": 91.10034577459513, ""patients"": 15, ""response_count"": 15, ""response_minutes"": 848.4907896074791, ""scene_count"": 15, ""scene_minutes"": 150.0, ""transport_count"": 15, ""transport_minutes"": 592.6999999999998}, ""stroke"": {""expected_lost"": 7.6800292556378125, ""expected_saved"": 2.3199707443621884, ""mean_response_minutes"": 87.53343628579745, ""mean_scene_minutes"": 14.0, ""mean_transport_minutes"": 27.855555555555537, ""p90_response_minutes"": 177.94778016903575, ""patients"": 10, ""response_count"": 9, ""response_minutes"": 787.800926572177, ""scene_count"": 9, ""scene_minutes"": 126.0, ""transport_count"": 9, ""transport_minutes"": 250.69999999999982}, ""trauma"": {""expected_lost"": 9.756283379834962, ""expected_saved"": 1.2437166201650385, ""mean_response_minutes"": 104.28542601878516, ""mean_scene_minutes"": 16.0, ""mean_transport_minutes"": 27.15, ""p90_response_minutes"": 289.1065162358124, ""patients"": 11, ""response_count"": 10, ""response_minutes"": 1042.8542601878517, ""scene_count"": 10, ""scene_minutes"": 160.0, ""transport_count"": 10, ""transport_minutes"": 271.5}}","{""arrive_hospital"": 88, ""arrive_scene"": 39, ""hospital_release"": 63, ""patient_arrival"": 43, ""reposition_complete"": 38, ""restock_complete"": 39, ""scene_complete"": 39, ""transfer_ready"": 68}",26.923514,16.076486,0.3738717622553292,72.62803910279462,12.717948717948717,34.10256410256409,170.12460247144583,39,0.9069767441860465,43,43,4
Station North,50,2050,"{""cardiac"": {""expected_lost"": 13.942054479165382, ""expected_saved"": 1.0579455208346191, ""mean_response_minutes"": 45.289453503076196, ""mean_scene_minutes"": 12.0, ""mean_transport_minutes"": 40.422727272727286, ""p90_response_minutes"": 77.776750149588, ""patients"": 15, ""response_count"": 11, ""response_minutes"": 498.18398853383815, ""scene_count"": 11, ""scene_minutes"": 132.0, ""transport_count"": 11, ""transport_minutes"": 444.65000000000015}, ""minor"": {""expected_lost"": 0.7409425789531676, ""expected_saved"": 8.259057421046833, ""mean_response_minutes"": 29.1393155201002, ""mean_scene_minutes"": 10.0, ""mean_transport_minutes"": 40.72222222222221, ""p90_response_minutes"": 41.91249878389978, ""patients"": 9, ""response_count"": 9, ""response_minutes"": 262.2538396809018, ""scene_count"": 9, ""scene_minutes"": 90.0, ""transport_count"": 9, ""transport_minutes"": 366.4999999999999}, ""stroke"": {""expected_lost"": 8.356393339864084, ""expected_saved"": 3.6436066601359154, ""mean_response_minutes"": 41.26664372372296, ""mean_scene_minutes"": 12.727272727272727, ""mean_transport_minutes"": 24.599999999999987, ""p90_response_minutes"": 80.4999619721325, ""patients"": 12, ""response_count"": 11, ""response_minutes"": 453.93308096095257, ""scene_count"": 11, ""scene_minutes"": 140.0, ""transport_count"": 10, ""transport_minutes"": 245.9999999999999}, ""trauma"": {""expected_lost"": 3.4071905742520654, ""expected_saved"": 0.5928094257479344, ""mean_response_minutes"": 23.79135257068947, ""mean_scene_minutes"": 16.0, ""mean_transport_minutes"": 20.333333333333332, ""p90_response_minutes"": 29.039999999999964, ""patients"": 4, ""response_count"": 3, ""response_minutes"": 71.3740577120684, ""scene_count"": 3, ""scene_minutes"": 48.0, ""transport_count"": 3, ""transport_minutes"": 61.0}}","{""arrive_hospital"": 82, ""arrive_scene"": 34, ""hospital_release"": 59, ""patient_arrival"": 40, ""reposition_complete"": 31, ""restock_complete"": 31, ""scene_complete"": 33, ""transfer_ready"": 61}",26.446581,13.553419,0.3388354756941325,37.816028437875325,12.058823529411764,33.88333333333333,79.68299842536915,34,0.85,40,40,6
Station North,51,2051,"{""cardiac"": {""expected_lost"": 4.715333446071769, ""expected_saved"": 0.28466655392823104, ""mean_response_minutes"": 18.125, ""mean_scene_minutes"": 12.0, ""mean_transport_minutes"": 44.30000000000001, ""p90_response_minutes"": 20.625, ""patients"": 5, ""response_count"": 2, ""response_minutes"": 36.25, ""scene_count"": 2, ""scene_minutes"": 24.0, ""transport_count"": 2, ""transport_minutes"": 88.60000000000002}, ""minor"": {""expected_lost"": 0.8948369627140941, ""expected_saved"": 11.105163037285905, ""mean_response_minutes"": 28.434729933776612, ""mean_scene_minutes"": 10.0, ""mean_transport_minutes"": 41.12499999999998, ""p90_response_minutes"": 53.46751369337091, ""patients"": 12, ""response_count"": 12, ""response_minutes"": 341.21675920531936, ""scene_count"": 12, ""scene_minutes"": 120.0, ""transport_count"": 12, ""transport_minutes"": 493.4999999999998}, ""stroke"": {""expected_lost"": 5.117450738594034, ""expected_saved"": 1.8825492614059658, ""mean_response_minutes"": 61.737300264476424, ""mean_scene_minutes"": 14.0, ""mean_transport_minutes"": 26.333333333333332, ""p90_response_minutes"": 120.54426584815951, ""patients"": 7, ""response_count"": 6, ""response_minutes"": 370.42380158685853, ""scene_count"": 6, ""scene_minutes"": 84.0, ""transport_count"": 6, ""transport_minutes"": 158.0}, ""trauma"": {""expected_lost"": 13.788373470944446, ""expected_saved"": 2.211626529055553, ""mean_response_minutes"": 46.21726140455554, ""mean_scene_minutes"": 14.933333333333334, ""mean_transport_minutes"": 28.04615384615384, ""p90_response_minutes"": 102.51719584036749, ""patients"": 16, ""response_count"": 15, ""response_minutes"": 693.2589210683332, ""scene_count"": 15, ""scene_minutes"": 224.0, ""transport_count"": 13, ""transport_minutes"": 364.5999999999999}}","{""arrive_hospital"": 67, ""arrive_scene"": 35, ""hospital_release"": 47, ""patient_arrival"": 40, ""reposition_complete"": 33, ""restock_complete"": 33, ""scene_complete"": 34, ""transfer_ready"": 53}",24.515995,15.484005,0.38710013454189135,41.175699481728884,12.914285714285715,33.47575757575757,97.93605499641106,35,0.875,40,40,5
Station North,52,2052,"{""cardiac"": {""expected_lost"": 8.6177841986396, ""expected_saved"": 0.3822158012895746, ""mean_response_minutes"": 139.88944019611606, ""mean_scene_minutes"": 12.0, ""mean_transport_minutes"": 38.99285714285715, ""p90_response_minutes"": 295.6268695415251, ""patients"": 9, ""response_count"": 7, ""response_minutes"": 979.2260813728125, ""scene_count"": 7, ""scene_minutes"": 84.0, ""transport_count"": 7, ""transport_minutes"": 272.95000000000005}, ""minor"": {""expected_lost"": 0.6624601059522067, ""expected_saved"": 6.337539894047794, ""mean_response_minutes"": 35.525937289757074, ""mean_scene_minutes"": 10.0, ""mean_transport_minutes"": 37.714285714285715, ""p90_response_minutes"": 57.62202570451116, ""patients"": 7, ""response_count"": 7, ""response_minutes"": 248.6815610282995, ""scene_count"": 7, ""scene_minutes"": 70.0, ""transport_count"": 7, ""transport_minutes"": 264.0}, ""stroke"": {""expected_lost"": 12.386349027457427, ""expected_saved"": 3.613650972542574, ""mean_response_minutes"": 175.52755376451375, ""mean_scene_minutes"": 14.0, ""mean_transport_minutes"": 25.829999999999988, ""p90_response_minutes"": 641.4284055124358, ""patients"": 16, ""response_count"": 15, ""response_minutes"": 2632.913306467706, ""scene_count"": 15, ""scene_minutes"": 210.0, ""transport_count"": 15, ""transport_minutes"": 387.4499999999998}, ""trauma"": {""expected_lost"": 13.079079771196737, ""expected_saved"": 1.920920228803263, ""mean_response_minutes"": 54.53447345730128, ""mean_scene_minutes"": 15.999999999999993, ""mean_transport_minutes"": 28.43928571428572, ""p90_response_minutes"": 82.99842646308825, ""patients"": 15, ""response_count"": 15, ""response_minutes"": 818.0171018595192, ""scene_count"": 15, ""scene_minutes"": 239.9999999999999, ""transport_count"": 14, ""transport_minutes"": 398.1500000000001}}","{""arrive_hospital"": 83, ""arrive_scene"": 44, ""hospital_release"": 62, ""patient_arrival"": 47, ""reposition_complete"": 41, ""restock_complete"": 41, ""scene_complete"": 44, ""transfer_ready"": 68}",34.745673,12.254327,0.2607303595038979,106.33722842564401,13.727272727272725,30.756976744186044,251.15454204208103,44,0.9361702127659575,47,47,3
Station North,53,2053,"{""cardiac"": {""expected_lost"": 9.647666039588104, ""expected_saved"": 0.3523339604118963, ""mean_response_minutes"": 70.20904538787592, ""mean_scene_minutes"": 12.000000000000005, ""mean_transport_minutes"": 40.166666666666664, ""p90_response_minutes"": 132.26586026740307, ""patients"": 10, ""response_count"": 6, ""response_minutes"": 421.25427232725553, ""scene_count"": 6, ""scene_minutes"": 72.00000000000003, ""transport_count"": 6, ""transport_minutes"": 241.0}, ""minor"": {""expected_lost"": 5.171105797227987, ""expected_saved"": 12.828894202772016, ""mean_response_minutes"": 71.9113053844129, ""mean_scene_minutes"": 9.999999999999993, ""mean_transport_minutes"": 42.45937499999998, ""p90_response_minutes"": 113.45800871985656, ""patients"": 18, ""response_count"": 17, ""response_minutes"": 1222.4921915350192, ""scene_count"": 17, ""scene_minutes"": 169.9999999999999, ""transport_count"": 16, ""transport_minutes"": 679.3499999999997}, ""stroke"": {""expected_lost"": 9.900703392087467, ""expected_saved"": 4.099296607912535, ""mean_response_minutes"": 65.00880565282858, ""mean_scene_minutes"": 11.846153846153847, ""mean_transport_minutes"": 27.477272727272727, ""p90_response_minutes"": 84.58936539747927, ""patients"": 14, ""response_count"": 13, ""response_minutes"": 845.1144734867717, ""scene_count"": 13, ""scene_minutes"": 154.0, ""transport_count"": 11, ""transport_minutes"": 302.25}, ""trauma"": {""expected_lost"": 7.372228021324496, ""expected_saved"": 0.6277719786755038, ""mean_response_minutes"": 52.80511617006164, ""mean_scene_minutes"": 16.000000000000004, ""mean_transport_minutes"": 29.0, ""p90_response_minutes"": 90.8829254597971, ""patients"": 8, ""response_count"": 6, ""response_minutes"": 316.8306970203698, ""scene_count"": 6, ""scene_minutes"": 96.00000000000001, ""transport_count"": 6, ""transport_minutes"": 174.0}}","{""arrive_hospital"": 94, ""arrive_scene"": 42, ""hospital_release"": 65, ""patient_arrival"": 50, ""reposition_complete"": 39, ""restock_complete"": 39, ""scene_complete"": 40, ""transfer_ready"": 72}",32.091703,17.908297,0.358165934995439,66.80218177070036,11.714285714285714,35.8102564102564,100.25542757890037,42,0.84,50,50,8
Station North,54,2054,"{""cardiac"": {""expected_lost"": 8.329709249434458, ""expected_saved"": 0.6702907505655409, ""mean_response_minutes"": 38.222955536811774, ""mean_scene_minutes"": 11.999999999999984, ""mean_transport_minutes"": 41.10714285714285, ""p90_response_minutes"": 58.38478684891669, ""patients"": 9, ""response_count"": 7, ""response_minutes"": 267.56068875768244, ""scene_count"": 7, ""scene_minutes"": 83.99999999999989, ""transport_count"": 7, ""transport_minutes"": 287.74999999999994}, ""minor"": {""expected_lost"": 0.8217287085376463, ""expected_saved"": 4.178271291462353, ""mean_response_minutes"": 48.42031319903964, ""mean_scene_minutes"": 10.0, ""mean_transport_minutes"": 41.820000000000014, ""p90_response_minutes"": 62.30339789414515, ""patients"": 5, ""response_count"": 5, ""response_minutes"": 242.1015659951982, ""scene_count"": 5, ""scene_minutes"": 50.0, ""transport_count"": 5, ""transport_minutes"": 209.10000000000008}, ""stroke"": {""expected_lost"": 12.894439552230041, ""expected_saved"": 6.105560447769957, ""mean_response_minutes"": 82.90544324199325, ""mean_scene_minutes"": 14.0, ""mean_transport_minutes"": 26.350000000000005, ""p90_response_minutes"": 166.6000872193709, ""patients"": 19, ""response_count"": 19, ""response_minutes"": 1575.2034215978717, ""scene_count"": 19, ""scene_minutes"": 266.0, ""transport_count"": 18, ""transport_minutes"": 474.30000000000007}, ""trauma"": {""expected_lost"": 12.864972326341604, ""expected_saved"": 1.1350276736583957, ""mean_response_minutes"": 48.90066977228151, ""mean_scene_minutes"": 16.0, ""mean_transport_minutes"": 23.3, ""p90_response_minutes"": 69.58139193529905, ""patients"": 14, ""response_count"": 10, ""response_minutes"": 489.0066977228151, ""scene_count"": 10, ""scene_minutes"": 160.0, ""transport_count"": 10, ""transport_minutes"": 233.0}}","{""arrive_hospital"": 82, ""arrive_scene"": 41, ""hospital_release"": 58, ""patient_arrival"": 47, ""reposition_complete"": 39, ""restock_complete"": 40, ""scene_complete"": 41, ""transfer_ready"": 70}",34.91085,12.08915,0.257215960924601,62.7773749774041,13.658536585365852,30.10375,78.72740788924955,41,0.8723404255319149,47,47,6
Station North,55,2055,"{""cardiac"": {""expected_lost"": 9.40131130620105, ""expected_saved"": 0.5986886937989491, ""mean_response_minutes"": 47.52839946384999, ""mean_scene_minutes"": 11.999999999999993, ""mean_transport_minutes"": 41.4375, ""p90_response_minutes"": 78.03592091014215, ""patients"": 10, ""response_count"": 8, ""response_minutes"": 380.22719571079995, ""scene_count"": 8, ""scene_minutes"": 95.99999999999994, ""transport_count"": 8, ""transport_minutes"": 331.5}, ""minor"": {""expected_lost"": 4.88111438341059, ""expected_saved"": 11.11888561658941, ""mean_response_minutes"": 80.78561933587534, ""mean_scene_minutes"": 10.0, ""mean_transport_minutes"": 38.61333333333334, ""p90_response_minutes"": 161.69169586853346, ""patients"": 16, ""response_count"": 15, ""response_minutes"": 1211.7842900381302, ""scene_count"": 15, ""scene_minutes"": 150.0, ""transport_count"": 15, ""transport_minutes"": 579.2}, ""stroke"": {""expected_lost"": 9.729860737486195, ""expected_saved"": 3.270139262513804, ""mean_response_minutes"": 81.1583827487964, ""mean_scene_minutes"": 14.0, ""mean_transport_minutes"": 25.75, ""p90_response_minutes"": 101.98418848760821, ""patients"": 13, ""response_count"": 11, ""response_minutes"": 892.7422102367605, ""scene_count"": 11, ""scene_minutes"": 154.0, ""transport_count"": 10, ""transport_minutes"": 257.5}, ""trauma"": {""expected_lost"": 9.552722822363478, ""expected_saved"": 1.447277177636523, ""mean_response_minutes"": 34.37497384990512, ""mean_scene_minutes"": 16.0, ""mean_transport_minutes"": 29.675, ""p90_response_minutes"": 47.95372704551547, ""patients"": 11, ""response_count"": 10, ""response_minutes"": 343.7497384990512, ""scene_count"": 10, ""scene_minutes"": 160.0, ""transport_count"": 10, ""transport_minutes"": 296.75}}","{""arrive_hospital"": 97, ""arrive_scene"": 44, ""hospital_release"": 65, ""patient_arrival"": 50, ""reposition_complete"": 41, ""restock_complete"": 41, ""scene_complete"": 44, ""transfer_ready"": 75}",33.565009,16.434991,0.32869981501077356,64.28416896556233,12.727272727272727,34.068604651162794,99.71357759454528,44,0.88,50,50,6
Station North,56,2056,"{""cardiac"": {""expected_lost"": 5.693115766903874, ""expected_saved"": 0.3068842330961249, ""mean_response_minutes"": 95.31752347860963, ""mean_scene_minutes"": 12.0, ""mean_transport_minutes"": 43.016666666666616, ""p90_response_minutes"": 196.11372687248343, ""patients"": 6, ""response_count"": 6, ""response_minutes"": 571.9051408716577, ""scene_count"": 6, ""scene_minutes"": 72.0, ""transport_count"": 6, ""transport_minutes"": 258.0999999999997}, ""minor"": {""expected_lost"": 2.307259786632801, ""expected_saved"": 8.692740213367198, ""mean_response_minutes"": 28.2861983126326, ""mean_scene_minutes"": 10.0, ""mean_transport_minutes"": 41.094444444444434, ""p90_response_minutes"": 48.84178103285562, ""patients"": 11, ""response_count"": 10, ""response_minutes"": 282.861983126326, ""scene_count"": 10, ""scene_minutes"": 100.0, ""transport_count"": 9, ""transport_minutes"": 369.8499999999999}, ""stroke"": {""expected_lost"": 8.424236125342894, ""expected_saved"": 3.5757638746571074, ""mean_response_minutes"": 50.281870166373935, ""mean_scene_minutes"": 12.727272727272727, ""mean_transport_minutes"": 25.79499999999998, ""p90_response_minutes"": 90.09772131923432, ""patients"": 12, ""response_count"": 11, ""response_minutes"": 553.1005718301133, ""scene_count"": 11, ""scene_minutes"": 140.0, ""transport_count"": 10, ""transport_minutes"": 257.9499999999998}, ""trauma"": {""expected_lost"": 10.591027545795086, ""expected_saved"": 2.408972454204912, ""mean_response_minutes"": 33.49952606755673, ""mean_scene_minutes"": 16.0, ""mean_transport_minutes"": 25.55384615384616, ""p90_response_minutes"": 61.42697310280178, ""patients"": 13, ""response_count"": 13, ""response_minutes"": 435.4938388782375, ""scene_count"": 13, ""scene_minutes"": 208.0, ""transport_count"": 13, ""transport_minutes"": 332.20000000000005}}","{""arrive_hospital"": 78, ""arrive_scene"": 40, ""hospital_release"": 59, ""patient_arrival"": 42, ""reposition_complete"": 38, ""restock_complete"": 38, ""scene_complete"": 39, ""transfer_ready"": 63}",27.015639,14.984361,0.35677049465060334,46.084038367658366,13.0,32.05526315789472,90.99361763815,40,0.9523809523809523,42,42,2
Station North,57,2057,"{""cardiac"": {""expected_lost"": 7.387831154038448, ""expected_saved"": 0.6121688459615523, ""mean_response_minutes"": 60.014587118600886, ""mean_scene_minutes"": 12.0, ""mean_transport_minutes"": 41.6928571428571, ""p90_response_minutes"": 120.80426541444146, ""patients"": 8, ""response_count"": 7, ""response_minutes"": 420.1021098302062, ""scene_count"": 7, ""scene_minutes"": 84.0, ""transport_count"": 7, ""transport_minutes"": 291.8499999999997}, ""minor"": {""expected_lost"": 1.1015372239909698, ""expected_saved"": 7.898462776009031, ""mean_response_minutes"": 40.507687427719446, ""mean_scene_minutes"": 10.0, ""mean_transport_minutes"": 42.400000000000006, ""p90_response_minutes"": 53.8713458212258, ""patients"": 9, ""response_count"": 9, ""response_minutes"": 364.569186849475, ""scene_count"": 9, ""scene_minutes"": 90.0, ""transport_count"": 9, ""transport_minutes"": 381.6000000000001}, ""stroke"": {""expected_lost"": 4.8256733341133184, ""expected_saved"": 2.1743266658866816, ""mean_response_minutes"": 53.873707588186996, ""mean_scene_minutes"": 14.0, ""mean_transport_minutes"": 27.5, ""p90_response_minutes"": 105.08852061314076, ""patients"": 7, ""response_count"": 6, ""response_minutes"": 323.242245529122, ""scene_count"": 6, ""scene_minutes"": 84.0, ""transport_count"": 6, ""transport_minutes"": 165.0}, ""trauma"": {""expected_lost"": 12.912488624769082, ""expected_saved"": 1.0875113752309165, ""mean_response_minutes"": 88.71660055952776, ""mean_scene_minutes"": 16.0, ""mean_transport_minutes"": 27.433333333333337, ""p90_response_minutes"": 164.5180791829033, ""patients"": 14, ""response_count"": 12, ""response_minutes"": 1064.5992067143331, ""scene_count"": 12, ""scene_minutes"": 192.0, ""transport_count"": 12, ""transport_minutes"": 329.20000000000005}}","{""arrive_hospital"": 72, ""arrive_scene"": 34, ""hospital_release"": 50, ""patient_arrival"": 38, ""reposition_complete"": 32, ""restock_complete"": 32, ""scene_complete"": 34, ""transfer_ready"": 56}",26.22753,11.77247,0.30980183323916266,63.89743379185695,13.235294117647058,34.34264705882352,120.33372973832373,34,0.8947368421052632,38,38,4
Station North,58,2058,"{""cardiac"": {""expected_lost"": 12.8109938775862, ""expected_saved"": 1.1890061224138022, ""mean_response_minutes"": 44.28478126627684, ""mean_scene_minutes"": 12.0, ""mean_transport_minutes"": 38.70833333333332, ""p90_response_minutes"": 81.52383047639918, ""patients"": 14, ""response_count"": 12, ""response_minutes"": 531.417375195322, ""scene_count"": 12, ""scene_minutes"": 144.0, ""transport_count"": 12, ""transport_minutes"": 464.4999999999999}, ""minor"": {""expected_lost"": 3.09350748797402, ""expected_saved"": 10.90649251202598, ""mean_response_minutes"": 61.53846507314015, ""mean_scene_minutes"": 10.0, ""mean_transport_minutes"": 36.86428571428571, ""p90_response_minutes"": 114.83476715643195, ""patients"": 14, ""response_count"": 14, ""response_minutes"": 861.5385110239621, ""scene_count"": 14, ""scene_minutes"": 140.0, ""transport_count"": 14, ""transport_minutes"": 516.0999999999999}, ""stroke"": {""expected_lost"": 9.233805922297616, ""expected_saved"": 3.766194077702383, ""mean_response_minutes"": 112.7937917080863, ""mean_scene_minutes"": 14.0, ""mean_transport_minutes"": 27.320833333333336, ""p90_response_minutes"": 285.4902603275848, ""patients"": 13, ""response_count"": 12, ""response_minutes"": 1353.5255004970356, ""scene_count"": 12, ""scene_minutes"": 168.0, ""transport_count"": 12, ""transport_minutes"": 327.85}, ""trauma"": {""expected_lost"": 5.634280714795365, ""expected_saved"": 0.3657192845645898, ""mean_response_minutes"": 226.86692695971297, ""mean_scene_minutes"": 16.0, ""mean_transport_minutes"": 22.75, ""p90_response_minutes"": 580.8525940906391, ""patients"": 6, ""response_count"": 6, ""response_minutes"": 1361.2015617582779, ""scene_count"": 6, ""scene_minutes"": 96.0, ""transport_count"": 6, ""transport_minutes"": 136.5}}","{""arrive_hospital"": 104, ""arrive_scene"": 44, ""hospital_release"": 70, ""patient_arrival"": 47, ""reposition_complete"": 42, ""restock_complete"": 42, ""scene_complete"": 44, ""transfer_ready"": 78}",30.772588,16.227412,0.34526408503631373,93.35643064714995,12.454545454545455,32.839772727272724,161.91150618199913,44,0.9361702127659575,47,47,3
Station North,59,2059,"{""cardiac"": {""expected_lost"": 12.381310722814918, ""expected_saved"": 0.6186892771850816, ""mean_response_minutes"": 62.579122660546574, ""mean_scene_minutes"": 12.0, ""mean_transport_minutes"": 38.066666666666656, ""p90_response_minutes"": 104.02233267390248, ""patients"": 13, ""response_count"": 9, ""response_minutes"": 563.2121039449191, ""scene_count"": 9, ""scene_minutes"": 108.0, ""transport_count"": 9, ""transport_minutes"": 342.5999999999999}, ""minor"": {""expected_lost"": 1.6703065819861544, ""expected_saved"": 9.329693418013845, ""mean_response_minutes"": 45.91916395182418, ""mean_scene_minutes"": 10.0, ""mean_transport_minutes"": 42.13181818181817, ""p90_response_minutes"": 90.26709000256756, ""patients"": 11, ""response_count"": 11, ""response_minutes"": 505.110803470066, ""scene_count"": 11, ""scene_minutes"": 110.0, ""transport_count"": 11, ""transport_minutes"": 463.4499999999998}, ""stroke"": {""expected_lost"": 12.340983464902651, ""expected_saved"": 2.659016535097349, ""mean_response_minutes"": 127.93618046300041, ""mean_scene_minutes"": 14.000000000000009, ""mean_transport_minutes"": 24.916666666666668, ""p90_response_minutes"": 261.6255691546391, ""patients"": 15, ""response_count"": 12, ""response_minutes"": 1535.2341655560049, ""scene_count"": 12, ""scene_minutes"": 168.0000000000001, ""transport_count"": 12, ""transport_minutes"": 299.0}, ""trauma"": {""expected_lost"": 14.815861343286654, ""expected_saved"": 1.1841386567133438, ""mean_response_minutes"": 41.13343391088511, ""mean_scene_minutes"": 16.000000000000004, ""mean_transport_minutes"": 29.613636363636363, ""p90_response_minutes"": 67.67343446929192, ""patients"": 16, ""response_count"": 11, ""response_minutes"": 452.4677730197362, ""scene_count"": 11, ""scene_minutes"": 176.00000000000003, ""transport_count"": 11, ""transport_minutes"": 325.75}}","{""arrive_hospital"": 93, ""arrive_scene"": 43, ""hospital_release"": 67, ""patient_arrival"": 55, ""reposition_complete"": 40, ""restock_complete"": 40, ""scene_complete"": 43, ""transfer_ready"": 73}",41.208462,13.791538,0.25075523430926583,71.07034525559827,13.069767441860467,33.27441860465115,130.18418068120312,43,0.7818181818181819,55,55,12
Station North,60,2060,"{""cardiac"": {""expected_lost"": 6.858631118771896, ""expected_saved"": 1.1413688812281029, ""mean_response_minutes"": 24.44161104062715, ""mean_scene_minutes"": 12.0, ""mean_transport_minutes"": 39.724999999999994, ""p90_response_minutes"": 41.03729281623769, ""patients"": 8, ""response_count"": 8, ""response_minutes"": 195.5328883250172, ""scene_count"": 8, ""scene_minutes"": 96.0, ""transport_count"": 8, ""transport_minutes"": 317.79999999999995}, ""minor"": {""expected_lost"": 2.555788502275508, ""expected_saved"": 6.444211497724492, ""mean_response_minutes"": 28.628579377102533, ""mean_scene_minutes"": 8.75, ""mean_transport_minutes"": 42.414285714285676, ""p90_response_minutes"": 38.558120303695084, ""patients"": 9, ""response_count"": 8, ""response_minutes"": 229.02863501682026, ""scene_count"": 8, ""scene_minutes"": 70.0, ""transport_count"": 7, ""transport_minutes"": 296.89999999999975}, ""stroke"": {""expected_lost"": 6.318180598938531, ""expected_saved"": 3.6818194010614684, ""mean_response_minutes"": 30.510348348527387, ""mean_scene_minutes"": 14.0, ""mean_transport_minutes"": 27.02499999999999, ""p90_response_minutes"": 52.68803241672212, ""patients"": 10, ""response_count"": 8, ""response_minutes"": 244.0827867882191, ""scene_count"": 8, ""scene_minutes"": 112.0, ""transport_count"": 8, ""transport_minutes"": 216.19999999999993}, ""trauma"": {""expected_lost"": 8.612235891500184, ""expected_saved"": 1.387764108499817, ""mean_response_minutes"": 26.120153945144285, ""mean_scene_minutes"": 16.0, ""mean_transport_minutes"": 27.5, ""p90_response_minutes"": 49.92229890839135, ""patients"": 10, ""response_count"": 10, ""response_minutes"": 261.20153945144284, ""scene_count"": 10, ""scene_minutes"": 160.0, ""transport_count"": 8, ""transport_minutes"": 220.0}}","{""arrive_hospital"": 69, ""arrive_scene"": 34, ""hospital_release"": 55, ""patient_arrival"": 37, ""reposition_complete"": 31, ""restock_complete"": 31, ""scene_complete"": 33, ""transfer_ready"": 54}",24.344836,12.655164,0.342031456446321,27.34840734063234,12.882352941176471,33.89999999999999,48.10423289295377,34,0.918918918918919,37,37,3
Station North,61,2061,"{""cardiac"": {""expected_lost"": 14.349878646988145, ""expected_saved"": 0.650121353011853, ""mean_response_minutes"": 62.83931044249473, ""mean_scene_minutes"": 12.0, ""mean_transport_minutes"": 38.09499999999999, ""p90_response_minutes"": 134.04173448413832, ""patients"": 15, ""response_count"": 10, ""response_minutes"": 628.3931044249473, ""scene_count"": 10, ""scene_minutes"": 120.0, ""transport_count"": 10, ""transport_minutes"": 380.94999999999993}, ""minor"": {""expected_lost"": 1.7514917767281049, ""expected_saved"": 9.248508223271894, ""mean_response_minutes"": 42.7691009266666, ""mean_scene_minutes"": 10.0, ""mean_transport_minutes"": 36.97727272727273, ""p90_response_minutes"": 84.08160704783586, ""patients"": 11, ""response_count"": 11, ""response_minutes"": 470.46011019333264, ""scene_count"": 11, ""scene_minutes"": 110.0, ""transport_count"": 11, ""transport_minutes"": 406.75}, ""stroke"": {""expected_lost"": 8.832073989066341, ""expected_saved"": 4.167926010933659, ""mean_response_minutes"": 45.15270393267718, ""mean_scene_minutes"": 14.0, ""mean_transport_minutes"": 26.018181818181823, ""p90_response_minutes"": 76.30534450203845, ""patients"": 13, ""response_count"": 11, ""response_minutes"": 496.67974325944897, ""scene_count"": 11, ""scene_minutes"": 154.0, ""transport_count"": 11, ""transport_minutes"": 286.20000000000005}, ""trauma"": {""expected_lost"": 16.646926386281358, ""expected_saved"": 1.353073613718646, ""mean_response_minutes"": 83.38810465985456, ""mean_scene_minutes"": 16.0, ""mean_transport_minutes"": 26.21538461538461, ""p90_response_minutes"": 249.65643918612318, ""patients"": 18, ""response_count"": 14, ""response_minutes"": 1167.433465237964, ""scene_count"": 14, ""scene_minutes"": 224.0, ""transport_count"": 13, ""transport_minutes"": 340.79999999999995}}","{""arrive_hospital"": 95, ""arrive_scene"": 46, ""hospital_release"": 64, ""patient_arrival"": 57, ""reposition_complete"": 43, ""restock_complete"": 43, ""scene_complete"": 46, ""transfer_ready"": 76}",41.580371,15.419629,0.2705198105427378,60.064487459036805,13.217391304347826,31.43777777777778,94.80447565817451,46,0.8070175438596491,57,57,11
Station North,62,2062,"{""cardiac"": {""expected_lost"": 13.103084346183175, ""expected_saved"": 0.896915653816825, ""mean_response_minutes"": 32.66380417932061, ""mean_scene_minutes"": 12.0, ""mean_transport_minutes"": 37.75, ""p90_response_minutes"": 64.46675362337471, ""patients"": 14, ""response_count"": 8, ""response_minutes"": 261.31043343456486, ""scene_count"": 8, ""scene_minutes"": 96.0, ""transport_count"": 8, ""transport_minutes"": 302.0}, ""minor"": {""expected_lost"": 0.9460568320125672, ""expected_saved"": 5.053943167987432, ""mean_response_minutes"": 46.41258251583338, ""mean_scene_minutes"": 10.0, ""mean_transport_minutes"": 42.06666666666666, ""p90_response_minutes"": 75.47082191868856, ""patients"": 6, ""response_count"": 6, ""response_minutes"": 278.47549509500027, ""scene_count"": 6, ""scene_minutes"": 60.0, ""transport_count"": 6, ""transport_minutes"": 252.39999999999998}, ""stroke"": {""expected_lost"": 8.469275007098492, ""expected_saved"": 5.530724992901507, ""mean_response_minutes"": 41.940338247774086, ""mean_scene_minutes"": 14.0, ""mean_transport_minutes"": 25.05384615384616, ""p90_response_minutes"": 74.74688485508258, ""patients"": 14, ""response_count"": 13, ""response_minutes"": 545.2243972210631, ""scene_count"": 13, ""scene_minutes"": 182.0, ""transport_count"": 13, ""transport_minutes"": 325.70000000000005}, ""trauma"": {""expected_lost"": 13.170172771750012, ""expected_saved"": 1.829827228249987, ""mean_response_minutes"": 33.57116163161386, ""mean_scene_minutes"": 14.76923076923077, ""mean_transport_minutes"": 22.31250000000001, ""p90_response_minutes"": 51.64433515947281, ""patients"": 15, ""response_count"": 13, ""response_minutes"": 436.42510121098024, ""scene_count"": 13, ""scene_minutes"": 192.0, ""transport_count"": 12, ""transport_minutes"": 267.7500000000001}}","{""arrive_hospital"": 79, ""arrive_scene"": 40, ""hospital_release"": 53, ""patient_arrival"": 49, ""reposition_complete"": 38, ""restock_complete"": 38, ""scene_complete"": 39, ""transfer_ready"": 65}",35.688589,13.311411,0.27166144985623986,38.035885674040216,13.25,29.432051282051287,70.37169947665002,40,0.8163265306122449,49,49,9
Station North,63,2063,"{""cardiac"": {""expected_lost"": 14.879467449235493, ""expected_saved"": 1.1205325507645079, ""mean_response_minutes"": 27.857793225640503, ""mean_scene_minutes"": 12.0, ""mean_transport_minutes"": 39.55555555555556, ""p90_response_minutes"": 44.393959271622045, ""patients"": 16, ""response_count"": 9, ""response_minutes"": 250.72013903076453, ""scene_count"": 9, ""scene_minutes"": 108.0, ""transport_count"": 9, ""transport_minutes"": 356.0}, ""minor"": {""expected_lost"": 3.5315366752875414, ""expected_saved"": 11.468463324712458, ""mean_response_minutes"": 55.47378340536129, ""mean_scene_minutes"": 9.999999999999991, ""mean_transport_minutes"": 39.335714285714275, ""p90_response_minutes"": 101.5530505033121, ""patients"": 15, ""response_count"": 14, ""response_minutes"": 776.632967675058, ""scene_count"": 14, ""scene_minutes"": 139.9999999999999, ""transport_count"": 14, ""transport_minutes"": 550.6999999999998}, ""stroke"": {""expected_lost"": 6.068673120671757, ""expected_saved"": 2.9313268793282434, ""mean_response_minutes"": 56.46708439246655, ""mean_scene_minutes"": 14.0, ""mean_transport_minutes"": 26.643749999999983, ""p90_response_minutes"": 103.1548221463425, ""patients"": 9, ""response_count"": 8, ""response_minutes"": 451.7366751397324, ""scene_count"": 8, ""scene_minutes"": 112.0, ""transport_count"": 8, ""transport_minutes"": 213.14999999999986}, ""trauma"": {""expected_lost"": 16.610036770794004, ""expected_saved"": 1.3899632292059942, ""mean_response_minutes"": 56.25170720207637, ""mean_scene_minutes"": 16.0, ""mean_transport_minutes"": 24.662500000000005, ""p90_response_minutes"": 77.42808136225067, ""patients"": 18, ""response_count"": 13, ""response_minutes"": 731.2721936269928, ""scene_count"": 13, ""scene_minutes"": 208.0, ""transport_count"": 12, ""transport_minutes"": 295.95000000000005}}","{""arrive_hospital"": 96, ""arrive_scene"": 44, ""hospital_release"": 67, ""patient_arrival"": 58, ""reposition_complete"": 41, ""restock_complete"": 42, ""scene_complete"": 44, ""transfer_ready"": 74}",41.089714,16.910286,0.2915566548967448,50.235499442557916,12.909090909090907,32.92558139534883,77.14438196593478,44,0.7586206896551724,58,58,14
Station North,64,2064,"{""cardiac"": {""expected_lost"": 10.671101561420661, ""expected_saved"": 0.32889843742037655, ""mean_response_minutes"": 135.32500565126594, ""mean_scene_minutes"": 12.0, ""mean_transport_minutes"": 37.58125000000002, ""p90_response_minutes"": 417.0228048370759, ""patients"": 11, ""response_count"": 8, ""response_minutes"": 1082.6000452101275, ""scene_count"": 8, ""scene_minutes"": 96.0, ""transport_count"": 8, ""transport_minutes"": 300.65000000000015}, ""minor"": {""expected_lost"": 3.4626793121114594, ""expected_saved"": 7.53732068788854, ""mean_response_minutes"": 62.30896664772374, ""mean_scene_minutes"": 10.0, ""mean_transport_minutes"": 40.361111111111114, ""p90_response_minutes"": 87.67929170934404, ""patients"": 11, ""response_count"": 10, ""response_minutes"": 623.0896664772374, ""scene_count"": 10, ""scene_minutes"": 100.0, ""transport_count"": 9, ""transport_minutes"": 363.25}, ""stroke"": {""expected_lost"": 11.481364305915827, ""expected_saved"": 3.5186356940841748, ""mean_response_minutes"": 119.42279057323763, ""mean_scene_minutes"": 14.0, ""mean_transport_minutes"": 26.75, ""p90_response_minutes"": 318.0515982961639, ""patients"": 15, ""response_count"": 15, ""response_minutes"": 1791.3418585985646, ""scene_count"": 15, ""scene_minutes"": 210.0, ""transport_count"": 15, ""transport_minutes"": 401.25}, ""trauma"": {""expected_lost"": 11.403886547980434, ""expected_saved"": 1.5961134520195654, ""mean_response_minutes"": 40.337818966396995, ""mean_scene_minutes"": 16.0, ""mean_transport_minutes"": 25.725000000000005, ""p90_response_minutes"": 55.13376476150834, ""patients"": 13, ""response_count"": 12, ""response_minutes"": 484.05382759676394, ""scene_count"": 12, ""scene_minutes"": 192.0, ""transport_count"": 12, ""transport_minutes"": 308.70000000000005}}","{""arrive_hospital"": 89, ""arrive_scene"": 45, ""hospital_release"": 64, ""patient_arrival"": 50, ""reposition_complete"": 42, ""restock_complete"": 43, ""scene_complete"": 45, ""transfer_ready"": 72}",37.019032,12.980968,0.25961936542825326,88.46856439739322,13.28888888888889,31.22386363636364,265.7646839730005,45,0.9,50,50,5
Station North,65,2065,"{""cardiac"": {""expected_lost"": 10.134032592845665, ""expected_saved"": 0.8659674065235992, ""mean_response_minutes"": 69.20413087900823, ""mean_scene_minutes"": 12.0, ""mean_transport_minutes"": 39.69090909090907, ""p90_response_minutes"": 98.62846730840624, ""patients"": 11, ""response_count"": 11, ""response_minutes"": 761.2454396690905, ""scene_count"": 11, ""scene_minutes"": 132.0, ""transport_count"": 11, ""transport_minutes"": 436.59999999999974}, ""minor"": {""expected_lost"": 3.732869309400928, ""expected_saved"": 9.267130690599073, ""mean_response_minutes"": 52.530192655012485, ""mean_scene_minutes"": 10.0, ""mean_transport_minutes"": 37.90909090909091, ""p90_response_minutes"": 55.37287505288123, ""patients"": 13, ""response_count"": 11, ""response_minutes"": 577.8321192051374, ""scene_count"": 11, ""scene_minutes"": 110.0, ""transport_count"": 11, ""transport_minutes"": 417.0}, ""stroke"": {""expected_lost"": 8.371775935481127, ""expected_saved"": 3.6282240645188724, ""mean_response_minutes"": 75.02703813952242, ""mean_scene_minutes"": 14.0, ""mean_transport_minutes"": 26.166666666666668, ""p90_response_minutes"": 130.53896008518856, ""patients"": 12, ""response_count"": 12, ""response_minutes"": 900.324457674269, ""scene_count"": 12, ""scene_minutes"": 168.0, ""transport_count"": 12, ""transport_minutes"": 314.0}, ""trauma"": {""expected_lost"": 9.134387417466078, ""expected_saved"": 0.8656125821038958, ""mean_response_minutes"": 121.79873884483784, ""mean_scene_minutes"": 16.0, ""mean_transport_minutes"": 27.650000000000006, ""p90_response_minutes"": 286.8980220042631, ""patients"": 10, ""response_count"": 9, ""response_minutes"": 1096.1886496035406, ""scene_count"": 9, ""scene_minutes"": 144.0, ""transport_count"": 8, ""transport_minutes"": 221.20000000000005}}","{""arrive_hospital"": 96, ""arrive_scene"": 43, ""hospital_release"": 65, ""patient_arrival"": 46, ""reposition_complete"": 41, ""restock_complete"": 41, ""scene_complete"": 43, ""transfer_ready"": 74}",31.373065,14.626935,0.3179768422553357,77.57187595702418,12.883720930232558,33.06666666666666,169.5598420722526,43,0.9347826086956522,46,46,3
Station North,66,2066,"{""cardiac"": {""expected_lost"": 16.64912422024051, ""expected_saved"": 1.350875779759491, ""mean_response_minutes"": 65.78232563735112, ""mean_scene_minutes"": 12.0, ""mean_transport_minutes"": 39.347222222222214, ""p90_response_minutes"": 141.70076196981168, ""patients"": 18, ""response_count"": 18, ""response_minutes"": 1184.0818614723203, ""scene_count"": 18, ""scene_minutes"": 216.0, ""transport_count"": 18, ""transport_minutes"": 708.2499999999999}, ""minor"": {""expected_lost"": 1.0666026341870563, ""expected_saved"": 5.933397365812943, ""mean_response_minutes"": 46.12883575346859, ""mean_scene_minutes"": 10.0, ""mean_transport_minutes"": 37.999999999999964, ""p90_response_minutes"": 59.14919308077968, ""patients"": 7, ""response_count"": 7, ""response_minutes"": 322.90185027428015, ""scene_count"": 7, ""scene_minutes"": 70.0, ""transport_count"": 7, ""transport_minutes"": 265.9999999999998}, ""stroke"": {""expected_lost"": 4.416760817625663, ""expected_saved"": 2.583239182374337, ""mean_response_minutes"": 41.21690528310511, ""mean_scene_minutes"": 14.0, ""mean_transport_minutes"": 26.928571428571427, ""p90_response_minutes"": 70.16528887112828, ""patients"": 7, ""response_count"": 7, ""response_minutes"": 288.5183369817358, ""scene_count"": 7, ""scene_minutes"": 98.0, ""transport_count"": 7, ""transport_minutes"": 188.5}, ""trauma"": {""expected_lost"": 9.174463940301465, ""expected_saved"": 0.8255360596985362, ""mean_response_minutes"": 45.5417746854683, ""mean_scene_minutes"": 14.4, ""mean_transport_minutes"": 27.46666666666667, ""p90_response_minutes"": 80.69335245211016, ""patients"": 10, ""response_count"": 10, ""response_minutes"": 455.41774685468295, ""scene_count"": 10, ""scene_minutes"": 144.0, ""transport_count"": 9, ""transport_minutes"": 247.20000000000002}}","{""arrive_hospital"": 96, ""arrive_scene"": 42, ""hospital_release"": 65, ""patient_arrival"": 42, ""reposition_complete"": 40, ""restock_complete"": 40, ""scene_complete"": 41, ""transfer_ready"": 72}",31.306952,10.693048,0.25459639018203106,53.59332846626235,12.571428571428571,34.38902439024389,102.80967114720583,42,1.0,42,42,0
Station North,67,2067,"{""cardiac"": {""expected_lost"": 16.816721445462598, ""expected_saved"": 1.1832785545374038, ""mean_response_minutes"": 53.37833247261686, ""mean_scene_minutes"": 11.999999999999991, ""mean_transport_minutes"": 40.72857142857141, ""p90_response_minutes"": 132.98871398259615, ""patients"": 18, ""response_count"": 14, ""response_minutes"": 747.296654616636, ""scene_count"": 14, ""scene_minutes"": 167.9999999999999, ""transport_count"": 14, ""transport_minutes"": 570.1999999999998}, ""minor"": {""expected_lost"": 2.299674822507045, ""expected_saved"": 8.700325177492957, ""mean_response_minutes"": 60.278834350709644, ""mean_scene_minutes"": 10.0, ""mean_transport_minutes"": 39.027272727272724, ""p90_response_minutes"": 93.22205389047053, ""patients"": 11, ""response_count"": 11, ""response_minutes"": 663.0671778578061, ""scene_count"": 11, ""scene_minutes"": 110.0, ""transport_count"": 11, ""transport_minutes"": 429.29999999999995}, ""stroke"": {""expected_lost"": 3.796378324026269, ""expected_saved"": 1.203621675973731, ""mean_response_minutes"": 52.82466698852333, ""mean_scene_minutes"": 14.0, ""mean_transport_minutes"": 26.25, ""p90_response_minutes"": 79.02459301621252, ""patients"": 5, ""response_count"": 5, ""response_minutes"": 264.1233349426167, ""scene_count"": 5, ""scene_minutes"": 70.0, ""transport_count"": 4, ""transport_minutes"": 105.0}, ""trauma"": {""expected_lost"": 11.489613373491968, ""expected_saved"": 1.5103866265080315, ""mean_response_minutes"": 44.00088084506961, ""mean_scene_minutes"": 16.0, ""mean_transport_minutes"": 26.018181818181823, ""p90_response_minutes"": 67.27959751222801, ""patients"": 13, ""response_count"": 11, ""response_minutes"": 484.00968929576567, ""scene_count"": 11, ""scene_minutes"": 176.0, ""transport_count"": 11, ""transport_minutes"": 286.20000000000005}}","{""arrive_hospital"": 93, ""arrive_scene"": 41, ""hospital_release"": 61, ""patient_arrival"": 47, ""reposition_complete"": 38, ""restock_complete"": 38, ""scene_complete"": 41, ""transfer_ready"": 69}",34.402388,12.597612,0.268034298606641,52.646264797873755,12.780487804878046,34.7675,98.31541631826349,41,0.8723404255319149,47,47,6
Station North,68,2068,"{""cardiac"": {""expected_lost"": 19.99599169153128, ""expected_saved"": 1.0040083084687172, ""mean_response_minutes"": 54.368155058530924, ""mean_scene_minutes"": 12.0, ""mean_transport_minutes"": 39.43461538461539, ""p90_response_minutes"": 78.45617204215314, ""patients"": 21, ""response_count"": 13, ""response_minutes"": 706.786015760902, ""scene_count"": 13, ""scene_minutes"": 156.0, ""transport_count"": 13, ""transport_minutes"": 512.6500000000001}, ""minor"": {""expected_lost"": 0.5663569160949571, ""expected_saved"": 5.433643083905043, ""mean_response_minutes"": 33.64076216770608, ""mean_scene_minutes"": 10.0, ""mean_transport_minutes"": 42.59166666666666, ""p90_response_minutes"": 60.44363915923287, ""patients"": 6, ""response_count"": 6, ""response_minutes"": 201.8445730062365, ""scene_count"": 6, ""scene_minutes"": 60.0, ""transport_count"": 6, ""transport_minutes"": 255.54999999999995}, ""stroke"": {""expected_lost"": 6.341088723541194, ""expected_saved"": 3.658911276458804, ""mean_response_minutes"": 40.473714038797425, ""mean_scene_minutes"": 14.0, ""mean_transport_minutes"": 25.88888888888889, ""p90_response_minutes"": 66.35885643355515, ""patients"": 10, ""response_count"": 9, ""response_minutes"": 364.2634263491768, ""scene_count"": 9, ""scene_minutes"": 126.0, ""transport_count"": 9, ""transport_minutes"": 233.0}, ""trauma"": {""expected_lost"": 10.931885688530768, ""expected_saved"": 1.0681143114692315, ""mean_response_minutes"": 75.92247549377761, ""mean_scene_minutes"": 16.0, ""mean_transport_minutes"": 26.16818181818181, ""p90_response_minutes"": 162.8296723452025, ""patients"": 12, ""response_count"": 12, ""response_minutes"": 911.0697059253314, ""scene_count"": 12, ""scene_minutes"": 192.0, ""transport_count"": 11, ""transport_minutes"": 287.8499999999999}}","{""arrive_hospital"": 85, ""arrive_scene"": 40, ""hospital_release"": 60, ""patient_arrival"": 49, ""reposition_complete"": 37, ""restock_complete"": 37, ""scene_complete"": 40, ""transfer_ready"": 66}",37.835323,11.164677,0.22785055061840398,54.59909302604117,13.35,33.0525641025641,115.769306474641,40,0.8163265306122449,49,49,9
Station North,69,2069,"{""cardiac"": {""expected_lost"": 11.566644449760009, ""expected_saved"": 0.43335555023999045, ""mean_response_minutes"": 43.08524561000079, ""mean_scene_minutes"": 12.0, ""mean_transport_minutes"": 40.79999999999999, ""p90_response_minutes"": 60.58823461931388, ""patients"": 12, ""response_count"": 6, ""response_minutes"": 258.51147366000475, ""scene_count"": 6, ""scene_minutes"": 72.0, ""transport_count"": 6, ""transport_minutes"": 244.79999999999995}, ""minor"": {""expected_lost"": 3.3608009669455927, ""expected_saved"": 12.63919903305441, ""mean_response_minutes"": 48.202055381531935, ""mean_scene_minutes"": 10.0, ""mean_transport_minutes"": 38.99666666666667, ""p90_response_minutes"": 77.35074558819554, ""patients"": 16, ""response_count"": 15, ""response_minutes"": 723.030830722979, ""scene_count"": 15, ""scene_minutes"": 150.0, ""transport_count"": 15, ""transport_minutes"": 584.95}, ""stroke"": {""expected_lost"": 13.073425877073538, ""expected_saved"": 3.9265741229264624, ""mean_response_minutes"": 46.00803408871997, ""mean_scene_minutes"": 14.000000000000009, ""mean_transport_minutes"": 27.241666666666656, ""p90_response_minutes"": 78.47041968767591, ""patients"": 17, ""response_count"": 12, ""response_minutes"": 552.0964090646396, ""scene_count"": 12, ""scene_minutes"": 168.0000000000001, ""transport_count"": 12, ""transport_minutes"": 326.89999999999986}, ""trauma"": {""expected_lost"": 17.225243705545196, ""expected_saved"": 0.774756294454803, ""mean_response_minutes"": 114.56561706680964, ""mean_scene_minutes"": 15.999999999999995, ""mean_transport_minutes"": 28.018181818181823, ""p90_response_minutes"": 202.4972728056484, ""patients"": 18, ""response_count"": 12, ""response_minutes"": 1374.7874048017156, ""scene_count"": 12, ""scene_minutes"": 191.99999999999994, ""transport_count"": 11, ""transport_minutes"": 308.20000000000005}}","{""arrive_hospital"": 96, ""arrive_scene"": 45, ""hospital_release"": 67, ""patient_arrival"": 63, ""reposition_complete"": 42, ""restock_complete"": 42, ""scene_complete"": 45, ""transfer_ready"": 74}",45.226115,17.773885,0.28212515874088356,64.63169151665198,12.933333333333334,33.29204545454545,153.89914730338106,45,0.7142857142857143,63,63,18
Station North,70,2070,"{""cardiac"": {""expected_lost"": 4.52376980067711, ""expected_saved"": 0.4762301993228899, ""mean_response_minutes"": 35.057873521715166, ""mean_scene_minutes"": 12.0, ""mean_transport_minutes"": 41.125, ""p90_response_minutes"": 66.42422665099016, ""patients"": 5, ""response_count"": 4, ""response_minutes"": 140.23149408686066, ""scene_count"": 4, ""scene_minutes"": 48.0, ""transport_count"": 4, ""transport_minutes"": 164.5}, ""minor"": {""expected_lost"": 2.297292539277327, ""expected_saved"": 7.702707460722673, ""mean_response_minutes"": 68.34283163457147, ""mean_scene_minutes"": 10.0, ""mean_transport_minutes"": 39.53000000000001, ""p90_response_minutes"": 125.06209599018341, ""patients"": 10, ""response_count"": 10, ""response_minutes"": 683.4283163457146, ""scene_count"": 10, ""scene_minutes"": 100.0, ""transport_count"": 10, ""transport_minutes"": 395.30000000000007}, ""stroke"": {""expected_lost"": 11.443247749310354, ""expected_saved"": 5.556752250689649, ""mean_response_minutes"": 49.1970284741101, ""mean_scene_minutes"": 14.0, ""mean_transport_minutes"": 28.581249999999997, ""p90_response_minutes"": 89.269101968715, ""patients"": 17, ""response_count"": 17, ""response_minutes"": 836.3494840598717, ""scene_count"": 17, ""scene_minutes"": 238.0, ""transport_count"": 16, ""transport_minutes"": 457.29999999999995}, ""trauma"": {""expected_lost"": 6.606145086654647, ""expected_saved"": 1.3938549133453522, ""mean_response_minutes"": 68.60948797372305, ""mean_scene_minutes"": 16.0, ""mean_transport_minutes"": 29.75, ""p90_response_minutes"": 169.70608135625014, ""patients"": 8, ""response_count"": 8, ""response_minutes"": 548.8759037897844, ""scene_count"": 8, ""scene_minutes"": 128.0, ""transport_count"": 8, ""transport_minutes"": 238.0}}","{""arrive_hospital"": 82, ""arrive_scene"": 39, ""hospital_release"": 61, ""patient_arrival"": 40, ""reposition_complete"": 37, ""restock_complete"": 37, ""scene_complete"": 39, ""transfer_ready"": 68}",24.870455,15.129545,0.3782386206020143,56.63808200723668,13.179487179487179,33.02894736842105,100.43563672871726,39,0.975,40,40,1
Station North,71,2071,"{""cardiac"": {""expected_lost"": 11.275191211166867, ""expected_saved"": 0.724808788833134, ""mean_response_minutes"": 64.8206711196449, ""mean_scene_minutes"": 12.0, ""mean_transport_minutes"": 37.706249999999976, ""p90_response_minutes"": 130.7962757433534, ""patients"": 12, ""response_count"": 9, ""response_minutes"": 583.3860400768041, ""scene_count"": 9, ""scene_minutes"": 108.0, ""transport_count"": 8, ""transport_minutes"": 301.6499999999998}, ""minor"": {""expected_lost"": 4.204179935799717, ""expected_saved"": 12.795820064200285, ""mean_response_minutes"": 43.103079083784934, ""mean_scene_minutes"": 10.0, ""mean_transport_minutes"": 40.7, ""p90_response_minutes"": 77.06932622057847, ""patients"": 17, ""response_count"": 15, ""response_minutes"": 646.546186256774, ""scene_count"": 15, ""scene_minutes"": 150.0, ""transport_count"": 15, ""transport_minutes"": 610.5}, ""stroke"": {""expected_lost"": 7.368959828473403, ""expected_saved"": 4.631040171526598, ""mean_response_minutes"": 51.75164933101683, ""mean_scene_minutes"": 14.0, ""mean_transport_minutes"": 24.968181818181815, ""p90_response_minutes"": 93.90463854357893, ""patients"": 12, ""response_count"": 11, ""response_minutes"": 569.2681426411851, ""scene_count"": 11, ""scene_minutes"": 154.0, ""transport_count"": 11, ""transport_minutes"": 274.65}, ""trauma"": {""expected_lost"": 6.29088662814444, ""expected_saved"": 0.7091133718555596, ""mean_response_minutes"": 82.3503122534578, ""mean_scene_minutes"": 16.000000000000004, ""mean_transport_minutes"": 28.650000000000016, ""p90_response_minutes"": 174.71124928101636, ""patients"": 7, ""response_count"": 7, ""response_minutes"": 576.4521857742046, ""scene_count"": 7, ""scene_minutes"": 112.00000000000003, ""transport_count"": 6, ""transport_minutes"": 171.9000000000001}}","{""arrive_hospital"": 95, ""arrive_scene"": 42, ""hospital_release"": 67, ""patient_arrival"": 48, ""reposition_complete"": 39, ""restock_complete"": 39, ""scene_complete"": 42, ""transfer_ready"": 73}",29.139218,18.860782,0.392932966591991,56.56315606545162,12.476190476190476,33.967499999999994,93.78568636931277,42,0.875,48,48,6
Station North,72,2072,"{""cardiac"": {""expected_lost"": 7.6272764057000675, ""expected_saved"": 0.37272359408395606, ""mean_response_minutes"": 101.54152347913057, ""mean_scene_minutes"": 12.0, ""mean_transport_minutes"": 39.40714285714284, ""p90_response_minutes"": 223.7905898140724, ""patients"": 8, ""response_count"": 7, ""response_minutes"": 710.790664353914, ""scene_count"": 7, ""scene_minutes"": 84.0, ""transport_count"": 7, ""transport_minutes"": 275.84999999999985}, ""minor"": {""expected_lost"": 1.1491098800274464, ""expected_saved"": 7.850890119972553, ""mean_response_minutes"": 43.635143467402685, ""mean_scene_minutes"": 10.0, ""mean_transport_minutes"": 40.21111111111111, ""p90_response_minutes"": 60.188333462899465, ""patients"": 9, ""response_count"": 9, ""response_minutes"": 392.7162912066242, ""scene_count"": 9, ""scene_minutes"": 90.0, ""transport_count"": 9, ""transport_minutes"": 361.9}, ""stroke"": {""expected_lost"": 7.203091243381977, ""expected_saved"": 3.7969087566180235, ""mean_response_minutes"": 126.99542731543637, ""mean_scene_minutes"": 14.0, ""mean_transport_minutes"": 25.34545454545452, ""p90_response_minutes"": 434.1911002283232, ""patients"": 11, ""response_count"": 11, ""response_minutes"": 1396.9497004698, ""scene_count"": 11, ""scene_minutes"": 154.0, ""transport_count"": 11, ""transport_minutes"": 278.7999999999997}, ""trauma"": {""expected_lost"": 8.387015679463886, ""expected_saved"": 1.6129843205361132, ""mean_response_minutes"": 40.41443622212249, ""mean_scene_minutes"": 16.0, ""mean_transport_minutes"": 24.02777777777777, ""p90_response_minutes"": 93.09029124322547, ""patients"": 10, ""response_count"": 9, ""response_minutes"": 363.7299259991024, ""scene_count"": 9, ""scene_minutes"": 144.0, ""transport_count"": 9, ""transport_minutes"": 216.24999999999994}}","{""arrive_hospital"": 76, ""arrive_scene"": 36, ""hospital_release"": 60, ""patient_arrival"": 38, ""reposition_complete"": 35, ""restock_complete"": 35, ""scene_complete"": 36, ""transfer_ready"": 60}",24.366493,13.633507,0.3587764945055434,79.56073838970669,13.11111111111111,31.466666666666654,106.45825689956342,36,0.9473684210526315,38,38,2
Station North,73,2073,"{""cardiac"": {""expected_lost"": 12.835795057361768, ""expected_saved"": 0.1642049423977885, ""mean_response_minutes"": 133.46013922371597, ""mean_scene_minutes"": 10.285714285714286, ""mean_transport_minutes"": 38.59999999999999, ""p90_response_minutes"": 333.82754114796114, ""patients"": 13, ""response_count"": 7, ""response_minutes"": 934.2209745660117, ""scene_count"": 7, ""scene_minutes"": 72.0, ""transport_count"": 6, ""transport_minutes"": 231.5999999999999}, ""minor"": {""expected_lost"": 4.956266611244688, ""expected_saved"": 12.043733388755308, ""mean_response_minutes"": 68.25823612271792, ""mean_scene_minutes"": 10.0, ""mean_transport_minutes"": 40.9875, ""p90_response_minutes"": 104.24641916380733, ""patients"": 17, ""response_count"": 16, ""response_minutes"": 1092.1317779634867, ""scene_count"": 16, ""scene_minutes"": 160.0, ""transport_count"": 16, ""transport_minutes"": 655.8}, ""stroke"": {""expected_lost"": 7.852304877379931, ""expected_saved"": 4.147695122620069, ""mean_response_minutes"": 80.56498757070986, ""mean_scene_minutes"": 14.0, ""mean_transport_minutes"": 26.295454545454557, ""p90_response_minutes"": 138.46032074801224, ""patients"": 12, ""response_count"": 11, ""response_minutes"": 886.2148632778085, ""scene_count"": 11, ""scene_minutes"": 154.0, ""transport_count"": 11, ""transport_minutes"": 289.2500000000001}, ""trauma"": {""expected_lost"": 10.941482432203774, ""expected_saved"": 1.058517567796226, ""mean_response_minutes"": 63.98427280114939, ""mean_scene_minutes"": 14.545454545454545, ""mean_transport_minutes"": 25.338888888888885, ""p90_response_minutes"": 148.67387187305073, ""patients"": 12, ""response_count"": 11, ""response_minutes"": 703.8270008126433, ""scene_count"": 11, ""scene_minutes"": 160.0, ""transport_count"": 9, ""transport_minutes"": 228.04999999999995}}","{""arrive_hospital"": 96, ""arrive_scene"": 45, ""hospital_release"": 70, ""patient_arrival"": 54, ""reposition_complete"": 42, ""restock_complete"": 42, ""scene_complete"": 43, ""transfer_ready"": 74}",36.585849,17.414151,0.3224842781772111,80.36432481377666,12.133333333333333,33.445238095238096,144.58845142303534,45,0.8333333333333334,54,54,9
Station North,74,2074,"{""cardiac"": {""expected_lost"": 10.250083787997275, ""expected_saved"": 0.7499162120027258, ""mean_response_minutes"": 34.53517228872974, ""mean_scene_minutes"": 12.0, ""mean_transport_minutes"": 37.94999999999999, ""p90_response_minutes"": 47.17737412209932, ""patients"": 11, ""response_count"": 8, ""response_minutes"": 276.2813783098379, ""scene_count"": 8, ""scene_minutes"": 96.0, ""transport_count"": 8, ""transport_minutes"": 303.5999999999999}, ""minor"": {""expected_lost"": 2.463787950606566, ""expected_saved"": 13.536212049393436, ""mean_response_minutes"": 47.98605628808964, ""mean_scene_minutes"": 10.0, ""mean_transport_minutes"": 42.1875, ""p90_response_minutes"": 69.64951049023608, ""patients"": 16, ""response_count"": 16, ""response_minutes"": 767.7769006094343, ""scene_count"": 16, ""scene_minutes"": 160.0, ""transport_count"": 16, ""transport_minutes"": 675.0}, ""stroke"": {""expected_lost"": 5.595909077495983, ""expected_saved"": 2.4040909225040172, ""mean_response_minutes"": 68.85417317099453, ""mean_scene_minutes"": 14.0, ""mean_transport_minutes"": 26.28125, ""p90_response_minutes"": 149.40659677988822, ""patients"": 8, ""response_count"": 8, ""response_minutes"": 550.8333853679562, ""scene_count"": 8, ""scene_minutes"": 112.0, ""transport_count"": 8, ""transport_minutes"": 210.25}, ""trauma"": {""expected_lost"": 11.019163494529495, ""expected_saved"": 0.980836505470505, ""mean_response_minutes"": 121.26958953650193, ""mean_scene_minutes"": 16.0, ""mean_transport_minutes"": 26.563636363636366, ""p90_response_minutes"": 269.12242813008265, ""patients"": 12, ""response_count"": 11, ""response_minutes"": 1333.9654849015212, ""scene_count"": 11, ""scene_minutes"": 176.0, ""transport_count"": 11, ""transport_minutes"": 292.20000000000005}}","{""arrive_hospital"": 99, ""arrive_scene"": 43, ""hospital_release"": 71, ""patient_arrival"": 47, ""reposition_complete"": 41, ""restock_complete"": 42, ""scene_complete"": 43, ""transfer_ready"": 75}",29.328944,17.671056,0.3759799082844825,68.1129569578779,12.651162790697674,34.443023255813955,131.29149858886257,43,0.9148936170212766,47,47,4
Station North,75,2075,"{""cardiac"": {""expected_lost"": 18.73312327073208, ""expected_saved"": 1.2668767292679168, ""mean_response_minutes"": 48.97275025638789, ""mean_scene_minutes"": 12.0, ""mean_transport_minutes"": 39.46785714285715, ""p90_response_minutes"": 93.79948302077783, ""patients"": 20, ""response_count"": 14, ""response_minutes"": 685.6185035894305, ""scene_count"": 14, ""scene_minutes"": 168.0, ""transport_count"": 14, ""transport_minutes"": 552.5500000000001}, ""minor"": {""expected_lost"": 1.9838215041415028, ""expected_saved"": 8.016178495858497, ""mean_response_minutes"": 62.37372700375869, ""mean_scene_minutes"": 10.0, ""mean_transport_minutes"": 42.68499999999999, ""p90_response_minutes"": 122.89894031557712, ""patients"": 10, ""response_count"": 10, ""response_minutes"": 623.7372700375869, ""scene_count"": 10, ""scene_minutes"": 100.0, ""transport_count"": 10, ""transport_minutes"": 426.8499999999999}, ""stroke"": {""expected_lost"": 5.755376440008078, ""expected_saved"": 2.2446235599919224, ""mean_response_minutes"": 65.05238741990681, ""mean_scene_minutes"": 12.25, ""mean_transport_minutes"": 26.25714285714285, ""p90_response_minutes"": 126.00052258462473, ""patients"": 8, ""response_count"": 8, ""response_minutes"": 520.4190993592545, ""scene_count"": 8, ""scene_minutes"": 98.0, ""transport_count"": 7, ""transport_minutes"": 183.79999999999995}, ""trauma"": {""expected_lost"": 10.879132407431982, ""expected_saved"": 1.120867592568018, ""mean_response_minutes"": 35.98234553368787, ""mean_scene_minutes"": 16.0, ""mean_transport_minutes"": 23.25, ""p90_response_minutes"": 71.59327575367304, ""patients"": 12, ""response_count"": 8, ""response_minutes"": 287.85876426950296, ""scene_count"": 8, ""scene_minutes"": 128.0, ""transport_count"": 8, ""transport_minutes"": 186.0}}","{""arrive_hospital"": 94, ""arrive_scene"": 40, ""hospital_release"": 63, ""patient_arrival"": 50, ""reposition_complete"": 39, ""restock_complete"": 39, ""scene_complete"": 39, ""transfer_ready"": 70}",37.351454,12.648546,0.25297092755372697,52.94084093139436,12.35,34.59487179487179,104.80068421786656,40,0.8,50,50,10
Station North,76,2076,"{""cardiac"": {""expected_lost"": 10.7620664989012, ""expected_saved"": 0.23793350109880013, ""mean_response_minutes"": 91.24890090573075, ""mean_scene_minutes"": 12.0, ""mean_transport_minutes"": 40.12777777777777, ""p90_response_minutes"": 160.55975025115305, ""patients"": 11, ""response_count"": 9, ""response_minutes"": 821.2401081515768, ""scene_count"": 9, ""scene_minutes"": 108.0, ""transport_count"": 9, ""transport_minutes"": 361.15}, ""minor"": {""expected_lost"": 3.0114349668362737, ""expected_saved"": 10.988565033163727, ""mean_response_minutes"": 54.898283761309976, ""mean_scene_minutes"": 10.0, ""mean_transport_minutes"": 40.271428571428565, ""p90_response_minutes"": 104.45723244278417, ""patients"": 14, ""response_count"": 14, ""response_minutes"": 768.5759726583397, ""scene_count"": 14, ""scene_minutes"": 140.0, ""transport_count"": 14, ""transport_minutes"": 563.8}, ""stroke"": {""expected_lost"": 7.126742607227999, ""expected_saved"": 3.873257392772001, ""mean_response_minutes"": 34.22161300440962, ""mean_scene_minutes"": 14.0, ""mean_transport_minutes"": 27.327777777777783, ""p90_response_minutes"": 54.49791459080414, ""patients"": 11, ""response_count"": 9, ""response_minutes"": 307.99451703968657, ""scene_count"": 9, ""scene_minutes"": 126.0, ""transport_count"": 9, ""transport_minutes"": 245.95000000000005}, ""trauma"": {""expected_lost"": 7.3835417229052736, ""expected_saved"": 0.6164582770947266, ""mean_response_minutes"": 63.42724358321349, ""mean_scene_minutes"": 16.0, ""mean_transport_minutes"": 26.166666666666668, ""p90_response_minutes"": 96.77102839471485, ""patients"": 8, ""response_count"": 6, ""response_minutes"": 380.56346149928095, ""scene_count"": 6, ""scene_minutes"": 96.0, ""transport_count"": 6, ""transport_minutes"": 157.0}}","{""arrive_hospital"": 91, ""arrive_scene"": 38, ""hospital_release"": 62, ""patient_arrival"": 44, ""reposition_complete"": 37, ""restock_complete"": 37, ""scene_complete"": 38, ""transfer_ready"": 69}",28.283786,15.716214,0.35718668645748297,59.95721208812853,12.368421052631579,34.94473684210526,124.77102596644454,38,0.8636363636363636,44,44,6
Station North,77,2077,"{""cardiac"": {""expected_lost"": 9.43800542482641, ""expected_saved"": 0.5619945751735885, ""mean_response_minutes"": 41.80341898329415, ""mean_scene_minutes"": 12.0, ""mean_transport_minutes"": 42.04999999999999, ""p90_response_minutes"": 67.23132331000903, ""patients"": 10, ""response_count"": 7, ""response_minutes"": 292.62393288305907, ""scene_count"": 7, ""scene_minutes"": 84.0, ""transport_count"": 7, ""transport_minutes"": 294.3499999999999}, ""minor"": {""expected_lost"": 2.3896261039327458, ""expected_saved"": 11.610373896067252, ""mean_response_minutes"": 50.23204193473077, ""mean_scene_minutes"": 10.0, ""mean_transport_minutes"": 39.64642857142855, ""p90_response_minutes"": 87.31489681161425, ""patients"": 14, ""response_count"": 14, ""response_minutes"": 703.2485870862308, ""scene_count"": 14, ""scene_minutes"": 140.0, ""transport_count"": 14, ""transport_minutes"": 555.0499999999997}, ""stroke"": {""expected_lost"": 7.226715401463778, ""expected_saved"": 2.7732845985362213, ""mean_response_minutes"": 66.20164405657192, ""mean_scene_minutes"": 14.0, ""mean_transport_minutes"": 25.46250000000001, ""p90_response_minutes"": 139.71752150285238, ""patients"": 10, ""response_count"": 8, ""response_minutes"": 529.6131524525754, ""scene_count"": 8, ""scene_minutes"": 112.0, ""transport_count"": 8, ""transport_minutes"": 203.70000000000007}, ""trauma"": {""expected_lost"": 9.884868352101861, ""expected_saved"": 1.1151316478981395, ""mean_response_minutes"": 73.00361431147746, ""mean_scene_minutes"": 16.0, ""mean_transport_minutes"": 22.22222222222222, ""p90_response_minutes"": 153.06705150244045, ""patients"": 11, ""response_count"": 10, ""response_minutes"": 730.0361431147746, ""scene_count"": 10, ""scene_minutes"": 160.0, ""transport_count"": 9, ""transport_minutes"": 200.0}}","{""arrive_hospital"": 85, ""arrive_scene"": 39, ""hospital_release"": 57, ""patient_arrival"": 45, ""reposition_complete"": 36, ""restock_complete"": 36, ""scene_complete"": 39, ""transfer_ready"": 65}",28.939215,16.060785,0.35690632705944897,57.83389270606769,12.717948717948717,32.97631578947368,130.88758197381432,39,0.8666666666666667,45,45,6
Station North,78,2078,"{""cardiac"": {""expected_lost"": 9.739989596455851, ""expected_saved"": 1.2600104035441484, ""mean_response_minutes"": 22.39587856742291, ""mean_scene_minutes"": 12.0, ""mean_transport_minutes"": 40.050000000000004, ""p90_response_minutes"": 39.70278256673799, ""patients"": 11, ""response_count"": 9, ""response_minutes"": 201.56290710680616, ""scene_count"": 9, ""scene_minutes"": 108.0, ""transport_count"": 9, ""transport_minutes"": 360.45000000000005}, ""minor"": {""expected_lost"": 2.764397481568394, ""expected_saved"": 6.235602518431607, ""mean_response_minutes"": 66.24201972548825, ""mean_scene_minutes"": 10.0, ""mean_transport_minutes"": 39.75, ""p90_response_minutes"": 154.087996604834, ""patients"": 9, ""response_count"": 8, ""response_minutes"": 529.936157803906, ""scene_count"": 8, ""scene_minutes"": 80.0, ""transport_count"": 8, ""transport_minutes"": 318.0}, ""stroke"": {""expected_lost"": 7.257010827625093, ""expected_saved"": 3.742989172374907, ""mean_response_minutes"": 43.57383749815349, ""mean_scene_minutes"": 14.0, ""mean_transport_minutes"": 26.75, ""p90_response_minutes"": 100.13600588353522, ""patients"": 11, ""response_count"": 10, ""response_minutes"": 435.7383749815349, ""scene_count"": 10, ""scene_minutes"": 140.0, ""transport_count"": 10, ""transport_minutes"": 267.5}, ""trauma"": {""expected_lost"": 9.879931088420012, ""expected_saved"": 1.120068911579989, ""mean_response_minutes"": 44.67905688432865, ""mean_scene_minutes"": 16.0, ""mean_transport_minutes"": 29.599999999999994, ""p90_response_minutes"": 66.24035337399852, ""patients"": 11, ""response_count"": 9, ""response_minutes"": 402.11151195895786, ""scene_count"": 9, ""scene_minutes"": 144.0, ""transport_count"": 8, ""transport_minutes"": 236.79999999999995}}","{""arrive_hospital"": 78, ""arrive_scene"": 36, ""hospital_release"": 53, ""patient_arrival"": 42, ""reposition_complete"": 33, ""restock_complete"": 34, ""scene_complete"": 36, ""transfer_ready"": 60}",29.641329,12.358671,0.2942540715697774,43.59302644031125,13.11111111111111,33.792857142857144,98.61998623962813,36,0.8571428571428571,42,42,6
Station North,79,2079,"{""cardiac"": {""expected_lost"": 11.991936955337344, ""expected_saved"": 1.0080630446626564, ""mean_response_minutes"": 27.049746323100745, ""mean_scene_minutes"": 12.0, ""mean_transport_minutes"": 40.87777777777777, ""p90_response_minutes"": 34.00344557218085, ""patients"": 13, ""response_count"": 9, ""response_minutes"": 243.4477169079067, ""scene_count"": 9, ""scene_minutes"": 108.0, ""transport_count"": 9, ""transport_minutes"": 367.9}, ""minor"": {""expected_lost"": 2.771624563043634, ""expected_saved"": 10.228375436956366, ""mean_response_minutes"": 73.93556730050895, ""mean_scene_minutes"": 10.0, ""mean_transport_minutes"": 37.30769230769231, ""p90_response_minutes"": 218.1131835291011, ""patients"": 13, ""response_count"": 13, ""response_minutes"": 961.1623749066164, ""scene_count"": 13, ""scene_minutes"": 130.0, ""transport_count"": 13, ""transport_minutes"": 485.0}, ""stroke"": {""expected_lost"": 7.722210387078219, ""expected_saved"": 4.277789612921781, ""mean_response_minutes"": 40.10154914790876, ""mean_scene_minutes"": 14.0, ""mean_transport_minutes"": 27.363636363636363, ""p90_response_minutes"": 66.8269210503056, ""patients"": 12, ""response_count"": 11, ""response_minutes"": 441.11704062699636, ""scene_count"": 11, ""scene_minutes"": 154.0, ""transport_count"": 11, ""transport_minutes"": 301.0}, ""trauma"": {""expected_lost"": 9.009190571052864, ""expected_saved"": 0.9908094289471358, ""mean_response_minutes"": 50.31974028695348, ""mean_scene_minutes"": 16.0, ""mean_transport_minutes"": 23.600000000000005, ""p90_response_minutes"": 89.4106631718339, ""patients"": 10, ""response_count"": 6, ""response_minutes"": 301.9184417217209, ""scene_count"": 6, ""scene_minutes"": 96.0, ""transport_count"": 6, ""transport_minutes"": 141.60000000000002}}","{""arrive_hospital"": 93, ""arrive_scene"": 39, ""hospital_release"": 63, ""patient_arrival"": 48, ""reposition_complete"": 37, ""restock_complete"": 37, ""scene_complete"": 39, ""transfer_ready"": 71}",31.494962,16.505038,0.3438549484059987,49.93963010674975,12.512820512820513,33.217948717948715,107.84266776255794,39,0.8125,48,48,9
Station North,80,2080,"{""cardiac"": {""expected_lost"": 8.407775119423587, ""expected_saved"": 0.5922248805764141, ""mean_response_minutes"": 42.812777012848706, ""mean_scene_minutes"": 12.0, ""mean_transport_minutes"": 39.307142857142864, ""p90_response_minutes"": 83.63657816918385, ""patients"": 9, ""response_count"": 7, ""response_minutes"": 299.68943908994095, ""scene_count"": 7, ""scene_minutes"": 84.0, ""transport_count"": 7, ""transport_minutes"": 275.15000000000003}, ""minor"": {""expected_lost"": 2.4967012969889244, ""expected_saved"": 11.503298703011076, ""mean_response_minutes"": 43.10646098738698, ""mean_scene_minutes"": 10.0, ""mean_transport_minutes"": 41.13076923076923, ""p90_response_minutes"": 85.8600170353245, ""patients"": 14, ""response_count"": 14, ""response_minutes"": 603.4904538234177, ""scene_count"": 14, ""scene_minutes"": 140.0, ""transport_count"": 13, ""transport_minutes"": 534.7}, ""stroke"": {""expected_lost"": 10.731986253238992, ""expected_saved"": 4.268013746761011, ""mean_response_minutes"": 78.53156522640792, ""mean_scene_minutes"": 14.0, ""mean_transport_minutes"": 26.39642857142857, ""p90_response_minutes"": 74.42922385303277, ""patients"": 15, ""response_count"": 14, ""response_minutes"": 1099.441913169711, ""scene_count"": 14, ""scene_minutes"": 196.0, ""transport_count"": 14, ""transport_minutes"": 369.54999999999995}, ""trauma"": {""expected_lost"": 8.63564206585793, ""expected_saved"": 0.36435793414206985, ""mean_response_minutes"": 119.61155175956799, ""mean_scene_minutes"": 16.0, ""mean_transport_minutes"": 19.0, ""p90_response_minutes"": 205.5229200848048, ""patients"": 9, ""response_count"": 6, ""response_minutes"": 717.6693105574079, ""scene_count"": 6, ""scene_minutes"": 96.0, ""transport_count"": 6, ""transport_minutes"": 114.0}}","{""arrive_hospital"": 93, ""arrive_scene"": 41, ""hospital_release"": 71, ""patient_arrival"": 47, ""reposition_complete"": 39, ""restock_complete"": 39, ""scene_complete"": 41, ""transfer_ready"": 72}",30.272105,16.727895,0.3559126652019271,66.34856382049945,12.585365853658537,32.335,116.91997733612845,41,0.8723404255319149,47,47,6
Station North,81,2081,"{""cardiac"": {""expected_lost"": 9.723101536924728, ""expected_saved"": 1.276898463075271, ""mean_response_minutes"": 21.361107341097824, ""mean_scene_minutes"": 12.0, ""mean_transport_minutes"": 39.28125, ""p90_response_minutes"": 32.0, ""patients"": 11, ""response_count"": 9, ""response_minutes"": 192.24996606988043, ""scene_count"": 9, ""scene_minutes"": 108.0, ""transport_count"": 8, ""transport_minutes"": 314.25}, ""minor"": {""expected_lost"": 0.43485293200954167, ""expected_saved"": 6.565147067990458, ""mean_response_minutes"": 26.53201134424983, ""mean_scene_minutes"": 10.0, ""mean_transport_minutes"": 39.142857142857146, ""p90_response_minutes"": 42.450530652910594, ""patients"": 7, ""response_count"": 7, ""response_minutes"": 185.7240794097488, ""scene_count"": 7, ""scene_minutes"": 70.0, ""transport_count"": 7, ""transport_minutes"": 274.0}, ""stroke"": {""expected_lost"": 6.575908695589245, ""expected_saved"": 5.424091304410754, ""mean_response_minutes"": 30.12629471676648, ""mean_scene_minutes"": 14.0, ""mean_transport_minutes"": 27.92916666666667, ""p90_response_minutes"": 43.41864194029297, ""patients"": 12, ""response_count"": 12, ""response_minutes"": 361.51553660119777, ""scene_count"": 12, ""scene_minutes"": 168.0, ""transport_count"": 12, ""transport_minutes"": 335.15000000000003}, ""trauma"": {""expected_lost"": 4.209513110359652, ""expected_saved"": 0.7904868896403472, ""mean_response_minutes"": 37.84028990380011, ""mean_scene_minutes"": 16.0, ""mean_transport_minutes"": 23.25, ""p90_response_minutes"": 60.22539789547, ""patients"": 5, ""response_count"": 4, ""response_minutes"": 151.36115961520045, ""scene_count"": 4, ""scene_minutes"": 64.0, ""transport_count"": 4, ""transport_minutes"": 93.0}}","{""arrive_hospital"": 73, ""arrive_scene"": 32, ""hospital_release"": 56, ""patient_arrival"": 35, ""reposition_complete"": 31, ""restock_complete"": 31, ""scene_complete"": 32, ""transfer_ready"": 58}",20.943376,14.056624,0.40161782071762364,27.839085678000856,12.8125,32.78709677419355,43.41864194029297,32,0.9142857142857143,35,35,3
Station North,82,2082,"{""cardiac"": {""expected_lost"": 11.45383424379695, ""expected_saved"": 0.5461657555789021, ""mean_response_minutes"": 126.31090635689321, ""mean_scene_minutes"": 12.0, ""mean_transport_minutes"": 35.718181818181804, ""p90_response_minutes"": 379.7748538301437, ""patients"": 12, ""response_count"": 11, ""response_minutes"": 1389.4199699258254, ""scene_count"": 11, ""scene_minutes"": 132.0, ""transport_count"": 11, ""transport_minutes"": 392.89999999999986}, ""minor"": {""expected_lost"": 2.764548757041685, ""expected_saved"": 6.235451242958315, ""mean_response_minutes"": 64.86335257600415, ""mean_scene_minutes"": 10.0, ""mean_transport_minutes"": 39.293749999999996, ""p90_response_minutes"": 132.80635545420748, ""patients"": 9, ""response_count"": 8, ""response_minutes"": 518.9068206080332, ""scene_count"": 8, ""scene_minutes"": 80.0, ""transport_count"": 8, ""transport_minutes"": 314.34999999999997}, ""stroke"": {""expected_lost"": 8.01369728224317, ""expected_saved"": 6.986302717756831, ""mean_response_minutes"": 27.208436261929005, ""mean_scene_minutes"": 14.0, ""mean_transport_minutes"": 24.946428571428573, ""p90_response_minutes"": 54.67460381067506, ""patients"": 15, ""response_count"": 14, ""response_minutes"": 380.9181076670061, ""scene_count"": 14, ""scene_minutes"": 196.0, ""transport_count"": 14, ""transport_minutes"": 349.25}, ""trauma"": {""expected_lost"": 10.482929963329783, ""expected_saved"": 0.5170700366702188, ""mean_response_minutes"": 100.18097432303136, ""mean_scene_minutes"": 16.000000000000018, ""mean_transport_minutes"": 27.642857142857142, ""p90_response_minutes"": 198.6287423293905, ""patients"": 11, ""response_count"": 7, ""response_minutes"": 701.2668202612196, ""scene_count"": 7, ""scene_minutes"": 112.00000000000011, ""transport_count"": 7, ""transport_minutes"": 193.5}}","{""arrive_hospital"": 85, ""arrive_mortuary"": 1, ""arrive_scene"": 40, ""hospital_release"": 61, ""patient_arrival"": 47, ""reposition_complete"": 37, ""restock_complete"": 37, ""scene_complete"": 40, ""transfer_ready"": 69}",32.71501,14.28499,0.303935952190729,74.76279296155212,13.000000000000004,31.249999999999993,123.57840291337698,40,0.851063829787234,47,47,7
Station North,83,2083,"{""cardiac"": {""expected_lost"": 7.3660911679413745, ""expected_saved"": 0.6339088320586251, ""mean_response_minutes"": 62.520491336050505, ""mean_scene_minutes"": 12.0, ""mean_transport_minutes"": 42.82142857142855, ""p90_response_minutes"": 150.6316500477991, ""patients"": 8, ""response_count"": 7, ""response_minutes"": 437.64343935235354, ""scene_count"": 7, ""scene_minutes"": 84.0, ""transport_count"": 7, ""transport_minutes"": 299.74999999999983}, ""minor"": {""expected_lost"": 1.7702104625464137, ""expected_saved"": 9.229789537453586, ""mean_response_minutes"": 28.141687326283026, ""mean_scene_minutes"": 10.0, ""mean_transport_minutes"": 40.075, ""p90_response_minutes"": 52.690261878758406, ""patients"": 11, ""response_count"": 10, ""response_minutes"": 281.4168732628303, ""scene_count"": 10, ""scene_minutes"": 100.0, ""transport_count"": 10, ""transport_minutes"": 400.75}, ""stroke"": {""expected_lost"": 5.675375714476697, ""expected_saved"": 3.324624285523303, ""mean_response_minutes"": 31.344392594986367, ""mean_scene_minutes"": 14.0, ""mean_transport_minutes"": 27.525000000000006, ""p90_response_minutes"": 47.698937586658396, ""patients"": 9, ""response_count"": 8, ""response_minutes"": 250.75514075989093, ""scene_count"": 8, ""scene_minutes"": 112.0, ""transport_count"": 8, ""transport_minutes"": 220.20000000000005}, ""trauma"": {""expected_lost"": 12.093053403569305, ""expected_saved"": 1.9069465964306964, ""mean_response_minutes"": 40.2738000719837, ""mean_scene_minutes"": 16.000000000000007, ""mean_transport_minutes"": 23.873076923076916, ""p90_response_minutes"": 64.34413014662616, ""patients"": 14, ""response_count"": 13, ""response_minutes"": 523.5594009357881, ""scene_count"": 13, ""scene_minutes"": 208.0000000000001, ""transport_count"": 13, ""transport_minutes"": 310.3499999999999}}","{""arrive_hospital"": 80, ""arrive_scene"": 38, ""hospital_release"": 55, ""patient_arrival"": 42, ""reposition_complete"": 36, ""restock_complete"": 37, ""scene_complete"": 38, ""transfer_ready"": 63}",26.904731,15.095269,0.3594111726539572,39.29933827133849,13.263157894736844,32.39605263157894,60.36799060130089,38,0.9047619047619048,42,42,4
Station North,84,2084,"{""cardiac"": {""expected_lost"": 12.159172902630317, ""expected_saved"": 0.8408270973696821, ""mean_response_minutes"": 87.08680375390821, ""mean_scene_minutes"": 11.999999999999996, ""mean_transport_minutes"": 37.575, ""p90_response_minutes"": 206.80835468947325, ""patients"": 13, ""response_count"": 9, ""response_minutes"": 783.7812337851739, ""scene_count"": 9, ""scene_minutes"": 107.99999999999997, ""transport_count"": 8, ""transport_minutes"": 300.6}, ""minor"": {""expected_lost"": 1.9520411898643928, ""expected_saved"": 8.047958810135608, ""mean_response_minutes"": 31.050002319202616, ""mean_scene_minutes"": 10.0, ""mean_transport_minutes"": 39.744444444444426, ""p90_response_minutes"": 56.25570990631001, ""patients"": 10, ""response_count"": 9, ""response_minutes"": 279.45002087282353, ""scene_count"": 9, ""scene_minutes"": 90.0, ""transport_count"": 9, ""transport_minutes"": 357.6999999999998}, ""stroke"": {""expected_lost"": 13.982982394604814, ""expected_saved"": 5.017017605395187, ""mean_response_minutes"": 78.21197999217804, ""mean_scene_minutes"": 13.222222222222221, ""mean_transport_minutes"": 27.029411764705884, ""p90_response_minutes"": 188.50883560457714, ""patients"": 19, ""response_count"": 18, ""response_minutes"": 1407.8156398592048, ""scene_count"": 18, ""scene_minutes"": 238.0, ""transport_count"": 17, ""transport_minutes"": 459.5}, ""trauma"": {""expected_lost"": 8.223357713992225, ""expected_saved"": 0.776642286007774, ""mean_response_minutes"": 46.053281429078, ""mean_scene_minutes"": 16.0, ""mean_transport_minutes"": 31.666666666666668, ""p90_response_minutes"": 86.49099205217345, ""patients"": 9, ""response_count"": 6, ""response_minutes"": 276.319688574468, ""scene_count"": 6, ""scene_minutes"": 96.0, ""transport_count"": 6, ""transport_minutes"": 190.0}}","{""arrive_hospital"": 88, ""arrive_mortuary"": 1, ""arrive_scene"": 42, ""hospital_release"": 62, ""patient_arrival"": 51, ""reposition_complete"": 39, ""restock_complete"": 39, ""scene_complete"": 41, ""transfer_ready"": 71}",36.317554,14.682446,0.28789109409624014,65.4134900736112,12.666666666666666,32.69499999999999,140.74687362381766,42,0.8235294117647058,51,51,9
Station North,85,2085,"{""cardiac"": {""expected_lost"": 12.395692472304491, ""expected_saved"": 0.6043075276955091, ""mean_response_minutes"": 72.84609715801903, ""mean_scene_minutes"": 12.0, ""mean_transport_minutes"": 41.334999999999994, ""p90_response_minutes"": 157.5506740426739, ""patients"": 13, ""response_count"": 10, ""response_minutes"": 728.4609715801903, ""scene_count"": 10, ""scene_minutes"": 120.0, ""transport_count"": 10, ""transport_minutes"": 413.3499999999999}, ""minor"": {""expected_lost"": 1.546590725301024, ""expected_saved"": 7.453409274698975, ""mean_response_minutes"": 49.75608862580233, ""mean_scene_minutes"": 10.0, ""mean_transport_minutes"": 41.35555555555556, ""p90_response_minutes"": 90.21127696023592, ""patients"": 9, ""response_count"": 9, ""response_minutes"": 447.8047976322209, ""scene_count"": 9, ""scene_minutes"": 90.0, ""transport_count"": 9, ""transport_minutes"": 372.20000000000005}, ""stroke"": {""expected_lost"": 10.420363582523612, ""expected_saved"": 4.579636417476388, ""mean_response_minutes"": 51.46058614243632, ""mean_scene_minutes"": 13.0, ""mean_transport_minutes"": 25.90384615384615, ""p90_response_minutes"": 87.14566457361605, ""patients"": 15, ""response_count"": 14, ""response_minutes"": 720.4482059941084, ""scene_count"": 14, ""scene_minutes"": 182.0, ""transport_count"": 13, ""transport_minutes"": 336.74999999999994}, ""trauma"": {""expected_lost"": 11.275892197314285, ""expected_saved"": 0.7241078026857136, ""mean_response_minutes"": 68.09580772071236, ""mean_scene_minutes"": 16.0, ""mean_transport_minutes"": 29.266666666666676, ""p90_response_minutes"": 100.28685926422361, ""patients"": 12, ""response_count"": 9, ""response_minutes"": 612.8622694864113, ""scene_count"": 9, ""scene_minutes"": 144.0, ""transport_count"": 9, ""transport_minutes"": 263.4000000000001}}","{""arrive_hospital"": 92, ""arrive_scene"": 42, ""hospital_release"": 67, ""patient_arrival"": 49, ""reposition_complete"": 41, ""restock_complete"": 41, ""scene_complete"": 41, ""transfer_ready"": 73}",35.638539,13.361461,0.27268287801135893,59.75181534983167,12.761904761904763,33.797560975609755,98.65348419879196,42,0.8571428571428571,49,49,7
Station North,86,2086,"{""cardiac"": {""expected_lost"": 9.19242235598417, ""expected_saved"": 0.8075776440158292, ""mean_response_minutes"": 62.38545099555458, ""mean_scene_minutes"": 12.0, ""mean_transport_minutes"": 41.29374999999998, ""p90_response_minutes"": 134.37102284958894, ""patients"": 10, ""response_count"": 8, ""response_minutes"": 499.0836079644366, ""scene_count"": 8, ""scene_minutes"": 96.0, ""transport_count"": 8, ""transport_minutes"": 330.34999999999985}, ""minor"": {""expected_lost"": 2.8725534723835606, ""expected_saved"": 10.127446527616438, ""mean_response_minutes"": 64.08082354517408, ""mean_scene_minutes"": 9.999999999999998, ""mean_transport_minutes"": 40.192307692307665, ""p90_response_minutes"": 92.95415218336754, ""patients"": 13, ""response_count"": 13, ""response_minutes"": 833.0507060872632, ""scene_count"": 13, ""scene_minutes"": 129.99999999999997, ""transport_count"": 13, ""transport_minutes"": 522.4999999999997}, ""stroke"": {""expected_lost"": 8.384428819668186, ""expected_saved"": 3.6155711803318153, ""mean_response_minutes"": 56.52519513374616, ""mean_scene_minutes"": 14.0, ""mean_transport_minutes"": 26.229999999999997, ""p90_response_minutes"": 86.94427471783149, ""patients"": 12, ""response_count"": 10, ""response_minutes"": 565.2519513374616, ""scene_count"": 10, ""scene_minutes"": 140.0, ""transport_count"": 10, ""transport_minutes"": 262.29999999999995}, ""trauma"": {""expected_lost"": 7.377953443109909, ""expected_saved"": 0.6220465568900909, ""mean_response_minutes"": 95.97225312441212, ""mean_scene_minutes"": 16.0, ""mean_transport_minutes"": 25.714285714285698, ""p90_response_minutes"": 208.2426096580105, ""patients"": 8, ""response_count"": 7, ""response_minutes"": 671.8057718708849, ""scene_count"": 7, ""scene_minutes"": 112.0, ""transport_count"": 7, ""transport_minutes"": 179.9999999999999}}","{""arrive_hospital"": 90, ""arrive_scene"": 38, ""hospital_release"": 65, ""patient_arrival"": 43, ""reposition_complete"": 38, ""restock_complete"": 38, ""scene_complete"": 38, ""transfer_ready"": 69}",27.827358,15.172642,0.3528521374152134,67.61031677000122,12.578947368421053,34.08289473684209,175.17153402445052,38,0.8837209302325582,43,43,5
Station North,87,2087,"{""cardiac"": {""expected_lost"": 8.787864998454072, ""expected_saved"": 0.21213500154592851, ""mean_response_minutes"": 84.92183909956573, ""mean_scene_minutes"": 12.0, ""mean_transport_minutes"": 41.21, ""p90_response_minutes"": 140.85806271137557, ""patients"": 9, ""response_count"": 5, ""response_minutes"": 424.60919549782864, ""scene_count"": 5, ""scene_minutes"": 60.0, ""transport_count"": 5, ""transport_minutes"": 206.05}, ""minor"": {""expected_lost"": 2.8324635597757513, ""expected_saved"": 11.16753644022425, ""mean_response_minutes"": 58.64610471686772, ""mean_scene_minutes"": 9.285714285714286, ""mean_transport_minutes"": 41.11923076923077, ""p90_response_minutes"": 79.8588696124157, ""patients"": 14, ""response_count"": 14, ""response_minutes"": 821.045466036148, ""scene_count"": 14, ""scene_minutes"": 130.0, ""transport_count"": 13, ""transport_minutes"": 534.55}, ""stroke"": {""expected_lost"": 6.456904562290994, ""expected_saved"": 1.543095437709006, ""mean_response_minutes"": 76.91139210351483, ""mean_scene_minutes"": 14.0, ""mean_transport_minutes"": 29.135714285714307, ""p90_response_minutes"": 141.2096736853461, ""patients"": 8, ""response_count"": 8, ""response_minutes"": 615.2911368281186, ""scene_count"": 8, ""scene_minutes"": 112.0, ""transport_count"": 7, ""transport_minutes"": 203.95000000000016}, ""trauma"": {""expected_lost"": 13.356995827169214, ""expected_saved"": 2.643004172830786, ""mean_response_minutes"": 57.6076035991451, ""mean_scene_minutes"": 16.000000000000007, ""mean_transport_minutes"": 22.849999999999994, ""p90_response_minutes"": 122.37944862353112, ""patients"": 16, ""response_count"": 16, ""response_minutes"": 921.7216575863216, ""scene_count"": 16, ""scene_minutes"": 256.0000000000001, ""transport_count"": 16, ""transport_minutes"": 365.5999999999999}}","{""arrive_hospital"": 84, ""arrive_scene"": 43, ""hospital_release"": 58, ""patient_arrival"": 47, ""reposition_complete"": 41, ""restock_complete"": 41, ""scene_complete"": 42, ""transfer_ready"": 66}",31.434229,15.565771,0.3311866181342546,64.7131966499632,12.976744186046515,31.95487804878049,137.9410439419602,43,0.9148936170212766,47,47,4
Station North,88,2088,"{""cardiac"": {""expected_lost"": 16.41488641923461, ""expected_saved"": 0.5851135807653922, ""mean_response_minutes"": 87.55697506511879, ""mean_scene_minutes"": 12.0, ""mean_transport_minutes"": 37.863636363636346, ""p90_response_minutes"": 176.33865473411277, ""patients"": 17, ""response_count"": 11, ""response_minutes"": 963.1267257163067, ""scene_count"": 11, ""scene_minutes"": 132.0, ""transport_count"": 11, ""transport_minutes"": 416.4999999999998}, ""minor"": {""expected_lost"": 2.6615541699106977, ""expected_saved"": 8.338445830089302, ""mean_response_minutes"": 93.72444870887806, ""mean_scene_minutes"": 10.0, ""mean_transport_minutes"": 39.25999999999999, ""p90_response_minutes"": 192.27706954558664, ""patients"": 11, ""response_count"": 11, ""response_minutes"": 1030.9689357976586, ""scene_count"": 11, ""scene_minutes"": 110.0, ""transport_count"": 10, ""transport_minutes"": 392.5999999999999}, ""stroke"": {""expected_lost"": 5.400729693509781, ""expected_saved"": 2.5992703064902187, ""mean_response_minutes"": 50.67280235110378, ""mean_scene_minutes"": 14.0, ""mean_transport_minutes"": 28.307142857142853, ""p90_response_minutes"": 109.49205494974211, ""patients"": 8, ""response_count"": 7, ""response_minutes"": 354.7096164577265, ""scene_count"": 7, ""scene_minutes"": 98.0, ""transport_count"": 7, ""transport_minutes"": 198.14999999999998}, ""trauma"": {""expected_lost"": 12.485743642531808, ""expected_saved"": 1.5142563574681904, ""mean_response_minutes"": 46.07837052125122, ""mean_scene_minutes"": 16.0, ""mean_transport_minutes"": 29.836363636363636, ""p90_response_minutes"": 117.39865252949392, ""patients"": 14, ""response_count"": 11, ""response_minutes"": 506.86207573376345, ""scene_count"": 11, ""scene_minutes"": 176.0, ""transport_count"": 11, ""transport_minutes"": 328.2}}","{""arrive_hospital"": 84, ""arrive_scene"": 40, ""hospital_release"": 58, ""patient_arrival"": 50, ""reposition_complete"": 37, ""restock_complete"": 38, ""scene_complete"": 40, ""transfer_ready"": 65}",36.962914,13.037086,0.260741721496262,71.3916838426364,12.9,34.24230769230769,167.91736314853912,40,0.8,50,50,10
Station North,89,2089,"{""cardiac"": {""expected_lost"": 14.327263810956637, ""expected_saved"": 0.6727361890433639, ""mean_response_minutes"": 94.00081248487601, ""mean_scene_minutes"": 12.0, ""mean_transport_minutes"": 40.54545454545453, ""p90_response_minutes"": 191.37806230345245, ""patients"": 15, ""response_count"": 11, ""response_minutes"": 1034.0089373336361, ""scene_count"": 11, ""scene_minutes"": 132.0, ""transport_count"": 11, ""transport_minutes"": 445.99999999999983}, ""minor"": {""expected_lost"": 4.097408224566446, ""expected_saved"": 10.902591775433553, ""mean_response_minutes"": 61.231043089110244, ""mean_scene_minutes"": 9.333333333333334, ""mean_transport_minutes"": 38.03214285714285, ""p90_response_minutes"": 101.3099090824156, ""patients"": 15, ""response_count"": 15, ""response_minutes"": 918.4656463366537, ""scene_count"": 15, ""scene_minutes"": 140.0, ""transport_count"": 14, ""transport_minutes"": 532.4499999999999}, ""stroke"": {""expected_lost"": 10.628559949656099, ""expected_saved"": 3.3714400503439004, ""mean_response_minutes"": 60.98909074570857, ""mean_scene_minutes"": 12.83333333333333, ""mean_transport_minutes"": 27.027272727272713, ""p90_response_minutes"": 102.58373867839961, ""patients"": 14, ""response_count"": 12, ""response_minutes"": 731.8690889485028, ""scene_count"": 12, ""scene_minutes"": 153.99999999999997, ""transport_count"": 11, ""transport_minutes"": 297.29999999999984}, ""trauma"": {""expected_lost"": 6.346284199633464, ""expected_saved"": 0.653715800366535, ""mean_response_minutes"": 58.59261415893766, ""mean_scene_minutes"": 16.0, ""mean_transport_minutes"": 22.98333333333335, ""p90_response_minutes"": 97.54898690701498, ""patients"": 7, ""response_count"": 6, ""response_minutes"": 351.5556849536259, ""scene_count"": 6, ""scene_minutes"": 96.0, ""transport_count"": 6, ""transport_minutes"": 137.9000000000001}}","{""arrive_hospital"": 101, ""arrive_scene"": 44, ""hospital_release"": 69, ""patient_arrival"": 51, ""reposition_complete"": 41, ""restock_complete"": 41, ""scene_complete"": 42, ""transfer_ready"": 77}",35.399516,15.600484,0.3058918395134776,68.99771267210042,11.863636363636363,33.65833333333333,125.03142803997662,44,0.8627450980392157,51,51,7
Station North,90,2090,"{""cardiac"": {""expected_lost"": 13.466121931062823, ""expected_saved"": 0.5338780689371758, ""mean_response_minutes"": 85.18956971924443, ""mean_scene_minutes"": 12.0, ""mean_transport_minutes"": 38.55555555555556, ""p90_response_minutes"": 184.74587862982202, ""patients"": 14, ""response_count"": 9, ""response_minutes"": 766.7061274731999, ""scene_count"": 9, ""scene_minutes"": 108.0, ""transport_count"": 9, ""transport_minutes"": 347.0}, ""minor"": {""expected_lost"": 2.6678585939182957, ""expected_saved"": 14.332141406081703, ""mean_response_minutes"": 45.98605306809032, ""mean_scene_minutes"": 10.0, ""mean_transport_minutes"": 41.747058823529414, ""p90_response_minutes"": 62.113983783186974, ""patients"": 17, ""response_count"": 17, ""response_minutes"": 781.7629021575354, ""scene_count"": 17, ""scene_minutes"": 170.0, ""transport_count"": 17, ""transport_minutes"": 709.7}, ""stroke"": {""expected_lost"": 7.093947122133113, ""expected_saved"": 1.906052877866888, ""mean_response_minutes"": 66.39978252231143, ""mean_scene_minutes"": 14.0, ""mean_transport_minutes"": 27.375, ""p90_response_minutes"": 90.36399276948339, ""patients"": 9, ""response_count"": 8, ""response_minutes"": 531.1982601784914, ""scene_count"": 8, ""scene_minutes"": 112.0, ""transport_count"": 8, ""transport_minutes"": 219.0}, ""trauma"": {""expected_lost"": 9.861721772379727, ""expected_saved"": 1.1382782276202723, ""mean_response_minutes"": 51.89083190522646, ""mean_scene_minutes"": 16.0, ""mean_transport_minutes"": 24.75555555555555, ""p90_response_minutes"": 89.29587267028022, ""patients"": 11, ""response_count"": 9, ""response_minutes"": 467.01748714703814, ""scene_count"": 9, ""scene_minutes"": 144.0, ""transport_count"": 9, ""transport_minutes"": 222.79999999999995}}","{""arrive_hospital"": 101, ""arrive_scene"": 43, ""hospital_release"": 71, ""patient_arrival"": 51, ""reposition_complete"": 41, ""restock_complete"": 42, ""scene_complete"": 43, ""transfer_ready"": 76}",33.089649,17.910351,0.3511833447158046,59.225227371075924,12.418604651162791,34.848837209302324,124.9861570006454,43,0.8431372549019608,51,51,8
Station North,91,2091,"{""cardiac"": {""expected_lost"": 11.998499324225868, ""expected_saved"": 1.0015006757741327, ""mean_response_minutes"": 62.45040936708688, ""mean_scene_minutes"": 12.0, ""mean_transport_minutes"": 40.08999999999999, ""p90_response_minutes"": 152.49971335054786, ""patients"": 13, ""response_count"": 10, ""response_minutes"": 624.5040936708688, ""scene_count"": 10, ""scene_minutes"": 120.0, ""transport_count"": 10, ""transport_minutes"": 400.89999999999986}, ""minor"": {""expected_lost"": 2.1420590371404113, ""expected_saved"": 7.8579409628595895, ""mean_response_minutes"": 40.26404078081766, ""mean_scene_minutes"": 10.0, ""mean_transport_minutes"": 40.52777777777777, ""p90_response_minutes"": 70.42190530271792, ""patients"": 10, ""response_count"": 9, ""response_minutes"": 362.3763670273589, ""scene_count"": 9, ""scene_minutes"": 90.0, ""transport_count"": 9, ""transport_minutes"": 364.74999999999994}, ""stroke"": {""expected_lost"": 6.311902518019133, ""expected_saved"": 2.688097481980867, ""mean_response_minutes"": 53.46628963377819, ""mean_scene_minutes"": 12.444444444444445, ""mean_transport_minutes"": 25.76875000000001, ""p90_response_minutes"": 109.2655912128721, ""patients"": 9, ""response_count"": 9, ""response_minutes"": 481.1966067040037, ""scene_count"": 9, ""scene_minutes"": 112.0, ""transport_count"": 8, ""transport_minutes"": 206.1500000000001}, ""trauma"": {""expected_lost"": 8.28495477873111, ""expected_saved"": 0.7150452212688903, ""mean_response_minutes"": 93.16662216242179, ""mean_scene_minutes"": 16.0, ""mean_transport_minutes"": 28.11111111111111, ""p90_response_minutes"": 166.89238392217192, ""patients"": 9, ""response_count"": 9, ""response_minutes"": 838.4995994617962, ""scene_count"": 9, ""scene_minutes"": 144.0, ""transport_count"": 9, ""transport_minutes"": 253.0}}","{""arrive_hospital"": 82, ""arrive_scene"": 37, ""hospital_release"": 62, ""patient_arrival"": 41, ""reposition_complete"": 36, ""restock_complete"": 36, ""scene_complete"": 36, ""transfer_ready"": 63}",28.737416,12.262584,0.2990874229727678,62.33990991524398,12.594594594594595,34.02222222222222,137.0429277062391,37,0.9024390243902439,41,41,4
Station North,92,2092,"{""cardiac"": {""expected_lost"": 7.680900939141654, ""expected_saved"": 0.3190990608583476, ""mean_response_minutes"": 65.7270300028686, ""mean_scene_minutes"": 12.0, ""mean_transport_minutes"": 43.371428571428524, ""p90_response_minutes"": 117.0773535828379, ""patients"": 8, ""response_count"": 7, ""response_minutes"": 460.08921002008026, ""scene_count"": 7, ""scene_minutes"": 84.0, ""transport_count"": 7, ""transport_minutes"": 303.5999999999997}, ""minor"": {""expected_lost"": 2.7302820610410206, ""expected_saved"": 7.26971793895898, ""mean_response_minutes"": 39.14884886605343, ""mean_scene_minutes"": 9.0, ""mean_transport_minutes"": 37.375, ""p90_response_minutes"": 72.70818426658404, ""patients"": 10, ""response_count"": 10, ""response_minutes"": 391.48848866053424, ""scene_count"": 10, ""scene_minutes"": 90.0, ""transport_count"": 8, ""transport_minutes"": 299.0}, ""stroke"": {""expected_lost"": 7.673745537981967, ""expected_saved"": 4.326254462018034, ""mean_response_minutes"": 42.40228165758447, ""mean_scene_minutes"": 14.000000000000009, ""mean_transport_minutes"": 28.30833333333334, ""p90_response_minutes"": 69.70981089528176, ""patients"": 12, ""response_count"": 12, ""response_minutes"": 508.8273798910136, ""scene_count"": 12, ""scene_minutes"": 168.0000000000001, ""transport_count"": 12, ""transport_minutes"": 339.7000000000001}, ""trauma"": {""expected_lost"": 9.787433721875063, ""expected_saved"": 1.212566278124938, ""mean_response_minutes"": 48.42613283607071, ""mean_scene_minutes"": 16.0, ""mean_transport_minutes"": 28.64090909090909, ""p90_response_minutes"": 100.37292161791731, ""patients"": 11, ""response_count"": 11, ""response_minutes"": 532.6874611967778, ""scene_count"": 11, ""scene_minutes"": 176.0, ""transport_count"": 11, ""transport_minutes"": 315.05}}","{""arrive_hospital"": 79, ""arrive_scene"": 40, ""hospital_release"": 57, ""patient_arrival"": 41, ""reposition_complete"": 37, ""restock_complete"": 37, ""scene_complete"": 39, ""transfer_ready"": 64}",27.872362,13.127638,0.3201862863404952,47.327313494210145,12.950000000000003,33.08815789473684,91.93563472159997,40,0.975609756097561,41,41,1
Station North,93,2093,"{""cardiac"": {""expected_lost"": 10.755579310802887, ""expected_saved"": 1.2444206891971141, ""mean_response_minutes"": 46.879252542029576, ""mean_scene_minutes"": 12.0, ""mean_transport_minutes"": 37.81666666666666, ""p90_response_minutes"": 51.87637771765459, ""patients"": 12, ""response_count"": 12, ""response_minutes"": 562.5510305043549, ""scene_count"": 12, ""scene_minutes"": 144.0, ""transport_count"": 12, ""transport_minutes"": 453.79999999999995}, ""minor"": {""expected_lost"": 2.136129297065242, ""expected_saved"": 7.863870702934758, ""mean_response_minutes"": 39.77338258804258, ""mean_scene_minutes"": 10.0, ""mean_transport_minutes"": 41.95555555555555, ""p90_response_minutes"": 75.0574515922429, ""patients"": 10, ""response_count"": 9, ""response_minutes"": 357.9604432923832, ""scene_count"": 9, ""scene_minutes"": 90.0, ""transport_count"": 9, ""transport_minutes"": 377.5999999999999}, ""stroke"": {""expected_lost"": 4.89123052540213, ""expected_saved"": 3.10876947459787, ""mean_response_minutes"": 43.06675752376369, ""mean_scene_minutes"": 14.0, ""mean_transport_minutes"": 28.478571428571424, ""p90_response_minutes"": 86.60116379434734, ""patients"": 8, ""response_count"": 7, ""response_minutes"": 301.46730266634586, ""scene_count"": 7, ""scene_minutes"": 98.0, ""transport_count"": 7, ""transport_minutes"": 199.34999999999997}, ""trauma"": {""expected_lost"": 12.991966647500723, ""expected_saved"": 1.008033352499276, ""mean_response_minutes"": 52.83133937796997, ""mean_scene_minutes"": 16.0, ""mean_transport_minutes"": 26.545000000000005, ""p90_response_minutes"": 66.59378254005887, ""patients"": 14, ""response_count"": 11, ""response_minutes"": 581.1447331576696, ""scene_count"": 11, ""scene_minutes"": 176.0, ""transport_count"": 10, ""transport_minutes"": 265.45000000000005}}","{""arrive_hospital"": 85, ""arrive_scene"": 39, ""hospital_release"": 61, ""patient_arrival"": 44, ""reposition_complete"": 37, ""restock_complete"": 37, ""scene_complete"": 39, ""transfer_ready"": 64}",30.774906,13.225094,0.30057032316429594,46.233936144121884,13.025641025641026,34.11052631578947,75.05745159224293,39,0.8863636363636364,44,44,5
Station North,94,2094,"{""cardiac"": {""expected_lost"": 3.1610554566817615, ""expected_saved"": 0.8389445433182382, ""mean_response_minutes"": 14.425632445509137, ""mean_scene_minutes"": 12.0, ""mean_transport_minutes"": 37.5, ""p90_response_minutes"": 21.710758934610965, ""patients"": 4, ""response_count"": 4, ""response_minutes"": 57.70252978203655, ""scene_count"": 4, ""scene_minutes"": 48.0, ""transport_count"": 4, ""transport_minutes"": 150.0}, ""minor"": {""expected_lost"": 0.8038193165928756, ""expected_saved"": 11.196180683407125, ""mean_response_minutes"": 28.01549895872075, ""mean_scene_minutes"": 10.0, ""mean_transport_minutes"": 39.97916666666666, ""p90_response_minutes"": 48.40636423543985, ""patients"": 12, ""response_count"": 12, ""response_minutes"": 336.185987504649, ""scene_count"": 12, ""scene_minutes"": 120.0, ""transport_count"": 12, ""transport_minutes"": 479.7499999999999}, ""stroke"": {""expected_lost"": 5.816436645278741, ""expected_saved"": 4.183563354721261, ""mean_response_minutes"": 27.423819537245272, ""mean_scene_minutes"": 14.0, ""mean_transport_minutes"": 30.22, ""p90_response_minutes"": 33.816208837430025, ""patients"": 10, ""response_count"": 10, ""response_minutes"": 274.2381953724527, ""scene_count"": 10, ""scene_minutes"": 140.0, ""transport_count"": 10, ""transport_minutes"": 302.2}, ""trauma"": {""expected_lost"": 6.646800083310277, ""expected_saved"": 1.3531999166897224, ""mean_response_minutes"": 43.60921469690891, ""mean_scene_minutes"": 14.0, ""mean_transport_minutes"": 25.714285714285715, ""p90_response_minutes"": 80.8924190514278, ""patients"": 8, ""response_count"": 8, ""response_minutes"": 348.87371757527126, ""scene_count"": 8, ""scene_minutes"": 112.0, ""transport_count"": 7, ""transport_minutes"": 180.0}}","{""arrive_hospital"": 75, ""arrive_scene"": 34, ""hospital_release"": 57, ""patient_arrival"": 34, ""reposition_complete"": 32, ""restock_complete"": 33, ""scene_complete"": 33, ""transfer_ready"": 59}",16.428112,17.571888,0.5168202499451865,29.911777359835572,12.352941176470589,33.69545454545454,40.05953560023984,34,1.0,34,34,0
Station North,95,2095,"{""cardiac"": {""expected_lost"": 14.416913161014696, ""expected_saved"": 0.5830868389853038, ""mean_response_minutes"": 24.864154558341426, ""mean_scene_minutes"": 12.000000000000002, ""mean_transport_minutes"": 42.112499999999955, ""p90_response_minutes"": 41.46203330289417, ""patients"": 15, ""response_count"": 4, ""response_minutes"": 99.4566182333657, ""scene_count"": 4, ""scene_minutes"": 48.00000000000001, ""transport_count"": 4, ""transport_minutes"": 168.44999999999982}, ""minor"": {""expected_lost"": 2.051033146213008, ""expected_saved"": 9.948966853786994, ""mean_response_minutes"": 51.27848897034025, ""mean_scene_minutes"": 10.0, ""mean_transport_minutes"": 40.88333333333333, ""p90_response_minutes"": 94.30181702138573, ""patients"": 12, ""response_count"": 12, ""response_minutes"": 615.341867644083, ""scene_count"": 12, ""scene_minutes"": 120.0, ""transport_count"": 12, ""transport_minutes"": 490.6}, ""stroke"": {""expected_lost"": 12.249344155258292, ""expected_saved"": 3.750655844741706, ""mean_response_minutes"": 80.75955387075012, ""mean_scene_minutes"": 11.666666666666666, ""mean_transport_minutes"": 30.045000000000016, ""p90_response_minutes"": 235.52621263937547, ""patients"": 16, ""response_count"": 12, ""response_minutes"": 969.1146464490015, ""scene_count"": 12, ""scene_minutes"": 140.0, ""transport_count"": 10, ""transport_minutes"": 300.45000000000016}, ""trauma"": {""expected_lost"": 13.929622024141421, ""expected_saved"": 2.0703779758585763, ""mean_response_minutes"": 38.17487015169412, ""mean_scene_minutes"": 15.999999999999998, ""mean_transport_minutes"": 23.92083333333333, ""p90_response_minutes"": 89.64848972585867, ""patients"": 16, ""response_count"": 12, ""response_minutes"": 458.09844182032947, ""scene_count"": 12, ""scene_minutes"": 191.99999999999997, ""transport_count"": 12, ""transport_minutes"": 287.04999999999995}}","{""arrive_hospital"": 80, ""arrive_scene"": 40, ""hospital_release"": 59, ""patient_arrival"": 59, ""reposition_complete"": 37, ""restock_complete"": 37, ""scene_complete"": 38, ""transfer_ready"": 64}",42.646912,16.353088,0.27717097480292513,53.5502893536695,12.5,32.80394736842105,99.40699160482994,40,0.6779661016949152,59,59,19
Station North,96,2096,"{""cardiac"": {""expected_lost"": 7.336422588908983, ""expected_saved"": 0.6635774110910171, ""mean_response_minutes"": 71.76959883294357, ""mean_scene_minutes"": 12.0, ""mean_transport_minutes"": 39.135714285714286, ""p90_response_minutes"": 153.48648124053346, ""patients"": 8, ""response_count"": 7, ""response_minutes"": 502.387191830605, ""scene_count"": 7, ""scene_minutes"": 84.0, ""transport_count"": 7, ""transport_minutes"": 273.95}, ""minor"": {""expected_lost"": 1.0055971215318398, ""expected_saved"": 9.99440287846816, ""mean_response_minutes"": 30.427119073869346, ""mean_scene_minutes"": 10.0, ""mean_transport_minutes"": 40.69545454545455, ""p90_response_minutes"": 47.16516559182287, ""patients"": 11, ""response_count"": 11, ""response_minutes"": 334.6983098125628, ""scene_count"": 11, ""scene_minutes"": 110.0, ""transport_count"": 11, ""transport_minutes"": 447.6500000000001}, ""stroke"": {""expected_lost"": 7.202964454607648, ""expected_saved"": 3.797035545392352, ""mean_response_minutes"": 31.862392258704507, ""mean_scene_minutes"": 12.727272727272727, ""mean_transport_minutes"": 31.072222222222234, ""p90_response_minutes"": 59.064615420932455, ""patients"": 11, ""response_count"": 11, ""response_minutes"": 350.4863148457496, ""scene_count"": 11, ""scene_minutes"": 140.0, ""transport_count"": 9, ""transport_minutes"": 279.6500000000001}, ""trauma"": {""expected_lost"": 7.774351789860202, ""expected_saved"": 1.2256482101397965, ""mean_response_minutes"": 64.26185792340063, ""mean_scene_minutes"": 16.0, ""mean_transport_minutes"": 25.094444444444434, ""p90_response_minutes"": 116.40612272904465, ""patients"": 9, ""response_count"": 9, ""response_minutes"": 578.3567213106056, ""scene_count"": 9, ""scene_minutes"": 144.0, ""transport_count"": 9, ""transport_minutes"": 225.8499999999999}}","{""arrive_hospital"": 81, ""arrive_scene"": 38, ""hospital_release"": 58, ""patient_arrival"": 39, ""reposition_complete"": 36, ""restock_complete"": 36, ""scene_complete"": 37, ""transfer_ready"": 63}",23.319336,15.680664,0.40206830884849554,46.471803626303235,12.578947368421053,34.086111111111116,101.3579390909459,38,0.9743589743589743,39,39,1
Station North,97,2097,"{""cardiac"": {""expected_lost"": 13.898257284584725, ""expected_saved"": 1.1017427146537533, ""mean_response_minutes"": 104.49653308705918, ""mean_scene_minutes"": 12.0, ""mean_transport_minutes"": 36.02857142857143, ""p90_response_minutes"": 248.56323918311574, ""patients"": 15, ""response_count"": 14, ""response_minutes"": 1462.9514632188284, ""scene_count"": 14, ""scene_minutes"": 168.0, ""transport_count"": 14, ""transport_minutes"": 504.4000000000001}, ""minor"": {""expected_lost"": 2.312402207204806, ""expected_saved"": 8.687597792795195, ""mean_response_minutes"": 39.94369961886433, ""mean_scene_minutes"": 10.0, ""mean_transport_minutes"": 43.44499999999998, ""p90_response_minutes"": 57.90466972738158, ""patients"": 11, ""response_count"": 10, ""response_minutes"": 399.43699618864326, ""scene_count"": 10, ""scene_minutes"": 100.0, ""transport_count"": 10, ""transport_minutes"": 434.4499999999998}, ""stroke"": {""expected_lost"": 6.547153379012963, ""expected_saved"": 3.4528466209870357, ""mean_response_minutes"": 46.83585091887246, ""mean_scene_minutes"": 14.0, ""mean_transport_minutes"": 25.325, ""p90_response_minutes"": 76.03485509481142, ""patients"": 10, ""response_count"": 10, ""response_minutes"": 468.3585091887246, ""scene_count"": 10, ""scene_minutes"": 140.0, ""transport_count"": 10, ""transport_minutes"": 253.25}, ""trauma"": {""expected_lost"": 9.736548178988793, ""expected_saved"": 1.2634518210112076, ""mean_response_minutes"": 46.934567369299046, ""mean_scene_minutes"": 16.0, ""mean_transport_minutes"": 20.75, ""p90_response_minutes"": 72.28931036495396, ""patients"": 11, ""response_count"": 10, ""response_minutes"": 469.34567369299043, ""scene_count"": 10, ""scene_minutes"": 160.0, ""transport_count"": 9, ""transport_minutes"": 186.75}}","{""arrive_hospital"": 98, ""arrive_scene"": 44, ""hospital_release"": 71, ""patient_arrival"": 47, ""reposition_complete"": 41, ""restock_complete"": 42, ""scene_complete"": 44, ""transfer_ready"": 75}",32.494361,14.505639,0.30863061594568486,63.63846914293607,12.909090909090908,32.06627906976744,137.8457465784623,44,0.9361702127659575,47,47,3
Station North,98,2098,"{""cardiac"": {""expected_lost"": 9.68328734305532, ""expected_saved"": 0.31671265670475107, ""mean_response_minutes"": 136.15958558580536, ""mean_scene_minutes"": 10.5, ""mean_transport_minutes"": 40.07142857142854, ""p90_response_minutes"": 317.45788469043055, ""patients"": 10, ""response_count"": 8, ""response_minutes"": 1089.2766846864429, ""scene_count"": 8, ""scene_minutes"": 84.0, ""transport_count"": 7, ""transport_minutes"": 280.4999999999998}, ""minor"": {""expected_lost"": 1.173778960259727, ""expected_saved"": 5.826221039740273, ""mean_response_minutes"": 51.98187664514758, ""mean_scene_minutes"": 10.0, ""mean_transport_minutes"": 40.142857142857146, ""p90_response_minutes"": 69.67745131008878, ""patients"": 7, ""response_count"": 7, ""response_minutes"": 363.87313651603307, ""scene_count"": 7, ""scene_minutes"": 70.0, ""transport_count"": 7, ""transport_minutes"": 281.0}, ""stroke"": {""expected_lost"": 12.213665883489469, ""expected_saved"": 3.7863341165105315, ""mean_response_minutes"": 92.27114790012175, ""mean_scene_minutes"": 14.0, ""mean_transport_minutes"": 27.128571428571426, ""p90_response_minutes"": 186.90680804535327, ""patients"": 16, ""response_count"": 15, ""response_minutes"": 1384.0672185018261, ""scene_count"": 15, ""scene_minutes"": 210.0, ""transport_count"": 14, ""transport_minutes"": 379.79999999999995}, ""trauma"": {""expected_lost"": 9.869933905950381, ""expected_saved"": 1.1300660940496186, ""mean_response_minutes"": 68.47420207866756, ""mean_scene_minutes"": 16.0, ""mean_transport_minutes"": 28.431818181818183, ""p90_response_minutes"": 126.26320028389091, ""patients"": 11, ""response_count"": 11, ""response_minutes"": 753.2162228653432, ""scene_count"": 11, ""scene_minutes"": 176.0, ""transport_count"": 11, ""transport_minutes"": 312.75}}","{""arrive_hospital"": 79, ""arrive_scene"": 41, ""hospital_release"": 58, ""patient_arrival"": 44, ""reposition_complete"": 38, ""restock_complete"": 38, ""scene_complete"": 40, ""transfer_ready"": 66}",32.940666,11.059334,0.2513484978864812,87.57154298950356,13.170731707317072,32.1551282051282,234.6912679270365,41,0.9318181818181818,44,44,3
Station North,99,2099,"{""cardiac"": {""expected_lost"": 14.2398044479846, ""expected_saved"": 0.7601955507755163, ""mean_response_minutes"": 118.31083170833513, ""mean_scene_minutes"": 12.000000000000005, ""mean_transport_minutes"": 37.68333333333334, ""p90_response_minutes"": 336.9703650340459, ""patients"": 15, ""response_count"": 12, ""response_minutes"": 1419.7299805000216, ""scene_count"": 12, ""scene_minutes"": 144.00000000000006, ""transport_count"": 12, ""transport_minutes"": 452.20000000000005}, ""minor"": {""expected_lost"": 1.6494388852820667, ""expected_saved"": 6.350561114717933, ""mean_response_minutes"": 31.461476419288793, ""mean_scene_minutes"": 10.0, ""mean_transport_minutes"": 38.285714285714285, ""p90_response_minutes"": 50.90239124619075, ""patients"": 8, ""response_count"": 7, ""response_minutes"": 220.23033493502155, ""scene_count"": 7, ""scene_minutes"": 70.0, ""transport_count"": 7, ""transport_minutes"": 268.0}, ""stroke"": {""expected_lost"": 10.626840634694055, ""expected_saved"": 4.373159365305947, ""mean_response_minutes"": 59.369354709896584, ""mean_scene_minutes"": 13.999999999999991, ""mean_transport_minutes"": 27.869230769230764, ""p90_response_minutes"": 66.16962978679996, ""patients"": 15, ""response_count"": 13, ""response_minutes"": 771.8016112286556, ""scene_count"": 13, ""scene_minutes"": 181.9999999999999, ""transport_count"": 13, ""transport_minutes"": 362.29999999999995}, ""trauma"": {""expected_lost"": 11.308510488679687, ""expected_saved"": 0.6914895113203141, ""mean_response_minutes"": 117.79796989606439, ""mean_scene_minutes"": 16.0, ""mean_transport_minutes"": 28.86666666666666, ""p90_response_minutes"": 310.40730299102944, ""patients"": 12, ""response_count"": 9, ""response_minutes"": 1060.1817290645795, ""scene_count"": 9, ""scene_minutes"": 144.0, ""transport_count"": 9, ""transport_minutes"": 259.79999999999995}}","{""arrive_hospital"": 90, ""arrive_scene"": 41, ""hospital_release"": 66, ""patient_arrival"": 50, ""reposition_complete"": 39, ""restock_complete"": 40, ""scene_complete"": 41, ""transfer_ready"": 70}",37.824594,12.175406,0.2435081108423942,84.68155257873853,13.170731707317072,32.7390243902439,300.7569164449769,41,0.82,50,50,9
Station South,0,2000,"{""cardiac"": {""expected_lost"": 18.09624115861009, ""expected_saved"": 0.9037588408684167, ""mean_response_minutes"": 86.05617481339559, ""mean_scene_minutes"": 12.0, ""mean_transport_minutes"": 39.29333333333331, ""p90_response_minutes"": 240.71312406450062, ""patients"": 19, ""response_count"": 15, ""response_minutes"": 1290.8426222009339, ""scene_count"": 15, ""scene_minutes"": 180.0, ""transport_count"": 15, ""transport_minutes"": 589.3999999999996}, ""minor"": {""expected_lost"": 2.676092983817849, ""expected_saved"": 12.323907016182151, ""mean_response_minutes"": 35.85844571064224, ""mean_scene_minutes"": 10.0, ""mean_transport_minutes"": 40.82857142857142, ""p90_response_minutes"": 63.19686810810031, ""patients"": 15, ""response_count"": 14, ""response_minutes"": 502.01823994899144, ""scene_count"": 14, ""scene_minutes"": 140.0, ""transport_count"": 14, ""transport_minutes"": 571.5999999999999}, ""stroke"": {""expected_lost"": 4.7552362004459745, ""expected_saved"": 2.2447637995540255, ""mean_response_minutes"": 147.57699955306433, ""mean_scene_minutes"": 14.0, ""mean_transport_minutes"": 25.957142857142863, ""p90_response_minutes"": 413.0935013195979, ""patients"": 7, ""response_count"": 7, ""response_minutes"": 1033.0389968714503, ""scene_count"": 7, ""scene_minutes"": 98.0, ""transport_count"": 7, ""transport_minutes"": 181.70000000000005}, ""trauma"": {""expected_lost"": 8.483339922900146, ""expected_saved"": 0.5166600770998544, ""mean_response_minutes"": 85.62316175835801, ""mean_scene_minutes"": 13.714285714285714, ""mean_transport_minutes"": 23.633333333333326, ""p90_response_minutes"": 175.7404046957475, ""patients"": 9, ""response_count"": 7, ""response_minutes"": 599.362132308506, ""scene_count"": 7, ""scene_minutes"": 96.0, ""transport_count"": 6, ""transport_minutes"": 141.79999999999995}}","{""arrive_hospital"": 104, ""arrive_scene"": 43, ""hospital_release"": 68, ""patient_arrival"": 50, ""reposition_complete"": 40, ""restock_complete"": 40, ""scene_complete"": 42, ""transfer_ready"": 77}",34.01091,15.98909,0.31978179467408907,79.65725561232281,11.953488372093023,35.34523809523809,249.24340371734343,43,0.86,50,50,7
Station South,1,2001,"{""cardiac"": {""expected_lost"": 9.90014602168927, ""expected_saved"": 1.0998539776893634, ""mean_response_minutes"": 64.54123032710439, ""mean_scene_minutes"": 12.0, ""mean_transport_minutes"": 41.46666666666666, ""p90_response_minutes"": 169.66569176654616, ""patients"": 11, ""response_count"": 9, ""response_minutes"": 580.8710729439395, ""scene_count"": 9, ""scene_minutes"": 108.0, ""transport_count"": 9, ""transport_minutes"": 373.19999999999993}, ""minor"": {""expected_lost"": 2.1427200909023814, ""expected_saved"": 7.857279909097619, ""mean_response_minutes"": 31.12295770210762, ""mean_scene_minutes"": 10.0, ""mean_transport_minutes"": 39.08333333333332, ""p90_response_minutes"": 49.65543323362076, ""patients"": 10, ""response_count"": 9, ""response_minutes"": 280.10661931896857, ""scene_count"": 9, ""scene_minutes"": 90.0, ""transport_count"": 9, ""transport_minutes"": 351.7499999999999}, ""stroke"": {""expected_lost"": 9.330909578981384, ""expected_saved"": 2.669090421018617, ""mean_response_minutes"": 61.78023495097494, ""mean_scene_minutes"": 14.0, ""mean_transport_minutes"": 26.857142857142858, ""p90_response_minutes"": 138.80292554447482, ""patients"": 12, ""response_count"": 7, ""response_minutes"": 432.4616446568246, ""scene_count"": 7, ""scene_minutes"": 98.0, ""transport_count"": 7, ""transport_minutes"": 188.0}, ""trauma"": {""expected_lost"": 14.983908448552082, ""expected_saved"": 2.0160915514479196, ""mean_response_minutes"": 46.252660934166784, ""mean_scene_minutes"": 16.0, ""mean_transport_minutes"": 23.79333333333334, ""p90_response_minutes"": 93.23374898345327, ""patients"": 17, ""response_count"": 15, ""response_minutes"": 693.7899140125018, ""scene_count"": 15, ""scene_minutes"": 240.0, ""transport_count"": 15, ""transport_minutes"": 356.9000000000001}}","{""arrive_hospital"": 81, ""arrive_scene"": 40, ""hospital_release"": 54, ""patient_arrival"": 50, ""reposition_complete"": 38, ""restock_complete"": 38, ""scene_complete"": 40, ""transfer_ready"": 64}",36.357684,13.642316,0.27284631718507035,49.68073127330586,13.4,31.746249999999996,99.87125836761706,40,0.8,50,50,10
Station South,2,2002,"{""cardiac"": {""expected_lost"": 9.955963670107778, ""expected_saved"": 1.0440363298922224, ""mean_response_minutes"": 42.98047298810582, ""mean_scene_minutes"": 12.00000000000001, ""mean_transport_minutes"": 40.99999999999998, ""p90_response_minutes"": 68.72641446752277, ""patients"": 11, ""response_count"": 10, ""response_minutes"": 429.80472988105817, ""scene_count"": 10, ""scene_minutes"": 120.00000000000011, ""transport_count"": 10, ""transport_minutes"": 409.9999999999998}, ""minor"": {""expected_lost"": 2.0664361888567013, ""expected_saved"": 7.933563811143298, ""mean_response_minutes"": 40.063334285290544, ""mean_scene_minutes"": 10.000000000000002, ""mean_transport_minutes"": 42.23888888888887, ""p90_response_minutes"": 67.16572395418055, ""patients"": 10, ""response_count"": 9, ""response_minutes"": 360.5700085676149, ""scene_count"": 9, ""scene_minutes"": 90.00000000000001, ""transport_count"": 9, ""transport_minutes"": 380.14999999999986}, ""stroke"": {""expected_lost"": 5.129970807038649, ""expected_saved"": 3.870029192961351, ""mean_response_minutes"": 31.80426207737264, ""mean_scene_minutes"": 14.0, ""mean_transport_minutes"": 25.666666666666668, ""p90_response_minutes"": 52.167081100252794, ""patients"": 9, ""response_count"": 9, ""response_minutes"": 286.23835869635377, ""scene_count"": 9, ""scene_minutes"": 126.0, ""transport_count"": 9, ""transport_minutes"": 231.0}, ""trauma"": {""expected_lost"": 13.222306199194515, ""expected_saved"": 1.777693800805484, ""mean_response_minutes"": 93.77116839847633, ""mean_scene_minutes"": 16.0, ""mean_transport_minutes"": 26.996428571428574, ""p90_response_minutes"": 296.8127926361213, ""patients"": 15, ""response_count"": 14, ""response_minutes"": 1312.7963575786687, ""scene_count"": 14, ""scene_minutes"": 224.0, ""transport_count"": 14, ""transport_minutes"": 377.95000000000005}}","{""arrive_hospital"": 88, ""arrive_scene"": 42, ""hospital_release"": 59, ""patient_arrival"": 45, ""reposition_complete"": 40, ""restock_complete"": 40, ""scene_complete"": 42, ""transfer_ready"": 68}",30.374677,14.625323,0.3250071807733856,56.89070130294513,13.333333333333336,33.311904761904756,91.3291456927088,42,0.9333333333333333,45,45,3
Station South,3,2003,"{""cardiac"": {""expected_lost"": 10.14213824668089, ""expected_saved"": 0.8578617533191113, ""mean_response_minutes"": 41.83381518512182, ""mean_scene_minutes"": 12.0, ""mean_transport_minutes"": 41.46666666666666, ""p90_response_minutes"": 70.50079479465866, ""patients"": 11, ""response_count"": 9, ""response_minutes"": 376.5043366660964, ""scene_count"": 9, ""scene_minutes"": 108.0, ""transport_count"": 9, ""transport_minutes"": 373.19999999999993}, ""minor"": {""expected_lost"": 2.3266851978870258, ""expected_saved"": 7.673314802112974, ""mean_response_minutes"": 65.00119610829083, ""mean_scene_minutes"": 10.0, ""mean_transport_minutes"": 39.040000000000006, ""p90_response_minutes"": 102.63119556648142, ""patients"": 10, ""response_count"": 10, ""response_minutes"": 650.0119610829083, ""scene_count"": 10, ""scene_minutes"": 100.0, ""transport_count"": 10, ""transport_minutes"": 390.4000000000001}, ""stroke"": {""expected_lost"": 9.232148800717443, ""expected_saved"": 3.767851199282558, ""mean_response_minutes"": 73.32185019739028, ""mean_scene_minutes"": 12.727272727272727, ""mean_transport_minutes"": 30.089999999999993, ""p90_response_minutes"": 100.16620562895332, ""patients"": 13, ""response_count"": 11, ""response_minutes"": 806.5403521712931, ""scene_count"": 11, ""scene_minutes"": 140.0, ""transport_count"": 10, ""transport_minutes"": 300.8999999999999}, ""trauma"": {""expected_lost"": 10.58747935166898, ""expected_saved"": 1.4125206483310213, ""mean_response_minutes"": 54.43329938815932, ""mean_scene_minutes"": 16.0, ""mean_transport_minutes"": 22.833333333333332, ""p90_response_minutes"": 137.92757812337896, ""patients"": 12, ""response_count"": 10, ""response_minutes"": 544.3329938815932, ""scene_count"": 10, ""scene_minutes"": 160.0, ""transport_count"": 9, ""transport_minutes"": 205.5}}","{""arrive_hospital"": 86, ""arrive_scene"": 40, ""hospital_release"": 64, ""patient_arrival"": 46, ""reposition_complete"": 38, ""restock_complete"": 38, ""scene_complete"": 39, ""transfer_ready"": 67}",32.288452,13.711548,0.2980771391966449,59.43474109504727,12.7,33.421052631578945,134.41286141749282,40,0.8695652173913043,46,46,6
Station South,4,2004,"{""cardiac"": {""expected_lost"": 6.596301286534433, ""expected_saved"": 0.4036987134655672, ""mean_response_minutes"": 44.66926862759001, ""mean_scene_minutes"": 12.0, ""mean_transport_minutes"": 44.429999999999964, ""p90_response_minutes"": 75.55909369320975, ""patients"": 7, ""response_count"": 5, ""response_minutes"": 223.34634313795004, ""scene_count"": 5, ""scene_minutes"": 60.0, ""transport_count"": 5, ""transport_minutes"": 222.1499999999998}, ""minor"": {""expected_lost"": 1.1600195189433669, ""expected_saved"": 8.839980481056633, ""mean_response_minutes"": 36.054386298083294, ""mean_scene_minutes"": 10.0, ""mean_transport_minutes"": 38.4, ""p90_response_minutes"": 56.06078216471741, ""patients"": 10, ""response_count"": 10, ""response_minutes"": 360.54386298083296, ""scene_count"": 10, ""scene_minutes"": 100.0, ""transport_count"": 10, ""transport_minutes"": 384.0}, ""stroke"": {""expected_lost"": 9.837524142580495, ""expected_saved"": 4.162475857419504, ""mean_response_minutes"": 64.17437875414026, ""mean_scene_minutes"": 13.0, ""mean_transport_minutes"": 30.508333333333326, ""p90_response_minutes"": 100.51213655424831, ""patients"": 14, ""response_count"": 14, ""response_minutes"": 898.4413025579637, ""scene_count"": 14, ""scene_minutes"": 182.0, ""transport_count"": 12, ""transport_minutes"": 366.0999999999999}, ""trauma"": {""expected_lost"": 7.196505534677592, ""expected_saved"": 0.8034944653224075, ""mean_response_minutes"": 66.75750147998099, ""mean_scene_minutes"": 16.0, ""mean_transport_minutes"": 28.37142857142856, ""p90_response_minutes"": 164.05185649981672, ""patients"": 8, ""response_count"": 7, ""response_minutes"": 467.3025103598669, ""scene_count"": 7, ""scene_minutes"": 112.0, ""transport_count"": 7, ""transport_minutes"": 198.5999999999999}}","{""arrive_hospital"": 76, ""arrive_scene"": 36, ""hospital_release"": 55, ""patient_arrival"": 39, ""reposition_complete"": 33, ""restock_complete"": 33, ""scene_complete"": 35, ""transfer_ready"": 61}",24.79035,14.20965,0.3643499876221566,54.15650052879483,12.61111111111111,34.43676470588235,96.64850038490619,36,0.9230769230769231,39,39,3
Station South,5,2005,"{""cardiac"": {""expected_lost"": 10.997827639638489, ""expected_saved"": 1.002172359911886, ""mean_response_minutes"": 67.51016907966381, ""mean_scene_minutes"": 12.0, ""mean_transport_minutes"": 40.64090909090909, ""p90_response_minutes"": 159.5529631130995, ""patients"": 12, ""response_count"": 11, ""response_minutes"": 742.6118598763019, ""scene_count"": 11, ""scene_minutes"": 132.0, ""transport_count"": 11, ""transport_minutes"": 447.05}, ""minor"": {""expected_lost"": 3.2196375433766073, ""expected_saved"": 8.780362456623392, ""mean_response_minutes"": 35.272016198682664, ""mean_scene_minutes"": 10.0, ""mean_transport_minutes"": 38.3, ""p90_response_minutes"": 67.41128898718993, ""patients"": 12, ""response_count"": 10, ""response_minutes"": 352.7201619868266, ""scene_count"": 10, ""scene_minutes"": 100.0, ""transport_count"": 10, ""transport_minutes"": 383.0}, ""stroke"": {""expected_lost"": 8.538014250217756, ""expected_saved"": 3.4619857497822437, ""mean_response_minutes"": 95.91311301213842, ""mean_scene_minutes"": 12.833333333333334, ""mean_transport_minutes"": 25.809090909090898, ""p90_response_minutes"": 246.43086152421353, ""patients"": 12, ""response_count"": 12, ""response_minutes"": 1150.9573561456612, ""scene_count"": 12, ""scene_minutes"": 154.0, ""transport_count"": 11, ""transport_minutes"": 283.89999999999986}, ""trauma"": {""expected_lost"": 9.899265867062264, ""expected_saved"": 1.1007341329377347, ""mean_response_minutes"": 49.27495605352626, ""mean_scene_minutes"": 14.545454545454545, ""mean_transport_minutes"": 28.33000000000002, ""p90_response_minutes"": 87.2989032557673, ""patients"": 11, ""response_count"": 11, ""response_minutes"": 542.0245165887889, ""scene_count"": 11, ""scene_minutes"": 160.0, ""transport_count"": 10, ""transport_minutes"": 283.3000000000002}}","{""arrive_hospital"": 94, ""arrive_scene"": 44, ""hospital_release"": 62, ""patient_arrival"": 47, ""reposition_complete"": 41, ""restock_complete"": 41, ""scene_complete"": 42, ""transfer_ready"": 73}",32.654745,14.345255,0.3052181850905373,63.370770331763154,12.409090909090908,33.267857142857146,103.21335694958967,44,0.9361702127659575,47,47,3
Station South,6,2006,"{""cardiac"": {""expected_lost"": 10.521965242045626, ""expected_saved"": 0.4780347579543736, ""mean_response_minutes"": 93.1866889781916, ""mean_scene_minutes"": 12.0, ""mean_transport_minutes"": 41.17222222222223, ""p90_response_minutes"": 172.8647629871662, ""patients"": 11, ""response_count"": 10, ""response_minutes"": 931.866889781916, ""scene_count"": 10, ""scene_minutes"": 120.0, ""transport_count"": 9, ""transport_minutes"": 370.55000000000007}, ""minor"": {""expected_lost"": 0.7705118040384902, ""expected_saved"": 6.22948819596151, ""mean_response_minutes"": 36.40657822111167, ""mean_scene_minutes"": 10.0, ""mean_transport_minutes"": 36.57142857142857, ""p90_response_minutes"": 65.41204757095844, ""patients"": 7, ""response_count"": 7, ""response_minutes"": 254.84604754778172, ""scene_count"": 7, ""scene_minutes"": 70.0, ""transport_count"": 7, ""transport_minutes"": 256.0}, ""stroke"": {""expected_lost"": 7.503581484221055, ""expected_saved"": 4.496418515778944, ""mean_response_minutes"": 43.04453581532579, ""mean_scene_minutes"": 14.0, ""mean_transport_minutes"": 27.687500000000004, ""p90_response_minutes"": 76.25417883307996, ""patients"": 12, ""response_count"": 12, ""response_minutes"": 516.5344297839094, ""scene_count"": 12, ""scene_minutes"": 168.0, ""transport_count"": 12, ""transport_minutes"": 332.25000000000006}, ""trauma"": {""expected_lost"": 8.7141122001913, ""expected_saved"": 2.2858877998087004, ""mean_response_minutes"": 28.792660542100776, ""mean_scene_minutes"": 16.0, ""mean_transport_minutes"": 26.22000000000001, ""p90_response_minutes"": 46.60850337620862, ""patients"": 11, ""response_count"": 10, ""response_minutes"": 287.92660542100776, ""scene_count"": 10, ""scene_minutes"": 160.0, ""transport_count"": 10, ""transport_minutes"": 262.2000000000001}}","{""arrive_hospital"": 81, ""arrive_scene"": 39, ""hospital_release"": 58, ""patient_arrival"": 41, ""reposition_complete"": 37, ""restock_complete"": 37, ""scene_complete"": 39, ""transfer_ready"": 66}",27.510171,13.489829,0.329020226085452,51.05574288550294,13.282051282051283,32.131578947368425,110.04191267732472,39,0.9512195121951219,41,41,2
Station South,7,2007,"{""cardiac"": {""expected_lost"": 7.455555446739037, ""expected_saved"": 0.5444445531236044, ""mean_response_minutes"": 164.42772648389777, ""mean_scene_minutes"": 10.285714285714286, ""mean_transport_minutes"": 40.9, ""p90_response_minutes"": 328.8600802624634, ""patients"": 8, ""response_count"": 7, ""response_minutes"": 1150.9940853872845, ""scene_count"": 7, ""scene_minutes"": 72.0, ""transport_count"": 5, ""transport_minutes"": 204.5}, ""minor"": {""expected_lost"": 1.605140480877573, ""expected_saved"": 9.394859519122427, ""mean_response_minutes"": 45.5128902205087, ""mean_scene_minutes"": 10.0, ""mean_transport_minutes"": 40.96818181818178, ""p90_response_minutes"": 74.97483454340971, ""patients"": 11, ""response_count"": 11, ""response_minutes"": 500.6417924255957, ""scene_count"": 11, ""scene_minutes"": 110.0, ""transport_count"": 11, ""transport_minutes"": 450.64999999999964}, ""stroke"": {""expected_lost"": 8.211464018612961, ""expected_saved"": 4.788535981387039, ""mean_response_minutes"": 71.10111645967157, ""mean_scene_minutes"": 14.0, ""mean_transport_minutes"": 26.650000000000002, ""p90_response_minutes"": 98.91952293440784, ""patients"": 13, ""response_count"": 13, ""response_minutes"": 924.3145139757305, ""scene_count"": 13, ""scene_minutes"": 182.0, ""transport_count"": 13, ""transport_minutes"": 346.45000000000005}, ""trauma"": {""expected_lost"": 13.914086075605844, ""expected_saved"": 1.0859139243941551, ""mean_response_minutes"": 79.24472556285379, ""mean_scene_minutes"": 14.933333333333326, ""mean_transport_minutes"": 26.264285714285716, ""p90_response_minutes"": 187.78277583138336, ""patients"": 15, ""response_count"": 15, ""response_minutes"": 1188.6708834428068, ""scene_count"": 15, ""scene_minutes"": 223.9999999999999, ""transport_count"": 14, ""transport_minutes"": 367.70000000000005}}","{""arrive_hospital"": 88, ""arrive_scene"": 46, ""hospital_release"": 65, ""patient_arrival"": 47, ""reposition_complete"": 43, ""restock_complete"": 43, ""scene_complete"": 44, ""transfer_ready"": 72}",31.186246,15.813754,0.33646285059632375,81.83959293981341,12.782608695652172,31.84418604651162,274.85091825287157,46,0.9787234042553191,47,47,1
Station South,8,2008,"{""cardiac"": {""expected_lost"": 8.30174960471663, ""expected_saved"": 0.6982503946502021, ""mean_response_minutes"": 88.32228549674696, ""mean_scene_minutes"": 10.666666666666666, ""mean_transport_minutes"": 41.8875, ""p90_response_minutes"": 247.97514097909487, ""patients"": 9, ""response_count"": 9, ""response_minutes"": 794.9005694707226, ""scene_count"": 9, ""scene_minutes"": 96.0, ""transport_count"": 8, ""transport_minutes"": 335.1}, ""minor"": {""expected_lost"": 0.6302675336506591, ""expected_saved"": 10.369732466349342, ""mean_response_minutes"": 26.54215648912632, ""mean_scene_minutes"": 10.0, ""mean_transport_minutes"": 40.34090909090909, ""p90_response_minutes"": 45.37577900300971, ""patients"": 11, ""response_count"": 11, ""response_minutes"": 291.96372138038953, ""scene_count"": 11, ""scene_minutes"": 110.0, ""transport_count"": 11, ""transport_minutes"": 443.75}, ""stroke"": {""expected_lost"": 7.377829817038261, ""expected_saved"": 3.6221701829617374, ""mean_response_minutes"": 79.01284330708677, ""mean_scene_minutes"": 14.0, ""mean_transport_minutes"": 25.272727272727273, ""p90_response_minutes"": 207.6264672407189, ""patients"": 11, ""response_count"": 11, ""response_minutes"": 869.1412763779545, ""scene_count"": 11, ""scene_minutes"": 154.0, ""transport_count"": 11, ""transport_minutes"": 278.0}, ""trauma"": {""expected_lost"": 9.85700536820049, ""expected_saved"": 1.1429946317995094, ""mean_response_minutes"": 107.57223742704028, ""mean_scene_minutes"": 16.0, ""mean_transport_minutes"": 24.636363636363637, ""p90_response_minutes"": 332.5867756325855, ""patients"": 11, ""response_count"": 11, ""response_minutes"": 1183.294611697443, ""scene_count"": 11, ""scene_minutes"": 176.0, ""transport_count"": 11, ""transport_minutes"": 271.0}}","{""arrive_hospital"": 90, ""arrive_scene"": 42, ""hospital_release"": 63, ""patient_arrival"": 42, ""reposition_complete"": 41, ""restock_complete"": 41, ""scene_complete"": 41, ""transfer_ready"": 71}",26.166852,15.833148,0.37697970656573304,74.74524235539307,12.761904761904763,32.386585365853655,224.9945847573811,42,1.0,42,42,0
Station South,9,2009,"{""cardiac"": {""expected_lost"": 8.566957864444058, ""expected_saved"": 0.43304213555594123, ""mean_response_minutes"": 55.64391631446838, ""mean_scene_minutes"": 12.0, ""mean_transport_minutes"": 39.0, ""p90_response_minutes"": 84.6717676107948, ""patients"": 9, ""response_count"": 8, ""response_minutes"": 445.151330515747, ""scene_count"": 8, ""scene_minutes"": 96.0, ""transport_count"": 8, ""transport_minutes"": 312.0}, ""minor"": {""expected_lost"": 1.0018893922204297, ""expected_saved"": 7.99811060777957, ""mean_response_minutes"": 36.78145512667347, ""mean_scene_minutes"": 10.0, ""mean_transport_minutes"": 43.022222222222226, ""p90_response_minutes"": 63.019634109692475, ""patients"": 9, ""response_count"": 9, ""response_minutes"": 331.0330961400612, ""scene_count"": 9, ""scene_minutes"": 90.0, ""transport_count"": 9, ""transport_minutes"": 387.20000000000005}, ""stroke"": {""expected_lost"": 4.485813697202645, ""expected_saved"": 2.5141863027973543, ""mean_response_minutes"": 35.172423753028, ""mean_scene_minutes"": 14.0, ""mean_transport_minutes"": 27.892857142857142, ""p90_response_minutes"": 48.891573598059864, ""patients"": 7, ""response_count"": 7, ""response_minutes"": 246.206966271196, ""scene_count"": 7, ""scene_minutes"": 98.0, ""transport_count"": 7, ""transport_minutes"": 195.25}, ""trauma"": {""expected_lost"": 9.418420987494383, ""expected_saved"": 1.5815790125056155, ""mean_response_minutes"": 58.35268350916758, ""mean_scene_minutes"": 15.999999999999998, ""mean_transport_minutes"": 28.890909090909087, ""p90_response_minutes"": 123.65814308014001, ""patients"": 11, ""response_count"": 11, ""response_minutes"": 641.8795186008434, ""scene_count"": 11, ""scene_minutes"": 175.99999999999997, ""transport_count"": 11, ""transport_minutes"": 317.79999999999995}}","{""arrive_hospital"": 76, ""arrive_scene"": 35, ""hospital_release"": 56, ""patient_arrival"": 36, ""reposition_complete"": 35, ""restock_complete"": 35, ""scene_complete"": 35, ""transfer_ready"": 59}",23.473082,12.526918,0.34796994607329107,47.550597472224226,13.142857142857142,34.635714285714286,97.41729979236004,35,0.9722222222222222,36,36,1
Station South,10,2010,"{""cardiac"": {""expected_lost"": 17.34558242101417, ""expected_saved"": 0.6544175789858273, ""mean_response_minutes"": 69.26746807384183, ""mean_scene_minutes"": 10.666666666666666, ""mean_transport_minutes"": 37.462500000000006, ""p90_response_minutes"": 179.12884231536378, ""patients"": 18, ""response_count"": 9, ""response_minutes"": 623.4072126645764, ""scene_count"": 9, ""scene_minutes"": 96.0, ""transport_count"": 8, ""transport_minutes"": 299.70000000000005}, ""minor"": {""expected_lost"": 3.709951017187838, ""expected_saved"": 11.290048982812163, ""mean_response_minutes"": 60.083670299717106, ""mean_scene_minutes"": 10.0, ""mean_transport_minutes"": 40.09642857142858, ""p90_response_minutes"": 133.79343521296173, ""patients"": 15, ""response_count"": 14, ""response_minutes"": 841.1713841960395, ""scene_count"": 14, ""scene_minutes"": 140.0, ""transport_count"": 14, ""transport_minutes"": 561.3500000000001}, ""stroke"": {""expected_lost"": 12.490234467900414, ""expected_saved"": 3.509765532099583, ""mean_response_minutes"": 56.86192119186559, ""mean_scene_minutes"": 12.923076923076923, ""mean_transport_minutes"": 29.070833333333294, ""p90_response_minutes"": 88.46480619862209, ""patients"": 16, ""response_count"": 13, ""response_minutes"": 739.2049754942527, ""scene_count"": 13, ""scene_minutes"": 168.0, ""transport_count"": 12, ""transport_minutes"": 348.8499999999995}, ""trauma"": {""expected_lost"": 12.346633353754234, ""expected_saved"": 1.653366646245767, ""mean_response_minutes"": 128.20930863856606, ""mean_scene_minutes"": 16.0, ""mean_transport_minutes"": 23.25, ""p90_response_minutes"": 387.7251746212082, ""patients"": 14, ""response_count"": 12, ""response_minutes"": 1538.5117036627928, ""scene_count"": 12, ""scene_minutes"": 192.0, ""transport_count"": 12, ""transport_minutes"": 279.0}}","{""arrive_hospital"": 101, ""arrive_scene"": 48, ""hospital_release"": 68, ""patient_arrival"": 63, ""reposition_complete"": 45, ""restock_complete"": 45, ""scene_complete"": 46, ""transfer_ready"": 80}",45.892401,17.107599,0.27154918635148156,77.96448491703462,12.416666666666666,32.36739130434782,180.76230070316143,48,0.7619047619047619,63,63,15
Station South,11,2011,"{""cardiac"": {""expected_lost"": 10.170982565107462, ""expected_saved"": 0.8290174348925394, ""mean_response_minutes"": 65.01194017740659, ""mean_scene_minutes"": 12.0, ""mean_transport_minutes"": 39.72499999999999, ""p90_response_minutes"": 197.48265187350066, ""patients"": 11, ""response_count"": 10, ""response_minutes"": 650.1194017740659, ""scene_count"": 10, ""scene_minutes"": 120.0, ""transport_count"": 10, ""transport_minutes"": 397.2499999999999}, ""minor"": {""expected_lost"": 1.5064027842060426, ""expected_saved"": 9.493597215793956, ""mean_response_minutes"": 39.70676233309165, ""mean_scene_minutes"": 10.0, ""mean_transport_minutes"": 39.8181818181818, ""p90_response_minutes"": 79.96026224646823, ""patients"": 11, ""response_count"": 11, ""response_minutes"": 436.77438566400815, ""scene_count"": 11, ""scene_minutes"": 110.0, ""transport_count"": 11, ""transport_minutes"": 437.9999999999998}, ""stroke"": {""expected_lost"": 4.305197844864489, ""expected_saved"": 2.694802155135511, ""mean_response_minutes"": 40.91740842485154, ""mean_scene_minutes"": 14.0, ""mean_transport_minutes"": 27.142857142857142, ""p90_response_minutes"": 70.78306381918736, ""patients"": 7, ""response_count"": 7, ""response_minutes"": 286.42185897396075, ""scene_count"": 7, ""scene_minutes"": 98.0, ""transport_count"": 7, ""transport_minutes"": 190.0}, ""trauma"": {""expected_lost"": 9.939041650588258, ""expected_saved"": 1.0609583494117416, ""mean_response_minutes"": 87.44418222701354, ""mean_scene_minutes"": 16.0, ""mean_transport_minutes"": 28.3, ""p90_response_minutes"": 158.12073374262803, ""patients"": 11, ""response_count"": 10, ""response_minutes"": 874.4418222701354, ""scene_count"": 10, ""scene_minutes"": 160.0, ""transport_count"": 10, ""transport_minutes"": 283.0}}","{""arrive_hospital"": 86, ""arrive_scene"": 38, ""hospital_release"": 58, ""patient_arrival"": 40, ""reposition_complete"": 37, ""restock_complete"": 37, ""scene_complete"": 38, ""transfer_ready"": 65}",25.921625,14.078375,0.3519593788808436,59.151512333741316,12.842105263157896,34.427631578947356,138.18966015342482,38,0.95,40,40,2
Station South,12,2012,"{""cardiac"": {""expected_lost"": 13.480616595850845, ""expected_saved"": 0.5193834041491546, ""mean_response_minutes"": 79.1808214386433, ""mean_scene_minutes"": 12.0, ""mean_transport_minutes"": 40.43076923076921, ""p90_response_minutes"": 151.23904899999306, ""patients"": 14, ""response_count"": 13, ""response_minutes"": 1029.350678702363, ""scene_count"": 13, ""scene_minutes"": 156.0, ""transport_count"": 13, ""transport_minutes"": 525.5999999999997}, ""minor"": {""expected_lost"": 3.4476676946026976, ""expected_saved"": 9.552332305397302, ""mean_response_minutes"": 47.488960842820724, ""mean_scene_minutes"": 10.0, ""mean_transport_minutes"": 38.26818181818182, ""p90_response_minutes"": 72.56834669530609, ""patients"": 13, ""response_count"": 12, ""response_minutes"": 569.8675301138487, ""scene_count"": 12, ""scene_minutes"": 120.0, ""transport_count"": 11, ""transport_minutes"": 420.95000000000005}, ""stroke"": {""expected_lost"": 11.369543959633331, ""expected_saved"": 2.630456040366668, ""mean_response_minutes"": 134.78230448192946, ""mean_scene_minutes"": 14.0, ""mean_transport_minutes"": 28.11071428571429, ""p90_response_minutes"": 305.3312249341597, ""patients"": 14, ""response_count"": 14, ""response_minutes"": 1886.9522627470124, ""scene_count"": 14, ""scene_minutes"": 196.0, ""transport_count"": 14, ""transport_minutes"": 393.55000000000007}, ""trauma"": {""expected_lost"": 7.3758590132020885, ""expected_saved"": 0.6241409867979111, ""mean_response_minutes"": 146.74164068321957, ""mean_scene_minutes"": 16.0, ""mean_transport_minutes"": 28.066666666666674, ""p90_response_minutes"": 362.5816481303733, ""patients"": 8, ""response_count"": 6, ""response_minutes"": 880.4498440993175, ""scene_count"": 6, ""scene_minutes"": 96.0, ""transport_count"": 6, ""transport_minutes"": 168.40000000000003}}","{""arrive_hospital"": 106, ""arrive_scene"": 45, ""hospital_release"": 71, ""patient_arrival"": 49, ""reposition_complete"": 44, ""restock_complete"": 44, ""scene_complete"": 45, ""transfer_ready"": 82}",35.673687,13.326313,0.2719655660553273,97.03600701472317,12.622222222222222,34.28409090909091,259.148691631082,45,0.9183673469387755,49,49,4
Station South,13,2013,"{""cardiac"": {""expected_lost"": 2.542868091401828, ""expected_saved"": 0.45713190859817215, ""mean_response_minutes"": 21.0, ""mean_scene_minutes"": 12.0, ""mean_transport_minutes"": 39.0, ""p90_response_minutes"": 23.0, ""patients"": 3, ""response_count"": 3, ""response_minutes"": 63.0, ""scene_count"": 3, ""scene_minutes"": 36.0, ""transport_count"": 3, ""transport_minutes"": 117.0}, ""minor"": {""expected_lost"": 1.4299717779231638, ""expected_saved"": 8.570028222076836, ""mean_response_minutes"": 42.26048816850295, ""mean_scene_minutes"": 10.0, ""mean_transport_minutes"": 40.499999999999986, ""p90_response_minutes"": 65.23154238267168, ""patients"": 10, ""response_count"": 10, ""response_minutes"": 422.6048816850295, ""scene_count"": 10, ""scene_minutes"": 100.0, ""transport_count"": 10, ""transport_minutes"": 404.9999999999999}, ""stroke"": {""expected_lost"": 7.892901515558551, ""expected_saved"": 5.107098484441448, ""mean_response_minutes"": 40.287273353312614, ""mean_scene_minutes"": 12.923076923076932, ""mean_transport_minutes"": 25.662500000000005, ""p90_response_minutes"": 106.41257238586132, ""patients"": 13, ""response_count"": 13, ""response_minutes"": 523.734553593064, ""scene_count"": 13, ""scene_minutes"": 168.0000000000001, ""transport_count"": 12, ""transport_minutes"": 307.95000000000005}, ""trauma"": {""expected_lost"": 7.876492053318811, ""expected_saved"": 1.1235079466811886, ""mean_response_minutes"": 67.72661029859947, ""mean_scene_minutes"": 16.000000000000007, ""mean_transport_minutes"": 27.466666666666672, ""p90_response_minutes"": 172.31532898476308, ""patients"": 9, ""response_count"": 9, ""response_minutes"": 609.5394926873952, ""scene_count"": 9, ""scene_minutes"": 144.00000000000006, ""transport_count"": 9, ""transport_minutes"": 247.20000000000005}}","{""arrive_hospital"": 72, ""arrive_scene"": 35, ""hospital_release"": 52, ""patient_arrival"": 35, ""reposition_complete"": 33, ""restock_complete"": 34, ""scene_complete"": 34, ""transfer_ready"": 59}",19.742233,15.257767,0.43593618747993274,46.25368365615682,12.800000000000004,31.68088235294118,114.580530432638,35,1.0,35,35,0
Station South,14,2014,"{""cardiac"": {""expected_lost"": 11.584032324473467, ""expected_saved"": 0.4159676755265311, ""mean_response_minutes"": 62.86961967184376, ""mean_scene_minutes"": 12.0, ""mean_transport_minutes"": 39.05999999999999, ""p90_response_minutes"": 134.18764408982616, ""patients"": 12, ""response_count"": 5, ""response_minutes"": 314.3480983592188, ""scene_count"": 5, ""scene_minutes"": 60.0, ""transport_count"": 5, ""transport_minutes"": 195.29999999999995}, ""minor"": {""expected_lost"": 5.398321629443765, ""expected_saved"": 13.601678370556236, ""mean_response_minutes"": 83.64040368692322, ""mean_scene_minutes"": 10.0, ""mean_transport_minutes"": 40.263888888888886, ""p90_response_minutes"": 194.04765905366196, ""patients"": 19, ""response_count"": 19, ""response_minutes"": 1589.1676700515413, ""scene_count"": 19, ""scene_minutes"": 190.0, ""transport_count"": 18, ""transport_minutes"": 724.75}, ""stroke"": {""expected_lost"": 8.991247013775693, ""expected_saved"": 3.008752986224307, ""mean_response_minutes"": 103.03992732157812, ""mean_scene_minutes"": 14.0, ""mean_transport_minutes"": 26.333333333333314, ""p90_response_minutes"": 168.6594436573356, ""patients"": 12, ""response_count"": 9, ""response_minutes"": 927.3593458942031, ""scene_count"": 9, ""scene_minutes"": 126.0, ""transport_count"": 9, ""transport_minutes"": 236.99999999999983}, ""trauma"": {""expected_lost"": 14.611492679496436, ""expected_saved"": 1.388507320503567, ""mean_response_minutes"": 64.15808711210214, ""mean_scene_minutes"": 16.0, ""mean_transport_minutes"": 25.146153846153855, ""p90_response_minutes"": 148.92497336116276, ""patients"": 16, ""response_count"": 13, ""response_minutes"": 834.0551324573278, ""scene_count"": 13, ""scene_minutes"": 208.0, ""transport_count"": 13, ""transport_minutes"": 326.9000000000001}}","{""arrive_hospital"": 99, ""arrive_scene"": 46, ""hospital_release"": 67, ""patient_arrival"": 59, ""reposition_complete"": 44, ""restock_complete"": 44, ""scene_complete"": 46, ""transfer_ready"": 76}",40.585094,18.414906,0.3121170568272992,79.67239666874546,12.695652173913043,32.97666666666666,181.32609447139455,46,0.7796610169491526,59,59,13
Station South,15,2015,"{""cardiac"": {""expected_lost"": 9.584018588432835, ""expected_saved"": 1.4159814115671652, ""mean_response_minutes"": 25.810830038170604, ""mean_scene_minutes"": 12.0, ""mean_transport_minutes"": 37.82727272727272, ""p90_response_minutes"": 43.52793041452708, ""patients"": 11, ""response_count"": 11, ""response_minutes"": 283.91913041987664, ""scene_count"": 11, ""scene_minutes"": 132.0, ""transport_count"": 11, ""transport_minutes"": 416.0999999999999}, ""minor"": {""expected_lost"": 1.64720716967346, ""expected_saved"": 5.35279283032654, ""mean_response_minutes"": 48.423500219017455, ""mean_scene_minutes"": 10.0, ""mean_transport_minutes"": 39.833333333333336, ""p90_response_minutes"": 77.87332496388134, ""patients"": 7, ""response_count"": 7, ""response_minutes"": 338.9645015331222, ""scene_count"": 7, ""scene_minutes"": 70.0, ""transport_count"": 6, ""transport_minutes"": 239.0}, ""stroke"": {""expected_lost"": 3.6969389096805854, ""expected_saved"": 1.3030610903194149, ""mean_response_minutes"": 48.11493001323538, ""mean_scene_minutes"": 14.0, ""mean_transport_minutes"": 28.19999999999999, ""p90_response_minutes"": 79.10461228324667, ""patients"": 5, ""response_count"": 4, ""response_minutes"": 192.45972005294152, ""scene_count"": 4, ""scene_minutes"": 56.0, ""transport_count"": 4, ""transport_minutes"": 112.79999999999995}, ""trauma"": {""expected_lost"": 10.431321365071375, ""expected_saved"": 2.5686786349286246, ""mean_response_minutes"": 31.76608803433926, ""mean_scene_minutes"": 16.0, ""mean_transport_minutes"": 23.08636363636364, ""p90_response_minutes"": 45.60089138608954, ""patients"": 13, ""response_count"": 12, ""response_minutes"": 381.1930564120711, ""scene_count"": 12, ""scene_minutes"": 192.0, ""transport_count"": 11, ""transport_minutes"": 253.95000000000005}}","{""arrive_hospital"": 70, ""arrive_scene"": 34, ""hospital_release"": 50, ""patient_arrival"": 36, ""reposition_complete"": 32, ""restock_complete"": 32, ""scene_complete"": 34, ""transfer_ready"": 53}",25.359486,10.640514,0.2955698324206039,35.1922473064121,13.235294117647058,31.932812499999997,68.1422322146163,34,0.9444444444444444,36,36,2
Station South,16,2016,"{""cardiac"": {""expected_lost"": 8.023163657646371, ""expected_saved"": 0.976836342353627, ""mean_response_minutes"": 47.89853697350838, ""mean_scene_minutes"": 12.0, ""mean_transport_minutes"": 40.08333333333333, ""p90_response_minutes"": 113.95307913950329, ""patients"": 9, ""response_count"": 9, ""response_minutes"": 431.0868327615754, ""scene_count"": 9, ""scene_minutes"": 108.0, ""transport_count"": 9, ""transport_minutes"": 360.74999999999994}, ""minor"": {""expected_lost"": 1.9871121213268723, ""expected_saved"": 13.012887878673128, ""mean_response_minutes"": 42.63027048774475, ""mean_scene_minutes"": 10.0, ""mean_transport_minutes"": 38.666666666666664, ""p90_response_minutes"": 61.778384656197225, ""patients"": 15, ""response_count"": 15, ""response_minutes"": 639.4540573161713, ""scene_count"": 15, ""scene_minutes"": 150.0, ""transport_count"": 15, ""transport_minutes"": 580.0}, ""stroke"": {""expected_lost"": 9.282160462083379, ""expected_saved"": 2.7178395379166216, ""mean_response_minutes"": 140.70242145267997, ""mean_scene_minutes"": 14.00000000000001, ""mean_transport_minutes"": 29.41500000000002, ""p90_response_minutes"": 362.9289138723652, ""patients"": 12, ""response_count"": 10, ""response_minutes"": 1407.0242145267998, ""scene_count"": 10, ""scene_minutes"": 140.0000000000001, ""transport_count"": 10, ""transport_minutes"": 294.1500000000002}, ""trauma"": {""expected_lost"": 7.214772366217098, ""expected_saved"": 0.785227633782901, ""mean_response_minutes"": 36.25769262846223, ""mean_scene_minutes"": 14.0, ""mean_transport_minutes"": 31.028571428571436, ""p90_response_minutes"": 63.90656564885114, ""patients"": 8, ""response_count"": 8, ""response_minutes"": 290.06154102769784, ""scene_count"": 8, ""scene_minutes"": 112.0, ""transport_count"": 7, ""transport_minutes"": 217.20000000000005}}","{""arrive_hospital"": 99, ""arrive_scene"": 42, ""hospital_release"": 69, ""patient_arrival"": 44, ""reposition_complete"": 41, ""restock_complete"": 41, ""scene_complete"": 41, ""transfer_ready"": 75}",26.507209,17.492791,0.3975634407437791,65.89587251505343,12.142857142857146,35.41707317073171,104.55703850991056,42,0.9545454545454546,44,44,2
Station South,17,2017,"{""cardiac"": {""expected_lost"": 8.509893018938747, ""expected_saved"": 0.4901069810612544, ""mean_response_minutes"": 78.094231468247, ""mean_scene_minutes"": 12.0, ""mean_transport_minutes"": 44.471428571428525, ""p90_response_minutes"": 163.80246362364224, ""patients"": 9, ""response_count"": 7, ""response_minutes"": 546.659620277729, ""scene_count"": 7, ""scene_minutes"": 84.0, ""transport_count"": 7, ""transport_minutes"": 311.29999999999967}, ""minor"": {""expected_lost"": 4.563309109306632, ""expected_saved"": 11.436690890693367, ""mean_response_minutes"": 75.53161300204452, ""mean_scene_minutes"": 10.0, ""mean_transport_minutes"": 40.95, ""p90_response_minutes"": 185.0698877207474, ""patients"": 16, ""response_count"": 15, ""response_minutes"": 1132.974195030668, ""scene_count"": 15, ""scene_minutes"": 150.0, ""transport_count"": 15, ""transport_minutes"": 614.25}, ""stroke"": {""expected_lost"": 4.366364273394736, ""expected_saved"": 3.6336357266052643, ""mean_response_minutes"": 54.49309656683184, ""mean_scene_minutes"": 14.0, ""mean_transport_minutes"": 25.75, ""p90_response_minutes"": 112.60992067142911, ""patients"": 8, ""response_count"": 8, ""response_minutes"": 435.9447725346547, ""scene_count"": 8, ""scene_minutes"": 112.0, ""transport_count"": 8, ""transport_minutes"": 206.0}, ""trauma"": {""expected_lost"": 12.79985224394308, ""expected_saved"": 1.2001477560569203, ""mean_response_minutes"": 118.54970304914026, ""mean_scene_minutes"": 14.769230769230766, ""mean_transport_minutes"": 27.26666666666667, ""p90_response_minutes"": 328.84242919089166, ""patients"": 14, ""response_count"": 13, ""response_minutes"": 1541.1461396388233, ""scene_count"": 13, ""scene_minutes"": 191.99999999999997, ""transport_count"": 12, ""transport_minutes"": 327.20000000000005}}","{""arrive_hospital"": 94, ""arrive_scene"": 43, ""hospital_release"": 62, ""patient_arrival"": 47, ""reposition_complete"": 40, ""restock_complete"": 40, ""scene_complete"": 42, ""transfer_ready"": 71}",30.239419,16.760581,0.3566081139237618,85.04010994143893,12.511627906976743,34.732142857142854,281.94895292640575,43,0.9148936170212766,47,47,4
Station South,18,2018,"{""cardiac"": {""expected_lost"": 11.125139154073606, ""expected_saved"": 0.8748608459263945, ""mean_response_minutes"": 57.51182418968877, ""mean_scene_minutes"": 12.0, ""mean_transport_minutes"": 38.3, ""p90_response_minutes"": 92.76786585622534, ""patients"": 12, ""response_count"": 11, ""response_minutes"": 632.6300660865764, ""scene_count"": 11, ""scene_minutes"": 132.0, ""transport_count"": 11, ""transport_minutes"": 421.29999999999995}, ""minor"": {""expected_lost"": 4.148618926714397, ""expected_saved"": 11.851381073285602, ""mean_response_minutes"": 63.684087438346886, ""mean_scene_minutes"": 10.0, ""mean_transport_minutes"": 40.86333333333334, ""p90_response_minutes"": 128.3824176741314, ""patients"": 16, ""response_count"": 15, ""response_minutes"": 955.2613115752033, ""scene_count"": 15, ""scene_minutes"": 150.0, ""transport_count"": 15, ""transport_minutes"": 612.95}, ""stroke"": {""expected_lost"": 7.630488859465329, ""expected_saved"": 2.3695111405346703, ""mean_response_minutes"": 106.17757964508644, ""mean_scene_minutes"": 12.25, ""mean_transport_minutes"": 25.571428571428573, ""p90_response_minutes"": 299.48439471129274, ""patients"": 10, ""response_count"": 8, ""response_minutes"": 849.4206371606915, ""scene_count"": 8, ""scene_minutes"": 98.0, ""transport_count"": 7, ""transport_minutes"": 179.0}, ""trauma"": {""expected_lost"": 8.07179240424458, ""expected_saved"": 0.9282075957554189, ""mean_response_minutes"": 59.037658457175475, ""mean_scene_minutes"": 16.0, ""mean_transport_minutes"": 25.63888888888889, ""p90_response_minutes"": 90.5714142371196, ""patients"": 9, ""response_count"": 9, ""response_minutes"": 531.3389261145793, ""scene_count"": 9, ""scene_minutes"": 144.0, ""transport_count"": 9, ""transport_minutes"": 230.75}}","{""arrive_hospital"": 101, ""arrive_scene"": 43, ""hospital_release"": 67, ""patient_arrival"": 47, ""reposition_complete"": 40, ""restock_complete"": 41, ""scene_complete"": 42, ""transfer_ready"": 75}",30.976039,16.023961,0.340935333095789,69.03839397528026,12.186046511627907,34.38095238095238,140.9232454258131,43,0.9148936170212766,47,47,4
Station South,19,2019,"{""cardiac"": {""expected_lost"": 13.987136079939479, ""expected_saved"": 1.0128639200605183, ""mean_response_minutes"": 43.23332233981309, ""mean_scene_minutes"": 12.000000000000002, ""mean_transport_minutes"": 41.29166666666665, ""p90_response_minutes"": 79.4306684837285, ""patients"": 15, ""response_count"": 12, ""response_minutes"": 518.7998680777571, ""scene_count"": 12, ""scene_minutes"": 144.00000000000003, ""transport_count"": 12, ""transport_minutes"": 495.4999999999998}, ""minor"": {""expected_lost"": 1.108101666904555, ""expected_saved"": 5.891898333095446, ""mean_response_minutes"": 48.55889775067512, ""mean_scene_minutes"": 10.0, ""mean_transport_minutes"": 40.714285714285715, ""p90_response_minutes"": 75.93235946851493, ""patients"": 7, ""response_count"": 7, ""response_minutes"": 339.9122842547259, ""scene_count"": 7, ""scene_minutes"": 70.0, ""transport_count"": 7, ""transport_minutes"": 285.0}, ""stroke"": {""expected_lost"": 6.649109292120659, ""expected_saved"": 3.3508907078793406, ""mean_response_minutes"": 23.278381408954164, ""mean_scene_minutes"": 14.0, ""mean_transport_minutes"": 27.571428571428573, ""p90_response_minutes"": 37.444326758286664, ""patients"": 10, ""response_count"": 7, ""response_minutes"": 162.94866986267914, ""scene_count"": 7, ""scene_minutes"": 98.0, ""transport_count"": 7, ""transport_minutes"": 193.0}, ""trauma"": {""expected_lost"": 12.648379680319726, ""expected_saved"": 2.351620319680274, ""mean_response_minutes"": 26.85898468481137, ""mean_scene_minutes"": 16.0, ""mean_transport_minutes"": 21.645833333333332, ""p90_response_minutes"": 43.81202148428583, ""patients"": 15, ""response_count"": 12, ""response_minutes"": 322.30781621773644, ""scene_count"": 12, ""scene_minutes"": 192.0, ""transport_count"": 12, ""transport_minutes"": 259.75}}","{""arrive_hospital"": 83, ""arrive_scene"": 38, ""hospital_release"": 57, ""patient_arrival"": 47, ""reposition_complete"": 37, ""restock_complete"": 38, ""scene_complete"": 38, ""transfer_ready"": 64}",34.392727,12.607273,0.2682398570365017,35.36759574770786,13.263157894736842,32.45394736842105,70.33350003073672,38,0.8085106382978723,47,47,9
Station South,20,2020,"{""cardiac"": {""expected_lost"": 3.6400278592481703, ""expected_saved"": 0.35997214075182954, ""mean_response_minutes"": 37.11449691677107, ""mean_scene_minutes"": 12.0, ""mean_transport_minutes"": 46.599999999999945, ""p90_response_minutes"": 69.47479260025057, ""patients"": 4, ""response_count"": 3, ""response_minutes"": 111.34349075031321, ""scene_count"": 3, ""scene_minutes"": 36.0, ""transport_count"": 3, ""transport_minutes"": 139.79999999999984}, ""minor"": {""expected_lost"": 3.548971519683755, ""expected_saved"": 14.451028480316246, ""mean_response_minutes"": 57.18031939720562, ""mean_scene_minutes"": 10.0, ""mean_transport_minutes"": 40.377777777777766, ""p90_response_minutes"": 87.29410515651563, ""patients"": 18, ""response_count"": 18, ""response_minutes"": 1029.2457491497012, ""scene_count"": 18, ""scene_minutes"": 180.0, ""transport_count"": 18, ""transport_minutes"": 726.7999999999997}, ""stroke"": {""expected_lost"": 5.920904985560188, ""expected_saved"": 2.0790950144398113, ""mean_response_minutes"": 165.1138159397072, ""mean_scene_minutes"": 14.0, ""mean_transport_minutes"": 23.375, ""p90_response_minutes"": 373.7844297579134, ""patients"": 8, ""response_count"": 8, ""response_minutes"": 1320.9105275176576, ""scene_count"": 8, ""scene_minutes"": 112.0, ""transport_count"": 8, ""transport_minutes"": 187.0}, ""trauma"": {""expected_lost"": 9.389056311641923, ""expected_saved"": 1.6109436883580774, ""mean_response_minutes"": 37.13219674037382, ""mean_scene_minutes"": 15.999999999999995, ""mean_transport_minutes"": 25.0, ""p90_response_minutes"": 67.39436050686123, ""patients"": 11, ""response_count"": 10, ""response_minutes"": 371.3219674037382, ""scene_count"": 10, ""scene_minutes"": 159.99999999999994, ""transport_count"": 10, ""transport_minutes"": 250.0}}","{""arrive_hospital"": 88, ""arrive_scene"": 39, ""hospital_release"": 62, ""patient_arrival"": 41, ""reposition_complete"": 36, ""restock_complete"": 37, ""scene_complete"": 39, ""transfer_ready"": 67}",22.498961,18.501039,0.4512448615577066,72.63645473901052,12.512820512820511,33.42564102564101,120.65540093672544,39,0.9512195121951219,41,41,2
Station South,21,2021,"{""cardiac"": {""expected_lost"": 10.738423862622215, ""expected_saved"": 0.26157613737778657, ""mean_response_minutes"": 80.23496016074195, ""mean_scene_minutes"": 12.0, ""mean_transport_minutes"": 44.14999999999999, ""p90_response_minutes"": 127.26107171677296, ""patients"": 11, ""response_count"": 4, ""response_minutes"": 320.9398406429678, ""scene_count"": 4, ""scene_minutes"": 48.0, ""transport_count"": 4, ""transport_minutes"": 176.59999999999997}, ""minor"": {""expected_lost"": 1.7354012434380022, ""expected_saved"": 10.264598756561998, ""mean_response_minutes"": 43.2947823617366, ""mean_scene_minutes"": 10.0, ""mean_transport_minutes"": 40.48749999999999, ""p90_response_minutes"": 57.42744380939964, ""patients"": 12, ""response_count"": 12, ""response_minutes"": 519.5373883408392, ""scene_count"": 12, ""scene_minutes"": 120.0, ""transport_count"": 12, ""transport_minutes"": 485.8499999999999}, ""stroke"": {""expected_lost"": 9.690970914915425, ""expected_saved"": 3.3090290850845743, ""mean_response_minutes"": 52.680313646300974, ""mean_scene_minutes"": 12.6, ""mean_transport_minutes"": 26.316666666666656, ""p90_response_minutes"": 97.25709025117258, ""patients"": 13, ""response_count"": 10, ""response_minutes"": 526.8031364630098, ""scene_count"": 10, ""scene_minutes"": 126.0, ""transport_count"": 9, ""transport_minutes"": 236.8499999999999}, ""trauma"": {""expected_lost"": 19.131171899614856, ""expected_saved"": 1.8688281003851412, ""mean_response_minutes"": 55.29023876791297, ""mean_scene_minutes"": 15.058823529411757, ""mean_transport_minutes"": 23.912499999999994, ""p90_response_minutes"": 95.90103097423676, ""patients"": 21, ""response_count"": 17, ""response_minutes"": 939.9340590545204, ""scene_count"": 17, ""scene_minutes"": 255.9999999999999, ""transport_count"": 16, ""transport_minutes"": 382.5999999999999}}","{""arrive_hospital"": 80, ""arrive_scene"": 43, ""hospital_release"": 54, ""patient_arrival"": 57, ""reposition_complete"": 40, ""restock_complete"": 40, ""scene_complete"": 41, ""transfer_ready"": 65}",41.295968,15.704032,0.27550933472648237,53.65614940700784,12.790697674418603,31.265853658536578,108.97949678171963,43,0.7543859649122807,57,57,14
Station South,22,2022,"{""cardiac"": {""expected_lost"": 14.160443021995324, ""expected_saved"": 0.8395569780046763, ""mean_response_minutes"": 36.754308691462214, ""mean_scene_minutes"": 12.0, ""mean_transport_minutes"": 40.39999999999999, ""p90_response_minutes"": 68.87052015090454, ""patients"": 15, ""response_count"": 10, ""response_minutes"": 367.5430869146221, ""scene_count"": 10, ""scene_minutes"": 120.0, ""transport_count"": 10, ""transport_minutes"": 403.9999999999999}, ""minor"": {""expected_lost"": 2.1302611031711463, ""expected_saved"": 10.869738896828853, ""mean_response_minutes"": 46.74678705414966, ""mean_scene_minutes"": 10.0, ""mean_transport_minutes"": 42.00769230769227, ""p90_response_minutes"": 94.17001519738501, ""patients"": 13, ""response_count"": 13, ""response_minutes"": 607.7082317039456, ""scene_count"": 13, ""scene_minutes"": 130.0, ""transport_count"": 13, ""transport_minutes"": 546.0999999999995}, ""stroke"": {""expected_lost"": 11.770913607951778, ""expected_saved"": 2.229086392048224, ""mean_response_minutes"": 153.9147689524152, ""mean_scene_minutes"": 14.0, ""mean_transport_minutes"": 24.53846153846154, ""p90_response_minutes"": 313.62461660991926, ""patients"": 14, ""response_count"": 13, ""response_minutes"": 2000.8919963813976, ""scene_count"": 13, ""scene_minutes"": 182.0, ""transport_count"": 13, ""transport_minutes"": 319.0}, ""trauma"": {""expected_lost"": 7.931769682686552, ""expected_saved"": 1.0682303173134489, ""mean_response_minutes"": 68.4968221948184, ""mean_scene_minutes"": 16.0, ""mean_transport_minutes"": 24.571428571428573, ""p90_response_minutes"": 150.01967353637068, ""patients"": 9, ""response_count"": 7, ""response_minutes"": 479.4777553637289, ""scene_count"": 7, ""scene_minutes"": 112.0, ""transport_count"": 7, ""transport_minutes"": 172.0}}","{""arrive_hospital"": 100, ""arrive_scene"": 43, ""hospital_release"": 66, ""patient_arrival"": 51, ""reposition_complete"": 40, ""restock_complete"": 41, ""scene_complete"": 43, ""transfer_ready"": 77}",35.993387,15.006613,0.294247305572455,80.36328070613243,12.651162790697674,33.51395348837208,272.16652786173796,43,0.8431372549019608,51,51,8
Station South,23,2023,"{""cardiac"": {""expected_lost"": 13.492887442722694, ""expected_saved"": 0.5071125572773072, ""mean_response_minutes"": 85.97299982532255, ""mean_scene_minutes"": 12.0, ""mean_transport_minutes"": 40.43124999999998, ""p90_response_minutes"": 204.97037292620422, ""patients"": 14, ""response_count"": 8, ""response_minutes"": 687.7839986025804, ""scene_count"": 8, ""scene_minutes"": 96.0, ""transport_count"": 8, ""transport_minutes"": 323.4499999999998}, ""minor"": {""expected_lost"": 3.0713215796471167, ""expected_saved"": 13.928678420352883, ""mean_response_minutes"": 51.28832600325602, ""mean_scene_minutes"": 10.0, ""mean_transport_minutes"": 38.241176470588236, ""p90_response_minutes"": 94.61032291279605, ""patients"": 17, ""response_count"": 17, ""response_minutes"": 871.9015420553523, ""scene_count"": 17, ""scene_minutes"": 170.0, ""transport_count"": 17, ""transport_minutes"": 650.1}, ""stroke"": {""expected_lost"": 9.64400549430525, ""expected_saved"": 2.3559945056947513, ""mean_response_minutes"": 84.88703833294852, ""mean_scene_minutes"": 12.727272727272727, ""mean_transport_minutes"": 26.319999999999983, ""p90_response_minutes"": 198.11196881162448, ""patients"": 12, ""response_count"": 11, ""response_minutes"": 933.7574216624338, ""scene_count"": 11, ""scene_minutes"": 140.0, ""transport_count"": 10, ""transport_minutes"": 263.1999999999998}, ""trauma"": {""expected_lost"": 9.36660921059238, ""expected_saved"": 0.6333907894076222, ""mean_response_minutes"": 38.220254477153176, ""mean_scene_minutes"": 16.0, ""mean_transport_minutes"": 28.299999999999997, ""p90_response_minutes"": 63.07527576004023, ""patients"": 10, ""response_count"": 5, ""response_minutes"": 191.10127238576587, ""scene_count"": 5, ""scene_minutes"": 80.0, ""transport_count"": 4, ""transport_minutes"": 113.19999999999999}}","{""arrive_hospital"": 97, ""arrive_scene"": 41, ""hospital_release"": 64, ""patient_arrival"": 53, ""reposition_complete"": 38, ""restock_complete"": 38, ""scene_complete"": 40, ""transfer_ready"": 73}",35.574824,17.425176,0.3287769108062748,65.47668865136907,11.853658536585366,34.61410256410255,112.72694839983723,41,0.7735849056603774,53,53,12
Station South,24,2024,"{""cardiac"": {""expected_lost"": 8.86010029393174, ""expected_saved"": 0.13989970606825805, ""mean_response_minutes"": 18.1627722648941, ""mean_scene_minutes"": 12.0, ""mean_transport_minutes"": 54.59999999999991, ""p90_response_minutes"": 18.1627722648941, ""patients"": 9, ""response_count"": 1, ""response_minutes"": 18.1627722648941, ""scene_count"": 1, ""scene_minutes"": 12.0, ""transport_count"": 1, ""transport_minutes"": 54.59999999999991}, ""minor"": {""expected_lost"": 5.046595185426047, ""expected_saved"": 13.953404814573952, ""mean_response_minutes"": 38.317598478753375, ""mean_scene_minutes"": 10.000000000000007, ""mean_transport_minutes"": 40.44999999999999, ""p90_response_minutes"": 66.61888057344368, ""patients"": 19, ""response_count"": 16, ""response_minutes"": 613.081575660054, ""scene_count"": 16, ""scene_minutes"": 160.0000000000001, ""transport_count"": 16, ""transport_minutes"": 647.1999999999998}, ""stroke"": {""expected_lost"": 11.46538446034812, ""expected_saved"": 6.534615539651881, ""mean_response_minutes"": 27.612026991218865, ""mean_scene_minutes"": 13.999999999999996, ""mean_transport_minutes"": 26.349999999999998, ""p90_response_minutes"": 42.66089746815444, ""patients"": 18, ""response_count"": 14, ""response_minutes"": 386.5683778770641, ""scene_count"": 14, ""scene_minutes"": 195.99999999999994, ""transport_count"": 14, ""transport_minutes"": 368.9}, ""trauma"": {""expected_lost"": 11.693668804087574, ""expected_saved"": 1.3063311959124255, ""mean_response_minutes"": 40.024838933777914, ""mean_scene_minutes"": 16.0, ""mean_transport_minutes"": 27.0, ""p90_response_minutes"": 61.029272540717955, ""patients"": 13, ""response_count"": 9, ""response_minutes"": 360.22355040400123, ""scene_count"": 9, ""scene_minutes"": 144.0, ""transport_count"": 9, ""transport_minutes"": 243.0}}","{""arrive_hospital"": 87, ""arrive_scene"": 40, ""hospital_release"": 60, ""patient_arrival"": 59, ""reposition_complete"": 39, ""restock_complete"": 39, ""scene_complete"": 40, ""transfer_ready"": 71}",37.065749,21.934251,0.37176697044417834,34.45090690515034,12.8,32.842499999999994,65.2132900634287,40,0.6779661016949152,59,59,19
Station South,25,2025,"{""cardiac"": {""expected_lost"": 8.266879293428389, ""expected_saved"": 0.7331207065716101, ""mean_response_minutes"": 65.31764914825041, ""mean_scene_minutes"": 12.0, ""mean_transport_minutes"": 40.26249999999999, ""p90_response_minutes"": 135.06650807703363, ""patients"": 9, ""response_count"": 8, ""response_minutes"": 522.5411931860033, ""scene_count"": 8, ""scene_minutes"": 96.0, ""transport_count"": 8, ""transport_minutes"": 322.0999999999999}, ""minor"": {""expected_lost"": 1.4528733049727718, ""expected_saved"": 8.547126695027227, ""mean_response_minutes"": 31.636362018623355, ""mean_scene_minutes"": 10.0, ""mean_transport_minutes"": 40.366666666666674, ""p90_response_minutes"": 48.32171894879938, ""patients"": 10, ""response_count"": 10, ""response_minutes"": 316.36362018623356, ""scene_count"": 10, ""scene_minutes"": 100.0, ""transport_count"": 9, ""transport_minutes"": 363.30000000000007}, ""stroke"": {""expected_lost"": 5.1000093355821505, ""expected_saved"": 2.8999906644178486, ""mean_response_minutes"": 43.81860211596488, ""mean_scene_minutes"": 14.0, ""mean_transport_minutes"": 27.875, ""p90_response_minutes"": 86.02933135684714, ""patients"": 8, ""response_count"": 8, ""response_minutes"": 350.54881692771903, ""scene_count"": 8, ""scene_minutes"": 112.0, ""transport_count"": 8, ""transport_minutes"": 223.0}, ""trauma"": {""expected_lost"": 14.236325083325877, ""expected_saved"": 1.763674916674123, ""mean_response_minutes"": 79.22715670965312, ""mean_scene_minutes"": 16.0, ""mean_transport_minutes"": 27.266666666666673, ""p90_response_minutes"": 230.98074631071358, ""patients"": 16, ""response_count"": 15, ""response_minutes"": 1188.4073506447967, ""scene_count"": 15, ""scene_minutes"": 240.0, ""transport_count"": 15, ""transport_minutes"": 409.0000000000001}}","{""arrive_hospital"": 82, ""arrive_scene"": 41, ""hospital_release"": 57, ""patient_arrival"": 43, ""reposition_complete"": 38, ""restock_complete"": 39, ""scene_complete"": 41, ""transfer_ready"": 65}",29.056087,13.943913,0.32427704610908853,57.9966092913354,13.365853658536585,32.935,89.63036414615215,41,0.9534883720930233,43,43,2
Station South,26,2026,"{""cardiac"": {""expected_lost"": 8.797145648959917, ""expected_saved"": 1.202854351040082, ""mean_response_minutes"": 41.11717664688955, ""mean_scene_minutes"": 12.0, ""mean_transport_minutes"": 41.299999999999976, ""p90_response_minutes"": 62.06737037883576, ""patients"": 10, ""response_count"": 10, ""response_minutes"": 411.1717664688955, ""scene_count"": 10, ""scene_minutes"": 120.0, ""transport_count"": 10, ""transport_minutes"": 412.9999999999998}, ""minor"": {""expected_lost"": 0.5531185698111304, ""expected_saved"": 8.446881430188869, ""mean_response_minutes"": 25.586981487462563, ""mean_scene_minutes"": 10.0, ""mean_transport_minutes"": 40.68333333333334, ""p90_response_minutes"": 47.88723807481089, ""patients"": 9, ""response_count"": 9, ""response_minutes"": 230.28283338716307, ""scene_count"": 9, ""scene_minutes"": 90.0, ""transport_count"": 9, ""transport_minutes"": 366.15000000000003}, ""stroke"": {""expected_lost"": 3.8612771875595215, ""expected_saved"": 4.138722812440479, ""mean_response_minutes"": 24.91637135454951, ""mean_scene_minutes"": 14.0, ""mean_transport_minutes"": 27.92500000000001, ""p90_response_minutes"": 49.52783768886807, ""patients"": 8, ""response_count"": 8, ""response_minutes"": 199.3309708363961, ""scene_count"": 8, ""scene_minutes"": 112.0, ""transport_count"": 8, ""transport_minutes"": 223.4000000000001}, ""trauma"": {""expected_lost"": 4.517137883450828, ""expected_saved"": 0.4828621165491721, ""mean_response_minutes"": 54.64675183574768, ""mean_scene_minutes"": 16.0, ""mean_transport_minutes"": 28.400000000000023, ""p90_response_minutes"": 78.68340621019942, ""patients"": 5, ""response_count"": 5, ""response_minutes"": 273.2337591787384, ""scene_count"": 5, ""scene_minutes"": 80.0, ""transport_count"": 5, ""transport_minutes"": 142.0000000000001}}","{""arrive_hospital"": 78, ""arrive_scene"": 32, ""hospital_release"": 65, ""patient_arrival"": 32, ""reposition_complete"": 32, ""restock_complete"": 32, ""scene_complete"": 32, ""transfer_ready"": 59}",17.728679,14.271321,0.4459787721943313,34.81310405847478,12.5625,35.767187500000006,66.91302043541754,32,1.0,32,32,0
Station South,27,2027,"{""cardiac"": {""expected_lost"": 10.833781897111573, ""expected_saved"": 1.166218102128547, ""mean_response_minutes"": 59.39502657647348, ""mean_scene_minutes"": 12.0, ""mean_transport_minutes"": 37.63499999999999, ""p90_response_minutes"": 42.733854713101664, ""patients"": 12, ""response_count"": 11, ""response_minutes"": 653.3452923412083, ""scene_count"": 11, ""scene_minutes"": 132.0, ""transport_count"": 10, ""transport_minutes"": 376.3499999999999}, ""minor"": {""expected_lost"": 2.775355137723954, ""expected_saved"": 11.224644862276046, ""mean_response_minutes"": 40.55133454018581, ""mean_scene_minutes"": 10.0, ""mean_transport_minutes"": 39.653846153846146, ""p90_response_minutes"": 70.6064668055136, ""patients"": 14, ""response_count"": 13, ""response_minutes"": 527.1673490224156, ""scene_count"": 13, ""scene_minutes"": 130.0, ""transport_count"": 13, ""transport_minutes"": 515.4999999999999}, ""stroke"": {""expected_lost"": 10.96985602264485, ""expected_saved"": 5.030143977355151, ""mean_response_minutes"": 54.03751691396088, ""mean_scene_minutes"": 13.0, ""mean_transport_minutes"": 29.580769230769228, ""p90_response_minutes"": 85.55443150323104, ""patients"": 16, ""response_count"": 14, ""response_minutes"": 756.5252367954523, ""scene_count"": 14, ""scene_minutes"": 182.0, ""transport_count"": 13, ""transport_minutes"": 384.54999999999995}, ""trauma"": {""expected_lost"": 4.267299026071132, ""expected_saved"": 0.7327009739288679, ""mean_response_minutes"": 78.87322453199434, ""mean_scene_minutes"": 16.0, ""mean_transport_minutes"": 28.40999999999999, ""p90_response_minutes"": 195.8035398244885, ""patients"": 5, ""response_count"": 5, ""response_minutes"": 394.3661226599717, ""scene_count"": 5, ""scene_minutes"": 80.0, ""transport_count"": 5, ""transport_minutes"": 142.04999999999995}}","{""arrive_hospital"": 98, ""arrive_scene"": 43, ""hospital_release"": 68, ""patient_arrival"": 47, ""reposition_complete"": 40, ""restock_complete"": 41, ""scene_complete"": 42, ""transfer_ready"": 75}",28.846292,18.153708,0.38624910458911954,54.218697693466225,12.186046511627907,34.59634146341463,85.60807228998665,43,0.9148936170212766,47,47,4
Station South,28,2028,"{""cardiac"": {""expected_lost"": 9.200778477421485, ""expected_saved"": 1.799221522578516, ""mean_response_minutes"": 22.705957492987086, ""mean_scene_minutes"": 12.0, ""mean_transport_minutes"": 36.645454545454534, ""p90_response_minutes"": 33.66407009293226, ""patients"": 11, ""response_count"": 11, ""response_minutes"": 249.76553242285794, ""scene_count"": 11, ""scene_minutes"": 132.0, ""transport_count"": 11, ""transport_minutes"": 403.0999999999999}, ""minor"": {""expected_lost"": 2.4446501475925144, ""expected_saved"": 5.555349852407486, ""mean_response_minutes"": 60.77366919748687, ""mean_scene_minutes"": 10.0, ""mean_transport_minutes"": 39.0, ""p90_response_minutes"": 101.31197492581023, ""patients"": 8, ""response_count"": 7, ""response_minutes"": 425.4156843824081, ""scene_count"": 7, ""scene_minutes"": 70.0, ""transport_count"": 7, ""transport_minutes"": 273.0}, ""stroke"": {""expected_lost"": 2.750474011667866, ""expected_saved"": 2.249525988332134, ""mean_response_minutes"": 32.644653870303884, ""mean_scene_minutes"": 14.0, ""mean_transport_minutes"": 26.0, ""p90_response_minutes"": 54.08052857010081, ""patients"": 5, ""response_count"": 5, ""response_minutes"": 163.22326935151943, ""scene_count"": 5, ""scene_minutes"": 70.0, ""transport_count"": 5, ""transport_minutes"": 130.0}, ""trauma"": {""expected_lost"": 11.304212016316747, ""expected_saved"": 1.6957879836832506, ""mean_response_minutes"": 49.21827049296462, ""mean_scene_minutes"": 16.0, ""mean_transport_minutes"": 26.46153846153846, ""p90_response_minutes"": 93.71665042925245, ""patients"": 13, ""response_count"": 13, ""response_minutes"": 639.8375164085401, ""scene_count"": 13, ""scene_minutes"": 208.0, ""transport_count"": 13, ""transport_minutes"": 344.0}}","{""arrive_hospital"": 75, ""arrive_scene"": 36, ""hospital_release"": 55, ""patient_arrival"": 37, ""reposition_complete"": 34, ""restock_complete"": 34, ""scene_complete"": 36, ""transfer_ready"": 57}",25.700115,11.299885,0.30540230667571305,41.062277849036825,13.333333333333334,31.94722222222222,84.68764409666647,36,0.972972972972973,37,37,1
Station South,29,2029,"{""cardiac"": {""expected_lost"": 5.3470665431223345, ""expected_saved"": 0.6529334568776644, ""mean_response_minutes"": 34.293802293882365, ""mean_scene_minutes"": 11.999999999999996, ""mean_transport_minutes"": 34.08000000000002, ""p90_response_minutes"": 68.64140688164706, ""patients"": 6, ""response_count"": 5, ""response_minutes"": 171.46901146941184, ""scene_count"": 5, ""scene_minutes"": 59.999999999999986, ""transport_count"": 5, ""transport_minutes"": 170.4000000000001}, ""minor"": {""expected_lost"": 0.35360225514795296, ""expected_saved"": 6.646397744852047, ""mean_response_minutes"": 21.476442886630203, ""mean_scene_minutes"": 10.0, ""mean_transport_minutes"": 40.142857142857146, ""p90_response_minutes"": 34.857617675268195, ""patients"": 7, ""response_count"": 7, ""response_minutes"": 150.33510020641143, ""scene_count"": 7, ""scene_minutes"": 70.0, ""transport_count"": 7, ""transport_minutes"": 281.0}, ""stroke"": {""expected_lost"": 6.332936266148246, ""expected_saved"": 4.667063733851754, ""mean_response_minutes"": 34.401037751367355, ""mean_scene_minutes"": 14.0, ""mean_transport_minutes"": 27.568181818181817, ""p90_response_minutes"": 70.69548874245805, ""patients"": 11, ""response_count"": 11, ""response_minutes"": 378.4114152650409, ""scene_count"": 11, ""scene_minutes"": 154.0, ""transport_count"": 11, ""transport_minutes"": 303.25}, ""trauma"": {""expected_lost"": 12.329109720693383, ""expected_saved"": 1.6708902793066185, ""mean_response_minutes"": 36.69997746477495, ""mean_scene_minutes"": 16.0, ""mean_transport_minutes"": 29.15909090909091, ""p90_response_minutes"": 86.82098763255486, ""patients"": 14, ""response_count"": 12, ""response_minutes"": 440.3997295772994, ""scene_count"": 12, ""scene_minutes"": 192.0, ""transport_count"": 11, ""transport_minutes"": 320.75}}","{""arrive_hospital"": 67, ""arrive_scene"": 35, ""hospital_release"": 52, ""patient_arrival"": 38, ""reposition_complete"": 32, ""restock_complete"": 32, ""scene_complete"": 35, ""transfer_ready"": 56}",24.362715,13.637285,0.3588759267075811,32.589007329090386,13.6,31.629411764705885,74.60857173407331,35,0.9210526315789473,38,38,3
Station South,30,2030,"{""cardiac"": {""expected_lost"": 8.128065374472154, ""expected_saved"": 0.871934625527846, ""mean_response_minutes"": 28.48702308718785, ""mean_scene_minutes"": 12.0, ""mean_transport_minutes"": 39.325, ""p90_response_minutes"": 33.16885540925084, ""patients"": 9, ""response_count"": 8, ""response_minutes"": 227.8961846975028, ""scene_count"": 8, ""scene_minutes"": 96.0, ""transport_count"": 8, ""transport_minutes"": 314.6}, ""minor"": {""expected_lost"": 1.0660789891535365, ""expected_saved"": 2.9339210108464635, ""mean_response_minutes"": 13.72743562174575, ""mean_scene_minutes"": 10.0, ""mean_transport_minutes"": 38.0, ""p90_response_minutes"": 17.7458454921898, ""patients"": 4, ""response_count"": 3, ""response_minutes"": 41.18230686523725, ""scene_count"": 3, ""scene_minutes"": 30.0, ""transport_count"": 3, ""transport_minutes"": 114.0}, ""stroke"": {""expected_lost"": 4.119364003181737, ""expected_saved"": 3.8806359968182633, ""mean_response_minutes"": 18.76163705519896, ""mean_scene_minutes"": 14.0, ""mean_transport_minutes"": 27.45714285714285, ""p90_response_minutes"": 29.925768050609744, ""patients"": 8, ""response_count"": 8, ""response_minutes"": 150.09309644159168, ""scene_count"": 8, ""scene_minutes"": 112.0, ""transport_count"": 7, ""transport_minutes"": 192.19999999999993}, ""trauma"": {""expected_lost"": 9.307084364318523, ""expected_saved"": 2.6929156356814787, ""mean_response_minutes"": 23.564340370355286, ""mean_scene_minutes"": 16.0, ""mean_transport_minutes"": 24.479166666666668, ""p90_response_minutes"": 34.58005165469783, ""patients"": 12, ""response_count"": 12, ""response_minutes"": 282.77208444426344, ""scene_count"": 12, ""scene_minutes"": 192.0, ""transport_count"": 12, ""transport_minutes"": 293.75}}","{""arrive_hospital"": 59, ""arrive_scene"": 31, ""hospital_release"": 47, ""patient_arrival"": 33, ""reposition_complete"": 30, ""restock_complete"": 30, ""scene_complete"": 31, ""transfer_ready"": 48}",22.620593,10.379407,0.3145274929961833,22.643344272535327,13.870967741935484,30.485,34.86672406077537,31,0.9393939393939394,33,33,2
Station South,31,2031,"{""cardiac"": {""expected_lost"": 11.471552609617262, ""expected_saved"": 0.5284473899720934, ""mean_response_minutes"": 69.02820616887725, ""mean_scene_minutes"": 12.0, ""mean_transport_minutes"": 45.041666666666664, ""p90_response_minutes"": 155.35950803513285, ""patients"": 12, ""response_count"": 7, ""response_minutes"": 483.1974431821407, ""scene_count"": 7, ""scene_minutes"": 84.0, ""transport_count"": 6, ""transport_minutes"": 270.25}, ""minor"": {""expected_lost"": 2.2178615325417024, ""expected_saved"": 11.782138467458298, ""mean_response_minutes"": 32.48875683603072, ""mean_scene_minutes"": 10.0, ""mean_transport_minutes"": 40.62692307692308, ""p90_response_minutes"": 52.887886408520856, ""patients"": 14, ""response_count"": 13, ""response_minutes"": 422.3538388683993, ""scene_count"": 13, ""scene_minutes"": 130.0, ""transport_count"": 13, ""transport_minutes"": 528.15}, ""stroke"": {""expected_lost"": 7.610877666081548, ""expected_saved"": 3.3891223339184533, ""mean_response_minutes"": 101.92046950839048, ""mean_scene_minutes"": 14.0, ""mean_transport_minutes"": 26.450000000000003, ""p90_response_minutes"": 245.29022706536125, ""patients"": 11, ""response_count"": 11, ""response_minutes"": 1121.1251645922953, ""scene_count"": 11, ""scene_minutes"": 154.0, ""transport_count"": 11, ""transport_minutes"": 290.95000000000005}, ""trauma"": {""expected_lost"": 14.927786745580057, ""expected_saved"": 1.0722132544199432, ""mean_response_minutes"": 147.95348316128823, ""mean_scene_minutes"": 16.0, ""mean_transport_minutes"": 26.275000000000023, ""p90_response_minutes"": 387.21299826661124, ""patients"": 16, ""response_count"": 12, ""response_minutes"": 1775.441797935459, ""scene_count"": 12, ""scene_minutes"": 192.0, ""transport_count"": 12, ""transport_minutes"": 315.3000000000003}}","{""arrive_hospital"": 91, ""arrive_scene"": 43, ""hospital_release"": 64, ""patient_arrival"": 53, ""reposition_complete"": 42, ""restock_complete"": 42, ""scene_complete"": 43, ""transfer_ready"": 72}",36.228079,16.771921,0.3164513480333734,88.42135452507661,13.023255813953488,33.44404761904762,248.16243918751698,43,0.8113207547169812,53,53,10
Station South,32,2032,"{""cardiac"": {""expected_lost"": 2.7810251027749033, ""expected_saved"": 0.2189748972250961, ""mean_response_minutes"": 95.05240237343203, ""mean_scene_minutes"": 12.0, ""mean_transport_minutes"": 41.066666666666606, ""p90_response_minutes"": 193.48576569623694, ""patients"": 3, ""response_count"": 3, ""response_minutes"": 285.1572071202961, ""scene_count"": 3, ""scene_minutes"": 36.0, ""transport_count"": 3, ""transport_minutes"": 123.19999999999982}, ""minor"": {""expected_lost"": 1.4904473136244505, ""expected_saved"": 5.5095526863755495, ""mean_response_minutes"": 58.39801282466026, ""mean_scene_minutes"": 10.0, ""mean_transport_minutes"": 40.635714285714286, ""p90_response_minutes"": 75.27324811077222, ""patients"": 7, ""response_count"": 7, ""response_minutes"": 408.78608977262184, ""scene_count"": 7, ""scene_minutes"": 70.0, ""transport_count"": 7, ""transport_minutes"": 284.45}, ""stroke"": {""expected_lost"": 9.919185707683477, ""expected_saved"": 8.080814292316525, ""mean_response_minutes"": 35.735707750307434, ""mean_scene_minutes"": 13.222222222222221, ""mean_transport_minutes"": 27.476470588235294, ""p90_response_minutes"": 58.1572784671734, ""patients"": 18, ""response_count"": 18, ""response_minutes"": 643.2427395055338, ""scene_count"": 18, ""scene_minutes"": 238.0, ""transport_count"": 17, ""transport_minutes"": 467.1}, ""trauma"": {""expected_lost"": 5.874776108533889, ""expected_saved"": 1.1252238914661101, ""mean_response_minutes"": 41.1654910772395, ""mean_scene_minutes"": 16.0, ""mean_transport_minutes"": 28.37142857142856, ""p90_response_minutes"": 91.37069121871956, ""patients"": 7, ""response_count"": 7, ""response_minutes"": 288.1584375406765, ""scene_count"": 7, ""scene_minutes"": 112.0, ""transport_count"": 7, ""transport_minutes"": 198.5999999999999}}","{""arrive_hospital"": 71, ""arrive_scene"": 35, ""hospital_release"": 55, ""patient_arrival"": 35, ""reposition_complete"": 33, ""restock_complete"": 33, ""scene_complete"": 34, ""transfer_ready"": 60}",20.065434,14.934566,0.42670187906809376,46.438413541117946,13.028571428571428,31.569117647058814,79.15863819456996,35,1.0,35,35,0
Station South,33,2033,"{""cardiac"": {""expected_lost"": 8.214651875261263, ""expected_saved"": 0.7853481247387377, ""mean_response_minutes"": 34.381461549099676, ""mean_scene_minutes"": 12.0, ""mean_transport_minutes"": 39.464285714285715, ""p90_response_minutes"": 56.86616277604605, ""patients"": 9, ""response_count"": 7, ""response_minutes"": 240.6702308436977, ""scene_count"": 7, ""scene_minutes"": 84.0, ""transport_count"": 7, ""transport_minutes"": 276.25}, ""minor"": {""expected_lost"": 1.3979594319171254, ""expected_saved"": 10.602040568082874, ""mean_response_minutes"": 36.16310455836689, ""mean_scene_minutes"": 10.0, ""mean_transport_minutes"": 40.362500000000004, ""p90_response_minutes"": 63.74929271938989, ""patients"": 12, ""response_count"": 12, ""response_minutes"": 433.95725470040264, ""scene_count"": 12, ""scene_minutes"": 120.0, ""transport_count"": 12, ""transport_minutes"": 484.35}, ""stroke"": {""expected_lost"": 8.847536685134601, ""expected_saved"": 4.152463314865401, ""mean_response_minutes"": 64.09426354195077, ""mean_scene_minutes"": 12.833333333333334, ""mean_transport_minutes"": 27.16363636363636, ""p90_response_minutes"": 92.40940293538497, ""patients"": 13, ""response_count"": 12, ""response_minutes"": 769.1311625034092, ""scene_count"": 12, ""scene_minutes"": 154.0, ""transport_count"": 11, ""transport_minutes"": 298.79999999999995}, ""trauma"": {""expected_lost"": 14.701034051527715, ""expected_saved"": 1.2989659484722833, ""mean_response_minutes"": 72.89530042046026, ""mean_scene_minutes"": 16.0, ""mean_transport_minutes"": 29.64166666666667, ""p90_response_minutes"": 153.59551815707496, ""patients"": 16, ""response_count"": 12, ""response_minutes"": 874.743605045523, ""scene_count"": 12, ""scene_minutes"": 192.0, ""transport_count"": 12, ""transport_minutes"": 355.70000000000005}}","{""arrive_hospital"": 91, ""arrive_scene"": 43, ""hospital_release"": 64, ""patient_arrival"": 50, ""reposition_complete"": 41, ""restock_complete"": 42, ""scene_complete"": 42, ""transfer_ready"": 72}",33.161182,16.838818,0.33677635912318576,53.9186570486752,12.790697674418604,33.69285714285714,94.09073960672907,43,0.86,50,50,7
Station South,34,2034,"{""cardiac"": {""expected_lost"": 15.907799038395641, ""expected_saved"": 1.0922009616043593, ""mean_response_minutes"": 49.61668021612363, ""mean_scene_minutes"": 12.0, ""mean_transport_minutes"": 40.520833333333336, ""p90_response_minutes"": 72.64134077107406, ""patients"": 17, ""response_count"": 12, ""response_minutes"": 595.4001625934836, ""scene_count"": 12, ""scene_minutes"": 144.0, ""transport_count"": 12, ""transport_minutes"": 486.25000000000006}, ""minor"": {""expected_lost"": 2.418494443880288, ""expected_saved"": 7.581505556119713, ""mean_response_minutes"": 46.63570488988185, ""mean_scene_minutes"": 10.000000000000004, ""mean_transport_minutes"": 41.7222222222222, ""p90_response_minutes"": 70.42196698186649, ""patients"": 10, ""response_count"": 9, ""response_minutes"": 419.7213440089367, ""scene_count"": 9, ""scene_minutes"": 90.00000000000003, ""transport_count"": 9, ""transport_minutes"": 375.4999999999998}, ""stroke"": {""expected_lost"": 10.934942337082015, ""expected_saved"": 4.065057662917986, ""mean_response_minutes"": 42.87939250565981, ""mean_scene_minutes"": 12.923076923076923, ""mean_transport_minutes"": 28.674999999999997, ""p90_response_minutes"": 78.42520801369479, ""patients"": 15, ""response_count"": 13, ""response_minutes"": 557.4321025735775, ""scene_count"": 13, ""scene_minutes"": 168.0, ""transport_count"": 12, ""transport_minutes"": 344.09999999999997}, ""trauma"": {""expected_lost"": 11.168458480992255, ""expected_saved"": 0.8315415190077451, ""mean_response_minutes"": 99.60203827234702, ""mean_scene_minutes"": 16.0, ""mean_transport_minutes"": 29.11111111111111, ""p90_response_minutes"": 206.80051898610566, ""patients"": 12, ""response_count"": 9, ""response_minutes"": 896.4183444511232, ""scene_count"": 9, ""scene_minutes"": 144.0, ""transport_count"": 9, ""transport_minutes"": 262.0}}","{""arrive_hospital"": 96, ""arrive_scene"": 43, ""hospital_release"": 68, ""patient_arrival"": 54, ""reposition_complete"": 41, ""restock_complete"": 42, ""scene_complete"": 42, ""transfer_ready"": 75}",40.429694,13.570306,0.25130195740092215,57.41795240993306,12.69767441860465,34.94880952380952,113.13989106078157,43,0.7962962962962963,54,54,11
Station South,35,2035,"{""cardiac"": {""expected_lost"": 8.429453135522667, ""expected_saved"": 0.570546863792471, ""mean_response_minutes"": 141.48023317907976, ""mean_scene_minutes"": 12.0, ""mean_transport_minutes"": 34.442857142857136, ""p90_response_minutes"": 416.2797488956903, ""patients"": 9, ""response_count"": 7, ""response_minutes"": 990.3616322535584, ""scene_count"": 7, ""scene_minutes"": 84.0, ""transport_count"": 7, ""transport_minutes"": 241.09999999999994}, ""minor"": {""expected_lost"": 3.948525183553432, ""expected_saved"": 15.051474816446568, ""mean_response_minutes"": 38.13022642902593, ""mean_scene_minutes"": 9.444444444444445, ""mean_transport_minutes"": 41.729411764705866, ""p90_response_minutes"": 48.79856028292437, ""patients"": 19, ""response_count"": 18, ""response_minutes"": 686.3440757224668, ""scene_count"": 18, ""scene_minutes"": 170.0, ""transport_count"": 17, ""transport_minutes"": 709.3999999999997}, ""stroke"": {""expected_lost"": 9.020545359803627, ""expected_saved"": 1.9794546401963744, ""mean_response_minutes"": 223.3227265256838, ""mean_scene_minutes"": 14.0, ""mean_transport_minutes"": 25.809090909090916, ""p90_response_minutes"": 781.7455179366626, ""patients"": 11, ""response_count"": 11, ""response_minutes"": 2456.549991782522, ""scene_count"": 11, ""scene_minutes"": 154.0, ""transport_count"": 11, ""transport_minutes"": 283.9000000000001}, ""trauma"": {""expected_lost"": 4.068417961998878, ""expected_saved"": 0.9315820380011222, ""mean_response_minutes"": 78.45843610870813, ""mean_scene_minutes"": 16.0, ""mean_transport_minutes"": 18.2, ""p90_response_minutes"": 179.59059087287113, ""patients"": 5, ""response_count"": 5, ""response_minutes"": 392.29218054354067, ""scene_count"": 5, ""scene_minutes"": 80.0, ""transport_count"": 5, ""transport_minutes"": 91.0}}","{""arrive_hospital"": 96, ""arrive_scene"": 41, ""hospital_release"": 65, ""patient_arrival"": 44, ""reposition_complete"": 40, ""restock_complete"": 40, ""scene_complete"": 40, ""transfer_ready"": 72}",25.466942,18.533058,0.42120587178264857,110.37921659273387,11.902439024390244,33.13499999999999,316.0034555910736,41,0.9318181818181818,44,44,3
Station South,36,2036,"{""cardiac"": {""expected_lost"": 10.587606896258807, ""expected_saved"": 0.4123931037411926, ""mean_response_minutes"": 78.06707603448785, ""mean_scene_minutes"": 12.0, ""mean_transport_minutes"": 42.66874999999999, ""p90_response_minutes"": 149.94213329354125, ""patients"": 11, ""response_count"": 8, ""response_minutes"": 624.5366082759028, ""scene_count"": 8, ""scene_minutes"": 96.0, ""transport_count"": 8, ""transport_minutes"": 341.3499999999999}, ""minor"": {""expected_lost"": 4.213996176626235, ""expected_saved"": 10.786003823373767, ""mean_response_minutes"": 49.7011103766056, ""mean_scene_minutes"": 9.999999999999996, ""mean_transport_minutes"": 39.21153846153845, ""p90_response_minutes"": 77.04215303593193, ""patients"": 15, ""response_count"": 13, ""response_minutes"": 646.1144348958728, ""scene_count"": 13, ""scene_minutes"": 129.99999999999994, ""transport_count"": 13, ""transport_minutes"": 509.7499999999999}, ""stroke"": {""expected_lost"": 8.213591668089192, ""expected_saved"": 3.7864083319108084, ""mean_response_minutes"": 73.90756803662609, ""mean_scene_minutes"": 14.0, ""mean_transport_minutes"": 26.372727272727285, ""p90_response_minutes"": 156.65693350823096, ""patients"": 12, ""response_count"": 11, ""response_minutes"": 812.9832484028869, ""scene_count"": 11, ""scene_minutes"": 154.0, ""transport_count"": 11, ""transport_minutes"": 290.10000000000014}, ""trauma"": {""expected_lost"": 10.738148341262221, ""expected_saved"": 1.2618516587377808, ""mean_response_minutes"": 89.73012701253616, ""mean_scene_minutes"": 16.0, ""mean_transport_minutes"": 27.25, ""p90_response_minutes"": 177.49008409061912, ""patients"": 12, ""response_count"": 11, ""response_minutes"": 987.0313971378978, ""scene_count"": 11, ""scene_minutes"": 176.0, ""transport_count"": 10, ""transport_minutes"": 272.5}}","{""arrive_hospital"": 95, ""arrive_scene"": 43, ""hospital_release"": 69, ""patient_arrival"": 50, ""reposition_complete"": 41, ""restock_complete"": 41, ""scene_complete"": 43, ""transfer_ready"": 74}",33.753343,16.246657,0.324933138355271,71.41082997005954,12.930232558139535,33.659523809523805,151.35699735468637,43,0.86,50,50,7
Station South,37,2037,"{""cardiac"": {""expected_lost"": 9.467767141581742, ""expected_saved"": 0.5322328584182567, ""mean_response_minutes"": 72.97160700404262, ""mean_scene_minutes"": 12.000000000000007, ""mean_transport_minutes"": 38.131249999999994, ""p90_response_minutes"": 121.92782179125726, ""patients"": 10, ""response_count"": 8, ""response_minutes"": 583.772856032341, ""scene_count"": 8, ""scene_minutes"": 96.00000000000006, ""transport_count"": 8, ""transport_minutes"": 305.04999999999995}, ""minor"": {""expected_lost"": 1.9514403091586432, ""expected_saved"": 8.048559690841357, ""mean_response_minutes"": 58.185479090252315, ""mean_scene_minutes"": 10.0, ""mean_transport_minutes"": 38.75, ""p90_response_minutes"": 83.390347893372, ""patients"": 10, ""response_count"": 10, ""response_minutes"": 581.8547909025232, ""scene_count"": 10, ""scene_minutes"": 100.0, ""transport_count"": 10, ""transport_minutes"": 387.5}, ""stroke"": {""expected_lost"": 11.09653639491586, ""expected_saved"": 3.9034636050841387, ""mean_response_minutes"": 219.94019049814307, ""mean_scene_minutes"": 14.0, ""mean_transport_minutes"": 26.989999999999977, ""p90_response_minutes"": 642.673445298473, ""patients"": 15, ""response_count"": 15, ""response_minutes"": 3299.102857472146, ""scene_count"": 15, ""scene_minutes"": 210.0, ""transport_count"": 15, ""transport_minutes"": 404.8499999999997}, ""trauma"": {""expected_lost"": 13.292165094705524, ""expected_saved"": 1.7078349052944763, ""mean_response_minutes"": 43.20222088384174, ""mean_scene_minutes"": 14.857142857142858, ""mean_transport_minutes"": 21.75, ""p90_response_minutes"": 77.78332622154164, ""patients"": 15, ""response_count"": 14, ""response_minutes"": 604.8310923737844, ""scene_count"": 14, ""scene_minutes"": 208.0, ""transport_count"": 13, ""transport_minutes"": 282.75}}","{""arrive_hospital"": 96, ""arrive_scene"": 47, ""hospital_release"": 65, ""patient_arrival"": 50, ""reposition_complete"": 44, ""restock_complete"": 44, ""scene_complete"": 46, ""transfer_ready"": 78}",35.807909,14.192091,0.2838418211927644,107.86301269746369,13.063829787234043,30.00326086956521,244.67492238916094,47,0.94,50,50,3
Station South,38,2038,"{""cardiac"": {""expected_lost"": 12.635827593348738, ""expected_saved"": 1.3641724056614863, ""mean_response_minutes"": 63.62122983425741, ""mean_scene_minutes"": 12.0, ""mean_transport_minutes"": 41.04615384615382, ""p90_response_minutes"": 207.97370511619118, ""patients"": 14, ""response_count"": 13, ""response_minutes"": 827.0759878453464, ""scene_count"": 13, ""scene_minutes"": 156.0, ""transport_count"": 13, ""transport_minutes"": 533.5999999999997}, ""minor"": {""expected_lost"": 1.1470673582531083, ""expected_saved"": 8.852932641746891, ""mean_response_minutes"": 35.43133094387171, ""mean_scene_minutes"": 10.0, ""mean_transport_minutes"": 38.9, ""p90_response_minutes"": 60.145828978597706, ""patients"": 10, ""response_count"": 10, ""response_minutes"": 354.31330943871706, ""scene_count"": 10, ""scene_minutes"": 100.0, ""transport_count"": 10, ""transport_minutes"": 389.0}, ""stroke"": {""expected_lost"": 14.848808177108733, ""expected_saved"": 4.151191822891267, ""mean_response_minutes"": 113.9952378158732, ""mean_scene_minutes"": 14.0, ""mean_transport_minutes"": 26.756666666666668, ""p90_response_minutes"": 322.42100722221295, ""patients"": 19, ""response_count"": 15, ""response_minutes"": 1709.928567238098, ""scene_count"": 15, ""scene_minutes"": 210.0, ""transport_count"": 15, ""transport_minutes"": 401.35}, ""trauma"": {""expected_lost"": 6.596025512148171, ""expected_saved"": 0.4039744878518291, ""mean_response_minutes"": 233.55975807274726, ""mean_scene_minutes"": 16.0, ""mean_transport_minutes"": 19.714285714285715, ""p90_response_minutes"": 503.8856468457533, ""patients"": 7, ""response_count"": 7, ""response_minutes"": 1634.918306509231, ""scene_count"": 7, ""scene_minutes"": 112.0, ""transport_count"": 7, ""transport_minutes"": 138.0}}","{""arrive_hospital"": 105, ""arrive_scene"": 45, ""hospital_release"": 75, ""patient_arrival"": 50, ""reposition_complete"": 44, ""restock_complete"": 44, ""scene_complete"": 45, ""transfer_ready"": 81}",35.227729,14.772271,0.2954454271630294,100.58302602291985,12.844444444444445,32.487777777777765,347.8683692065977,45,0.9,50,50,5
Station South,39,2039,"{""cardiac"": {""expected_lost"": 12.461974803428472, ""expected_saved"": 1.5380251965715273, ""mean_response_minutes"": 37.54965508902271, ""mean_scene_minutes"": 11.999999999999991, ""mean_transport_minutes"": 41.99583333333333, ""p90_response_minutes"": 41.19462350042653, ""patients"": 14, ""response_count"": 12, ""response_minutes"": 450.5958610682725, ""scene_count"": 12, ""scene_minutes"": 143.9999999999999, ""transport_count"": 12, ""transport_minutes"": 503.95}, ""minor"": {""expected_lost"": 1.0064542174813542, ""expected_saved"": 4.9935457825186464, ""mean_response_minutes"": 44.95836768569757, ""mean_scene_minutes"": 10.0, ""mean_transport_minutes"": 37.51666666666663, ""p90_response_minutes"": 68.02178689880202, ""patients"": 6, ""response_count"": 6, ""response_minutes"": 269.7502061141854, ""scene_count"": 6, ""scene_minutes"": 60.0, ""transport_count"": 6, ""transport_minutes"": 225.0999999999998}, ""stroke"": {""expected_lost"": 7.0868377843565415, ""expected_saved"": 4.913162215643458, ""mean_response_minutes"": 40.6589849604733, ""mean_scene_minutes"": 14.0, ""mean_transport_minutes"": 26.47083333333332, ""p90_response_minutes"": 70.36955114372321, ""patients"": 12, ""response_count"": 12, ""response_minutes"": 487.90781952567954, ""scene_count"": 12, ""scene_minutes"": 168.0, ""transport_count"": 12, ""transport_minutes"": 317.64999999999986}, ""trauma"": {""expected_lost"": 7.235977134719191, ""expected_saved"": 0.7640228652808086, ""mean_response_minutes"": 94.23130538206215, ""mean_scene_minutes"": 16.0, ""mean_transport_minutes"": 21.5, ""p90_response_minutes"": 180.80802781814197, ""patients"": 8, ""response_count"": 6, ""response_minutes"": 565.3878322923729, ""scene_count"": 6, ""scene_minutes"": 96.0, ""transport_count"": 6, ""transport_minutes"": 129.0}}","{""arrive_hospital"": 82, ""arrive_scene"": 36, ""hospital_release"": 61, ""patient_arrival"": 40, ""reposition_complete"": 35, ""restock_complete"": 35, ""scene_complete"": 36, ""transfer_ready"": 64}",27.791244,12.208756,0.3052189015003609,49.26782552779195,12.999999999999996,32.658333333333324,97.56346066570107,36,0.9,40,40,4
Station South,40,2040,"{""cardiac"": {""expected_lost"": 8.2745317568068, ""expected_saved"": 0.7254682431932006, ""mean_response_minutes"": 61.74259652225555, ""mean_scene_minutes"": 12.0, ""mean_transport_minutes"": 40.12142857142856, ""p90_response_minutes"": 134.1749323677417, ""patients"": 9, ""response_count"": 7, ""response_minutes"": 432.1981756557889, ""scene_count"": 7, ""scene_minutes"": 84.0, ""transport_count"": 7, ""transport_minutes"": 280.8499999999999}, ""minor"": {""expected_lost"": 2.0003999299063135, ""expected_saved"": 7.9996000700936865, ""mean_response_minutes"": 35.30084364624752, ""mean_scene_minutes"": 10.000000000000004, ""mean_transport_minutes"": 37.888888888888886, ""p90_response_minutes"": 75.6967585702019, ""patients"": 10, ""response_count"": 9, ""response_minutes"": 317.7075928162277, ""scene_count"": 9, ""scene_minutes"": 90.00000000000003, ""transport_count"": 9, ""transport_minutes"": 341.0}, ""stroke"": {""expected_lost"": 8.537397400815093, ""expected_saved"": 5.462602599184907, ""mean_response_minutes"": 37.13725614543414, ""mean_scene_minutes"": 14.0, ""mean_transport_minutes"": 27.269230769230766, ""p90_response_minutes"": 48.76385288060499, ""patients"": 14, ""response_count"": 14, ""response_minutes"": 519.9215860360779, ""scene_count"": 14, ""scene_minutes"": 196.0, ""transport_count"": 13, ""transport_minutes"": 354.49999999999994}, ""trauma"": {""expected_lost"": 9.697207984022027, ""expected_saved"": 1.3027920159779733, ""mean_response_minutes"": 58.71732150284918, ""mean_scene_minutes"": 16.0, ""mean_transport_minutes"": 25.877777777777776, ""p90_response_minutes"": 114.50920530203231, ""patients"": 11, ""response_count"": 9, ""response_minutes"": 528.4558935256426, ""scene_count"": 9, ""scene_minutes"": 144.0, ""transport_count"": 9, ""transport_minutes"": 232.89999999999998}}","{""arrive_hospital"": 82, ""arrive_scene"": 39, ""hospital_release"": 57, ""patient_arrival"": 44, ""reposition_complete"": 36, ""restock_complete"": 37, ""scene_complete"": 39, ""transfer_ready"": 67}",28.509537,15.490463,0.35205597564658564,46.10982687265993,13.179487179487179,31.82236842105263,89.25223999104276,39,0.8863636363636364,44,44,5
Station South,41,2041,"{""cardiac"": {""expected_lost"": 5.207575530961068, ""expected_saved"": 0.7924244690389322, ""mean_response_minutes"": 19.842964412813576, ""mean_scene_minutes"": 12.0, ""mean_transport_minutes"": 42.81666666666663, ""p90_response_minutes"": 26.450000000000045, ""patients"": 6, ""response_count"": 6, ""response_minutes"": 119.05778647688146, ""scene_count"": 6, ""scene_minutes"": 72.0, ""transport_count"": 6, ""transport_minutes"": 256.89999999999975}, ""minor"": {""expected_lost"": 1.507267417678941, ""expected_saved"": 12.492732582321059, ""mean_response_minutes"": 40.031958463943, ""mean_scene_minutes"": 10.0, ""mean_transport_minutes"": 39.649999999999984, ""p90_response_minutes"": 49.360904831091986, ""patients"": 14, ""response_count"": 14, ""response_minutes"": 560.447418495202, ""scene_count"": 14, ""scene_minutes"": 140.0, ""transport_count"": 14, ""transport_minutes"": 555.0999999999998}, ""stroke"": {""expected_lost"": 10.36992534737977, ""expected_saved"": 4.630074652620229, ""mean_response_minutes"": 74.32076930817188, ""mean_scene_minutes"": 14.0, ""mean_transport_minutes"": 27.83846153846154, ""p90_response_minutes"": 142.29906054953668, ""patients"": 15, ""response_count"": 14, ""response_minutes"": 1040.4907703144063, ""scene_count"": 14, ""scene_minutes"": 196.0, ""transport_count"": 13, ""transport_minutes"": 361.90000000000003}, ""trauma"": {""expected_lost"": 4.432276169037624, ""expected_saved"": 0.5677238309623764, ""mean_response_minutes"": 128.6776253404899, ""mean_scene_minutes"": 12.8, ""mean_transport_minutes"": 15.0, ""p90_response_minutes"": 221.15959743785032, ""patients"": 5, ""response_count"": 5, ""response_minutes"": 643.3881267024495, ""scene_count"": 5, ""scene_minutes"": 64.0, ""transport_count"": 3, ""transport_minutes"": 45.0}}","{""arrive_hospital"": 89, ""arrive_scene"": 39, ""hospital_release"": 69, ""patient_arrival"": 40, ""reposition_complete"": 36, ""restock_complete"": 36, ""scene_complete"": 38, ""transfer_ready"": 69}",21.517044,18.482956,0.46207388837356483,60.59959235869076,12.102564102564102,33.85833333333332,166.95413803790555,39,0.975,40,40,1
Station South,42,2042,"{""cardiac"": {""expected_lost"": 8.328533831449807, ""expected_saved"": 0.671466168550193, ""mean_response_minutes"": 95.43889461207195, ""mean_scene_minutes"": 12.0, ""mean_transport_minutes"": 38.82499999999999, ""p90_response_minutes"": 250.0106365197613, ""patients"": 9, ""response_count"": 8, ""response_minutes"": 763.5111568965756, ""scene_count"": 8, ""scene_minutes"": 96.0, ""transport_count"": 8, ""transport_minutes"": 310.5999999999999}, ""minor"": {""expected_lost"": 2.954305727812322, ""expected_saved"": 15.045694272187678, ""mean_response_minutes"": 45.34204423748643, ""mean_scene_minutes"": 10.0, ""mean_transport_minutes"": 39.61944444444445, ""p90_response_minutes"": 75.18223408253509, ""patients"": 18, ""response_count"": 18, ""response_minutes"": 816.1567962747557, ""scene_count"": 18, ""scene_minutes"": 180.0, ""transport_count"": 18, ""transport_minutes"": 713.1500000000001}, ""stroke"": {""expected_lost"": 7.82857444481001, ""expected_saved"": 3.1714255551899897, ""mean_response_minutes"": 57.11106509644072, ""mean_scene_minutes"": 13.999999999999998, ""mean_transport_minutes"": 27.545454545454547, ""p90_response_minutes"": 138.2532883236541, ""patients"": 11, ""response_count"": 11, ""response_minutes"": 628.2217160608479, ""scene_count"": 11, ""scene_minutes"": 153.99999999999997, ""transport_count"": 11, ""transport_minutes"": 303.0}, ""trauma"": {""expected_lost"": 6.6136371892285855, ""expected_saved"": 0.38636281077141504, ""mean_response_minutes"": 103.77133502251183, ""mean_scene_minutes"": 16.0, ""mean_transport_minutes"": 22.591666666666658, ""p90_response_minutes"": 205.87198943639135, ""patients"": 7, ""response_count"": 6, ""response_minutes"": 622.628010135071, ""scene_count"": 6, ""scene_minutes"": 96.0, ""transport_count"": 6, ""transport_minutes"": 135.54999999999995}}","{""arrive_hospital"": 105, ""arrive_scene"": 43, ""hospital_release"": 70, ""patient_arrival"": 45, ""reposition_complete"": 42, ""restock_complete"": 42, ""scene_complete"": 43, ""transfer_ready"": 79}",25.725051,19.274949,0.4283321957044285,65.82599254342443,12.232558139534884,34.00697674418605,150.42834199855375,43,0.9555555555555556,45,45,2
Station South,43,2043,"{""cardiac"": {""expected_lost"": 6.034307049818942, ""expected_saved"": 0.9656929501810575, ""mean_response_minutes"": 50.43215838995851, ""mean_scene_minutes"": 12.0, ""mean_transport_minutes"": 40.31428571428569, ""p90_response_minutes"": 116.22947687369155, ""patients"": 7, ""response_count"": 7, ""response_minutes"": 353.0251087297096, ""scene_count"": 7, ""scene_minutes"": 84.0, ""transport_count"": 7, ""transport_minutes"": 282.1999999999998}, ""minor"": {""expected_lost"": 1.3226496267340737, ""expected_saved"": 5.677350373265926, ""mean_response_minutes"": 24.55266569171003, ""mean_scene_minutes"": 10.0, ""mean_transport_minutes"": 41.81666666666666, ""p90_response_minutes"": 33.01283959407226, ""patients"": 7, ""response_count"": 6, ""response_minutes"": 147.31599415026017, ""scene_count"": 6, ""scene_minutes"": 60.0, ""transport_count"": 6, ""transport_minutes"": 250.89999999999998}, ""stroke"": {""expected_lost"": 6.480686744201396, ""expected_saved"": 4.519313255798604, ""mean_response_minutes"": 29.490490665340985, ""mean_scene_minutes"": 12.727272727272727, ""mean_transport_minutes"": 29.53, ""p90_response_minutes"": 72.88618436842836, ""patients"": 11, ""response_count"": 11, ""response_minutes"": 324.39539731875084, ""scene_count"": 11, ""scene_minutes"": 140.0, ""transport_count"": 10, ""transport_minutes"": 295.3}, ""trauma"": {""expected_lost"": 8.321292478045418, ""expected_saved"": 1.6787075219545842, ""mean_response_minutes"": 39.00158784177435, ""mean_scene_minutes"": 16.0, ""mean_transport_minutes"": 21.59375, ""p90_response_minutes"": 67.26204658597821, ""patients"": 10, ""response_count"": 9, ""response_minutes"": 351.0142905759692, ""scene_count"": 9, ""scene_minutes"": 144.0, ""transport_count"": 8, ""transport_minutes"": 172.75}}","{""arrive_hospital"": 67, ""arrive_scene"": 33, ""hospital_release"": 54, ""patient_arrival"": 35, ""reposition_complete"": 30, ""restock_complete"": 30, ""scene_complete"": 32, ""transfer_ready"": 54}",22.158936,12.841064,0.3668875457485763,35.62881184165726,12.969696969696969,32.295161290322575,68.00454047981225,33,0.9428571428571428,35,35,2
Station South,44,2044,"{""cardiac"": {""expected_lost"": 14.070678676621087, ""expected_saved"": 0.9293213233789136, ""mean_response_minutes"": 60.05964479649045, ""mean_scene_minutes"": 12.0, ""mean_transport_minutes"": 38.7, ""p90_response_minutes"": 83.42510993448832, ""patients"": 15, ""response_count"": 10, ""response_minutes"": 600.5964479649045, ""scene_count"": 10, ""scene_minutes"": 120.0, ""transport_count"": 10, ""transport_minutes"": 387.0}, ""minor"": {""expected_lost"": 2.0494298699287703, ""expected_saved"": 9.950570130071231, ""mean_response_minutes"": 35.201074704327226, ""mean_scene_minutes"": 10.0, ""mean_transport_minutes"": 40.2590909090909, ""p90_response_minutes"": 45.644827655541235, ""patients"": 12, ""response_count"": 11, ""response_minutes"": 387.21182174759946, ""scene_count"": 11, ""scene_minutes"": 110.0, ""transport_count"": 11, ""transport_minutes"": 442.8499999999999}, ""stroke"": {""expected_lost"": 10.913129242949136, ""expected_saved"": 5.086870757050864, ""mean_response_minutes"": 44.95251987047001, ""mean_scene_minutes"": 14.0, ""mean_transport_minutes"": 29.81333333333333, ""p90_response_minutes"": 62.88509880644628, ""patients"": 16, ""response_count"": 15, ""response_minutes"": 674.2877980570502, ""scene_count"": 15, ""scene_minutes"": 210.0, ""transport_count"": 15, ""transport_minutes"": 447.19999999999993}, ""trauma"": {""expected_lost"": 9.234838774778462, ""expected_saved"": 0.7651612252215378, ""mean_response_minutes"": 64.57447745034548, ""mean_scene_minutes"": 13.714285714285714, ""mean_transport_minutes"": 21.833333333333332, ""p90_response_minutes"": 143.14926887085738, ""patients"": 10, ""response_count"": 7, ""response_minutes"": 452.02134215241836, ""scene_count"": 7, ""scene_minutes"": 96.0, ""transport_count"": 6, ""transport_minutes"": 131.0}}","{""arrive_hospital"": 98, ""arrive_scene"": 43, ""hospital_release"": 69, ""patient_arrival"": 53, ""reposition_complete"": 40, ""restock_complete"": 41, ""scene_complete"": 42, ""transfer_ready"": 78}",36.268077,16.731923,0.3156966685985386,49.165521160976105,12.465116279069768,33.52499999999999,66.5267002076082,43,0.8113207547169812,53,53,10
Station South,45,2045,"{""cardiac"": {""expected_lost"": 10.012571567729314, ""expected_saved"": 0.9874284322706862, ""mean_response_minutes"": 42.24339350106446, ""mean_scene_minutes"": 12.0, ""mean_transport_minutes"": 42.54499999999998, ""p90_response_minutes"": 91.41992470600584, ""patients"": 11, ""response_count"": 10, ""response_minutes"": 422.4339350106446, ""scene_count"": 10, ""scene_minutes"": 120.0, ""transport_count"": 10, ""transport_minutes"": 425.4499999999998}, ""minor"": {""expected_lost"": 1.362011279047348, ""expected_saved"": 9.637988720952652, ""mean_response_minutes"": 37.34455786005621, ""mean_scene_minutes"": 10.0, ""mean_transport_minutes"": 36.56818181818182, ""p90_response_minutes"": 67.09420771191412, ""patients"": 11, ""response_count"": 11, ""response_minutes"": 410.7901364606183, ""scene_count"": 11, ""scene_minutes"": 110.0, ""transport_count"": 11, ""transport_minutes"": 402.25}, ""stroke"": {""expected_lost"": 5.83186275825013, ""expected_saved"": 3.1681372417498697, ""mean_response_minutes"": 51.38204531259077, ""mean_scene_minutes"": 14.0, ""mean_transport_minutes"": 27.293750000000003, ""p90_response_minutes"": 134.06301178391698, ""patients"": 9, ""response_count"": 8, ""response_minutes"": 411.05636250072615, ""scene_count"": 8, ""scene_minutes"": 112.0, ""transport_count"": 8, ""transport_minutes"": 218.35000000000002}, ""trauma"": {""expected_lost"": 6.348187219332351, ""expected_saved"": 0.6518127806676489, ""mean_response_minutes"": 89.61314462091693, ""mean_scene_minutes"": 16.000000000000018, ""mean_transport_minutes"": 27.985714285714298, ""p90_response_minutes"": 202.53325850019291, ""patients"": 7, ""response_count"": 7, ""response_minutes"": 627.2920123464185, ""scene_count"": 7, ""scene_minutes"": 112.00000000000011, ""transport_count"": 7, ""transport_minutes"": 195.9000000000001}}","{""arrive_hospital"": 84, ""arrive_scene"": 36, ""hospital_release"": 59, ""patient_arrival"": 38, ""reposition_complete"": 33, ""restock_complete"": 34, ""scene_complete"": 36, ""transfer_ready"": 62}",23.554633,14.445367,0.3801412414642331,51.98812350884465,12.611111111111114,34.4986111111111,119.53850149290105,36,0.9473684210526315,38,38,2
Station South,46,2046,"{""cardiac"": {""expected_lost"": 14.373079235772689, ""expected_saved"": 0.6269207642273107, ""mean_response_minutes"": 83.14267134087332, ""mean_scene_minutes"": 10.285714285714286, ""mean_transport_minutes"": 39.05833333333334, ""p90_response_minutes"": 214.44606211971674, ""patients"": 15, ""response_count"": 7, ""response_minutes"": 581.9986993861132, ""scene_count"": 7, ""scene_minutes"": 72.0, ""transport_count"": 6, ""transport_minutes"": 234.35000000000002}, ""minor"": {""expected_lost"": 2.6576708835680045, ""expected_saved"": 9.342329116431996, ""mean_response_minutes"": 71.32381235908129, ""mean_scene_minutes"": 10.0, ""mean_transport_minutes"": 38.9375, ""p90_response_minutes"": 107.36862699847997, ""patients"": 12, ""response_count"": 12, ""response_minutes"": 855.8857483089755, ""scene_count"": 12, ""scene_minutes"": 120.0, ""transport_count"": 12, ""transport_minutes"": 467.25}, ""stroke"": {""expected_lost"": 8.01310389168293, ""expected_saved"": 3.9868961083170715, ""mean_response_minutes"": 43.41707297231388, ""mean_scene_minutes"": 14.0, ""mean_transport_minutes"": 29.26666666666665, ""p90_response_minutes"": 69.07671863674257, ""patients"": 12, ""response_count"": 12, ""response_minutes"": 521.0048756677666, ""scene_count"": 12, ""scene_minutes"": 168.0, ""transport_count"": 12, ""transport_minutes"": 351.1999999999998}, ""trauma"": {""expected_lost"": 13.030797461464783, ""expected_saved"": 0.9692025385352158, ""mean_response_minutes"": 93.53548211734818, ""mean_scene_minutes"": 14.666666666666666, ""mean_transport_minutes"": 29.9090909090909, ""p90_response_minutes"": 229.95111686917346, ""patients"": 14, ""response_count"": 12, ""response_minutes"": 1122.4257854081782, ""scene_count"": 12, ""scene_minutes"": 176.0, ""transport_count"": 11, ""transport_minutes"": 328.9999999999999}}","{""arrive_hospital"": 89, ""arrive_scene"": 43, ""hospital_release"": 63, ""patient_arrival"": 53, ""reposition_complete"": 41, ""restock_complete"": 41, ""scene_complete"": 41, ""transfer_ready"": 71}",38.074651,14.925349,0.28161034957569037,71.65849090165193,12.465116279069768,33.70243902439024,194.38993585146662,43,0.8113207547169812,53,53,10
Station South,47,2047,"{""cardiac"": {""expected_lost"": 10.880771942026785, ""expected_saved"": 1.1192280579732146, ""mean_response_minutes"": 40.7297453614761, ""mean_scene_minutes"": 12.00000000000001, ""mean_transport_minutes"": 38.19090909090908, ""p90_response_minutes"": 88.01919540711583, ""patients"": 12, ""response_count"": 11, ""response_minutes"": 448.0271989762371, ""scene_count"": 11, ""scene_minutes"": 132.0000000000001, ""transport_count"": 11, ""transport_minutes"": 420.0999999999999}, ""minor"": {""expected_lost"": 1.1770196601253529, ""expected_saved"": 12.822980339874649, ""mean_response_minutes"": 30.977608961309702, ""mean_scene_minutes"": 10.0, ""mean_transport_minutes"": 39.50714285714287, ""p90_response_minutes"": 51.010116739679994, ""patients"": 14, ""response_count"": 14, ""response_minutes"": 433.68652545833584, ""scene_count"": 14, ""scene_minutes"": 140.0, ""transport_count"": 14, ""transport_minutes"": 553.1000000000001}, ""stroke"": {""expected_lost"": 2.494843927365855, ""expected_saved"": 2.505156072634145, ""mean_response_minutes"": 28.51843319256401, ""mean_scene_minutes"": 14.0, ""mean_transport_minutes"": 26.94999999999999, ""p90_response_minutes"": 54.64450208159404, ""patients"": 5, ""response_count"": 5, ""response_minutes"": 142.59216596282005, ""scene_count"": 5, ""scene_minutes"": 70.0, ""transport_count"": 5, ""transport_minutes"": 134.74999999999994}, ""trauma"": {""expected_lost"": 10.670391061348829, ""expected_saved"": 1.3296089386511707, ""mean_response_minutes"": 36.86609249988076, ""mean_scene_minutes"": 16.0, ""mean_transport_minutes"": 30.589999999999996, ""p90_response_minutes"": 58.637888300226315, ""patients"": 12, ""response_count"": 10, ""response_minutes"": 368.66092499880756, ""scene_count"": 10, ""scene_minutes"": 160.0, ""transport_count"": 10, ""transport_minutes"": 305.9}}","{""arrive_hospital"": 93, ""arrive_scene"": 40, ""hospital_release"": 68, ""patient_arrival"": 43, ""reposition_complete"": 38, ""restock_complete"": 38, ""scene_complete"": 40, ""transfer_ready"": 69}",25.223027,17.776973,0.4134179862589112,34.82417038490502,12.550000000000002,35.34625,65.0268917904352,40,0.9302325581395349,43,43,3
Station South,48,2048,"{""cardiac"": {""expected_lost"": 11.476009869803853, ""expected_saved"": 0.5239901301036312, ""mean_response_minutes"": 98.92107997493196, ""mean_scene_minutes"": 12.0, ""mean_transport_minutes"": 40.59999999999997, ""p90_response_minutes"": 156.29024864338788, ""patients"": 12, ""response_count"": 11, ""response_minutes"": 1088.1318797242516, ""scene_count"": 11, ""scene_minutes"": 132.0, ""transport_count"": 11, ""transport_minutes"": 446.5999999999997}, ""minor"": {""expected_lost"": 2.1863650209853005, ""expected_saved"": 7.8136349790147, ""mean_response_minutes"": 40.99868672212673, ""mean_scene_minutes"": 10.0, ""mean_transport_minutes"": 42.26666666666666, ""p90_response_minutes"": 68.13759374850174, ""patients"": 10, ""response_count"": 9, ""response_minutes"": 368.9881804991405, ""scene_count"": 9, ""scene_minutes"": 90.0, ""transport_count"": 9, ""transport_minutes"": 380.3999999999999}, ""stroke"": {""expected_lost"": 8.380604502157674, ""expected_saved"": 3.6193954978423273, ""mean_response_minutes"": 55.05995893413713, ""mean_scene_minutes"": 12.6, ""mean_transport_minutes"": 29.04444444444443, ""p90_response_minutes"": 71.18707000340845, ""patients"": 12, ""response_count"": 10, ""response_minutes"": 550.5995893413713, ""scene_count"": 10, ""scene_minutes"": 126.0, ""transport_count"": 9, ""transport_minutes"": 261.39999999999986}, ""trauma"": {""expected_lost"": 13.322758722911855, ""expected_saved"": 2.6772412770881435, ""mean_response_minutes"": 51.65461210507882, ""mean_scene_minutes"": 16.0, ""mean_transport_minutes"": 23.3125, ""p90_response_minutes"": 104.77978476068677, ""patients"": 16, ""response_count"": 16, ""response_minutes"": 826.4737936812611, ""scene_count"": 16, ""scene_minutes"": 256.0, ""transport_count"": 16, ""transport_minutes"": 373.0}}","{""arrive_hospital"": 93, ""arrive_scene"": 46, ""hospital_release"": 63, ""patient_arrival"": 50, ""reposition_complete"": 44, ""restock_complete"": 44, ""scene_complete"": 45, ""transfer_ready"": 73}",35.365738,14.634262,0.29268523768097615,61.612900940130956,13.130434782608695,32.475555555555545,139.96948408905314,46,0.92,50,50,4
Station South,49,2049,"{""cardiac"": {""expected_lost"": 6.2398818260213185, ""expected_saved"": 0.7601181739786816, ""mean_response_minutes"": 19.977981448510786, ""mean_scene_minutes"": 12.0, ""mean_transport_minutes"": 42.500000000000014, ""p90_response_minutes"": 28.39353660304091, ""patients"": 7, ""response_count"": 5, ""response_minutes"": 99.88990724255393, ""scene_count"": 5, ""scene_minutes"": 60.0, ""transport_count"": 5, ""transport_minutes"": 212.50000000000006}, ""minor"": {""expected_lost"": 1.9795702365269723, ""expected_saved"": 13.020429763473029, ""mean_response_minutes"": 40.620149234664105, ""mean_scene_minutes"": 10.0, ""mean_transport_minutes"": 39.84666666666666, ""p90_response_minutes"": 72.36377606195892, ""patients"": 15, ""response_count"": 15, ""response_minutes"": 609.3022385199615, ""scene_count"": 15, ""scene_minutes"": 150.0, ""transport_count"": 15, ""transport_minutes"": 597.6999999999998}, ""stroke"": {""expected_lost"": 8.158577641170085, ""expected_saved"": 1.8414223588299148, ""mean_response_minutes"": 90.43287208979174, ""mean_scene_minutes"": 14.0, ""mean_transport_minutes"": 28.15555555555555, ""p90_response_minutes"": 170.58749985714388, ""patients"": 10, ""response_count"": 10, ""response_minutes"": 904.3287208979174, ""scene_count"": 10, ""scene_minutes"": 140.0, ""transport_count"": 9, ""transport_minutes"": 253.39999999999998}, ""trauma"": {""expected_lost"": 9.878399115945685, ""expected_saved"": 1.1216008840543144, ""mean_response_minutes"": 145.79157383194823, ""mean_scene_minutes"": 16.0, ""mean_transport_minutes"": 27.5, ""p90_response_minutes"": 384.1633688991998, ""patients"": 11, ""response_count"": 11, ""response_minutes"": 1603.7073121514306, ""scene_count"": 11, ""scene_minutes"": 176.0, ""transport_count"": 10, ""transport_minutes"": 275.0}}","{""arrive_hospital"": 88, ""arrive_scene"": 41, ""hospital_release"": 60, ""patient_arrival"": 43, ""reposition_complete"": 39, ""restock_complete"": 39, ""scene_complete"": 41, ""transfer_ready"": 68}",26.256429,16.743571,0.389385376286882,78.46897997102104,12.829268292682928,34.32307692307692,240.17662705574799,41,0.9534883720930233,43,43,2
Station South,50,2050,"{""cardiac"": {""expected_lost"": 14.044953717339341, ""expected_saved"": 0.955046282660658, ""mean_response_minutes"": 41.60133054982169, ""mean_scene_minutes"": 12.0, ""mean_transport_minutes"": 40.54090909090908, ""p90_response_minutes"": 61.07167204062375, ""patients"": 15, ""response_count"": 11, ""response_minutes"": 457.6146360480386, ""scene_count"": 11, ""scene_minutes"": 132.0, ""transport_count"": 11, ""transport_minutes"": 445.9499999999999}, ""minor"": {""expected_lost"": 0.5904724567919996, ""expected_saved"": 8.409527543208, ""mean_response_minutes"": 26.399228594231747, ""mean_scene_minutes"": 10.0, ""mean_transport_minutes"": 38.0, ""p90_response_minutes"": 51.31770228165651, ""patients"": 9, ""response_count"": 9, ""response_minutes"": 237.59305734808572, ""scene_count"": 9, ""scene_minutes"": 90.0, ""transport_count"": 9, ""transport_minutes"": 342.0}, ""stroke"": {""expected_lost"": 7.958136842466629, ""expected_saved"": 4.0418631575333706, ""mean_response_minutes"": 31.613825773144434, ""mean_scene_minutes"": 12.727272727272727, ""mean_transport_minutes"": 24.6, ""p90_response_minutes"": 67.89996197213236, ""patients"": 12, ""response_count"": 11, ""response_minutes"": 347.75208350458877, ""scene_count"": 11, ""scene_minutes"": 140.0, ""transport_count"": 10, ""transport_minutes"": 246.0}, ""trauma"": {""expected_lost"": 3.2487410713817906, ""expected_saved"": 0.7512589286182093, ""mean_response_minutes"": 31.615546389938373, ""mean_scene_minutes"": 16.0, ""mean_transport_minutes"": 19.0, ""p90_response_minutes"": 51.54232425843884, ""patients"": 4, ""response_count"": 4, ""response_minutes"": 126.4621855597535, ""scene_count"": 4, ""scene_minutes"": 64.0, ""transport_count"": 4, ""transport_minutes"": 76.0}}","{""arrive_hospital"": 82, ""arrive_scene"": 35, ""hospital_release"": 59, ""patient_arrival"": 40, ""reposition_complete"": 32, ""restock_complete"": 32, ""scene_complete"": 34, ""transfer_ready"": 62}",25.842304,14.157696,0.35394239780050596,33.412056070299045,12.17142857142857,32.64558823529411,60.92811776728554,35,0.875,40,40,5
Station South,51,2051,"{""cardiac"": {""expected_lost"": 4.649755189080966, ""expected_saved"": 0.3502448109190338, ""mean_response_minutes"": 13.75, ""mean_scene_minutes"": 12.0, ""mean_transport_minutes"": 44.30000000000001, ""p90_response_minutes"": 16.75, ""patients"": 5, ""response_count"": 2, ""response_minutes"": 27.5, ""scene_count"": 2, ""scene_minutes"": 24.0, ""transport_count"": 2, ""transport_minutes"": 88.60000000000002}, ""minor"": {""expected_lost"": 0.6817561850940351, ""expected_saved"": 11.318243814905962, ""mean_response_minutes"": 23.028439824513338, ""mean_scene_minutes"": 10.0, ""mean_transport_minutes"": 42.958333333333314, ""p90_response_minutes"": 35.49272154395095, ""patients"": 12, ""response_count"": 12, ""response_minutes"": 276.34127789416004, ""scene_count"": 12, ""scene_minutes"": 120.0, ""transport_count"": 12, ""transport_minutes"": 515.4999999999998}, ""stroke"": {""expected_lost"": 5.026167216709798, ""expected_saved"": 1.9738327832902023, ""mean_response_minutes"": 33.38809430579732, ""mean_scene_minutes"": 14.0, ""mean_transport_minutes"": 27.0, ""p90_response_minutes"": 45.30652322862797, ""patients"": 7, ""response_count"": 5, ""response_minutes"": 166.9404715289866, ""scene_count"": 5, ""scene_minutes"": 70.0, ""transport_count"": 5, ""transport_minutes"": 135.0}, ""trauma"": {""expected_lost"": 13.835456914313493, ""expected_saved"": 2.1645430856865056, ""mean_response_minutes"": 43.22418612783712, ""mean_scene_minutes"": 15.0, ""mean_transport_minutes"": 28.328571428571422, ""p90_response_minutes"": 98.90501307884142, ""patients"": 16, ""response_count"": 16, ""response_minutes"": 691.586978045394, ""scene_count"": 16, ""scene_minutes"": 240.0, ""transport_count"": 14, ""transport_minutes"": 396.5999999999999}}","{""arrive_hospital"": 66, ""arrive_scene"": 35, ""hospital_release"": 47, ""patient_arrival"": 40, ""reposition_complete"": 32, ""restock_complete"": 33, ""scene_complete"": 34, ""transfer_ready"": 52}",24.193136,15.806864,0.3951716123700425,33.21053507052974,12.971428571428572,34.41515151515151,70.07405922463828,35,0.875,40,40,5
Station South,52,2052,"{""cardiac"": {""expected_lost"": 8.728471502368025, ""expected_saved"": 0.2715284960090841, ""mean_response_minutes"": 194.43802605049373, ""mean_scene_minutes"": 12.0, ""mean_transport_minutes"": 37.708333333333336, ""p90_response_minutes"": 320.7268535943466, ""patients"": 9, ""response_count"": 6, ""response_minutes"": 1166.6281563029625, ""scene_count"": 6, ""scene_minutes"": 72.0, ""transport_count"": 6, ""transport_minutes"": 226.25}, ""minor"": {""expected_lost"": 0.8380463099093399, ""expected_saved"": 6.161953690090661, ""mean_response_minutes"": 38.21401361010695, ""mean_scene_minutes"": 10.0, ""mean_transport_minutes"": 37.714285714285715, ""p90_response_minutes"": 67.08344050672247, ""patients"": 7, ""response_count"": 7, ""response_minutes"": 267.49809527074865, ""scene_count"": 7, ""scene_minutes"": 70.0, ""transport_count"": 7, ""transport_minutes"": 264.0}, ""stroke"": {""expected_lost"": 11.659908833150897, ""expected_saved"": 4.340091166849102, ""mean_response_minutes"": 72.11493065420515, ""mean_scene_minutes"": 13.066666666666666, ""mean_transport_minutes"": 27.089285714285698, ""p90_response_minutes"": 101.7009602236057, ""patients"": 16, ""response_count"": 15, ""response_minutes"": 1081.7239598130773, ""scene_count"": 15, ""scene_minutes"": 196.0, ""transport_count"": 14, ""transport_minutes"": 379.2499999999998}, ""trauma"": {""expected_lost"": 12.892990468854599, ""expected_saved"": 2.1070095311454, ""mean_response_minutes"": 79.06927710162539, ""mean_scene_minutes"": 16.0, ""mean_transport_minutes"": 28.930000000000003, ""p90_response_minutes"": 180.20752713930295, ""patients"": 15, ""response_count"": 15, ""response_minutes"": 1186.0391565243808, ""scene_count"": 15, ""scene_minutes"": 240.0, ""transport_count"": 15, ""transport_minutes"": 433.95000000000005}}","{""arrive_hospital"": 81, ""arrive_scene"": 43, ""hospital_release"": 61, ""patient_arrival"": 47, ""reposition_complete"": 42, ""restock_complete"": 42, ""scene_complete"": 42, ""transfer_ready"": 68}",34.119417,12.880583,0.27405495498072857,86.09045041653883,13.44186046511628,31.034523809523805,228.44335038357517,43,0.9148936170212766,47,47,4
Station South,53,2053,"{""cardiac"": {""expected_lost"": 9.359599397447703, ""expected_saved"": 0.6404006025522984, ""mean_response_minutes"": 52.4227684851639, ""mean_scene_minutes"": 12.0, ""mean_transport_minutes"": 39.625, ""p90_response_minutes"": 90.70608559453046, ""patients"": 10, ""response_count"": 8, ""response_minutes"": 419.3821478813112, ""scene_count"": 8, ""scene_minutes"": 96.0, ""transport_count"": 8, ""transport_minutes"": 317.0}, ""minor"": {""expected_lost"": 4.063190600324376, ""expected_saved"": 13.936809399675624, ""mean_response_minutes"": 52.08182026571817, ""mean_scene_minutes"": 10.0, ""mean_transport_minutes"": 41.00882352941174, ""p90_response_minutes"": 82.80878203844148, ""patients"": 18, ""response_count"": 17, ""response_minutes"": 885.3909445172089, ""scene_count"": 17, ""scene_minutes"": 170.0, ""transport_count"": 17, ""transport_minutes"": 697.1499999999996}, ""stroke"": {""expected_lost"": 10.55652428051393, ""expected_saved"": 3.44347571948607, ""mean_response_minutes"": 80.64311614644141, ""mean_scene_minutes"": 14.0, ""mean_transport_minutes"": 26.415, ""p90_response_minutes"": 236.42709936266934, ""patients"": 14, ""response_count"": 10, ""response_minutes"": 806.4311614644141, ""scene_count"": 10, ""scene_minutes"": 140.0, ""transport_count"": 10, ""transport_minutes"": 264.15}, ""trauma"": {""expected_lost"": 7.199658687357102, ""expected_saved"": 0.8003413126428984, ""mean_response_minutes"": 55.72862785254123, ""mean_scene_minutes"": 16.000000000000004, ""mean_transport_minutes"": 29.0, ""p90_response_minutes"": 102.85886460599403, ""patients"": 8, ""response_count"": 7, ""response_minutes"": 390.1003949677886, ""scene_count"": 7, ""scene_minutes"": 112.00000000000001, ""transport_count"": 6, ""transport_minutes"": 174.0}}","{""arrive_hospital"": 99, ""arrive_scene"": 42, ""hospital_release"": 67, ""patient_arrival"": 50, ""reposition_complete"": 39, ""restock_complete"": 39, ""scene_complete"": 42, ""transfer_ready"": 73}",31.178973,18.821027,0.3764205406871378,59.55487259120768,12.333333333333334,35.42195121951218,147.89425832567863,42,0.84,50,50,8
Station South,54,2054,"{""cardiac"": {""expected_lost"": 8.289118482925657, ""expected_saved"": 0.7108815166511084, ""mean_response_minutes"": 78.11868429887402, ""mean_scene_minutes"": 12.0, ""mean_transport_minutes"": 39.218749999999986, ""p90_response_minutes"": 179.95733535272024, ""patients"": 9, ""response_count"": 8, ""response_minutes"": 624.9494743909921, ""scene_count"": 8, ""scene_minutes"": 96.0, ""transport_count"": 8, ""transport_minutes"": 313.7499999999999}, ""minor"": {""expected_lost"": 0.8126486551196821, ""expected_saved"": 4.187351344880318, ""mean_response_minutes"": 47.92849026321729, ""mean_scene_minutes"": 10.0, ""mean_transport_minutes"": 41.820000000000014, ""p90_response_minutes"": 74.6161211591199, ""patients"": 5, ""response_count"": 5, ""response_minutes"": 239.64245131608646, ""scene_count"": 5, ""scene_minutes"": 50.0, ""transport_count"": 5, ""transport_minutes"": 209.10000000000008}, ""stroke"": {""expected_lost"": 12.257930549210085, ""expected_saved"": 6.742069450789915, ""mean_response_minutes"": 75.60225690799116, ""mean_scene_minutes"": 14.0, ""mean_transport_minutes"": 26.79473684210526, ""p90_response_minutes"": 150.25602579087283, ""patients"": 19, ""response_count"": 19, ""response_minutes"": 1436.4428812518322, ""scene_count"": 19, ""scene_minutes"": 266.0, ""transport_count"": 19, ""transport_minutes"": 509.0999999999999}, ""trauma"": {""expected_lost"": 12.26149378454682, ""expected_saved"": 1.7385062154531794, ""mean_response_minutes"": 33.63097445909405, ""mean_scene_minutes"": 16.0, ""mean_transport_minutes"": 26.879999999999995, ""p90_response_minutes"": 55.590506614410515, ""patients"": 14, ""response_count"": 10, ""response_minutes"": 336.3097445909405, ""scene_count"": 10, ""scene_minutes"": 160.0, ""transport_count"": 10, ""transport_minutes"": 268.79999999999995}}","{""arrive_hospital"": 85, ""arrive_scene"": 42, ""hospital_release"": 60, ""patient_arrival"": 47, ""reposition_complete"": 41, ""restock_complete"": 41, ""scene_complete"": 42, ""transfer_ready"": 73}",33.621191,13.378809,0.28465550059094713,62.793917894044064,13.619047619047619,30.970238095238095,94.02634707783776,42,0.8936170212765957,47,47,5
Station South,55,2055,"{""cardiac"": {""expected_lost"": 9.549443259355401, ""expected_saved"": 0.4505567399330399, ""mean_response_minutes"": 96.35910642506077, ""mean_scene_minutes"": 11.999999999999993, ""mean_transport_minutes"": 37.14999999999999, ""p90_response_minutes"": 188.43210945677254, ""patients"": 10, ""response_count"": 8, ""response_minutes"": 770.8728514004862, ""scene_count"": 8, ""scene_minutes"": 95.99999999999994, ""transport_count"": 8, ""transport_minutes"": 297.19999999999993}, ""minor"": {""expected_lost"": 4.247223307418933, ""expected_saved"": 11.752776692581069, ""mean_response_minutes"": 67.27735384725875, ""mean_scene_minutes"": 10.0, ""mean_transport_minutes"": 37.93333333333333, ""p90_response_minutes"": 110.55923412715978, ""patients"": 16, ""response_count"": 15, ""response_minutes"": 1009.1603077088813, ""scene_count"": 15, ""scene_minutes"": 150.0, ""transport_count"": 15, ""transport_minutes"": 569.0}, ""stroke"": {""expected_lost"": 9.51160233465973, ""expected_saved"": 3.4883976653402717, ""mean_response_minutes"": 79.52211724767949, ""mean_scene_minutes"": 14.0, ""mean_transport_minutes"": 28.536363636363646, ""p90_response_minutes"": 105.49009683840681, ""patients"": 13, ""response_count"": 12, ""response_minutes"": 954.2654069721539, ""scene_count"": 12, ""scene_minutes"": 168.0, ""transport_count"": 11, ""transport_minutes"": 313.9000000000001}, ""trauma"": {""expected_lost"": 9.531197887840994, ""expected_saved"": 1.4688021121590054, ""mean_response_minutes"": 32.79333484968342, ""mean_scene_minutes"": 16.0, ""mean_transport_minutes"": 31.305555555555557, ""p90_response_minutes"": 47.365926124440264, ""patients"": 11, ""response_count"": 9, ""response_minutes"": 295.1400136471508, ""scene_count"": 9, ""scene_minutes"": 144.0, ""transport_count"": 9, ""transport_minutes"": 281.75}}","{""arrive_hospital"": 96, ""arrive_scene"": 44, ""hospital_release"": 68, ""patient_arrival"": 50, ""reposition_complete"": 42, ""restock_complete"": 42, ""scene_complete"": 44, ""transfer_ready"": 74}",32.839467,17.160533,0.3432106642002677,68.85087681201527,12.681818181818182,33.99651162790698,105.47481769974878,44,0.88,50,50,6
Station South,56,2056,"{""cardiac"": {""expected_lost"": 5.567888515419119, ""expected_saved"": 0.4321114845808805, ""mean_response_minutes"": 86.00955016701039, ""mean_scene_minutes"": 12.0, ""mean_transport_minutes"": 40.633333333333326, ""p90_response_minutes"": 172.3398069376858, ""patients"": 6, ""response_count"": 6, ""response_minutes"": 516.0573010020623, ""scene_count"": 6, ""scene_minutes"": 72.0, ""transport_count"": 6, ""transport_minutes"": 243.79999999999995}, ""minor"": {""expected_lost"": 2.3299978226701734, ""expected_saved"": 8.670002177329826, ""mean_response_minutes"": 29.9561983126326, ""mean_scene_minutes"": 10.0, ""mean_transport_minutes"": 41.094444444444434, ""p90_response_minutes"": 51.27178103285566, ""patients"": 11, ""response_count"": 10, ""response_minutes"": 299.561983126326, ""scene_count"": 10, ""scene_minutes"": 100.0, ""transport_count"": 9, ""transport_minutes"": 369.8499999999999}, ""stroke"": {""expected_lost"": 8.038736756879459, ""expected_saved"": 3.9612632431205395, ""mean_response_minutes"": 39.150761118397206, ""mean_scene_minutes"": 14.0, ""mean_transport_minutes"": 26.004999999999974, ""p90_response_minutes"": 59.11916465523109, ""patients"": 12, ""response_count"": 11, ""response_minutes"": 430.6583723023693, ""scene_count"": 11, ""scene_minutes"": 154.0, ""transport_count"": 10, ""transport_minutes"": 260.0499999999997}, ""trauma"": {""expected_lost"": 10.617745268767887, ""expected_saved"": 2.382254731232112, ""mean_response_minutes"": 33.34667005997672, ""mean_scene_minutes"": 16.0, ""mean_transport_minutes"": 25.55384615384616, ""p90_response_minutes"": 56.155025901531864, ""patients"": 13, ""response_count"": 13, ""response_minutes"": 433.5067107796973, ""scene_count"": 13, ""scene_minutes"": 208.0, ""transport_count"": 13, ""transport_minutes"": 332.20000000000005}}","{""arrive_hospital"": 78, ""arrive_scene"": 40, ""hospital_release"": 58, ""patient_arrival"": 42, ""reposition_complete"": 38, ""restock_complete"": 38, ""scene_complete"": 40, ""transfer_ready"": 63}",26.554368,15.445632,0.3677531341967465,41.99460918026138,13.35,31.73421052631578,84.79679959813124,40,0.9523809523809523,42,42,2
Station South,57,2057,"{""cardiac"": {""expected_lost"": 7.206761804863181, ""expected_saved"": 0.7932381951368183, ""mean_response_minutes"": 51.599567626760965, ""mean_scene_minutes"": 12.0, ""mean_transport_minutes"": 41.49285714285712, ""p90_response_minutes"": 108.12942262291969, ""patients"": 8, ""response_count"": 7, ""response_minutes"": 361.19697338732675, ""scene_count"": 7, ""scene_minutes"": 84.0, ""transport_count"": 7, ""transport_minutes"": 290.4499999999998}, ""minor"": {""expected_lost"": 0.9979526711485812, ""expected_saved"": 8.002047328851418, ""mean_response_minutes"": 36.08821176486561, ""mean_scene_minutes"": 10.0, ""mean_transport_minutes"": 41.177777777777784, ""p90_response_minutes"": 54.15561547966522, ""patients"": 9, ""response_count"": 9, ""response_minutes"": 324.7939058837905, ""scene_count"": 9, ""scene_minutes"": 90.0, ""transport_count"": 9, ""transport_minutes"": 370.6000000000001}, ""stroke"": {""expected_lost"": 4.234675674712539, ""expected_saved"": 2.76532432528746, ""mean_response_minutes"": 31.42370758818703, ""mean_scene_minutes"": 14.0, ""mean_transport_minutes"": 27.5, ""p90_response_minutes"": 57.351255445702236, ""patients"": 7, ""response_count"": 6, ""response_minutes"": 188.54224552912217, ""scene_count"": 6, ""scene_minutes"": 84.0, ""transport_count"": 6, ""transport_minutes"": 165.0}, ""trauma"": {""expected_lost"": 13.04064197327254, ""expected_saved"": 0.959358026727459, ""mean_response_minutes"": 89.3639923901354, ""mean_scene_minutes"": 16.000000000000007, ""mean_transport_minutes"": 28.03846153846154, ""p90_response_minutes"": 172.5214599330283, ""patients"": 14, ""response_count"": 13, ""response_minutes"": 1161.7319010717601, ""scene_count"": 13, ""scene_minutes"": 208.0000000000001, ""transport_count"": 13, ""transport_minutes"": 364.5}}","{""arrive_hospital"": 73, ""arrive_scene"": 35, ""hospital_release"": 50, ""patient_arrival"": 38, ""reposition_complete"": 34, ""restock_complete"": 35, ""scene_complete"": 35, ""transfer_ready"": 57}",25.480032,12.519968,0.3294728388421883,58.17900073919998,13.314285714285717,34.01571428571428,134.17282257496882,35,0.9210526315789473,38,38,3
Station South,58,2058,"{""cardiac"": {""expected_lost"": 13.010638737839363, ""expected_saved"": 0.9893612621606361, ""mean_response_minutes"": 47.34429118883255, ""mean_scene_minutes"": 12.0, ""mean_transport_minutes"": 38.67916666666667, ""p90_response_minutes"": 98.27691490132878, ""patients"": 14, ""response_count"": 12, ""response_minutes"": 568.1314942659906, ""scene_count"": 12, ""scene_minutes"": 144.0, ""transport_count"": 12, ""transport_minutes"": 464.15}, ""minor"": {""expected_lost"": 3.1434222052408463, ""expected_saved"": 10.856577794759154, ""mean_response_minutes"": 65.85472288469177, ""mean_scene_minutes"": 10.0, ""mean_transport_minutes"": 38.64999999999999, ""p90_response_minutes"": 115.15038923078959, ""patients"": 14, ""response_count"": 14, ""response_minutes"": 921.9661203856848, ""scene_count"": 14, ""scene_minutes"": 140.0, ""transport_count"": 14, ""transport_minutes"": 541.0999999999999}, ""stroke"": {""expected_lost"": 9.106534431347905, ""expected_saved"": 3.893465568652096, ""mean_response_minutes"": 116.87982493284376, ""mean_scene_minutes"": 12.833333333333334, ""mean_transport_minutes"": 28.040909090909086, ""p90_response_minutes"": 290.7723042578078, ""patients"": 13, ""response_count"": 12, ""response_minutes"": 1402.5578991941252, ""scene_count"": 12, ""scene_minutes"": 154.0, ""transport_count"": 11, ""transport_minutes"": 308.44999999999993}, ""trauma"": {""expected_lost"": 5.436072935286452, ""expected_saved"": 0.5639270647135477, ""mean_response_minutes"": 229.3366336024012, ""mean_scene_minutes"": 16.0, ""mean_transport_minutes"": 20.083333333333332, ""p90_response_minutes"": 617.783824690863, ""patients"": 6, ""response_count"": 6, ""response_minutes"": 1376.0198016144072, ""scene_count"": 6, ""scene_minutes"": 96.0, ""transport_count"": 6, ""transport_minutes"": 120.5}}","{""arrive_hospital"": 105, ""arrive_mortuary"": 1, ""arrive_scene"": 44, ""hospital_release"": 73, ""patient_arrival"": 47, ""reposition_complete"": 42, ""restock_complete"": 42, ""scene_complete"": 43, ""transfer_ready"": 79}",30.696668,16.303332,0.3468793976656474,97.01534807864105,12.136363636363637,33.35348837209302,186.969531892774,44,0.9361702127659575,47,47,3
Station South,59,2059,"{""cardiac"": {""expected_lost"": 12.225707052343488, ""expected_saved"": 0.774292947656513, ""mean_response_minutes"": 44.73250288941136, ""mean_scene_minutes"": 12.0, ""mean_transport_minutes"": 40.07777777777778, ""p90_response_minutes"": 79.98825548991472, ""patients"": 13, ""response_count"": 9, ""response_minutes"": 402.5925260047022, ""scene_count"": 9, ""scene_minutes"": 108.0, ""transport_count"": 9, ""transport_minutes"": 360.70000000000005}, ""minor"": {""expected_lost"": 1.963342812450013, ""expected_saved"": 9.036657187549986, ""mean_response_minutes"": 62.274080030151595, ""mean_scene_minutes"": 10.0, ""mean_transport_minutes"": 39.88636363636363, ""p90_response_minutes"": 60.61020195499043, ""patients"": 11, ""response_count"": 11, ""response_minutes"": 685.0148803316675, ""scene_count"": 11, ""scene_minutes"": 110.0, ""transport_count"": 11, ""transport_minutes"": 438.75}, ""stroke"": {""expected_lost"": 10.965255252580285, ""expected_saved"": 4.034744747419716, ""mean_response_minutes"": 76.1607684810892, ""mean_scene_minutes"": 12.923076923076923, ""mean_transport_minutes"": 25.491666666666664, ""p90_response_minutes"": 235.69668005081743, ""patients"": 15, ""response_count"": 13, ""response_minutes"": 990.0899902541597, ""scene_count"": 13, ""scene_minutes"": 168.0, ""transport_count"": 12, ""transport_minutes"": 305.9}, ""trauma"": {""expected_lost"": 15.255007591833367, ""expected_saved"": 0.7449924081666334, ""mean_response_minutes"": 94.72996085374704, ""mean_scene_minutes"": 16.0, ""mean_transport_minutes"": 30.212499999999995, ""p90_response_minutes"": 173.71884689265585, ""patients"": 16, ""response_count"": 12, ""response_minutes"": 1136.7595302449645, ""scene_count"": 12, ""scene_minutes"": 192.0, ""transport_count"": 12, ""transport_minutes"": 362.54999999999995}}","{""arrive_hospital"": 96, ""arrive_scene"": 45, ""hospital_release"": 64, ""patient_arrival"": 55, ""reposition_complete"": 43, ""restock_complete"": 43, ""scene_complete"": 44, ""transfer_ready"": 76}",40.409313,14.590687,0.26528522346896094,71.43237615189987,12.844444444444445,33.361363636363635,160.03978401526632,45,0.8181818181818182,55,55,10
Station South,60,2060,"{""cardiac"": {""expected_lost"": 6.664744128993928, ""expected_saved"": 1.3352558710060702, ""mean_response_minutes"": 19.07911104062717, ""mean_scene_minutes"": 12.0, ""mean_transport_minutes"": 40.525000000000006, ""p90_response_minutes"": 28.636631405861838, ""patients"": 8, ""response_count"": 8, ""response_minutes"": 152.63288832501735, ""scene_count"": 8, ""scene_minutes"": 96.0, ""transport_count"": 8, ""transport_minutes"": 324.20000000000005}, ""minor"": {""expected_lost"": 2.359929430016634, ""expected_saved"": 6.640070569983366, ""mean_response_minutes"": 23.597093477042897, ""mean_scene_minutes"": 8.75, ""mean_transport_minutes"": 42.86428571428568, ""p90_response_minutes"": 33.909626995916256, ""patients"": 9, ""response_count"": 8, ""response_minutes"": 188.77674781634317, ""scene_count"": 8, ""scene_minutes"": 70.0, ""transport_count"": 7, ""transport_minutes"": 300.0499999999997}, ""stroke"": {""expected_lost"": 6.081037418172775, ""expected_saved"": 3.918962581827225, ""mean_response_minutes"": 26.2603483485274, ""mean_scene_minutes"": 13.999999999999986, ""mean_transport_minutes"": 27.02499999999999, ""p90_response_minutes"": 43.23952755817119, ""patients"": 10, ""response_count"": 8, ""response_minutes"": 210.0827867882192, ""scene_count"": 8, ""scene_minutes"": 111.99999999999989, ""transport_count"": 8, ""transport_minutes"": 216.19999999999993}, ""trauma"": {""expected_lost"": 8.474360675754914, ""expected_saved"": 1.525639324245086, ""mean_response_minutes"": 25.09652718748463, ""mean_scene_minutes"": 14.4, ""mean_transport_minutes"": 27.5, ""p90_response_minutes"": 44.52433662311448, ""patients"": 10, ""response_count"": 10, ""response_minutes"": 250.96527187484628, ""scene_count"": 10, ""scene_minutes"": 144.0, ""transport_count"": 8, ""transport_minutes"": 220.0}}","{""arrive_hospital"": 69, ""arrive_scene"": 34, ""hospital_release"": 56, ""patient_arrival"": 37, ""reposition_complete"": 31, ""restock_complete"": 31, ""scene_complete"": 32, ""transfer_ready"": 54}",23.580072,13.419928,0.3627007661368039,23.601696906012528,12.41176470588235,34.20806451612903,40.90308914004217,34,0.918918918918919,37,37,3
Station South,61,2061,"{""cardiac"": {""expected_lost"": 14.2817707604776, ""expected_saved"": 0.7182292395223986, ""mean_response_minutes"": 63.54242857955776, ""mean_scene_minutes"": 11.999999999999996, ""mean_transport_minutes"": 38.825, ""p90_response_minutes"": 131.3102480461474, ""patients"": 15, ""response_count"": 10, ""response_minutes"": 635.4242857955776, ""scene_count"": 10, ""scene_minutes"": 119.99999999999997, ""transport_count"": 10, ""transport_minutes"": 388.25}, ""minor"": {""expected_lost"": 2.580987192622556, ""expected_saved"": 8.419012807377444, ""mean_response_minutes"": 47.37342977816138, ""mean_scene_minutes"": 10.0, ""mean_transport_minutes"": 37.839999999999996, ""p90_response_minutes"": 66.46913840887036, ""patients"": 11, ""response_count"": 10, ""response_minutes"": 473.7342977816138, ""scene_count"": 10, ""scene_minutes"": 100.0, ""transport_count"": 10, ""transport_minutes"": 378.4}, ""stroke"": {""expected_lost"": 9.128942424982393, ""expected_saved"": 3.871057575017608, ""mean_response_minutes"": 64.33532627679185, ""mean_scene_minutes"": 14.0, ""mean_transport_minutes"": 26.037500000000005, ""p90_response_minutes"": 62.115788617530285, ""patients"": 13, ""response_count"": 12, ""response_minutes"": 772.0239153215022, ""scene_count"": 12, ""scene_minutes"": 168.0, ""transport_count"": 12, ""transport_minutes"": 312.45000000000005}, ""trauma"": {""expected_lost"": 16.673190012121836, ""expected_saved"": 1.3268099878781652, ""mean_response_minutes"": 68.20003330097427, ""mean_scene_minutes"": 16.0, ""mean_transport_minutes"": 26.388461538461534, ""p90_response_minutes"": 83.85286641598789, ""patients"": 18, ""response_count"": 14, ""response_minutes"": 954.8004662136398, ""scene_count"": 14, ""scene_minutes"": 224.0, ""transport_count"": 13, ""transport_minutes"": 343.04999999999995}}","{""arrive_hospital"": 96, ""arrive_scene"": 46, ""hospital_release"": 69, ""patient_arrival"": 57, ""reposition_complete"": 43, ""restock_complete"": 43, ""scene_complete"": 46, ""transfer_ready"": 76}",42.66489,14.33511,0.25149315104904585,61.65180358939854,13.304347826086957,31.60333333333333,100.80073829486082,46,0.8070175438596491,57,57,11
Station South,62,2062,"{""cardiac"": {""expected_lost"": 13.221234740107706, ""expected_saved"": 0.7787652598922954, ""mean_response_minutes"": 41.42911327937962, ""mean_scene_minutes"": 10.8, ""mean_transport_minutes"": 41.099999999999994, ""p90_response_minutes"": 75.37367388775152, ""patients"": 14, ""response_count"": 10, ""response_minutes"": 414.29113279379624, ""scene_count"": 10, ""scene_minutes"": 108.0, ""transport_count"": 8, ""transport_minutes"": 328.79999999999995}, ""minor"": {""expected_lost"": 1.0404185338308816, ""expected_saved"": 4.959581466169119, ""mean_response_minutes"": 51.44615253818066, ""mean_scene_minutes"": 10.0, ""mean_transport_minutes"": 39.93333333333334, ""p90_response_minutes"": 85.57153198573042, ""patients"": 6, ""response_count"": 6, ""response_minutes"": 308.676915229084, ""scene_count"": 6, ""scene_minutes"": 60.0, ""transport_count"": 6, ""transport_minutes"": 239.60000000000002}, ""stroke"": {""expected_lost"": 9.024676896019065, ""expected_saved"": 4.975323103980934, ""mean_response_minutes"": 33.479572650264984, ""mean_scene_minutes"": 14.0, ""mean_transport_minutes"": 24.609090909090913, ""p90_response_minutes"": 56.65324989668227, ""patients"": 14, ""response_count"": 11, ""response_minutes"": 368.27529915291484, ""scene_count"": 11, ""scene_minutes"": 154.0, ""transport_count"": 11, ""transport_minutes"": 270.70000000000005}, ""trauma"": {""expected_lost"": 13.194109517712107, ""expected_saved"": 1.8058904822878914, ""mean_response_minutes"": 36.237043420305966, ""mean_scene_minutes"": 15.999999999999996, ""mean_transport_minutes"": 23.67307692307693, ""p90_response_minutes"": 58.188028445184756, ""patients"": 15, ""response_count"": 13, ""response_minutes"": 471.08156446397754, ""scene_count"": 13, ""scene_minutes"": 207.99999999999994, ""transport_count"": 13, ""transport_minutes"": 307.7500000000001}}","{""arrive_hospital"": 77, ""arrive_scene"": 40, ""hospital_release"": 54, ""patient_arrival"": 49, ""reposition_complete"": 38, ""restock_complete"": 38, ""scene_complete"": 39, ""transfer_ready"": 63}",36.48044,12.51956,0.2555012308638824,39.05812279099432,13.25,30.18026315789474,72.84416460238867,40,0.8163265306122449,49,49,9
Station South,63,2063,"{""cardiac"": {""expected_lost"": 15.063537526517377, ""expected_saved"": 0.9364624734826242, ""mean_response_minutes"": 44.79944165835496, ""mean_scene_minutes"": 12.0, ""mean_transport_minutes"": 40.38499999999999, ""p90_response_minutes"": 104.5266578125202, ""patients"": 16, ""response_count"": 10, ""response_minutes"": 447.9944165835496, ""scene_count"": 10, ""scene_minutes"": 120.0, ""transport_count"": 10, ""transport_minutes"": 403.8499999999999}, ""minor"": {""expected_lost"": 3.8904459236276323, ""expected_saved"": 11.109554076372365, ""mean_response_minutes"": 48.869013233165255, ""mean_scene_minutes"": 10.0, ""mean_transport_minutes"": 38.56923076923074, ""p90_response_minutes"": 83.60198499434655, ""patients"": 15, ""response_count"": 14, ""response_minutes"": 684.1661852643135, ""scene_count"": 14, ""scene_minutes"": 140.0, ""transport_count"": 13, ""transport_minutes"": 501.39999999999964}, ""stroke"": {""expected_lost"": 6.219910308131922, ""expected_saved"": 2.7800896918680786, ""mean_response_minutes"": 55.77144513325007, ""mean_scene_minutes"": 13.999999999999988, ""mean_transport_minutes"": 26.127777777777787, ""p90_response_minutes"": 88.15019774205427, ""patients"": 9, ""response_count"": 9, ""response_minutes"": 501.94300619925065, ""scene_count"": 9, ""scene_minutes"": 125.99999999999989, ""transport_count"": 9, ""transport_minutes"": 235.1500000000001}, ""trauma"": {""expected_lost"": 15.866908466518337, ""expected_saved"": 2.133091533481663, ""mean_response_minutes"": 46.8333251452043, ""mean_scene_minutes"": 16.0, ""mean_transport_minutes"": 25.620833333333337, ""p90_response_minutes"": 48.57764239651506, ""patients"": 18, ""response_count"": 12, ""response_minutes"": 561.9999017424516, ""scene_count"": 12, ""scene_minutes"": 192.0, ""transport_count"": 12, ""transport_minutes"": 307.45000000000005}}","{""arrive_hospital"": 97, ""arrive_scene"": 45, ""hospital_release"": 66, ""patient_arrival"": 58, ""reposition_complete"": 42, ""restock_complete"": 42, ""scene_complete"": 45, ""transfer_ready"": 76}",41.040802,16.959198,0.29239996164146104,48.8023002175459,12.844444444444441,32.90568181818181,94.96972447712102,45,0.7758620689655172,58,58,13
Station South,64,2064,"{""cardiac"": {""expected_lost"": 10.616317157273043, ""expected_saved"": 0.3836828419826781, ""mean_response_minutes"": 139.7388874348878, ""mean_scene_minutes"": 10.799999999999988, ""mean_transport_minutes"": 39.043750000000024, ""p90_response_minutes"": 374.2844769790687, ""patients"": 11, ""response_count"": 10, ""response_minutes"": 1397.388874348878, ""scene_count"": 10, ""scene_minutes"": 107.99999999999989, ""transport_count"": 8, ""transport_minutes"": 312.3500000000002}, ""minor"": {""expected_lost"": 2.7930375487113634, ""expected_saved"": 8.206962451288636, ""mean_response_minutes"": 56.84983827924727, ""mean_scene_minutes"": 10.0, ""mean_transport_minutes"": 39.5, ""p90_response_minutes"": 87.3701633408676, ""patients"": 11, ""response_count"": 10, ""response_minutes"": 568.4983827924727, ""scene_count"": 10, ""scene_minutes"": 100.0, ""transport_count"": 10, ""transport_minutes"": 395.0}, ""stroke"": {""expected_lost"": 10.906604255612724, ""expected_saved"": 4.093395744387275, ""mean_response_minutes"": 91.29720698820209, ""mean_scene_minutes"": 14.0, ""mean_transport_minutes"": 27.083333333333332, ""p90_response_minutes"": 218.74405277340404, ""patients"": 15, ""response_count"": 15, ""response_minutes"": 1369.4581048230314, ""scene_count"": 15, ""scene_minutes"": 210.0, ""transport_count"": 15, ""transport_minutes"": 406.25}, ""trauma"": {""expected_lost"": 11.131571348592274, ""expected_saved"": 1.8684286514077266, ""mean_response_minutes"": 39.18573875475514, ""mean_scene_minutes"": 16.0, ""mean_transport_minutes"": 25.725000000000005, ""p90_response_minutes"": 50.67897150317703, ""patients"": 13, ""response_count"": 12, ""response_minutes"": 470.2288650570617, ""scene_count"": 12, ""scene_minutes"": 192.0, ""transport_count"": 12, ""transport_minutes"": 308.70000000000005}}","{""arrive_hospital"": 92, ""arrive_scene"": 47, ""hospital_release"": 64, ""patient_arrival"": 50, ""reposition_complete"": 44, ""restock_complete"": 44, ""scene_complete"": 46, ""transfer_ready"": 75}",35.44753,14.55247,0.2910493937813263,80.96966440471158,12.978723404255316,31.60666666666667,247.22847092902083,47,0.94,50,50,3
Station South,65,2065,"{""cardiac"": {""expected_lost"": 10.301825874080796, ""expected_saved"": 0.6981741259192022, ""mean_response_minutes"": 59.044045364266296, ""mean_scene_minutes"": 12.0, ""mean_transport_minutes"": 39.65999999999999, ""p90_response_minutes"": 109.89092573538952, ""patients"": 11, ""response_count"": 10, ""response_minutes"": 590.440453642663, ""scene_count"": 10, ""scene_minutes"": 120.0, ""transport_count"": 10, ""transport_minutes"": 396.5999999999999}, ""minor"": {""expected_lost"": 2.9480115210541404, ""expected_saved"": 10.051988478945859, ""mean_response_minutes"": 31.40655730012921, ""mean_scene_minutes"": 10.0, ""mean_transport_minutes"": 37.45454545454545, ""p90_response_minutes"": 38.11941907532503, ""patients"": 13, ""response_count"": 11, ""response_minutes"": 345.4721303014213, ""scene_count"": 11, ""scene_minutes"": 110.0, ""transport_count"": 11, ""transport_minutes"": 412.0}, ""stroke"": {""expected_lost"": 7.751613540626574, ""expected_saved"": 4.248386459373426, ""mean_response_minutes"": 42.87350698004415, ""mean_scene_minutes"": 14.0, ""mean_transport_minutes"": 26.7625, ""p90_response_minutes"": 64.75631970763557, ""patients"": 12, ""response_count"": 12, ""response_minutes"": 514.4820837605298, ""scene_count"": 12, ""scene_minutes"": 168.0, ""transport_count"": 12, ""transport_minutes"": 321.15}, ""trauma"": {""expected_lost"": 8.805095382913603, ""expected_saved"": 1.1949046170863973, ""mean_response_minutes"": 103.40230003155123, ""mean_scene_minutes"": 16.0, ""mean_transport_minutes"": 28.05000000000001, ""p90_response_minutes"": 247.7140264427768, ""patients"": 10, ""response_count"": 9, ""response_minutes"": 930.6207002839611, ""scene_count"": 9, ""scene_minutes"": 144.0, ""transport_count"": 8, ""transport_minutes"": 224.4000000000001}}","{""arrive_hospital"": 94, ""arrive_scene"": 42, ""hospital_release"": 62, ""patient_arrival"": 46, ""reposition_complete"": 40, ""restock_complete"": 40, ""scene_complete"": 42, ""transfer_ready"": 74}",29.806546,16.193454,0.3520316017679321,56.69084209496608,12.904761904761905,33.0280487804878,90.5130359728483,42,0.9130434782608695,46,46,4
Station South,66,2066,"{""cardiac"": {""expected_lost"": 16.626645933926387, ""expected_saved"": 1.3733540660736119, ""mean_response_minutes"": 57.091077207067734, ""mean_scene_minutes"": 12.000000000000004, ""mean_transport_minutes"": 39.077777777777754, ""p90_response_minutes"": 130.76828406372346, ""patients"": 18, ""response_count"": 18, ""response_minutes"": 1027.6393897272192, ""scene_count"": 18, ""scene_minutes"": 216.00000000000006, ""transport_count"": 18, ""transport_minutes"": 703.3999999999996}, ""minor"": {""expected_lost"": 0.7308581612978398, ""expected_saved"": 6.26914183870216, ""mean_response_minutes"": 37.140671012758695, ""mean_scene_minutes"": 10.0, ""mean_transport_minutes"": 39.085714285714275, ""p90_response_minutes"": 58.1621054416555, ""patients"": 7, ""response_count"": 7, ""response_minutes"": 259.9846970893109, ""scene_count"": 7, ""scene_minutes"": 70.0, ""transport_count"": 7, ""transport_minutes"": 273.5999999999999}, ""stroke"": {""expected_lost"": 3.86114310424243, ""expected_saved"": 3.138856895757571, ""mean_response_minutes"": 29.527222421969515, ""mean_scene_minutes"": 14.0, ""mean_transport_minutes"": 26.628571428571426, ""p90_response_minutes"": 39.40827651224868, ""patients"": 7, ""response_count"": 7, ""response_minutes"": 206.6905569537866, ""scene_count"": 7, ""scene_minutes"": 98.0, ""transport_count"": 7, ""transport_minutes"": 186.39999999999998}, ""trauma"": {""expected_lost"": 9.017541830813856, ""expected_saved"": 0.9824581691861424, ""mean_response_minutes"": 43.66840052473536, ""mean_scene_minutes"": 16.0, ""mean_transport_minutes"": 27.46666666666667, ""p90_response_minutes"": 56.271047724901706, ""patients"": 10, ""response_count"": 9, ""response_minutes"": 393.01560472261826, ""scene_count"": 9, ""scene_minutes"": 144.0, ""transport_count"": 9, ""transport_minutes"": 247.20000000000002}}","{""arrive_hospital"": 97, ""arrive_scene"": 41, ""hospital_release"": 70, ""patient_arrival"": 42, ""reposition_complete"": 40, ""restock_complete"": 40, ""scene_complete"": 41, ""transfer_ready"": 73}",30.236189,11.763811,0.2800907373742734,46.03244508519354,12.878048780487806,34.404878048780475,78.44842151138988,41,0.9761904761904762,42,42,1
Station South,67,2067,"{""cardiac"": {""expected_lost"": 16.991913043373735, ""expected_saved"": 1.0080869566262693, ""mean_response_minutes"": 61.981610066414525, ""mean_scene_minutes"": 12.0, ""mean_transport_minutes"": 40.015384615384605, ""p90_response_minutes"": 102.50913790030641, ""patients"": 18, ""response_count"": 13, ""response_minutes"": 805.7609308633888, ""scene_count"": 13, ""scene_minutes"": 156.0, ""transport_count"": 13, ""transport_minutes"": 520.1999999999998}, ""minor"": {""expected_lost"": 1.8179600824594817, ""expected_saved"": 9.182039917540518, ""mean_response_minutes"": 52.94205679398945, ""mean_scene_minutes"": 10.0, ""mean_transport_minutes"": 38.781818181818174, ""p90_response_minutes"": 66.53708313670563, ""patients"": 11, ""response_count"": 11, ""response_minutes"": 582.362624733884, ""scene_count"": 11, ""scene_minutes"": 110.0, ""transport_count"": 11, ""transport_minutes"": 426.5999999999999}, ""stroke"": {""expected_lost"": 3.8297733558853926, ""expected_saved"": 1.1702266441146074, ""mean_response_minutes"": 51.96709520095662, ""mean_scene_minutes"": 11.2, ""mean_transport_minutes"": 26.25, ""p90_response_minutes"": 63.63571321065149, ""patients"": 5, ""response_count"": 5, ""response_minutes"": 259.8354760047831, ""scene_count"": 5, ""scene_minutes"": 56.0, ""transport_count"": 4, ""transport_minutes"": 105.0}, ""trauma"": {""expected_lost"": 11.57846624769593, ""expected_saved"": 1.421533752304068, ""mean_response_minutes"": 90.8497612822615, ""mean_scene_minutes"": 16.000000000000004, ""mean_transport_minutes"": 27.95833333333334, ""p90_response_minutes"": 315.977975094983, ""patients"": 13, ""response_count"": 12, ""response_minutes"": 1090.197135387138, ""scene_count"": 12, ""scene_minutes"": 192.00000000000006, ""transport_count"": 12, ""transport_minutes"": 335.50000000000006}}","{""arrive_hospital"": 92, ""arrive_scene"": 41, ""hospital_release"": 61, ""patient_arrival"": 47, ""reposition_complete"": 40, ""restock_complete"": 40, ""scene_complete"": 40, ""transfer_ready"": 68}",34.218113,12.781887,0.2719550483103289,66.78429675583399,12.536585365853659,34.68249999999999,102.78262986210211,41,0.8723404255319149,47,47,6
Station South,68,2068,"{""cardiac"": {""expected_lost"": 19.896625349634313, ""expected_saved"": 1.1033746503656865, ""mean_response_minutes"": 52.92856375693374, ""mean_scene_minutes"": 12.000000000000009, ""mean_transport_minutes"": 41.060714285714276, ""p90_response_minutes"": 113.96211009364863, ""patients"": 21, ""response_count"": 14, ""response_minutes"": 740.9998925970724, ""scene_count"": 14, ""scene_minutes"": 168.0000000000001, ""transport_count"": 14, ""transport_minutes"": 574.8499999999999}, ""minor"": {""expected_lost"": 0.48540341583336855, ""expected_saved"": 5.514596584166632, ""mean_response_minutes"": 29.73474273511988, ""mean_scene_minutes"": 10.0, ""mean_transport_minutes"": 42.59166666666666, ""p90_response_minutes"": 45.62194234246334, ""patients"": 6, ""response_count"": 6, ""response_minutes"": 178.40845641071928, ""scene_count"": 6, ""scene_minutes"": 60.0, ""transport_count"": 6, ""transport_minutes"": 255.54999999999995}, ""stroke"": {""expected_lost"": 6.052473465543486, ""expected_saved"": 3.9475265344565136, ""mean_response_minutes"": 34.28459048218436, ""mean_scene_minutes"": 14.0, ""mean_transport_minutes"": 26.88888888888889, ""p90_response_minutes"": 54.39347769379748, ""patients"": 10, ""response_count"": 9, ""response_minutes"": 308.56131433965925, ""scene_count"": 9, ""scene_minutes"": 126.0, ""transport_count"": 9, ""transport_minutes"": 242.0}, ""trauma"": {""expected_lost"": 10.289588949801077, ""expected_saved"": 1.710411050198923, ""mean_response_minutes"": 53.668223994189525, ""mean_scene_minutes"": 16.0, ""mean_transport_minutes"": 25.854166666666668, ""p90_response_minutes"": 150.71103996956592, ""patients"": 12, ""response_count"": 12, ""response_minutes"": 644.0186879302743, ""scene_count"": 12, ""scene_minutes"": 192.0, ""transport_count"": 12, ""transport_minutes"": 310.25}}","{""arrive_hospital"": 90, ""arrive_scene"": 41, ""hospital_release"": 62, ""patient_arrival"": 49, ""reposition_complete"": 40, ""restock_complete"": 41, ""scene_complete"": 41, ""transfer_ready"": 70}",36.724091,12.275909,0.2505287514119948,45.658252470188415,13.31707317073171,33.72317073170731,88.39720499184841,41,0.8367346938775511,49,49,8
Station South,69,2069,"{""cardiac"": {""expected_lost"": 11.466475425721224, ""expected_saved"": 0.5335245742787763, ""mean_response_minutes"": 40.6721650052695, ""mean_scene_minutes"": 12.0, ""mean_transport_minutes"": 36.333333333333336, ""p90_response_minutes"": 63.10737659442617, ""patients"": 12, ""response_count"": 6, ""response_minutes"": 244.03299003161698, ""scene_count"": 6, ""scene_minutes"": 72.0, ""transport_count"": 6, ""transport_minutes"": 218.00000000000003}, ""minor"": {""expected_lost"": 3.750579137776554, ""expected_saved"": 12.249420862223445, ""mean_response_minutes"": 54.972239505177605, ""mean_scene_minutes"": 10.0, ""mean_transport_minutes"": 39.74333333333332, ""p90_response_minutes"": 88.56187500558539, ""patients"": 16, ""response_count"": 15, ""response_minutes"": 824.583592577664, ""scene_count"": 15, ""scene_minutes"": 150.0, ""transport_count"": 15, ""transport_minutes"": 596.1499999999997}, ""stroke"": {""expected_lost"": 13.199559771674286, ""expected_saved"": 3.800440228325715, ""mean_response_minutes"": 53.42699763497332, ""mean_scene_minutes"": 13.0, ""mean_transport_minutes"": 27.153846153846153, ""p90_response_minutes"": 104.78389500081778, ""patients"": 17, ""response_count"": 14, ""response_minutes"": 747.9779668896265, ""scene_count"": 14, ""scene_minutes"": 182.0, ""transport_count"": 13, ""transport_minutes"": 353.0}, ""trauma"": {""expected_lost"": 16.765695925007304, ""expected_saved"": 1.2343040749926972, ""mean_response_minutes"": 100.50832102842135, ""mean_scene_minutes"": 16.0, ""mean_transport_minutes"": 29.740000000000002, ""p90_response_minutes"": 267.1477673450157, ""patients"": 18, ""response_count"": 10, ""response_minutes"": 1005.0832102842135, ""scene_count"": 10, ""scene_minutes"": 160.0, ""transport_count"": 10, ""transport_minutes"": 297.40000000000003}}","{""arrive_hospital"": 97, ""arrive_scene"": 45, ""hospital_release"": 66, ""patient_arrival"": 63, ""reposition_complete"": 42, ""restock_complete"": 42, ""scene_complete"": 44, ""transfer_ready"": 77}",45.18231,17.81769,0.28282047206064503,62.70395021740268,12.533333333333333,33.28522727272727,118.22177181230063,45,0.7142857142857143,63,63,18
Station South,70,2070,"{""cardiac"": {""expected_lost"": 4.528965818816273, ""expected_saved"": 0.47103418118372703, ""mean_response_minutes"": 33.75787352171518, ""mean_scene_minutes"": 12.0, ""mean_transport_minutes"": 40.900000000000006, ""p90_response_minutes"": 60.124226650990174, ""patients"": 5, ""response_count"": 4, ""response_minutes"": 135.03149408686073, ""scene_count"": 4, ""scene_minutes"": 48.0, ""transport_count"": 4, ""transport_minutes"": 163.60000000000002}, ""minor"": {""expected_lost"": 2.2454067204554815, ""expected_saved"": 7.754593279544518, ""mean_response_minutes"": 66.14548038969733, ""mean_scene_minutes"": 10.0, ""mean_transport_minutes"": 39.209999999999994, ""p90_response_minutes"": 111.04442717887808, ""patients"": 10, ""response_count"": 10, ""response_minutes"": 661.4548038969732, ""scene_count"": 10, ""scene_minutes"": 100.0, ""transport_count"": 10, ""transport_minutes"": 392.0999999999999}, ""stroke"": {""expected_lost"": 10.62473411961913, ""expected_saved"": 6.375265880380871, ""mean_response_minutes"": 38.239553414517225, ""mean_scene_minutes"": 14.0, ""mean_transport_minutes"": 27.437500000000007, ""p90_response_minutes"": 65.12751342395377, ""patients"": 17, ""response_count"": 17, ""response_minutes"": 650.0724080467928, ""scene_count"": 17, ""scene_minutes"": 238.0, ""transport_count"": 16, ""transport_minutes"": 439.0000000000001}, ""trauma"": {""expected_lost"": 6.8632584252565465, ""expected_saved"": 1.1367415747434533, ""mean_response_minutes"": 71.33448797372304, ""mean_scene_minutes"": 16.0, ""mean_transport_minutes"": 29.75, ""p90_response_minutes"": 160.49696887787036, ""patients"": 8, ""response_count"": 8, ""response_minutes"": 570.6759037897843, ""scene_count"": 8, ""scene_minutes"": 128.0, ""transport_count"": 8, ""transport_minutes"": 238.0}}","{""arrive_hospital"": 82, ""arrive_scene"": 39, ""hospital_release"": 59, ""patient_arrival"": 40, ""reposition_complete"": 37, ""restock_complete"": 38, ""scene_complete"": 39, ""transfer_ready"": 68}",24.262365,15.737635,0.3934408728963143,51.72396435436953,13.179487179487179,32.439473684210526,81.04329282705794,39,0.975,40,40,1
Station South,71,2071,"{""cardiac"": {""expected_lost"": 11.003560932508327, ""expected_saved"": 0.996439067491673, ""mean_response_minutes"": 37.2709292170141, ""mean_scene_minutes"": 12.0, ""mean_transport_minutes"": 39.99444444444442, ""p90_response_minutes"": 75.17348732613887, ""patients"": 12, ""response_count"": 9, ""response_minutes"": 335.4383629531269, ""scene_count"": 9, ""scene_minutes"": 108.0, ""transport_count"": 9, ""transport_minutes"": 359.94999999999976}, ""minor"": {""expected_lost"": 4.856790285068977, ""expected_saved"": 12.143209714931025, ""mean_response_minutes"": 56.81120175210463, ""mean_scene_minutes"": 10.0, ""mean_transport_minutes"": 41.05333333333333, ""p90_response_minutes"": 86.70999525488385, ""patients"": 17, ""response_count"": 15, ""response_minutes"": 852.1680262815695, ""scene_count"": 15, ""scene_minutes"": 150.0, ""transport_count"": 15, ""transport_minutes"": 615.8}, ""stroke"": {""expected_lost"": 7.467388791330704, ""expected_saved"": 4.532611208669296, ""mean_response_minutes"": 77.12805968686524, ""mean_scene_minutes"": 14.0, ""mean_transport_minutes"": 24.6375, ""p90_response_minutes"": 191.20044597472082, ""patients"": 12, ""response_count"": 12, ""response_minutes"": 925.5367162423829, ""scene_count"": 12, ""scene_minutes"": 168.0, ""transport_count"": 12, ""transport_minutes"": 295.65}, ""trauma"": {""expected_lost"": 6.241493642390917, ""expected_saved"": 0.7585063576090831, ""mean_response_minutes"": 38.59905120184805, ""mean_scene_minutes"": 16.000000000000007, ""mean_transport_minutes"": 28.4, ""p90_response_minutes"": 70.0601112914241, ""patients"": 7, ""response_count"": 5, ""response_minutes"": 192.99525600924025, ""scene_count"": 5, ""scene_minutes"": 80.00000000000003, ""transport_count"": 5, ""transport_minutes"": 142.0}}","{""arrive_hospital"": 99, ""arrive_scene"": 41, ""hospital_release"": 68, ""patient_arrival"": 48, ""reposition_complete"": 38, ""restock_complete"": 39, ""scene_complete"": 41, ""transfer_ready"": 75}",29.569234,18.430766,0.3839742989312725,56.24727710942242,12.341463414634147,34.473170731707306,104.98496444879925,41,0.8541666666666666,48,48,7
Station South,72,2072,"{""cardiac"": {""expected_lost"": 7.356057711861304, ""expected_saved"": 0.6439422881386972, ""mean_response_minutes"": 63.84005510562128, ""mean_scene_minutes"": 12.0, ""mean_transport_minutes"": 43.65714285714283, ""p90_response_minutes"": 141.03058981407236, ""patients"": 8, ""response_count"": 7, ""response_minutes"": 446.880385739349, ""scene_count"": 7, ""scene_minutes"": 84.0, ""transport_count"": 7, ""transport_minutes"": 305.5999999999998}, ""minor"": {""expected_lost"": 1.2851224294005659, ""expected_saved"": 7.714877570599433, ""mean_response_minutes"": 45.39069902295824, ""mean_scene_minutes"": 10.0, ""mean_transport_minutes"": 40.544444444444444, ""p90_response_minutes"": 75.99162410021226, ""patients"": 9, ""response_count"": 9, ""response_minutes"": 408.51629120662415, ""scene_count"": 9, ""scene_minutes"": 90.0, ""transport_count"": 9, ""transport_minutes"": 364.9}, ""stroke"": {""expected_lost"": 6.757902203990142, ""expected_saved"": 4.242097796009858, ""mean_response_minutes"": 43.5117647188975, ""mean_scene_minutes"": 14.0, ""mean_transport_minutes"": 25.71999999999998, ""p90_response_minutes"": 98.50784407976278, ""patients"": 11, ""response_count"": 11, ""response_minutes"": 478.6294119078725, ""scene_count"": 11, ""scene_minutes"": 154.0, ""transport_count"": 10, ""transport_minutes"": 257.1999999999998}, ""trauma"": {""expected_lost"": 8.723120493204593, ""expected_saved"": 1.2768795067954082, ""mean_response_minutes"": 94.28995971524166, ""mean_scene_minutes"": 16.0, ""mean_transport_minutes"": 25.44999999999999, ""p90_response_minutes"": 176.88409077463663, ""patients"": 10, ""response_count"": 9, ""response_minutes"": 848.609637437175, ""scene_count"": 9, ""scene_minutes"": 144.0, ""transport_count"": 9, ""transport_minutes"": 229.0499999999999}}","{""arrive_hospital"": 77, ""arrive_scene"": 36, ""hospital_release"": 59, ""patient_arrival"": 38, ""reposition_complete"": 35, ""restock_complete"": 35, ""scene_complete"": 36, ""transfer_ready"": 61}",24.122203,13.877797,0.36520518846166844,60.62877017475057,13.11111111111111,33.04999999999999,101.14811261859978,36,0.9473684210526315,38,38,2
Station South,73,2073,"{""cardiac"": {""expected_lost"": 12.717316395438298, ""expected_saved"": 0.28268360445816915, ""mean_response_minutes"": 185.1975893319225, ""mean_scene_minutes"": 12.0, ""mean_transport_minutes"": 37.085714285714275, ""p90_response_minutes"": 402.2721596668987, ""patients"": 13, ""response_count"": 7, ""response_minutes"": 1296.3831253234575, ""scene_count"": 7, ""scene_minutes"": 84.0, ""transport_count"": 7, ""transport_minutes"": 259.5999999999999}, ""minor"": {""expected_lost"": 5.128810597633004, ""expected_saved"": 11.871189402366996, ""mean_response_minutes"": 72.04609157040088, ""mean_scene_minutes"": 10.0, ""mean_transport_minutes"": 41.156249999999986, ""p90_response_minutes"": 105.20014345041758, ""patients"": 17, ""response_count"": 16, ""response_minutes"": 1152.737465126414, ""scene_count"": 16, ""scene_minutes"": 160.0, ""transport_count"": 16, ""transport_minutes"": 658.4999999999998}, ""stroke"": {""expected_lost"": 7.323626628300291, ""expected_saved"": 4.67637337169971, ""mean_response_minutes"": 125.65725590135678, ""mean_scene_minutes"": 14.0, ""mean_transport_minutes"": 26.770833333333332, ""p90_response_minutes"": 452.1397660036122, ""patients"": 12, ""response_count"": 12, ""response_minutes"": 1507.8870708162813, ""scene_count"": 12, ""scene_minutes"": 168.0, ""transport_count"": 12, ""transport_minutes"": 321.25}, ""trauma"": {""expected_lost"": 11.080585030818211, ""expected_saved"": 0.9194149691817893, ""mean_response_minutes"": 70.30314775546644, ""mean_scene_minutes"": 14.4, ""mean_transport_minutes"": 25.338888888888878, ""p90_response_minutes"": 152.23813836945817, ""patients"": 12, ""response_count"": 10, ""response_minutes"": 703.0314775546644, ""scene_count"": 10, ""scene_minutes"": 144.0, ""transport_count"": 9, ""transport_minutes"": 228.0499999999999}}","{""arrive_hospital"": 100, ""arrive_scene"": 45, ""hospital_release"": 70, ""patient_arrival"": 54, ""reposition_complete"": 43, ""restock_complete"": 44, ""scene_complete"": 44, ""transfer_ready"": 78}",36.250339,17.749661,0.32869743236493826,103.55642530712927,12.355555555555556,33.349999999999994,349.4900038847441,45,0.8333333333333334,54,54,9
Station South,74,2074,"{""cardiac"": {""expected_lost"": 10.330251556382134, ""expected_saved"": 0.6697484433126978, ""mean_response_minutes"": 89.06581238076491, ""mean_scene_minutes"": 10.8, ""mean_transport_minutes"": 38.955555555555534, ""p90_response_minutes"": 237.36610457220658, ""patients"": 11, ""response_count"": 10, ""response_minutes"": 890.6581238076491, ""scene_count"": 10, ""scene_minutes"": 108.0, ""transport_count"": 9, ""transport_minutes"": 350.5999999999998}, ""minor"": {""expected_lost"": 2.1970232456045173, ""expected_saved"": 13.80297675439548, ""mean_response_minutes"": 43.39419297727642, ""mean_scene_minutes"": 10.0, ""mean_transport_minutes"": 42.23124999999999, ""p90_response_minutes"": 62.74873122868934, ""patients"": 16, ""response_count"": 16, ""response_minutes"": 694.3070876364227, ""scene_count"": 16, ""scene_minutes"": 160.0, ""transport_count"": 16, ""transport_minutes"": 675.6999999999998}, ""stroke"": {""expected_lost"": 5.608256860690103, ""expected_saved"": 2.3917431393098965, ""mean_response_minutes"": 70.90039979262089, ""mean_scene_minutes"": 13.999999999999996, ""mean_transport_minutes"": 27.375, ""p90_response_minutes"": 143.5554062127661, ""patients"": 8, ""response_count"": 8, ""response_minutes"": 567.2031983409671, ""scene_count"": 8, ""scene_minutes"": 111.99999999999997, ""transport_count"": 8, ""transport_minutes"": 219.0}, ""trauma"": {""expected_lost"": 10.854927598379788, ""expected_saved"": 1.1450724016202125, ""mean_response_minutes"": 140.24479121846636, ""mean_scene_minutes"": 14.545454545454545, ""mean_transport_minutes"": 26.920000000000005, ""p90_response_minutes"": 470.8496466316917, ""patients"": 12, ""response_count"": 11, ""response_minutes"": 1542.6927034031298, ""scene_count"": 11, ""scene_minutes"": 160.0, ""transport_count"": 10, ""transport_minutes"": 269.20000000000005}}","{""arrive_hospital"": 100, ""arrive_scene"": 45, ""hospital_release"": 70, ""patient_arrival"": 47, ""reposition_complete"": 42, ""restock_complete"": 42, ""scene_complete"": 43, ""transfer_ready"": 75}",28.990459,18.009541,0.38318171784336785,82.10802473751487,12.0,35.22093023255813,172.30546626077506,45,0.9574468085106383,47,47,2
Station South,75,2075,"{""cardiac"": {""expected_lost"": 18.686940898224197, ""expected_saved"": 1.313059101775806, ""mean_response_minutes"": 57.2552403272111, ""mean_scene_minutes"": 12.000000000000009, ""mean_transport_minutes"": 38.39230769230768, ""p90_response_minutes"": 155.76430776705152, ""patients"": 20, ""response_count"": 13, ""response_minutes"": 744.3181242537443, ""scene_count"": 13, ""scene_minutes"": 156.0000000000001, ""transport_count"": 13, ""transport_minutes"": 499.0999999999999}, ""minor"": {""expected_lost"": 1.5264260480025902, ""expected_saved"": 8.473573951997409, ""mean_response_minutes"": 44.86500152472446, ""mean_scene_minutes"": 10.0, ""mean_transport_minutes"": 43.65999999999999, ""p90_response_minutes"": 71.81366723037233, ""patients"": 10, ""response_count"": 10, ""response_minutes"": 448.6500152472446, ""scene_count"": 10, ""scene_minutes"": 100.0, ""transport_count"": 10, ""transport_minutes"": 436.5999999999999}, ""stroke"": {""expected_lost"": 5.766544361082599, ""expected_saved"": 2.2334556389173996, ""mean_response_minutes"": 54.16654245688922, ""mean_scene_minutes"": 14.0, ""mean_transport_minutes"": 26.912499999999994, ""p90_response_minutes"": 97.43235454766756, ""patients"": 8, ""response_count"": 8, ""response_minutes"": 433.33233965511374, ""scene_count"": 8, ""scene_minutes"": 112.0, ""transport_count"": 8, ""transport_minutes"": 215.29999999999995}, ""trauma"": {""expected_lost"": 11.026033344210235, ""expected_saved"": 0.9739666557897633, ""mean_response_minutes"": 43.44729754365639, ""mean_scene_minutes"": 16.0, ""mean_transport_minutes"": 25.375, ""p90_response_minutes"": 70.5282302505334, ""patients"": 12, ""response_count"": 9, ""response_minutes"": 391.0256778929075, ""scene_count"": 9, ""scene_minutes"": 144.0, ""transport_count"": 8, ""transport_minutes"": 203.0}}","{""arrive_hospital"": 92, ""arrive_scene"": 40, ""hospital_release"": 61, ""patient_arrival"": 50, ""reposition_complete"": 38, ""restock_complete"": 38, ""scene_complete"": 40, ""transfer_ready"": 69}",37.005945,12.994055,0.2598811069696076,50.43315392622526,12.800000000000002,34.717948717948715,99.30760825135106,40,0.8,50,50,10
Station South,76,2076,"{""cardiac"": {""expected_lost"": 10.525150978602337, ""expected_saved"": 0.47484902139766316, ""mean_response_minutes"": 94.0183213878908, ""mean_scene_minutes"": 10.8, ""mean_transport_minutes"": 38.783333333333324, ""p90_response_minutes"": 204.26471007092465, ""patients"": 11, ""response_count"": 10, ""response_minutes"": 940.183213878908, ""scene_count"": 10, ""scene_minutes"": 108.0, ""transport_count"": 9, ""transport_minutes"": 349.0499999999999}, ""minor"": {""expected_lost"": 3.612289594284051, ""expected_saved"": 10.38771040571595, ""mean_response_minutes"": 62.41627861814038, ""mean_scene_minutes"": 10.0, ""mean_transport_minutes"": 42.32692307692306, ""p90_response_minutes"": 151.30169333666078, ""patients"": 14, ""response_count"": 14, ""response_minutes"": 873.8279006539653, ""scene_count"": 14, ""scene_minutes"": 140.0, ""transport_count"": 13, ""transport_minutes"": 550.2499999999998}, ""stroke"": {""expected_lost"": 7.3623983389369965, ""expected_saved"": 3.637601661063004, ""mean_response_minutes"": 36.5974535510442, ""mean_scene_minutes"": 14.0, ""mean_transport_minutes"": 27.88888888888889, ""p90_response_minutes"": 63.92075378760952, ""patients"": 11, ""response_count"": 9, ""response_minutes"": 329.37708195939774, ""scene_count"": 9, ""scene_minutes"": 126.0, ""transport_count"": 9, ""transport_minutes"": 251.0}, ""trauma"": {""expected_lost"": 7.04506517222031, ""expected_saved"": 0.9549348277796895, ""mean_response_minutes"": 82.04776194931272, ""mean_scene_minutes"": 16.0, ""mean_transport_minutes"": 25.714285714285715, ""p90_response_minutes"": 188.0558121025818, ""patients"": 8, ""response_count"": 7, ""response_minutes"": 574.334333645189, ""scene_count"": 7, ""scene_minutes"": 112.0, ""transport_count"": 7, ""transport_minutes"": 180.0}}","{""arrive_hospital"": 91, ""arrive_scene"": 40, ""hospital_release"": 61, ""patient_arrival"": 44, ""reposition_complete"": 37, ""restock_complete"": 38, ""scene_complete"": 39, ""transfer_ready"": 69}",28.544904,15.455096,0.3512521799080979,67.9430632534365,12.15,35.0078947368421,163.35041223363064,40,0.9090909090909091,44,44,4
Station South,77,2077,"{""cardiac"": {""expected_lost"": 9.374464942421204, ""expected_saved"": 0.6255350575787969, ""mean_response_minutes"": 38.23290712048985, ""mean_scene_minutes"": 12.0, ""mean_transport_minutes"": 40.96428571428568, ""p90_response_minutes"": 65.9490911939291, ""patients"": 10, ""response_count"": 7, ""response_minutes"": 267.6303498434289, ""scene_count"": 7, ""scene_minutes"": 84.0, ""transport_count"": 7, ""transport_minutes"": 286.7499999999998}, ""minor"": {""expected_lost"": 2.6861668258686993, ""expected_saved"": 11.313833174131302, ""mean_response_minutes"": 46.27086929470439, ""mean_scene_minutes"": 10.0, ""mean_transport_minutes"": 39.59285714285712, ""p90_response_minutes"": 60.87703374462851, ""patients"": 14, ""response_count"": 14, ""response_minutes"": 647.7921701258615, ""scene_count"": 14, ""scene_minutes"": 140.0, ""transport_count"": 14, ""transport_minutes"": 554.2999999999997}, ""stroke"": {""expected_lost"": 6.769987823011418, ""expected_saved"": 3.2300121769885832, ""mean_response_minutes"": 71.63638628733078, ""mean_scene_minutes"": 14.0, ""mean_transport_minutes"": 25.66666666666667, ""p90_response_minutes"": 150.1501524571742, ""patients"": 10, ""response_count"": 9, ""response_minutes"": 644.727476585977, ""scene_count"": 9, ""scene_minutes"": 126.0, ""transport_count"": 9, ""transport_minutes"": 231.00000000000003}, ""trauma"": {""expected_lost"": 9.743393064606678, ""expected_saved"": 1.2566069353933214, ""mean_response_minutes"": 65.36329346345894, ""mean_scene_minutes"": 16.0, ""mean_transport_minutes"": 22.22222222222222, ""p90_response_minutes"": 123.18509121833728, ""patients"": 11, ""response_count"": 10, ""response_minutes"": 653.6329346345894, ""scene_count"": 10, ""scene_minutes"": 160.0, ""transport_count"": 9, ""transport_minutes"": 200.0}}","{""arrive_hospital"": 86, ""arrive_scene"": 40, ""hospital_release"": 55, ""patient_arrival"": 45, ""reposition_complete"": 37, ""restock_complete"": 37, ""scene_complete"": 40, ""transfer_ready"": 65}",28.574013,16.425987,0.3650219409798224,55.34457327974643,12.75,32.61666666666666,113.33859879306128,40,0.8888888888888888,45,45,5
Station South,78,2078,"{""cardiac"": {""expected_lost"": 9.980612366708321, ""expected_saved"": 1.0193876332916774, ""mean_response_minutes"": 43.49883921992193, ""mean_scene_minutes"": 12.0, ""mean_transport_minutes"": 39.73125, ""p90_response_minutes"": 95.99420230803415, ""patients"": 11, ""response_count"": 9, ""response_minutes"": 391.4895529792974, ""scene_count"": 9, ""scene_minutes"": 108.0, ""transport_count"": 8, ""transport_minutes"": 317.85}, ""minor"": {""expected_lost"": 2.091052561904248, ""expected_saved"": 6.908947438095751, ""mean_response_minutes"": 42.930089200491395, ""mean_scene_minutes"": 10.0, ""mean_transport_minutes"": 38.375, ""p90_response_minutes"": 83.60759616652416, ""patients"": 9, ""response_count"": 8, ""response_minutes"": 343.44071360393116, ""scene_count"": 8, ""scene_minutes"": 80.0, ""transport_count"": 8, ""transport_minutes"": 307.0}, ""stroke"": {""expected_lost"": 6.9782450982190705, ""expected_saved"": 4.02175490178093, ""mean_response_minutes"": 57.559996281604, ""mean_scene_minutes"": 14.0, ""mean_transport_minutes"": 25.772727272727273, ""p90_response_minutes"": 79.0616069987841, ""patients"": 11, ""response_count"": 11, ""response_minutes"": 633.159959097644, ""scene_count"": 11, ""scene_minutes"": 154.0, ""transport_count"": 11, ""transport_minutes"": 283.5}, ""trauma"": {""expected_lost"": 9.691752928156948, ""expected_saved"": 1.3082470718430526, ""mean_response_minutes"": 46.812794131562455, ""mean_scene_minutes"": 16.0, ""mean_transport_minutes"": 27.811111111111106, ""p90_response_minutes"": 93.85547445928938, ""patients"": 11, ""response_count"": 9, ""response_minutes"": 421.3151471840621, ""scene_count"": 9, ""scene_minutes"": 144.0, ""transport_count"": 9, ""transport_minutes"": 250.29999999999995}}","{""arrive_hospital"": 78, ""arrive_scene"": 37, ""hospital_release"": 54, ""patient_arrival"": 42, ""reposition_complete"": 34, ""restock_complete"": 34, ""scene_complete"": 37, ""transfer_ready"": 60}",28.741663,13.258337,0.3156746915478908,48.36230737472796,13.135135135135135,32.18472222222223,94.44354907448664,37,0.8809523809523809,42,42,5
Station South,79,2079,"{""cardiac"": {""expected_lost"": 12.117109730206925, ""expected_saved"": 0.8828902697930759, ""mean_response_minutes"": 32.26386307569905, ""mean_scene_minutes"": 12.000000000000012, ""mean_transport_minutes"": 42.611111111111114, ""p90_response_minutes"": 54.35046899394283, ""patients"": 13, ""response_count"": 9, ""response_minutes"": 290.3747676812915, ""scene_count"": 9, ""scene_minutes"": 108.00000000000011, ""transport_count"": 9, ""transport_minutes"": 383.5}, ""minor"": {""expected_lost"": 2.2609674476608106, ""expected_saved"": 10.739032552339191, ""mean_response_minutes"": 50.71486502479935, ""mean_scene_minutes"": 10.0, ""mean_transport_minutes"": 38.84615384615385, ""p90_response_minutes"": 91.42555915118457, ""patients"": 13, ""response_count"": 13, ""response_minutes"": 659.2932453223916, ""scene_count"": 13, ""scene_minutes"": 130.0, ""transport_count"": 13, ""transport_minutes"": 505.0}, ""stroke"": {""expected_lost"": 7.616656538147716, ""expected_saved"": 4.3833434618522835, ""mean_response_minutes"": 76.09030328457881, ""mean_scene_minutes"": 14.0, ""mean_transport_minutes"": 26.209090909090886, ""p90_response_minutes"": 226.09265361222788, ""patients"": 12, ""response_count"": 12, ""response_minutes"": 913.0836394149458, ""scene_count"": 12, ""scene_minutes"": 168.0, ""transport_count"": 11, ""transport_minutes"": 288.2999999999997}, ""trauma"": {""expected_lost"": 8.90504632395691, ""expected_saved"": 1.094953676043091, ""mean_response_minutes"": 37.03312076843688, ""mean_scene_minutes"": 16.0, ""mean_transport_minutes"": 20.666666666666668, ""p90_response_minutes"": 60.46653323032501, ""patients"": 10, ""response_count"": 6, ""response_minutes"": 222.1987246106213, ""scene_count"": 6, ""scene_minutes"": 96.0, ""transport_count"": 6, ""transport_minutes"": 124.0}}","{""arrive_hospital"": 94, ""arrive_scene"": 40, ""hospital_release"": 63, ""patient_arrival"": 48, ""reposition_complete"": 37, ""restock_complete"": 37, ""scene_complete"": 40, ""transfer_ready"": 71}",30.89978,17.10022,0.3562545825005756,52.12375942573125,12.550000000000002,33.35384615384615,69.74143656080359,40,0.8333333333333334,48,48,8
Station South,80,2080,"{""cardiac"": {""expected_lost"": 8.356631166721977, ""expected_saved"": 0.6433688332780233, ""mean_response_minutes"": 57.626440459821346, ""mean_scene_minutes"": 12.0, ""mean_transport_minutes"": 40.978571428571406, ""p90_response_minutes"": 121.53883485265878, ""patients"": 9, ""response_count"": 7, ""response_minutes"": 403.3850832187494, ""scene_count"": 7, ""scene_minutes"": 84.0, ""transport_count"": 7, ""transport_minutes"": 286.84999999999985}, ""minor"": {""expected_lost"": 2.1785883493914913, ""expected_saved"": 11.821411650608509, ""mean_response_minutes"": 36.881320883053036, ""mean_scene_minutes"": 10.0, ""mean_transport_minutes"": 40.69230769230769, ""p90_response_minutes"": 66.77042550197018, ""patients"": 14, ""response_count"": 14, ""response_minutes"": 516.3384923627425, ""scene_count"": 14, ""scene_minutes"": 140.0, ""transport_count"": 13, ""transport_minutes"": 529.0}, ""stroke"": {""expected_lost"": 10.730613512341392, ""expected_saved"": 4.269386487658609, ""mean_response_minutes"": 75.84083332956241, ""mean_scene_minutes"": 13.066666666666666, ""mean_transport_minutes"": 26.557142857142853, ""p90_response_minutes"": 83.20625777214224, ""patients"": 15, ""response_count"": 15, ""response_minutes"": 1137.6124999434362, ""scene_count"": 15, ""scene_minutes"": 196.0, ""transport_count"": 14, ""transport_minutes"": 371.79999999999995}, ""trauma"": {""expected_lost"": 8.58379055607145, ""expected_saved"": 0.4162094439285493, ""mean_response_minutes"": 111.52854533634718, ""mean_scene_minutes"": 16.0, ""mean_transport_minutes"": 19.0, ""p90_response_minutes"": 185.1489008151425, ""patients"": 9, ""response_count"": 6, ""response_minutes"": 669.1712720180831, ""scene_count"": 6, ""scene_minutes"": 96.0, ""transport_count"": 6, ""transport_minutes"": 114.0}}","{""arrive_hospital"": 93, ""arrive_scene"": 42, ""hospital_release"": 69, ""patient_arrival"": 47, ""reposition_complete"": 39, ""restock_complete"": 39, ""scene_complete"": 41, ""transfer_ready"": 73}",29.849624,17.150376,0.3649016258611423,64.91684160816692,12.285714285714286,32.54125,121.66842265842573,42,0.8936170212765957,47,47,5
Station South,81,2081,"{""cardiac"": {""expected_lost"": 9.864845233671213, ""expected_saved"": 1.1351547663287855, ""mean_response_minutes"": 22.944333698437802, ""mean_scene_minutes"": 12.0, ""mean_transport_minutes"": 39.43125, ""p90_response_minutes"": 32.34980744321196, ""patients"": 11, ""response_count"": 9, ""response_minutes"": 206.4990032859402, ""scene_count"": 9, ""scene_minutes"": 108.0, ""transport_count"": 8, ""transport_minutes"": 315.45}, ""minor"": {""expected_lost"": 0.47210265005887797, ""expected_saved"": 6.527897349941122, ""mean_response_minutes"": 26.246297058535543, ""mean_scene_minutes"": 10.0, ""mean_transport_minutes"": 39.142857142857146, ""p90_response_minutes"": 42.450530652910594, ""patients"": 7, ""response_count"": 7, ""response_minutes"": 183.7240794097488, ""scene_count"": 7, ""scene_minutes"": 70.0, ""transport_count"": 7, ""transport_minutes"": 274.0}, ""stroke"": {""expected_lost"": 6.744136617761839, ""expected_saved"": 5.25586338223816, ""mean_response_minutes"": 31.7846280500998, ""mean_scene_minutes"": 14.0, ""mean_transport_minutes"": 27.92916666666667, ""p90_response_minutes"": 47.04168364976385, ""patients"": 12, ""response_count"": 12, ""response_minutes"": 381.41553660119763, ""scene_count"": 12, ""scene_minutes"": 168.0, ""transport_count"": 12, ""transport_minutes"": 335.15000000000003}, ""trauma"": {""expected_lost"": 4.220674160270561, ""expected_saved"": 0.7793258397294385, ""mean_response_minutes"": 43.73417605366903, ""mean_scene_minutes"": 12.8, ""mean_transport_minutes"": 23.25, ""p90_response_minutes"": 70.54853374913606, ""patients"": 5, ""response_count"": 5, ""response_minutes"": 218.67088026834517, ""scene_count"": 5, ""scene_minutes"": 64.0, ""transport_count"": 4, ""transport_minutes"": 93.0}}","{""arrive_hospital"": 73, ""arrive_scene"": 33, ""hospital_release"": 55, ""patient_arrival"": 35, ""reposition_complete"": 31, ""restock_complete"": 31, ""scene_complete"": 32, ""transfer_ready"": 58}",21.301759,13.698241,0.39137832394964295,30.009378774703993,12.424242424242424,32.825806451612905,55.98541959983554,33,0.9428571428571428,35,35,2
Station South,82,2082,"{""cardiac"": {""expected_lost"": 11.335355357246554, ""expected_saved"": 0.6646446423558054, ""mean_response_minutes"": 109.20017790574217, ""mean_scene_minutes"": 12.0, ""mean_transport_minutes"": 38.54545454545453, ""p90_response_minutes"": 348.460983980695, ""patients"": 12, ""response_count"": 11, ""response_minutes"": 1201.2019569631639, ""scene_count"": 11, ""scene_minutes"": 132.0, ""transport_count"": 11, ""transport_minutes"": 423.9999999999999}, ""minor"": {""expected_lost"": 2.4980896371811703, ""expected_saved"": 6.501910362818831, ""mean_response_minutes"": 48.156821287689894, ""mean_scene_minutes"": 10.0, ""mean_transport_minutes"": 40.907142857142844, ""p90_response_minutes"": 77.97483996653136, ""patients"": 9, ""response_count"": 9, ""response_minutes"": 433.4113915892091, ""scene_count"": 9, ""scene_minutes"": 90.0, ""transport_count"": 7, ""transport_minutes"": 286.3499999999999}, ""stroke"": {""expected_lost"": 8.748355584874163, ""expected_saved"": 6.251644415125838, ""mean_response_minutes"": 33.44794293337596, ""mean_scene_minutes"": 14.0, ""mean_transport_minutes"": 25.857142857142858, ""p90_response_minutes"": 71.24321296285912, ""patients"": 15, ""response_count"": 14, ""response_minutes"": 468.2712010672635, ""scene_count"": 14, ""scene_minutes"": 196.0, ""transport_count"": 14, ""transport_minutes"": 362.0}, ""trauma"": {""expected_lost"": 10.302331554814234, ""expected_saved"": 0.6976684451857663, ""mean_response_minutes"": 89.98881378307478, ""mean_scene_minutes"": 16.0, ""mean_transport_minutes"": 26.999999999999982, ""p90_response_minutes"": 188.41161265118205, ""patients"": 11, ""response_count"": 7, ""response_minutes"": 629.9216964815234, ""scene_count"": 7, ""scene_minutes"": 112.0, ""transport_count"": 7, ""transport_minutes"": 188.9999999999999}}","{""arrive_hospital"": 87, ""arrive_scene"": 41, ""hospital_release"": 62, ""patient_arrival"": 47, ""reposition_complete"": 38, ""restock_complete"": 38, ""scene_complete"": 41, ""transfer_ready"": 69}",32.884132,14.115868,0.3003376141592817,66.65381088051609,12.926829268292684,32.34230769230769,95.46364247349902,41,0.8723404255319149,47,47,6
Station South,83,2083,"{""cardiac"": {""expected_lost"": 7.212534530631622, ""expected_saved"": 0.7874654693683776, ""mean_response_minutes"": 40.97496661988818, ""mean_scene_minutes"": 12.0, ""mean_transport_minutes"": 41.12857142857142, ""p90_response_minutes"": 78.5418815581118, ""patients"": 8, ""response_count"": 7, ""response_minutes"": 286.82476633921726, ""scene_count"": 7, ""scene_minutes"": 84.0, ""transport_count"": 7, ""transport_minutes"": 287.8999999999999}, ""minor"": {""expected_lost"": 2.212817888528604, ""expected_saved"": 8.787182111471395, ""mean_response_minutes"": 39.36754476964754, ""mean_scene_minutes"": 10.0, ""mean_transport_minutes"": 36.86, ""p90_response_minutes"": 60.67693402486528, ""patients"": 11, ""response_count"": 10, ""response_minutes"": 393.6754476964754, ""scene_count"": 10, ""scene_minutes"": 100.0, ""transport_count"": 10, ""transport_minutes"": 368.6}, ""stroke"": {""expected_lost"": 5.385270600061138, ""expected_saved"": 3.614729399938863, ""mean_response_minutes"": 27.95951321693007, ""mean_scene_minutes"": 14.0, ""mean_transport_minutes"": 26.474999999999994, ""p90_response_minutes"": 37.14104258089317, ""patients"": 9, ""response_count"": 8, ""response_minutes"": 223.67610573544056, ""scene_count"": 8, ""scene_minutes"": 112.0, ""transport_count"": 8, ""transport_minutes"": 211.79999999999995}, ""trauma"": {""expected_lost"": 11.57187024661195, ""expected_saved"": 2.428129753388052, ""mean_response_minutes"": 40.25890747730625, ""mean_scene_minutes"": 16.0, ""mean_transport_minutes"": 24.30714285714286, ""p90_response_minutes"": 66.9605122628031, ""patients"": 14, ""response_count"": 14, ""response_minutes"": 563.6247046822875, ""scene_count"": 14, ""scene_minutes"": 224.0, ""transport_count"": 14, ""transport_minutes"": 340.30000000000007}}","{""arrive_hospital"": 79, ""arrive_scene"": 39, ""hospital_release"": 55, ""patient_arrival"": 42, ""reposition_complete"": 36, ""restock_complete"": 36, ""scene_complete"": 39, ""transfer_ready"": 62}",26.382493,15.617507,0.3718453984325402,37.63592370393386,13.333333333333334,30.989743589743586,60.96695942008958,39,0.9285714285714286,42,42,3
Station South,84,2084,"{""cardiac"": {""expected_lost"": 11.912465419031285, ""expected_saved"": 1.087534580968714, ""mean_response_minutes"": 20.82516800115651, ""mean_scene_minutes"": 12.0, ""mean_transport_minutes"": 40.05714285714287, ""p90_response_minutes"": 33.23869329481513, ""patients"": 13, ""response_count"": 8, ""response_minutes"": 166.60134400925207, ""scene_count"": 8, ""scene_minutes"": 96.0, ""transport_count"": 7, ""transport_minutes"": 280.4000000000001}, ""minor"": {""expected_lost"": 1.945480643776222, ""expected_saved"": 8.05451935622378, ""mean_response_minutes"": 32.412441234260704, ""mean_scene_minutes"": 10.0, ""mean_transport_minutes"": 41.07777777777777, ""p90_response_minutes"": 65.45559569871476, ""patients"": 10, ""response_count"": 9, ""response_minutes"": 291.71197110834635, ""scene_count"": 9, ""scene_minutes"": 90.0, ""transport_count"": 9, ""transport_minutes"": 369.69999999999993}, ""stroke"": {""expected_lost"": 14.209429149358007, ""expected_saved"": 4.790570850641995, ""mean_response_minutes"": 90.07423332956338, ""mean_scene_minutes"": 13.999999999999998, ""mean_transport_minutes"": 26.618750000000006, ""p90_response_minutes"": 234.167733002271, ""patients"": 19, ""response_count"": 16, ""response_minutes"": 1441.1877332730141, ""scene_count"": 16, ""scene_minutes"": 223.99999999999997, ""transport_count"": 16, ""transport_minutes"": 425.9000000000001}, ""trauma"": {""expected_lost"": 8.21211001837054, ""expected_saved"": 0.7878899816294584, ""mean_response_minutes"": 95.37970793096363, ""mean_scene_minutes"": 16.0, ""mean_transport_minutes"": 29.75, ""p90_response_minutes"": 212.41755035462245, ""patients"": 9, ""response_count"": 8, ""response_minutes"": 763.0376634477091, ""scene_count"": 8, ""scene_minutes"": 128.0, ""transport_count"": 8, ""transport_minutes"": 238.0}}","{""arrive_hospital"": 88, ""arrive_scene"": 41, ""hospital_release"": 63, ""patient_arrival"": 51, ""reposition_complete"": 39, ""restock_complete"": 39, ""scene_complete"": 41, ""transfer_ready"": 72}",36.279485,14.720515,0.2886375444992931,64.93996858142249,13.121951219512194,32.85,125.81896660767882,41,0.803921568627451,51,51,10
Station South,85,2085,"{""cardiac"": {""expected_lost"": 12.116072071691338, ""expected_saved"": 0.8839279283086622, ""mean_response_minutes"": 63.68999176800958, ""mean_scene_minutes"": 12.0, ""mean_transport_minutes"": 40.679999999999986, ""p90_response_minutes"": 160.23204950080375, ""patients"": 13, ""response_count"": 10, ""response_minutes"": 636.8999176800958, ""scene_count"": 10, ""scene_minutes"": 120.0, ""transport_count"": 10, ""transport_minutes"": 406.79999999999984}, ""minor"": {""expected_lost"": 1.7247371362124138, ""expected_saved"": 7.275262863787587, ""mean_response_minutes"": 54.78012714504192, ""mean_scene_minutes"": 10.0, ""mean_transport_minutes"": 39.13333333333331, ""p90_response_minutes"": 85.9354643764273, ""patients"": 9, ""response_count"": 9, ""response_minutes"": 493.0211443053772, ""scene_count"": 9, ""scene_minutes"": 90.0, ""transport_count"": 9, ""transport_minutes"": 352.1999999999998}, ""stroke"": {""expected_lost"": 9.848194961555514, ""expected_saved"": 5.151805038444488, ""mean_response_minutes"": 44.55868867775082, ""mean_scene_minutes"": 14.0, ""mean_transport_minutes"": 27.053571428571423, ""p90_response_minutes"": 81.7876559344102, ""patients"": 15, ""response_count"": 14, ""response_minutes"": 623.8216414885115, ""scene_count"": 14, ""scene_minutes"": 196.0, ""transport_count"": 14, ""transport_minutes"": 378.74999999999994}, ""trauma"": {""expected_lost"": 11.261198465386789, ""expected_saved"": 0.7388015346132111, ""mean_response_minutes"": 72.01940846515905, ""mean_scene_minutes"": 16.0, ""mean_transport_minutes"": 29.266666666666676, ""p90_response_minutes"": 108.69438392532534, ""patients"": 12, ""response_count"": 9, ""response_minutes"": 648.1746761864314, ""scene_count"": 9, ""scene_minutes"": 144.0, ""transport_count"": 9, ""transport_minutes"": 263.4000000000001}}","{""arrive_hospital"": 94, ""arrive_scene"": 42, ""hospital_release"": 68, ""patient_arrival"": 49, ""reposition_complete"": 42, ""restock_complete"": 42, ""scene_complete"": 42, ""transfer_ready"": 75}",34.950203,14.049797,0.2867305584725295,57.1885090395337,13.095238095238095,33.36071428571428,89.62554969531189,42,0.8571428571428571,49,49,7
Station South,86,2086,"{""cardiac"": {""expected_lost"": 9.124624908941106, ""expected_saved"": 0.8753750910588943, ""mean_response_minutes"": 60.53267679672776, ""mean_scene_minutes"": 12.0, ""mean_transport_minutes"": 41.23749999999998, ""p90_response_minutes"": 132.98548733615877, ""patients"": 10, ""response_count"": 8, ""response_minutes"": 484.2614143738221, ""scene_count"": 8, ""scene_minutes"": 96.0, ""transport_count"": 8, ""transport_minutes"": 329.89999999999986}, ""minor"": {""expected_lost"": 2.191655792900286, ""expected_saved"": 10.808344207099713, ""mean_response_minutes"": 52.8339723743954, ""mean_scene_minutes"": 9.999999999999998, ""mean_transport_minutes"": 41.223076923076896, ""p90_response_minutes"": 74.44509414548213, ""patients"": 13, ""response_count"": 13, ""response_minutes"": 686.8416408671402, ""scene_count"": 13, ""scene_minutes"": 129.99999999999997, ""transport_count"": 13, ""transport_minutes"": 535.8999999999996}, ""stroke"": {""expected_lost"": 7.95427187366773, ""expected_saved"": 4.0457281263322695, ""mean_response_minutes"": 192.16512190700982, ""mean_scene_minutes"": 14.0, ""mean_transport_minutes"": 24.66363636363636, ""p90_response_minutes"": 824.5185095494737, ""patients"": 12, ""response_count"": 12, ""response_minutes"": 2305.9814628841177, ""scene_count"": 12, ""scene_minutes"": 168.0, ""transport_count"": 11, ""transport_minutes"": 271.29999999999995}, ""trauma"": {""expected_lost"": 7.311848633718103, ""expected_saved"": 0.6881513662818978, ""mean_response_minutes"": 77.01511026726932, ""mean_scene_minutes"": 16.0, ""mean_transport_minutes"": 25.714285714285715, ""p90_response_minutes"": 154.8227459049947, ""patients"": 8, ""response_count"": 7, ""response_minutes"": 539.1057718708853, ""scene_count"": 7, ""scene_minutes"": 112.0, ""transport_count"": 7, ""transport_minutes"": 180.0}}","{""arrive_hospital"": 91, ""arrive_scene"": 40, ""hospital_release"": 67, ""patient_arrival"": 43, ""reposition_complete"": 38, ""restock_complete"": 38, ""scene_complete"": 40, ""transfer_ready"": 70}",26.582401,16.417599,0.38180462304122725,100.40475724989912,12.65,33.77179487179486,228.44736089010848,40,0.9302325581395349,43,43,3
Station South,87,2087,"{""cardiac"": {""expected_lost"": 8.513070998752951, ""expected_saved"": 0.48692900124704913, ""mean_response_minutes"": 64.00705371479602, ""mean_scene_minutes"": 12.0, ""mean_transport_minutes"": 37.142857142857146, ""p90_response_minutes"": 140.94420501408587, ""patients"": 9, ""response_count"": 7, ""response_minutes"": 448.0493760035721, ""scene_count"": 7, ""scene_minutes"": 84.0, ""transport_count"": 7, ""transport_minutes"": 260.0}, ""minor"": {""expected_lost"": 2.5391279570339806, ""expected_saved"": 11.46087204296602, ""mean_response_minutes"": 52.82886597997748, ""mean_scene_minutes"": 10.0, ""mean_transport_minutes"": 40.60357142857141, ""p90_response_minutes"": 85.69418628582264, ""patients"": 14, ""response_count"": 14, ""response_minutes"": 739.6041237196847, ""scene_count"": 14, ""scene_minutes"": 140.0, ""transport_count"": 14, ""transport_minutes"": 568.4499999999998}, ""stroke"": {""expected_lost"": 5.849198032432527, ""expected_saved"": 2.1508019675674737, ""mean_response_minutes"": 58.37366844038, ""mean_scene_minutes"": 12.25, ""mean_transport_minutes"": 26.333333333333332, ""p90_response_minutes"": 131.1271102449194, ""patients"": 8, ""response_count"": 8, ""response_minutes"": 466.98934752304, ""scene_count"": 8, ""scene_minutes"": 98.0, ""transport_count"": 6, ""transport_minutes"": 158.0}, ""trauma"": {""expected_lost"": 13.457269870217111, ""expected_saved"": 2.5427301297828904, ""mean_response_minutes"": 54.94759803758523, ""mean_scene_minutes"": 16.0, ""mean_transport_minutes"": 23.3, ""p90_response_minutes"": 140.31920294917137, ""patients"": 16, ""response_count"": 15, ""response_minutes"": 824.2139705637785, ""scene_count"": 15, ""scene_minutes"": 240.0, ""transport_count"": 15, ""transport_minutes"": 349.5}}","{""arrive_hospital"": 88, ""arrive_scene"": 44, ""hospital_release"": 59, ""patient_arrival"": 47, ""reposition_complete"": 41, ""restock_complete"": 41, ""scene_complete"": 43, ""transfer_ready"": 68}",30.358667,16.641333,0.354070917905605,56.33765495022899,12.772727272727273,31.80833333333333,136.21808136030984,44,0.9361702127659575,47,47,3
Station South,88,2088,"{""cardiac"": {""expected_lost"": 16.495887044131265, ""expected_saved"": 0.5041129558687337, ""mean_response_minutes"": 84.73631885401727, ""mean_scene_minutes"": 12.0, ""mean_transport_minutes"": 40.039999999999985, ""p90_response_minutes"": 183.45231101901217, ""patients"": 17, ""response_count"": 10, ""response_minutes"": 847.3631885401727, ""scene_count"": 10, ""scene_minutes"": 120.0, ""transport_count"": 10, ""transport_minutes"": 400.39999999999986}, ""minor"": {""expected_lost"": 2.1926861474134056, ""expected_saved"": 8.807313852586594, ""mean_response_minutes"": 76.97742071859946, ""mean_scene_minutes"": 9.090909090909092, ""mean_transport_minutes"": 42.71499999999999, ""p90_response_minutes"": 53.26324320110018, ""patients"": 11, ""response_count"": 11, ""response_minutes"": 846.7516279045941, ""scene_count"": 11, ""scene_minutes"": 100.0, ""transport_count"": 10, ""transport_minutes"": 427.1499999999999}, ""stroke"": {""expected_lost"": 5.10899634040131, ""expected_saved"": 2.8910036595986903, ""mean_response_minutes"": 54.89324549721705, ""mean_scene_minutes"": 14.0, ""mean_transport_minutes"": 28.231250000000003, ""p90_response_minutes"": 124.5831116846079, ""patients"": 8, ""response_count"": 8, ""response_minutes"": 439.1459639777364, ""scene_count"": 8, ""scene_minutes"": 112.0, ""transport_count"": 8, ""transport_minutes"": 225.85000000000002}, ""trauma"": {""expected_lost"": 12.394331951531932, ""expected_saved"": 1.6056680484680668, ""mean_response_minutes"": 60.831339592646685, ""mean_scene_minutes"": 16.0, ""mean_transport_minutes"": 27.272727272727273, ""p90_response_minutes"": 156.512232218081, ""patients"": 14, ""response_count"": 11, ""response_minutes"": 669.1447355191135, ""scene_count"": 11, ""scene_minutes"": 176.0, ""transport_count"": 11, ""transport_minutes"": 300.0}}","{""arrive_hospital"": 86, ""arrive_scene"": 40, ""hospital_release"": 55, ""patient_arrival"": 50, ""reposition_complete"": 38, ""restock_complete"": 38, ""scene_complete"": 39, ""transfer_ready"": 67}",36.191901,13.808099,0.27616197033044165,70.06013789854042,12.7,34.7025641025641,167.62241588369415,40,0.8,50,50,10
Station South,89,2089,"{""cardiac"": {""expected_lost"": 14.27933914154475, ""expected_saved"": 0.7206608584552507, ""mean_response_minutes"": 48.0995326592433, ""mean_scene_minutes"": 12.0, ""mean_transport_minutes"": 40.622727272727275, ""p90_response_minutes"": 72.21528244299498, ""patients"": 15, ""response_count"": 11, ""response_minutes"": 529.0948592516763, ""scene_count"": 11, ""scene_minutes"": 132.0, ""transport_count"": 11, ""transport_minutes"": 446.85}, ""minor"": {""expected_lost"": 3.2988082568571997, ""expected_saved"": 11.701191743142802, ""mean_response_minutes"": 58.07401765102739, ""mean_scene_minutes"": 10.0, ""mean_transport_minutes"": 41.14333333333332, ""p90_response_minutes"": 102.01010954555713, ""patients"": 15, ""response_count"": 15, ""response_minutes"": 871.1102647654109, ""scene_count"": 15, ""scene_minutes"": 150.0, ""transport_count"": 15, ""transport_minutes"": 617.1499999999997}, ""stroke"": {""expected_lost"": 10.283163154804258, ""expected_saved"": 3.716836845195743, ""mean_response_minutes"": 59.86192184172236, ""mean_scene_minutes"": 12.833333333333336, ""mean_transport_minutes"": 27.027272727272724, ""p90_response_minutes"": 82.53790420222961, ""patients"": 14, ""response_count"": 12, ""response_minutes"": 718.3430621006684, ""scene_count"": 12, ""scene_minutes"": 154.00000000000003, ""transport_count"": 11, ""transport_minutes"": 297.29999999999995}, ""trauma"": {""expected_lost"": 6.372864397413972, ""expected_saved"": 0.6271356025860282, ""mean_response_minutes"": 65.80737001565352, ""mean_scene_minutes"": 16.0, ""mean_transport_minutes"": 20.5, ""p90_response_minutes"": 118.83320714208162, ""patients"": 7, ""response_count"": 6, ""response_minutes"": 394.8442200939211, ""scene_count"": 6, ""scene_minutes"": 96.0, ""transport_count"": 6, ""transport_minutes"": 123.0}}","{""arrive_hospital"": 106, ""arrive_scene"": 44, ""hospital_release"": 72, ""patient_arrival"": 51, ""reposition_complete"": 42, ""restock_complete"": 43, ""scene_complete"": 43, ""transfer_ready"": 80}",34.234175,16.765825,0.3287416676348983,57.122554686629016,12.090909090909092,34.51860465116278,88.55602316189372,44,0.8627450980392157,51,51,7
Station South,90,2090,"{""cardiac"": {""expected_lost"": 12.946621196818079, ""expected_saved"": 1.0533788028080604, ""mean_response_minutes"": 76.46010087951665, ""mean_scene_minutes"": 11.99999999999999, ""mean_transport_minutes"": 36.12727272727273, ""p90_response_minutes"": 174.7841092049236, ""patients"": 14, ""response_count"": 11, ""response_minutes"": 841.0611096746832, ""scene_count"": 11, ""scene_minutes"": 131.9999999999999, ""transport_count"": 11, ""transport_minutes"": 397.4000000000001}, ""minor"": {""expected_lost"": 2.2790845064091334, ""expected_saved"": 14.720915493590867, ""mean_response_minutes"": 40.25678383027687, ""mean_scene_minutes"": 10.0, ""mean_transport_minutes"": 41.94117647058823, ""p90_response_minutes"": 63.81586712145105, ""patients"": 17, ""response_count"": 17, ""response_minutes"": 684.3653251147068, ""scene_count"": 17, ""scene_minutes"": 170.0, ""transport_count"": 17, ""transport_minutes"": 713.0}, ""stroke"": {""expected_lost"": 6.997754287414858, ""expected_saved"": 2.0022457125851423, ""mean_response_minutes"": 73.39465024165855, ""mean_scene_minutes"": 14.0, ""mean_transport_minutes"": 27.375, ""p90_response_minutes"": 134.9751472041404, ""patients"": 9, ""response_count"": 8, ""response_minutes"": 587.1572019332684, ""scene_count"": 8, ""scene_minutes"": 112.0, ""transport_count"": 8, ""transport_minutes"": 219.0}, ""trauma"": {""expected_lost"": 10.14437216276434, ""expected_saved"": 0.8556278372356592, ""mean_response_minutes"": 56.69442954710207, ""mean_scene_minutes"": 16.0, ""mean_transport_minutes"": 24.57499999999999, ""p90_response_minutes"": 107.99483861622775, ""patients"": 11, ""response_count"": 8, ""response_minutes"": 453.55543637681654, ""scene_count"": 8, ""scene_minutes"": 128.0, ""transport_count"": 8, ""transport_minutes"": 196.5999999999999}}","{""arrive_hospital"": 105, ""arrive_scene"": 44, ""hospital_release"": 71, ""patient_arrival"": 51, ""reposition_complete"": 42, ""restock_complete"": 42, ""scene_complete"": 44, ""transfer_ready"": 78}",32.367832,18.632168,0.3653366244356809,58.3213425704426,12.318181818181815,34.68181818181818,137.1022025509969,44,0.8627450980392157,51,51,7
Station South,91,2091,"{""cardiac"": {""expected_lost"": 11.863614364781794, ""expected_saved"": 1.1363856352182073, ""mean_response_minutes"": 61.19802349186748, ""mean_scene_minutes"": 12.00000000000001, ""mean_transport_minutes"": 40.777272727272724, ""p90_response_minutes"": 156.22162199904062, ""patients"": 13, ""response_count"": 11, ""response_minutes"": 673.1782584105423, ""scene_count"": 11, ""scene_minutes"": 132.0000000000001, ""transport_count"": 11, ""transport_minutes"": 448.54999999999995}, ""minor"": {""expected_lost"": 2.6225013570620472, ""expected_saved"": 7.377498642937953, ""mean_response_minutes"": 57.153905105630734, ""mean_scene_minutes"": 10.0, ""mean_transport_minutes"": 40.166666666666664, ""p90_response_minutes"": 102.34480151989449, ""patients"": 10, ""response_count"": 9, ""response_minutes"": 514.3851459506766, ""scene_count"": 9, ""scene_minutes"": 90.0, ""transport_count"": 9, ""transport_minutes"": 361.5}, ""stroke"": {""expected_lost"": 6.361916806410217, ""expected_saved"": 2.6380831935897833, ""mean_response_minutes"": 53.324031722399745, ""mean_scene_minutes"": 12.444444444444445, ""mean_transport_minutes"": 27.14375000000001, ""p90_response_minutes"": 127.59844021403936, ""patients"": 9, ""response_count"": 9, ""response_minutes"": 479.9162855015977, ""scene_count"": 9, ""scene_minutes"": 112.0, ""transport_count"": 8, ""transport_minutes"": 217.1500000000001}, ""trauma"": {""expected_lost"": 8.27307317008294, ""expected_saved"": 0.7269268299170599, ""mean_response_minutes"": 90.41564672649763, ""mean_scene_minutes"": 16.0, ""mean_transport_minutes"": 28.11111111111111, ""p90_response_minutes"": 203.9128786961174, ""patients"": 9, ""response_count"": 9, ""response_minutes"": 813.7408205384786, ""scene_count"": 9, ""scene_minutes"": 144.0, ""transport_count"": 9, ""transport_minutes"": 253.0}}","{""arrive_hospital"": 85, ""arrive_scene"": 38, ""hospital_release"": 61, ""patient_arrival"": 41, ""reposition_complete"": 37, ""restock_complete"": 37, ""scene_complete"": 37, ""transfer_ready"": 65}",29.121106,11.878894,0.28972912930885375,65.29527658950778,12.578947368421055,34.6,168.90293403707997,38,0.926829268292683,41,41,3
Station South,92,2092,"{""cardiac"": {""expected_lost"": 7.570186366102319, ""expected_saved"": 0.42981363389768135, ""mean_response_minutes"": 55.51274428858296, ""mean_scene_minutes"": 12.0, ""mean_transport_minutes"": 43.428571428571395, ""p90_response_minutes"": 112.61735358283805, ""patients"": 8, ""response_count"": 7, ""response_minutes"": 388.5892100200807, ""scene_count"": 7, ""scene_minutes"": 84.0, ""transport_count"": 7, ""transport_minutes"": 303.9999999999998}, ""minor"": {""expected_lost"": 2.769992991253553, ""expected_saved"": 7.230007008746447, ""mean_response_minutes"": 38.02884886605343, ""mean_scene_minutes"": 9.0, ""mean_transport_minutes"": 34.875, ""p90_response_minutes"": 72.70818426658404, ""patients"": 10, ""response_count"": 10, ""response_minutes"": 380.2884886605343, ""scene_count"": 10, ""scene_minutes"": 90.0, ""transport_count"": 8, ""transport_minutes"": 279.0}, ""stroke"": {""expected_lost"": 7.072218442499577, ""expected_saved"": 4.927781557500423, ""mean_response_minutes"": 36.37728165758448, ""mean_scene_minutes"": 14.000000000000009, ""mean_transport_minutes"": 28.25833333333335, ""p90_response_minutes"": 58.3826769555408, ""patients"": 12, ""response_count"": 12, ""response_minutes"": 436.52737989101377, ""scene_count"": 12, ""scene_minutes"": 168.0000000000001, ""transport_count"": 12, ""transport_minutes"": 339.1000000000002}, ""trauma"": {""expected_lost"": 9.959690455071572, ""expected_saved"": 1.04030954492843, ""mean_response_minutes"": 48.80340556334345, ""mean_scene_minutes"": 16.0, ""mean_transport_minutes"": 28.931818181818187, ""p90_response_minutes"": 63.926014114885334, ""patients"": 11, ""response_count"": 11, ""response_minutes"": 536.837461196778, ""scene_count"": 11, ""scene_minutes"": 176.0, ""transport_count"": 11, ""transport_minutes"": 318.25000000000006}}","{""arrive_hospital"": 78, ""arrive_scene"": 40, ""hospital_release"": 60, ""patient_arrival"": 41, ""reposition_complete"": 37, ""restock_complete"": 37, ""scene_complete"": 39, ""transfer_ready"": 64}",27.372088,13.627912,0.3323880913432434,43.55606349421018,12.950000000000003,32.64078947368421,79.42249262614239,40,0.975609756097561,41,41,1
Station South,93,2093,"{""cardiac"": {""expected_lost"": 10.674023357898124, ""expected_saved"": 1.3259766421018762, ""mean_response_minutes"": 51.58072770900012, ""mean_scene_minutes"": 12.000000000000002, ""mean_transport_minutes"": 39.809090909090905, ""p90_response_minutes"": 185.78489059575975, ""patients"": 12, ""response_count"": 11, ""response_minutes"": 567.3880047990014, ""scene_count"": 11, ""scene_minutes"": 132.00000000000003, ""transport_count"": 11, ""transport_minutes"": 437.9}, ""minor"": {""expected_lost"": 1.6933343437362747, ""expected_saved"": 8.306665656263725, ""mean_response_minutes"": 30.18733373965206, ""mean_scene_minutes"": 10.0, ""mean_transport_minutes"": 40.19444444444446, ""p90_response_minutes"": 45.84287095005776, ""patients"": 10, ""response_count"": 9, ""response_minutes"": 271.68600365686854, ""scene_count"": 9, ""scene_minutes"": 90.0, ""transport_count"": 9, ""transport_minutes"": 361.7500000000001}, ""stroke"": {""expected_lost"": 4.932779916505767, ""expected_saved"": 3.0672200834942323, ""mean_response_minutes"": 36.17331298707065, ""mean_scene_minutes"": 14.0, ""mean_transport_minutes"": 28.25, ""p90_response_minutes"": 73.40398485754373, ""patients"": 8, ""response_count"": 7, ""response_minutes"": 253.21319090949459, ""scene_count"": 7, ""scene_minutes"": 98.0, ""transport_count"": 7, ""transport_minutes"": 197.75}, ""trauma"": {""expected_lost"": 12.550571222359501, ""expected_saved"": 1.4494287776404977, ""mean_response_minutes"": 34.716691092603035, ""mean_scene_minutes"": 16.0, ""mean_transport_minutes"": 26.563636363636366, ""p90_response_minutes"": 59.04104445619708, ""patients"": 14, ""response_count"": 12, ""response_minutes"": 416.6002931112364, ""scene_count"": 12, ""scene_minutes"": 192.0, ""transport_count"": 11, ""transport_minutes"": 292.20000000000005}}","{""arrive_hospital"": 85, ""arrive_scene"": 39, ""hospital_release"": 58, ""patient_arrival"": 44, ""reposition_complete"": 37, ""restock_complete"": 37, ""scene_complete"": 39, ""transfer_ready"": 65}",29.850709,14.149291,0.32157479907955294,38.68942288401541,13.128205128205128,33.93684210526316,62.16686484407015,39,0.8863636363636364,44,44,5
Station South,94,2094,"{""cardiac"": {""expected_lost"": 3.159371339452942, ""expected_saved"": 0.8406286605470576, ""mean_response_minutes"": 14.368784884639098, ""mean_scene_minutes"": 12.0, ""mean_transport_minutes"": 37.5, ""p90_response_minutes"": 21.64254186156692, ""patients"": 4, ""response_count"": 4, ""response_minutes"": 57.47513953855639, ""scene_count"": 4, ""scene_minutes"": 48.0, ""transport_count"": 4, ""transport_minutes"": 150.0}, ""minor"": {""expected_lost"": 0.6843335280071047, ""expected_saved"": 11.315666471992897, ""mean_response_minutes"": 24.37632579806224, ""mean_scene_minutes"": 10.0, ""mean_transport_minutes"": 39.71666666666667, ""p90_response_minutes"": 47.094281556158364, ""patients"": 12, ""response_count"": 12, ""response_minutes"": 292.5159095767469, ""scene_count"": 12, ""scene_minutes"": 120.0, ""transport_count"": 12, ""transport_minutes"": 476.6}, ""stroke"": {""expected_lost"": 5.898046747341845, ""expected_saved"": 4.101953252658155, ""mean_response_minutes"": 25.75296105262405, ""mean_scene_minutes"": 12.6, ""mean_transport_minutes"": 29.32222222222222, ""p90_response_minutes"": 33.75455735107911, ""patients"": 10, ""response_count"": 10, ""response_minutes"": 257.5296105262405, ""scene_count"": 10, ""scene_minutes"": 126.0, ""transport_count"": 9, ""transport_minutes"": 263.9}, ""trauma"": {""expected_lost"": 6.48027405024099, ""expected_saved"": 1.51972594975901, ""mean_response_minutes"": 34.5877740003545, ""mean_scene_minutes"": 16.0, ""mean_transport_minutes"": 26.5, ""p90_response_minutes"": 62.886766961932906, ""patients"": 8, ""response_count"": 8, ""response_minutes"": 276.702192002836, ""scene_count"": 8, ""scene_minutes"": 128.0, ""transport_count"": 8, ""transport_minutes"": 212.0}}","{""arrive_hospital"": 74, ""arrive_scene"": 34, ""hospital_release"": 56, ""patient_arrival"": 34, ""reposition_complete"": 32, ""restock_complete"": 33, ""scene_complete"": 33, ""transfer_ready"": 58}",16.222026,17.777974,0.5228815980869741,26.006554460128815,12.411764705882353,33.40909090909091,44.08977542889861,34,1.0,34,34,0
Station South,95,2095,"{""cardiac"": {""expected_lost"": 14.422191058390048, ""expected_saved"": 0.5778089416099524, ""mean_response_minutes"": 27.851008903915925, ""mean_scene_minutes"": 12.0, ""mean_transport_minutes"": 39.0625, ""p90_response_minutes"": 45.64625851758357, ""patients"": 15, ""response_count"": 4, ""response_minutes"": 111.4040356156637, ""scene_count"": 4, ""scene_minutes"": 48.0, ""transport_count"": 4, ""transport_minutes"": 156.25}, ""minor"": {""expected_lost"": 1.620757751975721, ""expected_saved"": 10.37924224802428, ""mean_response_minutes"": 42.05986503306362, ""mean_scene_minutes"": 10.0, ""mean_transport_minutes"": 40.050000000000004, ""p90_response_minutes"": 66.48662145267855, ""patients"": 12, ""response_count"": 12, ""response_minutes"": 504.71838039676345, ""scene_count"": 12, ""scene_minutes"": 120.0, ""transport_count"": 12, ""transport_minutes"": 480.6}, ""stroke"": {""expected_lost"": 12.252787666242321, ""expected_saved"": 3.7472123337576786, ""mean_response_minutes"": 68.01154311255027, ""mean_scene_minutes"": 12.727272727272727, ""mean_transport_minutes"": 29.724999999999987, ""p90_response_minutes"": 143.07417393963306, ""patients"": 16, ""response_count"": 11, ""response_minutes"": 748.126974238053, ""scene_count"": 11, ""scene_minutes"": 140.0, ""transport_count"": 10, ""transport_minutes"": 297.2499999999999}, ""trauma"": {""expected_lost"": 14.331418570581816, ""expected_saved"": 1.6685814294181833, ""mean_response_minutes"": 55.185669350881994, ""mean_scene_minutes"": 14.857142857142858, ""mean_transport_minutes"": 26.142307692307686, ""p90_response_minutes"": 110.64612023461173, ""patients"": 16, ""response_count"": 14, ""response_minutes"": 772.5993709123479, ""scene_count"": 14, ""scene_minutes"": 208.0, ""transport_count"": 13, ""transport_minutes"": 339.8499999999999}}","{""arrive_hospital"": 81, ""arrive_scene"": 41, ""hospital_release"": 57, ""patient_arrival"": 59, ""reposition_complete"": 38, ""restock_complete"": 38, ""scene_complete"": 39, ""transfer_ready"": 64}",42.627155,16.372845,0.27750584665779826,52.118262467386046,12.585365853658537,32.66538461538461,85.45066092061609,41,0.6949152542372882,59,59,18
Station South,96,2096,"{""cardiac"": {""expected_lost"": 7.367102183824015, ""expected_saved"": 0.6328978161759848, ""mean_response_minutes"": 62.453572253573675, ""mean_scene_minutes"": 12.0, ""mean_transport_minutes"": 35.99375, ""p90_response_minutes"": 121.62165598851374, ""patients"": 8, ""response_count"": 8, ""response_minutes"": 499.6285780285894, ""scene_count"": 8, ""scene_minutes"": 96.0, ""transport_count"": 8, ""transport_minutes"": 287.95}, ""minor"": {""expected_lost"": 0.9216288803144812, ""expected_saved"": 10.078371119685519, ""mean_response_minutes"": 27.0665047284626, ""mean_scene_minutes"": 10.0, ""mean_transport_minutes"": 40.277272727272745, ""p90_response_minutes"": 39.57740049931522, ""patients"": 11, ""response_count"": 11, ""response_minutes"": 297.7315520130886, ""scene_count"": 11, ""scene_minutes"": 110.0, ""transport_count"": 11, ""transport_minutes"": 443.0500000000002}, ""stroke"": {""expected_lost"": 7.067919583007646, ""expected_saved"": 3.9320804169923536, ""mean_response_minutes"": 28.97150441736712, ""mean_scene_minutes"": 14.0, ""mean_transport_minutes"": 29.91666666666668, ""p90_response_minutes"": 48.12620836011184, ""patients"": 11, ""response_count"": 10, ""response_minutes"": 289.71504417367123, ""scene_count"": 10, ""scene_minutes"": 140.0, ""transport_count"": 9, ""transport_minutes"": 269.2500000000001}, ""trauma"": {""expected_lost"": 7.409813996657892, ""expected_saved"": 1.5901860033421074, ""mean_response_minutes"": 51.75814915676315, ""mean_scene_minutes"": 16.0, ""mean_transport_minutes"": 25.094444444444434, ""p90_response_minutes"": 95.96916443799935, ""patients"": 9, ""response_count"": 9, ""response_minutes"": 465.82334241086835, ""scene_count"": 9, ""scene_minutes"": 144.0, ""transport_count"": 9, ""transport_minutes"": 225.8499999999999}}","{""arrive_hospital"": 82, ""arrive_scene"": 38, ""hospital_release"": 59, ""patient_arrival"": 39, ""reposition_complete"": 36, ""restock_complete"": 36, ""scene_complete"": 38, ""transfer_ready"": 64}",22.766465,16.233535,0.41624449631271687,40.86575043753204,12.894736842105264,33.13783783783784,75.2092708581198,38,0.9743589743589743,39,39,1
Station South,97,2097,"{""cardiac"": {""expected_lost"": 14.000742653425927, ""expected_saved"": 0.9992573465740696, ""mean_response_minutes"": 69.75268672139914, ""mean_scene_minutes"": 12.0, ""mean_transport_minutes"": 36.785714285714285, ""p90_response_minutes"": 185.31191977062352, ""patients"": 15, ""response_count"": 14, ""response_minutes"": 976.5376140995879, ""scene_count"": 14, ""scene_minutes"": 168.0, ""transport_count"": 14, ""transport_minutes"": 515.0}, ""minor"": {""expected_lost"": 2.1416096617100755, ""expected_saved"": 8.858390338289926, ""mean_response_minutes"": 36.593200215093184, ""mean_scene_minutes"": 9.999999999999995, ""mean_transport_minutes"": 43.03499999999999, ""p90_response_minutes"": 62.05859537944275, ""patients"": 11, ""response_count"": 10, ""response_minutes"": 365.93200215093185, ""scene_count"": 10, ""scene_minutes"": 99.99999999999994, ""transport_count"": 10, ""transport_minutes"": 430.3499999999999}, ""stroke"": {""expected_lost"": 6.385227231976626, ""expected_saved"": 3.614772768023375, ""mean_response_minutes"": 54.63045064880621, ""mean_scene_minutes"": 14.0, ""mean_transport_minutes"": 25.54, ""p90_response_minutes"": 88.1655468884329, ""patients"": 10, ""response_count"": 10, ""response_minutes"": 546.3045064880621, ""scene_count"": 10, ""scene_minutes"": 140.0, ""transport_count"": 10, ""transport_minutes"": 255.39999999999998}, ""trauma"": {""expected_lost"": 9.759612697439877, ""expected_saved"": 1.2403873023590681, ""mean_response_minutes"": 109.64610887620094, ""mean_scene_minutes"": 16.0, ""mean_transport_minutes"": 19.666666666666668, ""p90_response_minutes"": 177.7412399771129, ""patients"": 11, ""response_count"": 10, ""response_minutes"": 1096.4610887620095, ""scene_count"": 10, ""scene_minutes"": 160.0, ""transport_count"": 9, ""transport_minutes"": 177.0}}","{""arrive_hospital"": 99, ""arrive_scene"": 44, ""hospital_release"": 70, ""patient_arrival"": 47, ""reposition_complete"": 42, ""restock_complete"": 42, ""scene_complete"": 44, ""transfer_ready"": 74}",32.287192,14.712808,0.31303846287758386,67.84625480683161,12.909090909090908,32.0406976744186,113.27146071435631,44,0.9361702127659575,47,47,3
Station South,98,2098,"{""cardiac"": {""expected_lost"": 9.78402802206965, ""expected_saved"": 0.21597197736872625, ""mean_response_minutes"": 133.04910469810642, ""mean_scene_minutes"": 12.0, ""mean_transport_minutes"": 39.77142857142855, ""p90_response_minutes"": 297.7281537699479, ""patients"": 10, ""response_count"": 8, ""response_minutes"": 1064.3928375848513, ""scene_count"": 8, ""scene_minutes"": 96.0, ""transport_count"": 7, ""transport_minutes"": 278.39999999999986}, ""minor"": {""expected_lost"": 1.0779094130200246, ""expected_saved"": 5.922090586979976, ""mean_response_minutes"": 47.176818086769906, ""mean_scene_minutes"": 10.0, ""mean_transport_minutes"": 38.94285714285714, ""p90_response_minutes"": 66.9395743636084, ""patients"": 7, ""response_count"": 7, ""response_minutes"": 330.23772660738933, ""scene_count"": 7, ""scene_minutes"": 70.0, ""transport_count"": 7, ""transport_minutes"": 272.6}, ""stroke"": {""expected_lost"": 10.276309751077441, ""expected_saved"": 5.72369024892256, ""mean_response_minutes"": 41.15460053014991, ""mean_scene_minutes"": 14.0, ""mean_transport_minutes"": 26.760000000000005, ""p90_response_minutes"": 64.69527448301268, ""patients"": 16, ""response_count"": 15, ""response_minutes"": 617.3190079522486, ""scene_count"": 15, ""scene_minutes"": 210.0, ""transport_count"": 15, ""transport_minutes"": 401.4000000000001}, ""trauma"": {""expected_lost"": 9.62507839735681, ""expected_saved"": 1.3749216026431892, ""mean_response_minutes"": 69.51980743202962, ""mean_scene_minutes"": 16.0, ""mean_transport_minutes"": 28.431818181818173, ""p90_response_minutes"": 194.20956506440245, ""patients"": 11, ""response_count"": 11, ""response_minutes"": 764.7178817523259, ""scene_count"": 11, ""scene_minutes"": 176.0, ""transport_count"": 11, ""transport_minutes"": 312.7499999999999}}","{""arrive_hospital"": 80, ""arrive_scene"": 41, ""hospital_release"": 56, ""patient_arrival"": 44, ""reposition_complete"": 38, ""restock_complete"": 38, ""scene_complete"": 41, ""transfer_ready"": 67}",30.763326,13.236674,0.3008335094526012,67.72359643650768,13.463414634146341,31.628749999999997,194.20956506440245,41,0.9318181818181818,44,44,3
Station South,99,2099,"{""cardiac"": {""expected_lost"": 13.875655670757212, ""expected_saved"": 1.1243443284690613, ""mean_response_minutes"": 90.82136581819752, ""mean_scene_minutes"": 12.0, ""mean_transport_minutes"": 38.03076923076924, ""p90_response_minutes"": 289.7348913577814, ""patients"": 15, ""response_count"": 13, ""response_minutes"": 1180.6777556365678, ""scene_count"": 13, ""scene_minutes"": 156.0, ""transport_count"": 13, ""transport_minutes"": 494.4000000000001}, ""minor"": {""expected_lost"": 2.2651144096505558, ""expected_saved"": 5.734885590349445, ""mean_response_minutes"": 49.18678282591561, ""mean_scene_minutes"": 10.0, ""mean_transport_minutes"": 38.285714285714285, ""p90_response_minutes"": 64.74335896125436, ""patients"": 8, ""response_count"": 7, ""response_minutes"": 344.30747978140926, ""scene_count"": 7, ""scene_minutes"": 70.0, ""transport_count"": 7, ""transport_minutes"": 268.0}, ""stroke"": {""expected_lost"": 10.556803546605085, ""expected_saved"": 4.443196453394916, ""mean_response_minutes"": 61.28209739393396, ""mean_scene_minutes"": 13.999999999999991, ""mean_transport_minutes"": 25.926923076923075, ""p90_response_minutes"": 151.61823322029244, ""patients"": 15, ""response_count"": 13, ""response_minutes"": 796.6672661211414, ""scene_count"": 13, ""scene_minutes"": 181.9999999999999, ""transport_count"": 13, ""transport_minutes"": 337.04999999999995}, ""trauma"": {""expected_lost"": 11.39180134117746, ""expected_saved"": 0.6081986588225403, ""mean_response_minutes"": 122.1720644818993, ""mean_scene_minutes"": 14.222222222222221, ""mean_transport_minutes"": 28.943749999999994, ""p90_response_minutes"": 340.3623075115271, ""patients"": 12, ""response_count"": 9, ""response_minutes"": 1099.5485803370937, ""scene_count"": 9, ""scene_minutes"": 128.0, ""transport_count"": 8, ""transport_minutes"": 231.54999999999995}}","{""arrive_hospital"": 92, ""arrive_scene"": 42, ""hospital_release"": 60, ""patient_arrival"": 50, ""reposition_complete"": 40, ""restock_complete"": 40, ""scene_complete"": 41, ""transfer_ready"": 72}",38.089375,11.910625,0.23821250062071922,81.45716861610033,12.76190476190476,32.46341463414634,250.69224123766273,42,0.84,50,50,8
Central ER,0,2000,"{""cardiac"": {""expected_lost"": 18.233706423091956, ""expected_saved"": 0.7662935762564577, ""mean_response_minutes"": 102.76588507344488, ""mean_scene_minutes"": 11.999999999999993, ""mean_transport_minutes"": 39.34666666666666, ""p90_response_minutes"": 258.40339473763544, ""patients"": 19, ""response_count"": 15, ""response_minutes"": 1541.4882761016731, ""scene_count"": 15, ""scene_minutes"": 179.9999999999999, ""transport_count"": 15, ""transport_minutes"": 590.1999999999998}, ""minor"": {""expected_lost"": 3.955701763580138, ""expected_saved"": 11.044298236419863, ""mean_response_minutes"": 42.3151768000898, ""mean_scene_minutes"": 10.0, ""mean_transport_minutes"": 39.899999999999984, ""p90_response_minutes"": 72.63449922749024, ""patients"": 15, ""response_count"": 13, ""response_minutes"": 550.0972984011674, ""scene_count"": 13, ""scene_minutes"": 130.0, ""transport_count"": 13, ""transport_minutes"": 518.6999999999998}, ""stroke"": {""expected_lost"": 5.108878407704718, ""expected_saved"": 1.8911215922952822, ""mean_response_minutes"": 133.2486593645279, ""mean_scene_minutes"": 14.0, ""mean_transport_minutes"": 26.571428571428573, ""p90_response_minutes"": 332.1084761913934, ""patients"": 7, ""response_count"": 7, ""response_minutes"": 932.7406155516952, ""scene_count"": 7, ""scene_minutes"": 98.0, ""transport_count"": 7, ""transport_minutes"": 186.0}, ""trauma"": {""expected_lost"": 8.582408507110085, ""expected_saved"": 0.4175914928899145, ""mean_response_minutes"": 91.74805035756636, ""mean_scene_minutes"": 16.0, ""mean_transport_minutes"": 23.542857142857137, ""p90_response_minutes"": 173.10081301407214, ""patients"": 9, ""response_count"": 7, ""response_minutes"": 642.2363525029645, ""scene_count"": 7, ""scene_minutes"": 112.0, ""transport_count"": 7, ""transport_minutes"": 164.79999999999995}}","{""arrive_hospital"": 103, ""arrive_scene"": 42, ""hospital_release"": 68, ""patient_arrival"": 50, ""reposition_complete"": 40, ""restock_complete"": 40, ""scene_complete"": 42, ""transfer_ready"": 75}",35.880695,14.119305,0.2823860979572303,87.29910815613096,12.380952380952378,34.75476190476189,250.95175598834547,42,0.84,50,50,8
Central ER,1,2001,"{""cardiac"": {""expected_lost"": 10.210332112625975, ""expected_saved"": 0.7896678866941391, ""mean_response_minutes"": 62.270279187979185, ""mean_scene_minutes"": 12.0, ""mean_transport_minutes"": 39.97777777777776, ""p90_response_minutes"": 107.18934176171338, ""patients"": 11, ""response_count"": 9, ""response_minutes"": 560.4325126918127, ""scene_count"": 9, ""scene_minutes"": 108.0, ""transport_count"": 9, ""transport_minutes"": 359.79999999999984}, ""minor"": {""expected_lost"": 2.980180971554972, ""expected_saved"": 7.019819028445029, ""mean_response_minutes"": 36.08823570545079, ""mean_scene_minutes"": 8.88888888888889, ""mean_transport_minutes"": 40.96874999999998, ""p90_response_minutes"": 57.003773971320925, ""patients"": 10, ""response_count"": 9, ""response_minutes"": 324.79412134905715, ""scene_count"": 9, ""scene_minutes"": 80.0, ""transport_count"": 8, ""transport_minutes"": 327.74999999999983}, ""stroke"": {""expected_lost"": 9.494063518997894, ""expected_saved"": 2.505936481002106, ""mean_response_minutes"": 54.553667885343735, ""mean_scene_minutes"": 14.0, ""mean_transport_minutes"": 27.83749999999999, ""p90_response_minutes"": 99.21313987437178, ""patients"": 12, ""response_count"": 8, ""response_minutes"": 436.4293430827499, ""scene_count"": 8, ""scene_minutes"": 112.0, ""transport_count"": 8, ""transport_minutes"": 222.69999999999993}, ""trauma"": {""expected_lost"": 15.264262959284999, ""expected_saved"": 1.7357370407150021, ""mean_response_minutes"": 64.6267677182282, ""mean_scene_minutes"": 16.0, ""mean_transport_minutes"": 23.892857142857142, ""p90_response_minutes"": 140.5304040233991, ""patients"": 17, ""response_count"": 14, ""response_minutes"": 904.7747480551947, ""scene_count"": 14, ""scene_minutes"": 224.0, ""transport_count"": 14, ""transport_minutes"": 334.5}}","{""arrive_hospital"": 79, ""arrive_scene"": 40, ""hospital_release"": 56, ""patient_arrival"": 50, ""reposition_complete"": 38, ""restock_complete"": 38, ""scene_complete"": 39, ""transfer_ready"": 63}",37.94884,12.05116,0.24102320873712543,55.660768129470355,13.1,31.916666666666654,105.11700576831967,40,0.8,50,50,10
Central ER,2,2002,"{""cardiac"": {""expected_lost"": 10.179872542785784, ""expected_saved"": 0.8201274572142152, ""mean_response_minutes"": 47.14791749502106, ""mean_scene_minutes"": 12.00000000000001, ""mean_transport_minutes"": 40.424999999999976, ""p90_response_minutes"": 68.72641446752277, ""patients"": 11, ""response_count"": 10, ""response_minutes"": 471.4791749502106, ""scene_count"": 10, ""scene_minutes"": 120.00000000000011, ""transport_count"": 10, ""transport_minutes"": 404.2499999999998}, ""minor"": {""expected_lost"": 2.168210376873593, ""expected_saved"": 7.831789623126407, ""mean_response_minutes"": 42.506637169639816, ""mean_scene_minutes"": 10.000000000000002, ""mean_transport_minutes"": 42.40555555555554, ""p90_response_minutes"": 73.41469655009489, ""patients"": 10, ""response_count"": 9, ""response_minutes"": 382.55973452675835, ""scene_count"": 9, ""scene_minutes"": 90.00000000000001, ""transport_count"": 9, ""transport_minutes"": 381.64999999999986}, ""stroke"": {""expected_lost"": 5.100910592891635, ""expected_saved"": 3.8990894071083657, ""mean_response_minutes"": 31.422139270865046, ""mean_scene_minutes"": 14.0, ""mean_transport_minutes"": 24.88888888888889, ""p90_response_minutes"": 51.27926004853912, ""patients"": 9, ""response_count"": 9, ""response_minutes"": 282.7992534377854, ""scene_count"": 9, ""scene_minutes"": 126.0, ""transport_count"": 9, ""transport_minutes"": 224.0}, ""trauma"": {""expected_lost"": 13.680109442667757, ""expected_saved"": 1.3198905573322446, ""mean_response_minutes"": 100.07485273775471, ""mean_scene_minutes"": 16.0, ""mean_transport_minutes"": 26.996428571428567, ""p90_response_minutes"": 308.0127926361213, ""patients"": 15, ""response_count"": 14, ""response_minutes"": 1401.047938328566, ""scene_count"": 14, ""scene_minutes"": 224.0, ""transport_count"": 14, ""transport_minutes"": 377.94999999999993}}","{""arrive_hospital"": 88, ""arrive_scene"": 42, ""hospital_release"": 59, ""patient_arrival"": 45, ""reposition_complete"": 40, ""restock_complete"": 40, ""scene_complete"": 42, ""transfer_ready"": 68}",31.129103,13.870897,0.308242156550694,60.42585955341238,13.333333333333336,33.0440476190476,91.64803605030166,42,0.9333333333333333,45,45,3
Central ER,3,2003,"{""cardiac"": {""expected_lost"": 10.227376452381737, ""expected_saved"": 0.7726235476182636, ""mean_response_minutes"": 43.40198055940506, ""mean_scene_minutes"": 12.0, ""mean_transport_minutes"": 40.75555555555554, ""p90_response_minutes"": 73.08671923182516, ""patients"": 11, ""response_count"": 9, ""response_minutes"": 390.61782503464553, ""scene_count"": 9, ""scene_minutes"": 108.0, ""transport_count"": 9, ""transport_minutes"": 366.79999999999984}, ""minor"": {""expected_lost"": 2.685679547085964, ""expected_saved"": 7.3143204529140355, ""mean_response_minutes"": 80.25744359330413, ""mean_scene_minutes"": 10.0, ""mean_transport_minutes"": 38.5, ""p90_response_minutes"": 171.44969821454941, ""patients"": 10, ""response_count"": 10, ""response_minutes"": 802.5744359330413, ""scene_count"": 10, ""scene_minutes"": 100.0, ""transport_count"": 10, ""transport_minutes"": 385.0}, ""stroke"": {""expected_lost"": 9.307873984036878, ""expected_saved"": 3.6921260159631233, ""mean_response_minutes"": 79.26484714812054, ""mean_scene_minutes"": 14.0, ""mean_transport_minutes"": 29.39166666666665, ""p90_response_minutes"": 64.43919593691997, ""patients"": 13, ""response_count"": 12, ""response_minutes"": 951.1781657774465, ""scene_count"": 12, ""scene_minutes"": 168.0, ""transport_count"": 12, ""transport_minutes"": 352.6999999999998}, ""trauma"": {""expected_lost"": 10.490879478769255, ""expected_saved"": 1.5091205212307452, ""mean_response_minutes"": 77.83073377259525, ""mean_scene_minutes"": 12.8, ""mean_transport_minutes"": 22.25, ""p90_response_minutes"": 148.72242450171143, ""patients"": 12, ""response_count"": 10, ""response_minutes"": 778.3073377259525, ""scene_count"": 10, ""scene_minutes"": 128.0, ""transport_count"": 8, ""transport_minutes"": 178.0}}","{""arrive_hospital"": 89, ""arrive_scene"": 41, ""hospital_release"": 60, ""patient_arrival"": 46, ""reposition_complete"": 38, ""restock_complete"": 38, ""scene_complete"": 39, ""transfer_ready"": 70}",32.711809,13.288191,0.2888737073418731,71.28482352368499,12.292682926829269,32.88461538461537,120.35084417663552,41,0.8913043478260869,46,46,5
Central ER,4,2004,"{""cardiac"": {""expected_lost"": 6.6934126823717675, ""expected_saved"": 0.306587317628233, ""mean_response_minutes"": 53.982087980592, ""mean_scene_minutes"": 12.0, ""mean_transport_minutes"": 44.38999999999993, ""p90_response_minutes"": 77.51900980776068, ""patients"": 7, ""response_count"": 5, ""response_minutes"": 269.91043990296, ""scene_count"": 5, ""scene_minutes"": 60.0, ""transport_count"": 5, ""transport_minutes"": 221.94999999999965}, ""minor"": {""expected_lost"": 1.4520732206066391, ""expected_saved"": 8.54792677939336, ""mean_response_minutes"": 46.861394686628195, ""mean_scene_minutes"": 10.0, ""mean_transport_minutes"": 39.1, ""p90_response_minutes"": 82.31134780550519, ""patients"": 10, ""response_count"": 10, ""response_minutes"": 468.61394686628194, ""scene_count"": 10, ""scene_minutes"": 100.0, ""transport_count"": 10, ""transport_minutes"": 391.0}, ""stroke"": {""expected_lost"": 9.238937560214318, ""expected_saved"": 4.761062439785682, ""mean_response_minutes"": 31.851291471474884, ""mean_scene_minutes"": 14.0, ""mean_transport_minutes"": 29.125, ""p90_response_minutes"": 63.269620368318705, ""patients"": 14, ""response_count"": 12, ""response_minutes"": 382.2154976576986, ""scene_count"": 12, ""scene_minutes"": 168.0, ""transport_count"": 12, ""transport_minutes"": 349.5}, ""trauma"": {""expected_lost"": 7.389044947372479, ""expected_saved"": 0.6109550526275209, ""mean_response_minutes"": 131.9499934609543, ""mean_scene_minutes"": 16.0, ""mean_transport_minutes"": 28.099999999999994, ""p90_response_minutes"": 268.87005705162755, ""patients"": 8, ""response_count"": 8, ""response_minutes"": 1055.5999476876343, ""scene_count"": 8, ""scene_minutes"": 128.0, ""transport_count"": 8, ""transport_minutes"": 224.79999999999995}}","{""arrive_hospital"": 77, ""arrive_scene"": 35, ""hospital_release"": 56, ""patient_arrival"": 39, ""reposition_complete"": 34, ""restock_complete"": 35, ""scene_complete"": 35, ""transfer_ready"": 62}",24.773468,14.226532,0.3647828612675589,62.181138060416416,13.028571428571428,33.92142857142856,82.64955710710758,35,0.8974358974358975,39,39,4
Central ER,5,2005,"{""cardiac"": {""expected_lost"": 11.322306836666556, ""expected_saved"": 0.6776931627348117, ""mean_response_minutes"": 80.9133910256336, ""mean_scene_minutes"": 12.0, ""mean_transport_minutes"": 39.731818181818184, ""p90_response_minutes"": 215.33404824268644, ""patients"": 12, ""response_count"": 11, ""response_minutes"": 890.0473012819697, ""scene_count"": 11, ""scene_minutes"": 132.0, ""transport_count"": 11, ""transport_minutes"": 437.05}, ""minor"": {""expected_lost"": 3.18272768856943, ""expected_saved"": 8.81727231143057, ""mean_response_minutes"": 36.31745182629076, ""mean_scene_minutes"": 10.0, ""mean_transport_minutes"": 38.3, ""p90_response_minutes"": 67.47318047423126, ""patients"": 12, ""response_count"": 10, ""response_minutes"": 363.17451826290755, ""scene_count"": 10, ""scene_minutes"": 100.0, ""transport_count"": 10, ""transport_minutes"": 383.0}, ""stroke"": {""expected_lost"": 9.080999744562845, ""expected_saved"": 2.9190002554371564, ""mean_response_minutes"": 74.36480876864431, ""mean_scene_minutes"": 12.833333333333334, ""mean_transport_minutes"": 25.600000000000012, ""p90_response_minutes"": 126.87721116041809, ""patients"": 12, ""response_count"": 12, ""response_minutes"": 892.3777052237317, ""scene_count"": 12, ""scene_minutes"": 154.0, ""transport_count"": 11, ""transport_minutes"": 281.60000000000014}, ""trauma"": {""expected_lost"": 9.705488179542005, ""expected_saved"": 1.294511820457996, ""mean_response_minutes"": 51.55572174888837, ""mean_scene_minutes"": 14.545454545454545, ""mean_transport_minutes"": 28.560000000000013, ""p90_response_minutes"": 87.2989032557673, ""patients"": 11, ""response_count"": 11, ""response_minutes"": 567.112939237772, ""scene_count"": 11, ""scene_minutes"": 160.0, ""transport_count"": 10, ""transport_minutes"": 285.60000000000014}}","{""arrive_hospital"": 94, ""arrive_scene"": 44, ""hospital_release"": 64, ""patient_arrival"": 47, ""reposition_complete"": 41, ""restock_complete"": 41, ""scene_complete"": 42, ""transfer_ready"": 72}",33.291522,13.708478,0.2916697351076708,61.652556000145026,12.409090909090908,33.02976190476191,122.72360222007407,44,0.9361702127659575,47,47,3
Central ER,6,2006,"{""cardiac"": {""expected_lost"": 10.588389090131864, ""expected_saved"": 0.4116109098681337, ""mean_response_minutes"": 98.63150940572696, ""mean_scene_minutes"": 11.999999999999996, ""mean_transport_minutes"": 39.88333333333334, ""p90_response_minutes"": 166.3137002592861, ""patients"": 11, ""response_count"": 10, ""response_minutes"": 986.3150940572696, ""scene_count"": 10, ""scene_minutes"": 119.99999999999997, ""transport_count"": 9, ""transport_minutes"": 358.95000000000005}, ""minor"": {""expected_lost"": 0.7533802055606189, ""expected_saved"": 6.246619794439382, ""mean_response_minutes"": 38.24969189606112, ""mean_scene_minutes"": 10.0, ""mean_transport_minutes"": 37.57142857142857, ""p90_response_minutes"": 64.21204757095843, ""patients"": 7, ""response_count"": 7, ""response_minutes"": 267.7478432724279, ""scene_count"": 7, ""scene_minutes"": 70.0, ""transport_count"": 7, ""transport_minutes"": 263.0}, ""stroke"": {""expected_lost"": 7.201174207164042, ""expected_saved"": 4.798825792835957, ""mean_response_minutes"": 39.25611487433839, ""mean_scene_minutes"": 14.0, ""mean_transport_minutes"": 27.166666666666654, ""p90_response_minutes"": 66.46026234204456, ""patients"": 12, ""response_count"": 12, ""response_minutes"": 471.0733784920606, ""scene_count"": 12, ""scene_minutes"": 168.0, ""transport_count"": 12, ""transport_minutes"": 325.99999999999983}, ""trauma"": {""expected_lost"": 9.225003562618564, ""expected_saved"": 1.774996437381436, ""mean_response_minutes"": 43.73571310669321, ""mean_scene_minutes"": 16.0, ""mean_transport_minutes"": 25.900000000000013, ""p90_response_minutes"": 85.57392616654118, ""patients"": 11, ""response_count"": 10, ""response_minutes"": 437.3571310669321, ""scene_count"": 10, ""scene_minutes"": 160.0, ""transport_count"": 10, ""transport_minutes"": 259.0000000000001}}","{""arrive_hospital"": 81, ""arrive_scene"": 39, ""hospital_release"": 56, ""patient_arrival"": 41, ""reposition_complete"": 37, ""restock_complete"": 37, ""scene_complete"": 39, ""transfer_ready"": 66}",27.767947,13.232053,0.3227329984030465,55.44854992022281,13.282051282051283,31.761842105263153,114.48230344272437,39,0.9512195121951219,41,41,2
Central ER,7,2007,"{""cardiac"": {""expected_lost"": 7.58885071572338, ""expected_saved"": 0.41114928409975554, ""mean_response_minutes"": 188.09950711800914, ""mean_scene_minutes"": 12.0, ""mean_transport_minutes"": 36.583333333333336, ""p90_response_minutes"": 379.333871099503, ""patients"": 8, ""response_count"": 7, ""response_minutes"": 1316.696549826064, ""scene_count"": 7, ""scene_minutes"": 84.0, ""transport_count"": 6, ""transport_minutes"": 219.5}, ""minor"": {""expected_lost"": 2.4395087436538017, ""expected_saved"": 8.560491256346198, ""mean_response_minutes"": 59.60646046106506, ""mean_scene_minutes"": 10.0, ""mean_transport_minutes"": 41.50454545454543, ""p90_response_minutes"": 82.99911436129128, ""patients"": 11, ""response_count"": 11, ""response_minutes"": 655.6710650717157, ""scene_count"": 11, ""scene_minutes"": 110.0, ""transport_count"": 11, ""transport_minutes"": 456.5499999999997}, ""stroke"": {""expected_lost"": 8.921629257643152, ""expected_saved"": 4.078370742356846, ""mean_response_minutes"": 55.097455059553695, ""mean_scene_minutes"": 14.0, ""mean_transport_minutes"": 27.111538461538466, ""p90_response_minutes"": 85.31584762078833, ""patients"": 13, ""response_count"": 13, ""response_minutes"": 716.2669157741981, ""scene_count"": 13, ""scene_minutes"": 182.0, ""transport_count"": 13, ""transport_minutes"": 352.45000000000005}, ""trauma"": {""expected_lost"": 14.264002945777253, ""expected_saved"": 0.735997054222745, ""mean_response_minutes"": 127.89671280894444, ""mean_scene_minutes"": 14.857142857142858, ""mean_transport_minutes"": 26.78461538461539, ""p90_response_minutes"": 303.0416974556589, ""patients"": 15, ""response_count"": 14, ""response_minutes"": 1790.5539793252221, ""scene_count"": 14, ""scene_minutes"": 208.0, ""transport_count"": 13, ""transport_minutes"": 348.20000000000005}}","{""arrive_hospital"": 87, ""arrive_mortuary"": 1, ""arrive_scene"": 45, ""hospital_release"": 61, ""patient_arrival"": 47, ""reposition_complete"": 43, ""restock_complete"": 43, ""scene_complete"": 44, ""transfer_ready"": 71}",33.213992,13.786008,0.29331932631969254,99.53752244438223,12.977777777777778,32.016279069767435,280.03402518728177,45,0.9574468085106383,47,47,2
Central ER,8,2008,"{""cardiac"": {""expected_lost"": 8.448113017332648, ""expected_saved"": 0.5518869812979951, ""mean_response_minutes"": 124.22080178306189, ""mean_scene_minutes"": 10.666666666666666, ""mean_transport_minutes"": 37.5, ""p90_response_minutes"": 346.7651246523133, ""patients"": 9, ""response_count"": 9, ""response_minutes"": 1117.987216047557, ""scene_count"": 9, ""scene_minutes"": 96.0, ""transport_count"": 8, ""transport_minutes"": 300.0}, ""minor"": {""expected_lost"": 1.8285347205113072, ""expected_saved"": 9.171465279488695, ""mean_response_minutes"": 55.83008397801964, ""mean_scene_minutes"": 10.0, ""mean_transport_minutes"": 42.15, ""p90_response_minutes"": 71.93956951577456, ""patients"": 11, ""response_count"": 11, ""response_minutes"": 614.130923758216, ""scene_count"": 11, ""scene_minutes"": 110.0, ""transport_count"": 11, ""transport_minutes"": 463.65}, ""stroke"": {""expected_lost"": 7.331325476924461, ""expected_saved"": 3.668674523075538, ""mean_response_minutes"": 66.34008279263935, ""mean_scene_minutes"": 14.0, ""mean_transport_minutes"": 25.272727272727273, ""p90_response_minutes"": 166.32697426765398, ""patients"": 11, ""response_count"": 11, ""response_minutes"": 729.7409107190329, ""scene_count"": 11, ""scene_minutes"": 154.0, ""transport_count"": 11, ""transport_minutes"": 278.0}, ""trauma"": {""expected_lost"": 9.593253625978743, ""expected_saved"": 1.4067463740212582, ""mean_response_minutes"": 66.31715948725821, ""mean_scene_minutes"": 16.0, ""mean_transport_minutes"": 25.65454545454546, ""p90_response_minutes"": 69.88987406979379, ""patients"": 11, ""response_count"": 11, ""response_minutes"": 729.4887543598403, ""scene_count"": 11, ""scene_minutes"": 176.0, ""transport_count"": 11, ""transport_minutes"": 282.20000000000005}}","{""arrive_hospital"": 88, ""arrive_scene"": 42, ""hospital_release"": 64, ""patient_arrival"": 42, ""reposition_complete"": 41, ""restock_complete"": 41, ""scene_complete"": 41, ""transfer_ready"": 69}",27.201227,14.798773,0.3523517418543688,75.98447154487253,12.761904761904763,32.2890243902439,204.86372933131008,42,1.0,42,42,0
Central ER,9,2009,"{""cardiac"": {""expected_lost"": 8.468024004897556, ""expected_saved"": 0.5319759951024435, ""mean_response_minutes"": 77.57424764104076, ""mean_scene_minutes"": 12.0, ""mean_transport_minutes"": 39.67777777777778, ""p90_response_minutes"": 158.9863965633644, ""patients"": 9, ""response_count"": 9, ""response_minutes"": 698.1682287693668, ""scene_count"": 9, ""scene_minutes"": 108.0, ""transport_count"": 9, ""transport_minutes"": 357.1}, ""minor"": {""expected_lost"": 1.380106291902636, ""expected_saved"": 7.619893708097365, ""mean_response_minutes"": 46.809344712531576, ""mean_scene_minutes"": 10.0, ""mean_transport_minutes"": 42.088888888888874, ""p90_response_minutes"": 71.70108055349888, ""patients"": 9, ""response_count"": 9, ""response_minutes"": 421.2841024127842, ""scene_count"": 9, ""scene_minutes"": 90.0, ""transport_count"": 9, ""transport_minutes"": 378.7999999999999}, ""stroke"": {""expected_lost"": 5.216701998394825, ""expected_saved"": 1.783298001605175, ""mean_response_minutes"": 61.00851136917179, ""mean_scene_minutes"": 14.0, ""mean_transport_minutes"": 28.392857142857142, ""p90_response_minutes"": 87.11182006965919, ""patients"": 7, ""response_count"": 7, ""response_minutes"": 427.05957958420254, ""scene_count"": 7, ""scene_minutes"": 98.0, ""transport_count"": 7, ""transport_minutes"": 198.75}, ""trauma"": {""expected_lost"": 9.672008491247336, ""expected_saved"": 1.3279915087526633, ""mean_response_minutes"": 86.89572762662544, ""mean_scene_minutes"": 16.0, ""mean_transport_minutes"": 29.18181818181819, ""p90_response_minutes"": 255.30043730570662, ""patients"": 11, ""response_count"": 11, ""response_minutes"": 955.8530038928799, ""scene_count"": 11, ""scene_minutes"": 176.0, ""transport_count"": 11, ""transport_minutes"": 321.0000000000001}}","{""arrive_hospital"": 79, ""arrive_scene"": 36, ""hospital_release"": 60, ""patient_arrival"": 36, ""reposition_complete"": 36, ""restock_complete"": 36, ""scene_complete"": 36, ""transfer_ready"": 61}",24.736841,11.263159,0.31286553370993453,69.51013651831204,13.11111111111111,34.87916666666667,123.92037229555814,36,1.0,36,36,0
Central ER,10,2010,"{""cardiac"": {""expected_lost"": 17.375781002852722, ""expected_saved"": 0.6242189971472807, ""mean_response_minutes"": 50.25609306499095, ""mean_scene_minutes"": 12.0, ""mean_transport_minutes"": 39.69999999999998, ""p90_response_minutes"": 82.94588109124635, ""patients"": 18, ""response_count"": 9, ""response_minutes"": 452.3048375849185, ""scene_count"": 9, ""scene_minutes"": 108.0, ""transport_count"": 9, ""transport_minutes"": 357.29999999999984}, ""minor"": {""expected_lost"": 3.7741734977181456, ""expected_saved"": 11.225826502281855, ""mean_response_minutes"": 60.23578355051978, ""mean_scene_minutes"": 10.0, ""mean_transport_minutes"": 40.607142857142854, ""p90_response_minutes"": 124.97698711673894, ""patients"": 15, ""response_count"": 14, ""response_minutes"": 843.3009697072769, ""scene_count"": 14, ""scene_minutes"": 140.0, ""transport_count"": 14, ""transport_minutes"": 568.5}, ""stroke"": {""expected_lost"": 13.001516319843802, ""expected_saved"": 2.998483680156198, ""mean_response_minutes"": 92.05863657363652, ""mean_scene_minutes"": 14.0, ""mean_transport_minutes"": 26.304166666666642, ""p90_response_minutes"": 216.09411698560774, ""patients"": 16, ""response_count"": 12, ""response_minutes"": 1104.7036388836382, ""scene_count"": 12, ""scene_minutes"": 168.0, ""transport_count"": 12, ""transport_minutes"": 315.6499999999997}, ""trauma"": {""expected_lost"": 12.904129064287995, ""expected_saved"": 1.0958709357120033, ""mean_response_minutes"": 113.51319568892917, ""mean_scene_minutes"": 16.0, ""mean_transport_minutes"": 25.018181818181823, ""p90_response_minutes"": 323.9031213283066, ""patients"": 14, ""response_count"": 11, ""response_minutes"": 1248.6451525782209, ""scene_count"": 11, ""scene_minutes"": 176.0, ""transport_count"": 11, ""transport_minutes"": 275.20000000000005}}","{""arrive_hospital"": 103, ""arrive_scene"": 46, ""hospital_release"": 67, ""patient_arrival"": 63, ""reposition_complete"": 44, ""restock_complete"": 44, ""scene_complete"": 46, ""transfer_ready"": 80}",47.0556,15.9444,0.2530857161158307,79.32509997291422,12.869565217391305,32.97065217391304,198.80701476375677,46,0.7301587301587301,63,63,17
Central ER,11,2011,"{""cardiac"": {""expected_lost"": 10.257588388958633, ""expected_saved"": 0.7424116110413674, ""mean_response_minutes"": 72.40998434797518, ""mean_scene_minutes"": 12.0, ""mean_transport_minutes"": 39.90999999999999, ""p90_response_minutes"": 220.11531763687498, ""patients"": 11, ""response_count"": 10, ""response_minutes"": 724.0998434797518, ""scene_count"": 10, ""scene_minutes"": 120.0, ""transport_count"": 10, ""transport_minutes"": 399.0999999999999}, ""minor"": {""expected_lost"": 1.970181762218953, ""expected_saved"": 9.029818237781047, ""mean_response_minutes"": 52.1114271203764, ""mean_scene_minutes"": 10.0, ""mean_transport_minutes"": 39.19999999999998, ""p90_response_minutes"": 90.5008778137256, ""patients"": 11, ""response_count"": 11, ""response_minutes"": 573.2256983241404, ""scene_count"": 11, ""scene_minutes"": 110.0, ""transport_count"": 11, ""transport_minutes"": 431.1999999999998}, ""stroke"": {""expected_lost"": 4.779641149044794, ""expected_saved"": 2.2203588509552064, ""mean_response_minutes"": 50.51493622410202, ""mean_scene_minutes"": 14.0, ""mean_transport_minutes"": 27.142857142857142, ""p90_response_minutes"": 94.99306381918737, ""patients"": 7, ""response_count"": 7, ""response_minutes"": 353.60455356871415, ""scene_count"": 7, ""scene_minutes"": 98.0, ""transport_count"": 7, ""transport_minutes"": 190.0}, ""trauma"": {""expected_lost"": 10.266128452813799, ""expected_saved"": 0.7338715471862027, ""mean_response_minutes"": 106.33162466036424, ""mean_scene_minutes"": 16.0, ""mean_transport_minutes"": 28.195000000000004, ""p90_response_minutes"": 216.04399099105757, ""patients"": 11, ""response_count"": 10, ""response_minutes"": 1063.3162466036424, ""scene_count"": 10, ""scene_minutes"": 160.0, ""transport_count"": 10, ""transport_minutes"": 281.95000000000005}}","{""arrive_hospital"": 86, ""arrive_scene"": 38, ""hospital_release"": 57, ""patient_arrival"": 40, ""reposition_complete"": 37, ""restock_complete"": 37, ""scene_complete"": 38, ""transfer_ready"": 65}",27.27354,12.72646,0.31816150617409555,71.42753531516442,12.842105263157896,34.26973684210526,163.28493894855603,38,0.95,40,40,2
Central ER,12,2012,"{""cardiac"": {""expected_lost"": 13.314137913873802, ""expected_saved"": 0.6858620857602816, ""mean_response_minutes"": 70.46911306035744, ""mean_scene_minutes"": 11.999999999999991, ""mean_transport_minutes"": 41.14615384615384, ""p90_response_minutes"": 96.33034474177778, ""patients"": 14, ""response_count"": 13, ""response_minutes"": 916.0984697846467, ""scene_count"": 13, ""scene_minutes"": 155.9999999999999, ""transport_count"": 13, ""transport_minutes"": 534.8999999999999}, ""minor"": {""expected_lost"": 3.3075166148901016, ""expected_saved"": 9.692483385109899, ""mean_response_minutes"": 53.352005483423056, ""mean_scene_minutes"": 10.0, ""mean_transport_minutes"": 36.74583333333334, ""p90_response_minutes"": 80.48674610215521, ""patients"": 13, ""response_count"": 12, ""response_minutes"": 640.2240658010767, ""scene_count"": 12, ""scene_minutes"": 120.0, ""transport_count"": 12, ""transport_minutes"": 440.95000000000005}, ""stroke"": {""expected_lost"": 10.30477525417772, ""expected_saved"": 3.69522474582228, ""mean_response_minutes"": 83.50528477487583, ""mean_scene_minutes"": 13.999999999999996, ""mean_transport_minutes"": 27.500000000000007, ""p90_response_minutes"": 160.11306168526585, ""patients"": 14, ""response_count"": 14, ""response_minutes"": 1169.0739868482617, ""scene_count"": 14, ""scene_minutes"": 195.99999999999994, ""transport_count"": 14, ""transport_minutes"": 385.0000000000001}, ""trauma"": {""expected_lost"": 7.554554559572913, ""expected_saved"": 0.4454454404270864, ""mean_response_minutes"": 111.44277874569613, ""mean_scene_minutes"": 16.0, ""mean_transport_minutes"": 27.31428571428572, ""p90_response_minutes"": 214.54663918689886, ""patients"": 8, ""response_count"": 7, ""response_minutes"": 780.0994512198729, ""scene_count"": 7, ""scene_minutes"": 112.0, ""transport_count"": 7, ""transport_minutes"": 191.20000000000005}}","{""arrive_hospital"": 108, ""arrive_scene"": 46, ""hospital_release"": 76, ""patient_arrival"": 49, ""reposition_complete"": 43, ""restock_complete"": 44, ""scene_complete"": 46, ""transfer_ready"": 84}",34.480984,14.519016,0.2963064419820316,76.20643420986647,12.695652173913038,33.74021739130435,159.15836794682912,46,0.9387755102040817,49,49,3
Central ER,13,2013,"{""cardiac"": {""expected_lost"": 2.5353679793603314, ""expected_saved"": 0.4646320206396683, ""mean_response_minutes"": 20.666666666666668, ""mean_scene_minutes"": 12.0, ""mean_transport_minutes"": 39.0, ""p90_response_minutes"": 23.0, ""patients"": 3, ""response_count"": 3, ""response_minutes"": 62.0, ""scene_count"": 3, ""scene_minutes"": 36.0, ""transport_count"": 3, ""transport_minutes"": 117.0}, ""minor"": {""expected_lost"": 1.3714341376225774, ""expected_saved"": 8.628565862377423, ""mean_response_minutes"": 41.31607629645036, ""mean_scene_minutes"": 10.0, ""mean_transport_minutes"": 40.05999999999998, ""p90_response_minutes"": 64.40476368405135, ""patients"": 10, ""response_count"": 10, ""response_minutes"": 413.16076296450365, ""scene_count"": 10, ""scene_minutes"": 100.0, ""transport_count"": 10, ""transport_minutes"": 400.5999999999998}, ""stroke"": {""expected_lost"": 8.674479539162594, ""expected_saved"": 4.325520460837407, ""mean_response_minutes"": 44.63735401552374, ""mean_scene_minutes"": 14.0, ""mean_transport_minutes"": 25.445833333333344, ""p90_response_minutes"": 106.39330880559383, ""patients"": 13, ""response_count"": 13, ""response_minutes"": 580.2856022018086, ""scene_count"": 13, ""scene_minutes"": 182.0, ""transport_count"": 12, ""transport_minutes"": 305.35000000000014}, ""trauma"": {""expected_lost"": 7.757011124153477, ""expected_saved"": 1.2429888758465228, ""mean_response_minutes"": 60.238920876306615, ""mean_scene_minutes"": 16.00000000000001, ""mean_transport_minutes"": 27.466666666666672, ""p90_response_minutes"": 169.38933414723016, ""patients"": 9, ""response_count"": 9, ""response_minutes"": 542.1502878867595, ""scene_count"": 9, ""scene_minutes"": 144.00000000000009, ""transport_count"": 9, ""transport_minutes"": 247.20000000000005}}","{""arrive_hospital"": 71, ""arrive_scene"": 35, ""hospital_release"": 51, ""patient_arrival"": 35, ""reposition_complete"": 33, ""restock_complete"": 33, ""scene_complete"": 35, ""transfer_ready"": 58}",20.338293,14.661707,0.4189059205628861,45.64561865865919,13.200000000000003,31.475,100.79731505589072,35,1.0,35,35,0
Central ER,14,2014,"{""cardiac"": {""expected_lost"": 11.73374503117299, ""expected_saved"": 0.26625496882701066, ""mean_response_minutes"": 104.97011985025965, ""mean_scene_minutes"": 11.999999999999975, ""mean_transport_minutes"": 42.91999999999998, ""p90_response_minutes"": 222.0001639166715, ""patients"": 12, ""response_count"": 5, ""response_minutes"": 524.8505992512983, ""scene_count"": 5, ""scene_minutes"": 59.99999999999987, ""transport_count"": 5, ""transport_minutes"": 214.5999999999999}, ""minor"": {""expected_lost"": 4.866712146433829, ""expected_saved"": 14.13328785356617, ""mean_response_minutes"": 76.71879785190866, ""mean_scene_minutes"": 10.0, ""mean_transport_minutes"": 41.050000000000004, ""p90_response_minutes"": 144.30209617729338, ""patients"": 19, ""response_count"": 19, ""response_minutes"": 1457.6571591862646, ""scene_count"": 19, ""scene_minutes"": 190.0, ""transport_count"": 18, ""transport_minutes"": 738.9000000000001}, ""stroke"": {""expected_lost"": 9.120865442441792, ""expected_saved"": 2.8791345575582064, ""mean_response_minutes"": 73.95726876166992, ""mean_scene_minutes"": 14.0, ""mean_transport_minutes"": 25.466666666666658, ""p90_response_minutes"": 112.57698972591226, ""patients"": 12, ""response_count"": 9, ""response_minutes"": 665.6154188550292, ""scene_count"": 9, ""scene_minutes"": 126.0, ""transport_count"": 9, ""transport_minutes"": 229.19999999999993}, ""trauma"": {""expected_lost"": 14.400669774351304, ""expected_saved"": 1.5993302256486974, ""mean_response_minutes"": 50.982076871293636, ""mean_scene_minutes"": 15.999999999999991, ""mean_transport_minutes"": 25.325000000000003, ""p90_response_minutes"": 97.66298416770012, ""patients"": 16, ""response_count"": 12, ""response_minutes"": 611.7849224555237, ""scene_count"": 12, ""scene_minutes"": 191.9999999999999, ""transport_count"": 12, ""transport_minutes"": 303.90000000000003}}","{""arrive_hospital"": 98, ""arrive_scene"": 45, ""hospital_release"": 68, ""patient_arrival"": 59, ""reposition_complete"": 43, ""restock_complete"": 43, ""scene_complete"": 45, ""transfer_ready"": 75}",40.121992,18.878008,0.3199662306033913,72.4424022166248,12.622222222222216,33.78636363636363,180.58284576145462,45,0.7627118644067796,59,59,14
Central ER,15,2015,"{""cardiac"": {""expected_lost"": 9.747559645354189, ""expected_saved"": 1.252440354645811, ""mean_response_minutes"": 30.065646600265197, ""mean_scene_minutes"": 12.0, ""mean_transport_minutes"": 37.82727272727272, ""p90_response_minutes"": 47.164125272183696, ""patients"": 11, ""response_count"": 11, ""response_minutes"": 330.72211260291715, ""scene_count"": 11, ""scene_minutes"": 132.0, ""transport_count"": 11, ""transport_minutes"": 416.0999999999999}, ""minor"": {""expected_lost"": 2.220795250533965, ""expected_saved"": 4.779204749466035, ""mean_response_minutes"": 57.837333789614775, ""mean_scene_minutes"": 10.0, ""mean_transport_minutes"": 39.0, ""p90_response_minutes"": 92.88760882151018, ""patients"": 7, ""response_count"": 6, ""response_minutes"": 347.02400273768865, ""scene_count"": 6, ""scene_minutes"": 60.0, ""transport_count"": 6, ""transport_minutes"": 234.0}, ""stroke"": {""expected_lost"": 3.769356084236025, ""expected_saved"": 1.230643915763975, ""mean_response_minutes"": 49.164361283619066, ""mean_scene_minutes"": 11.2, ""mean_transport_minutes"": 29.5, ""p90_response_minutes"": 78.96810807430234, ""patients"": 5, ""response_count"": 5, ""response_minutes"": 245.82180641809532, ""scene_count"": 5, ""scene_minutes"": 56.0, ""transport_count"": 4, ""transport_minutes"": 118.0}, ""trauma"": {""expected_lost"": 10.974457819721245, ""expected_saved"": 2.0255421802787548, ""mean_response_minutes"": 37.15044608093408, ""mean_scene_minutes"": 16.0, ""mean_transport_minutes"": 23.08636363636364, ""p90_response_minutes"": 40.415049336492984, ""patients"": 13, ""response_count"": 11, ""response_minutes"": 408.6549068902749, ""scene_count"": 11, ""scene_minutes"": 176.0, ""transport_count"": 11, ""transport_minutes"": 253.95000000000005}}","{""arrive_hospital"": 70, ""arrive_scene"": 33, ""hospital_release"": 48, ""patient_arrival"": 36, ""reposition_complete"": 32, ""restock_complete"": 32, ""scene_complete"": 32, ""transfer_ready"": 53}",26.712169,9.287831,0.25799531111540475,40.370388746938666,12.848484848484848,31.9390625,75.17446309770071,33,0.9166666666666666,36,36,3
Central ER,16,2016,"{""cardiac"": {""expected_lost"": 8.345771220201804, ""expected_saved"": 0.6542287797981966, ""mean_response_minutes"": 89.57043583735242, ""mean_scene_minutes"": 12.0, ""mean_transport_minutes"": 39.827777777777776, ""p90_response_minutes"": 225.15570785413632, ""patients"": 9, ""response_count"": 9, ""response_minutes"": 806.1339225361718, ""scene_count"": 9, ""scene_minutes"": 108.0, ""transport_count"": 9, ""transport_minutes"": 358.45}, ""minor"": {""expected_lost"": 3.3520816966283333, ""expected_saved"": 11.647918303371666, ""mean_response_minutes"": 62.03172395449318, ""mean_scene_minutes"": 10.0, ""mean_transport_minutes"": 39.24666666666666, ""p90_response_minutes"": 89.44812698880776, ""patients"": 15, ""response_count"": 15, ""response_minutes"": 930.4758593173977, ""scene_count"": 15, ""scene_minutes"": 150.0, ""transport_count"": 15, ""transport_minutes"": 588.6999999999999}, ""stroke"": {""expected_lost"": 9.312934187438236, ""expected_saved"": 2.6870658125617646, ""mean_response_minutes"": 73.65612778421306, ""mean_scene_minutes"": 14.0, ""mean_transport_minutes"": 28.814999999999987, ""p90_response_minutes"": 151.99594949217416, ""patients"": 12, ""response_count"": 10, ""response_minutes"": 736.5612778421305, ""scene_count"": 10, ""scene_minutes"": 140.0, ""transport_count"": 10, ""transport_minutes"": 288.14999999999986}, ""trauma"": {""expected_lost"": 7.298826810329571, ""expected_saved"": 0.7011731896704299, ""mean_response_minutes"": 38.60806281716215, ""mean_scene_minutes"": 16.0, ""mean_transport_minutes"": 31.02857142857143, ""p90_response_minutes"": 57.14620035704633, ""patients"": 8, ""response_count"": 7, ""response_minutes"": 270.25643972013506, ""scene_count"": 7, ""scene_minutes"": 112.0, ""transport_count"": 7, ""transport_minutes"": 217.2}}","{""arrive_hospital"": 99, ""arrive_scene"": 41, ""hospital_release"": 64, ""patient_arrival"": 44, ""reposition_complete"": 40, ""restock_complete"": 41, ""scene_complete"": 41, ""transfer_ready"": 75}",28.309614,15.690386,0.35659968375913764,66.91286583941061,12.439024390243903,35.42682926829268,147.83897547646728,41,0.9318181818181818,44,44,3
Central ER,17,2017,"{""cardiac"": {""expected_lost"": 8.666081350549051, ""expected_saved"": 0.33391864945094857, ""mean_response_minutes"": 112.69928828353959, ""mean_scene_minutes"": 12.0, ""mean_transport_minutes"": 41.69999999999999, ""p90_response_minutes"": 271.48244348880905, ""patients"": 9, ""response_count"": 7, ""response_minutes"": 788.8950179847772, ""scene_count"": 7, ""scene_minutes"": 84.0, ""transport_count"": 7, ""transport_minutes"": 291.8999999999999}, ""minor"": {""expected_lost"": 4.457678994777374, ""expected_saved"": 11.542321005222625, ""mean_response_minutes"": 78.90293572076855, ""mean_scene_minutes"": 10.0, ""mean_transport_minutes"": 41.00333333333333, ""p90_response_minutes"": 204.69971582446607, ""patients"": 16, ""response_count"": 15, ""response_minutes"": 1183.5440358115284, ""scene_count"": 15, ""scene_minutes"": 150.0, ""transport_count"": 15, ""transport_minutes"": 615.05}, ""stroke"": {""expected_lost"": 4.913358670869661, ""expected_saved"": 3.0866413291303387, ""mean_response_minutes"": 65.9850199351504, ""mean_scene_minutes"": 14.0, ""mean_transport_minutes"": 24.625, ""p90_response_minutes"": 139.99649825739118, ""patients"": 8, ""response_count"": 8, ""response_minutes"": 527.8801594812032, ""scene_count"": 8, ""scene_minutes"": 112.0, ""transport_count"": 8, ""transport_minutes"": 197.0}, ""trauma"": {""expected_lost"": 12.628898069410024, ""expected_saved"": 1.3711019305899756, ""mean_response_minutes"": 120.25003487625978, ""mean_scene_minutes"": 15.999999999999998, ""mean_transport_minutes"": 27.26666666666667, ""p90_response_minutes"": 351.8411970229628, ""patients"": 14, ""response_count"": 13, ""response_minutes"": 1563.250453391377, ""scene_count"": 13, ""scene_minutes"": 207.99999999999997, ""transport_count"": 12, ""transport_minutes"": 327.20000000000005}}","{""arrive_hospital"": 90, ""arrive_mortuary"": 1, ""arrive_scene"": 43, ""hospital_release"": 62, ""patient_arrival"": 47, ""reposition_complete"": 40, ""restock_complete"": 40, ""scene_complete"": 43, ""transfer_ready"": 68}",30.666017,16.333983,0.34753155137008274,94.50162015509035,12.883720930232558,34.074999999999996,304.04503046496694,43,0.9148936170212766,47,47,4
Central ER,18,2018,"{""cardiac"": {""expected_lost"": 11.298987369972487, ""expected_saved"": 0.701012630027511, ""mean_response_minutes"": 59.22280583873323, ""mean_scene_minutes"": 12.0, ""mean_transport_minutes"": 38.3, ""p90_response_minutes"": 98.72230618455308, ""patients"": 12, ""response_count"": 11, ""response_minutes"": 651.4508642260655, ""scene_count"": 11, ""scene_minutes"": 132.0, ""transport_count"": 11, ""transport_minutes"": 421.29999999999995}, ""minor"": {""expected_lost"": 4.465882833508296, ""expected_saved"": 11.534117166491702, ""mean_response_minutes"": 71.07196494561698, ""mean_scene_minutes"": 10.0, ""mean_transport_minutes"": 41.32333333333333, ""p90_response_minutes"": 149.93489655782483, ""patients"": 16, ""response_count"": 15, ""response_minutes"": 1066.0794741842547, ""scene_count"": 15, ""scene_minutes"": 150.0, ""transport_count"": 15, ""transport_minutes"": 619.8499999999999}, ""stroke"": {""expected_lost"": 7.716053176504996, ""expected_saved"": 2.283946823495003, ""mean_response_minutes"": 107.15295101961584, ""mean_scene_minutes"": 12.25, ""mean_transport_minutes"": 24.285714285714285, ""p90_response_minutes"": 308.98983601365035, ""patients"": 10, ""response_count"": 8, ""response_minutes"": 857.2236081569267, ""scene_count"": 8, ""scene_minutes"": 98.0, ""transport_count"": 7, ""transport_minutes"": 170.0}, ""trauma"": {""expected_lost"": 8.230644403397276, ""expected_saved"": 0.7693555966027223, ""mean_response_minutes"": 58.08855492997821, ""mean_scene_minutes"": 16.0, ""mean_transport_minutes"": 25.63888888888889, ""p90_response_minutes"": 90.5714142371196, ""patients"": 9, ""response_count"": 9, ""response_minutes"": 522.7969943698039, ""scene_count"": 9, ""scene_minutes"": 144.0, ""transport_count"": 9, ""transport_minutes"": 230.75}}","{""arrive_hospital"": 100, ""arrive_scene"": 43, ""hospital_release"": 68, ""patient_arrival"": 47, ""reposition_complete"": 40, ""restock_complete"": 40, ""scene_complete"": 42, ""transfer_ready"": 74}",31.711568,15.288432,0.32528579184291356,72.0360683938849,12.186046511627907,34.330952380952375,129.50871011987584,43,0.9148936170212766,47,47,4
Central ER,19,2019,"{""cardiac"": {""expected_lost"": 13.962095485477443, ""expected_saved"": 1.037904514522557, ""mean_response_minutes"": 39.79641557158484, ""mean_scene_minutes"": 12.0, ""mean_transport_minutes"": 41.409090909090885, ""p90_response_minutes"": 76.92538171113046, ""patients"": 15, ""response_count"": 12, ""response_minutes"": 477.556986859018, ""scene_count"": 12, ""scene_minutes"": 144.0, ""transport_count"": 11, ""transport_minutes"": 455.4999999999998}, ""minor"": {""expected_lost"": 1.2119161576262538, ""expected_saved"": 5.788083842373746, ""mean_response_minutes"": 52.64046748294204, ""mean_scene_minutes"": 10.0, ""mean_transport_minutes"": 40.214285714285715, ""p90_response_minutes"": 79.45007063944712, ""patients"": 7, ""response_count"": 7, ""response_minutes"": 368.4832723805943, ""scene_count"": 7, ""scene_minutes"": 70.0, ""transport_count"": 7, ""transport_minutes"": 281.5}, ""stroke"": {""expected_lost"": 7.061809146702409, ""expected_saved"": 2.938190853297591, ""mean_response_minutes"": 61.155567272746026, ""mean_scene_minutes"": 14.0, ""mean_transport_minutes"": 25.285714285714285, ""p90_response_minutes"": 120.85886426466556, ""patients"": 10, ""response_count"": 8, ""response_minutes"": 489.2445381819682, ""scene_count"": 8, ""scene_minutes"": 112.0, ""transport_count"": 7, ""transport_minutes"": 177.0}, ""trauma"": {""expected_lost"": 13.250259526407344, ""expected_saved"": 1.7497404735926567, ""mean_response_minutes"": 43.40605364530322, ""mean_scene_minutes"": 16.0, ""mean_transport_minutes"": 21.645833333333332, ""p90_response_minutes"": 79.18046636939985, ""patients"": 15, ""response_count"": 12, ""response_minutes"": 520.8726437436386, ""scene_count"": 12, ""scene_minutes"": 192.0, ""transport_count"": 12, ""transport_minutes"": 259.75}}","{""arrive_hospital"": 79, ""arrive_scene"": 39, ""hospital_release"": 58, ""patient_arrival"": 47, ""reposition_complete"": 36, ""restock_complete"": 36, ""scene_complete"": 39, ""transfer_ready"": 61}",35.48608,11.51392,0.24497701454865,47.59378054269793,13.282051282051283,31.72297297297297,80.66118402431425,39,0.8297872340425532,47,47,8
Central ER,20,2020,"{""cardiac"": {""expected_lost"": 3.753188027588462, ""expected_saved"": 0.246811972411538, ""mean_response_minutes"": 45.11449691677107, ""mean_scene_minutes"": 12.0, ""mean_transport_minutes"": 43.38333333333329, ""p90_response_minutes"": 72.97479260025057, ""patients"": 4, ""response_count"": 3, ""response_minutes"": 135.3434907503132, ""scene_count"": 3, ""scene_minutes"": 36.0, ""transport_count"": 3, ""transport_minutes"": 130.14999999999986}, ""minor"": {""expected_lost"": 3.0356428081175033, ""expected_saved"": 14.964357191882495, ""mean_response_minutes"": 48.964188953208016, ""mean_scene_minutes"": 10.0, ""mean_transport_minutes"": 39.62222222222223, ""p90_response_minutes"": 74.90490866375777, ""patients"": 18, ""response_count"": 18, ""response_minutes"": 881.3554011577443, ""scene_count"": 18, ""scene_minutes"": 180.0, ""transport_count"": 18, ""transport_minutes"": 713.2}, ""stroke"": {""expected_lost"": 5.928331736928523, ""expected_saved"": 2.0716682630714773, ""mean_response_minutes"": 159.38434659787228, ""mean_scene_minutes"": 14.0, ""mean_transport_minutes"": 25.4375, ""p90_response_minutes"": 408.7563610856856, ""patients"": 8, ""response_count"": 8, ""response_minutes"": 1275.0747727829782, ""scene_count"": 8, ""scene_minutes"": 112.0, ""transport_count"": 8, ""transport_minutes"": 203.5}, ""trauma"": {""expected_lost"": 9.640077724365788, ""expected_saved"": 1.3599222756342118, ""mean_response_minutes"": 71.72456935093129, ""mean_scene_minutes"": 15.999999999999995, ""mean_transport_minutes"": 22.7, ""p90_response_minutes"": 119.37219272986795, ""patients"": 11, ""response_count"": 11, ""response_minutes"": 788.9702628602442, ""scene_count"": 11, ""scene_minutes"": 175.99999999999994, ""transport_count"": 10, ""transport_minutes"": 227.0}}","{""arrive_hospital"": 89, ""arrive_scene"": 40, ""hospital_release"": 59, ""patient_arrival"": 41, ""reposition_complete"": 38, ""restock_complete"": 38, ""scene_complete"": 40, ""transfer_ready"": 68}",22.35724,18.64276,0.4547014561707252,77.01859818878202,12.599999999999998,32.66282051282051,127.93003364320573,40,0.975609756097561,41,41,1
Central ER,21,2021,"{""cardiac"": {""expected_lost"": 10.828667472475914, ""expected_saved"": 0.1713325275240868, ""mean_response_minutes"": 69.15065359865021, ""mean_scene_minutes"": 12.0, ""mean_transport_minutes"": 40.333333333333336, ""p90_response_minutes"": 117.58183516850046, ""patients"": 11, ""response_count"": 3, ""response_minutes"": 207.45196079595064, ""scene_count"": 3, ""scene_minutes"": 36.0, ""transport_count"": 3, ""transport_minutes"": 121.0}, ""minor"": {""expected_lost"": 1.47617504731189, ""expected_saved"": 10.523824952688111, ""mean_response_minutes"": 39.45203737388701, ""mean_scene_minutes"": 10.0, ""mean_transport_minutes"": 42.60416666666665, ""p90_response_minutes"": 56.2906181851032, ""patients"": 12, ""response_count"": 12, ""response_minutes"": 473.4244484866441, ""scene_count"": 12, ""scene_minutes"": 120.0, ""transport_count"": 12, ""transport_minutes"": 511.2499999999998}, ""stroke"": {""expected_lost"": 9.583962571839683, ""expected_saved"": 3.4160374281603176, ""mean_response_minutes"": 42.59952268874698, ""mean_scene_minutes"": 14.0, ""mean_transport_minutes"": 26.066666666666656, ""p90_response_minutes"": 78.56694991820805, ""patients"": 13, ""response_count"": 9, ""response_minutes"": 383.3957041987228, ""scene_count"": 9, ""scene_minutes"": 126.0, ""transport_count"": 9, ""transport_minutes"": 234.5999999999999}, ""trauma"": {""expected_lost"": 19.77843210594594, ""expected_saved"": 1.2215678940540635, ""mean_response_minutes"": 64.2998641904411, ""mean_scene_minutes"": 15.999999999999993, ""mean_transport_minutes"": 25.141176470588228, ""p90_response_minutes"": 97.50171762672237, ""patients"": 21, ""response_count"": 18, ""response_minutes"": 1157.3975554279398, ""scene_count"": 18, ""scene_minutes"": 287.9999999999999, ""transport_count"": 17, ""transport_minutes"": 427.39999999999986}}","{""arrive_hospital"": 80, ""arrive_scene"": 42, ""hospital_release"": 53, ""patient_arrival"": 57, ""reposition_complete"": 39, ""restock_complete"": 40, ""scene_complete"": 42, ""transfer_ready"": 65}",41.667237,15.332763,0.26899583863906273,52.89689687879184,13.57142857142857,31.567073170731696,93.70532551308517,42,0.7368421052631579,57,57,15
Central ER,22,2022,"{""cardiac"": {""expected_lost"": 14.303024331056452, ""expected_saved"": 0.6969756689435456, ""mean_response_minutes"": 69.60741762528316, ""mean_scene_minutes"": 12.0, ""mean_transport_minutes"": 37.872727272727275, ""p90_response_minutes"": 132.4060416156558, ""patients"": 15, ""response_count"": 11, ""response_minutes"": 765.6815938781148, ""scene_count"": 11, ""scene_minutes"": 132.0, ""transport_count"": 11, ""transport_minutes"": 416.6}, ""minor"": {""expected_lost"": 1.8019270207599287, ""expected_saved"": 11.19807297924007, ""mean_response_minutes"": 42.42151379077781, ""mean_scene_minutes"": 10.0, ""mean_transport_minutes"": 40.94230769230767, ""p90_response_minutes"": 65.38979877817447, ""patients"": 13, ""response_count"": 13, ""response_minutes"": 551.4796792801116, ""scene_count"": 13, ""scene_minutes"": 130.0, ""transport_count"": 13, ""transport_minutes"": 532.2499999999998}, ""stroke"": {""expected_lost"": 11.969491133043459, ""expected_saved"": 2.0305088669565396, ""mean_response_minutes"": 120.46900709787083, ""mean_scene_minutes"": 14.000000000000009, ""mean_transport_minutes"": 26.818181818181817, ""p90_response_minutes"": 256.3441275458341, ""patients"": 14, ""response_count"": 12, ""response_minutes"": 1445.62808517445, ""scene_count"": 12, ""scene_minutes"": 168.0000000000001, ""transport_count"": 11, ""transport_minutes"": 295.0}, ""trauma"": {""expected_lost"": 8.1460500493496, ""expected_saved"": 0.8539499506503994, ""mean_response_minutes"": 91.46822483143697, ""mean_scene_minutes"": 16.0, ""mean_transport_minutes"": 24.571428571428573, ""p90_response_minutes"": 201.30713126723083, ""patients"": 9, ""response_count"": 7, ""response_minutes"": 640.2775738200588, ""scene_count"": 7, ""scene_minutes"": 112.0, ""transport_count"": 7, ""transport_minutes"": 172.0}}","{""arrive_hospital"": 98, ""arrive_scene"": 43, ""hospital_release"": 65, ""patient_arrival"": 51, ""reposition_complete"": 40, ""restock_complete"": 40, ""scene_complete"": 43, ""transfer_ready"": 76}",36.220493,14.779507,0.28979426403510894,79.14109144541246,12.6046511627907,33.710714285714275,194.54216459191662,43,0.8431372549019608,51,51,8
Central ER,23,2023,"{""cardiac"": {""expected_lost"": 13.429305809928579, ""expected_saved"": 0.5706941900714219, ""mean_response_minutes"": 52.614623749189995, ""mean_scene_minutes"": 12.0, ""mean_transport_minutes"": 42.09999999999997, ""p90_response_minutes"": 90.30817223428929, ""patients"": 14, ""response_count"": 7, ""response_minutes"": 368.30236624432996, ""scene_count"": 7, ""scene_minutes"": 84.0, ""transport_count"": 7, ""transport_minutes"": 294.6999999999998}, ""minor"": {""expected_lost"": 3.094386495706852, ""expected_saved"": 13.905613504293148, ""mean_response_minutes"": 50.473091424864336, ""mean_scene_minutes"": 10.0, ""mean_transport_minutes"": 37.991176470588236, ""p90_response_minutes"": 81.82272002129699, ""patients"": 17, ""response_count"": 17, ""response_minutes"": 858.0425542226938, ""scene_count"": 17, ""scene_minutes"": 170.0, ""transport_count"": 17, ""transport_minutes"": 645.85}, ""stroke"": {""expected_lost"": 9.888009294448677, ""expected_saved"": 2.1119907055513214, ""mean_response_minutes"": 130.89868911867072, ""mean_scene_minutes"": 14.0, ""mean_transport_minutes"": 25.479999999999997, ""p90_response_minutes"": 238.93404013712927, ""patients"": 12, ""response_count"": 10, ""response_minutes"": 1308.9868911867072, ""scene_count"": 10, ""scene_minutes"": 140.0, ""transport_count"": 10, ""transport_minutes"": 254.79999999999995}, ""trauma"": {""expected_lost"": 9.099581234490834, ""expected_saved"": 0.9004187655091654, ""mean_response_minutes"": 40.06930796096737, ""mean_scene_minutes"": 16.0, ""mean_transport_minutes"": 25.2, ""p90_response_minutes"": 66.79909650635338, ""patients"": 10, ""response_count"": 6, ""response_minutes"": 240.41584776580424, ""scene_count"": 6, ""scene_minutes"": 96.0, ""transport_count"": 6, ""transport_minutes"": 151.2}}","{""arrive_hospital"": 94, ""arrive_scene"": 40, ""hospital_release"": 59, ""patient_arrival"": 53, ""reposition_complete"": 37, ""restock_complete"": 37, ""scene_complete"": 40, ""transfer_ready"": 71}",35.511283,17.488717,0.32997579557405776,69.39369148548835,12.25,33.66374999999999,128.05862474198392,40,0.7547169811320755,53,53,13
Central ER,24,2024,"{""cardiac"": {""expected_lost"": 8.921539115442194, ""expected_saved"": 0.078460884557807, ""mean_response_minutes"": 29.589850915112265, ""mean_scene_minutes"": 12.0, ""mean_transport_minutes"": 55.99999999999977, ""p90_response_minutes"": 29.589850915112265, ""patients"": 9, ""response_count"": 1, ""response_minutes"": 29.589850915112265, ""scene_count"": 1, ""scene_minutes"": 12.0, ""transport_count"": 1, ""transport_minutes"": 55.99999999999977}, ""minor"": {""expected_lost"": 5.831927878681185, ""expected_saved"": 13.168072121318815, ""mean_response_minutes"": 32.38046383102376, ""mean_scene_minutes"": 10.0, ""mean_transport_minutes"": 40.59285714285715, ""p90_response_minutes"": 47.03438387110741, ""patients"": 19, ""response_count"": 15, ""response_minutes"": 485.70695746535637, ""scene_count"": 15, ""scene_minutes"": 150.0, ""transport_count"": 14, ""transport_minutes"": 568.3000000000001}, ""stroke"": {""expected_lost"": 12.020913590535159, ""expected_saved"": 5.979086409464842, ""mean_response_minutes"": 39.76486701067446, ""mean_scene_minutes"": 13.999999999999996, ""mean_transport_minutes"": 26.259999999999998, ""p90_response_minutes"": 68.89340330939098, ""patients"": 18, ""response_count"": 15, ""response_minutes"": 596.4730051601168, ""scene_count"": 15, ""scene_minutes"": 209.99999999999994, ""transport_count"": 15, ""transport_minutes"": 393.9}, ""trauma"": {""expected_lost"": 11.841236453879116, ""expected_saved"": 1.1587635461208838, ""mean_response_minutes"": 38.57364375968505, ""mean_scene_minutes"": 16.0, ""mean_transport_minutes"": 27.29000000000001, ""p90_response_minutes"": 50.065993093408785, ""patients"": 13, ""response_count"": 10, ""response_minutes"": 385.73643759685046, ""scene_count"": 10, ""scene_minutes"": 160.0, ""transport_count"": 10, ""transport_minutes"": 272.9000000000001}}","{""arrive_hospital"": 85, ""arrive_scene"": 41, ""hospital_release"": 61, ""patient_arrival"": 59, ""reposition_complete"": 40, ""restock_complete"": 40, ""scene_complete"": 41, ""transfer_ready"": 70}",38.615617,20.384383,0.34549801629597204,36.52454271066917,12.975609756097562,32.277499999999996,55.68817897740951,41,0.6949152542372882,59,59,18
Central ER,25,2025,"{""cardiac"": {""expected_lost"": 8.304110636617374, ""expected_saved"": 0.6958893633826253, ""mean_response_minutes"": 83.99717875438857, ""mean_scene_minutes"": 12.0, ""mean_transport_minutes"": 39.85000000000001, ""p90_response_minutes"": 221.77643095427896, ""patients"": 9, ""response_count"": 8, ""response_minutes"": 671.9774300351086, ""scene_count"": 8, ""scene_minutes"": 96.0, ""transport_count"": 8, ""transport_minutes"": 318.80000000000007}, ""minor"": {""expected_lost"": 1.8548245938560868, ""expected_saved"": 8.145175406143913, ""mean_response_minutes"": 38.26865602571255, ""mean_scene_minutes"": 10.0, ""mean_transport_minutes"": 43.47777777777779, ""p90_response_minutes"": 66.02226829043869, ""patients"": 10, ""response_count"": 10, ""response_minutes"": 382.6865602571255, ""scene_count"": 10, ""scene_minutes"": 100.0, ""transport_count"": 9, ""transport_minutes"": 391.30000000000007}, ""stroke"": {""expected_lost"": 5.5342085304836575, ""expected_saved"": 2.4657914695163425, ""mean_response_minutes"": 56.80610211596492, ""mean_scene_minutes"": 14.0, ""mean_transport_minutes"": 27.5, ""p90_response_minutes"": 96.6794883118494, ""patients"": 8, ""response_count"": 8, ""response_minutes"": 454.44881692771935, ""scene_count"": 8, ""scene_minutes"": 112.0, ""transport_count"": 8, ""transport_minutes"": 220.0}, ""trauma"": {""expected_lost"": 14.574326686749018, ""expected_saved"": 1.4256733132509822, ""mean_response_minutes"": 57.01374850356867, ""mean_scene_minutes"": 16.0, ""mean_transport_minutes"": 28.83571428571429, ""p90_response_minutes"": 121.92016783695881, ""patients"": 16, ""response_count"": 14, ""response_minutes"": 798.1924790499614, ""scene_count"": 14, ""scene_minutes"": 224.0, ""transport_count"": 14, ""transport_minutes"": 403.70000000000005}}","{""arrive_hospital"": 80, ""arrive_scene"": 40, ""hospital_release"": 57, ""patient_arrival"": 43, ""reposition_complete"": 38, ""restock_complete"": 38, ""scene_complete"": 40, ""transfer_ready"": 64}",30.26747,12.73253,0.29610533842543857,57.68263215674788,13.3,34.2,117.51840995524717,40,0.9302325581395349,43,43,3
Central ER,26,2026,"{""cardiac"": {""expected_lost"": 8.737910407336578, ""expected_saved"": 1.2620895926634195, ""mean_response_minutes"": 39.0938563988635, ""mean_scene_minutes"": 12.0, ""mean_transport_minutes"": 40.61999999999998, ""p90_response_minutes"": 60.24225023117405, ""patients"": 10, ""response_count"": 10, ""response_minutes"": 390.938563988635, ""scene_count"": 10, ""scene_minutes"": 120.0, ""transport_count"": 10, ""transport_minutes"": 406.1999999999998}, ""minor"": {""expected_lost"": 0.8194366194830291, ""expected_saved"": 8.18056338051697, ""mean_response_minutes"": 34.56223727791866, ""mean_scene_minutes"": 10.0, ""mean_transport_minutes"": 40.56666666666666, ""p90_response_minutes"": 53.12951433424051, ""patients"": 9, ""response_count"": 9, ""response_minutes"": 311.06013550126795, ""scene_count"": 9, ""scene_minutes"": 90.0, ""transport_count"": 9, ""transport_minutes"": 365.09999999999997}, ""stroke"": {""expected_lost"": 4.534049969484496, ""expected_saved"": 3.4659500305155047, ""mean_response_minutes"": 40.02627886689973, ""mean_scene_minutes"": 14.0, ""mean_transport_minutes"": 28.262500000000017, ""p90_response_minutes"": 72.56161571850853, ""patients"": 8, ""response_count"": 8, ""response_minutes"": 320.21023093519784, ""scene_count"": 8, ""scene_minutes"": 112.0, ""transport_count"": 8, ""transport_minutes"": 226.10000000000014}, ""trauma"": {""expected_lost"": 4.35352997198938, ""expected_saved"": 0.6464700280106201, ""mean_response_minutes"": 41.905439393166404, ""mean_scene_minutes"": 16.0, ""mean_transport_minutes"": 28.400000000000006, ""p90_response_minutes"": 65.74453488332112, ""patients"": 5, ""response_count"": 5, ""response_minutes"": 209.52719696583202, ""scene_count"": 5, ""scene_minutes"": 80.0, ""transport_count"": 5, ""transport_minutes"": 142.00000000000003}}","{""arrive_hospital"": 78, ""arrive_scene"": 32, ""hospital_release"": 63, ""patient_arrival"": 32, ""reposition_complete"": 32, ""restock_complete"": 32, ""scene_complete"": 32, ""transfer_ready"": 59}",18.444927,13.555073,0.4235960322408284,38.49175398096665,12.5625,35.606249999999996,66.6902706398647,32,1.0,32,32,0
Central ER,27,2027,"{""cardiac"": {""expected_lost"": 10.726076270006692, ""expected_saved"": 1.2739237294835537, ""mean_response_minutes"": 57.19757346814606, ""mean_scene_minutes"": 12.0, ""mean_transport_minutes"": 39.795, ""p90_response_minutes"": 112.23362436025118, ""patients"": 12, ""response_count"": 10, ""response_minutes"": 571.9757346814606, ""scene_count"": 10, ""scene_minutes"": 120.0, ""transport_count"": 10, ""transport_minutes"": 397.95000000000005}, ""minor"": {""expected_lost"": 3.3108064073143497, ""expected_saved"": 10.689193592685651, ""mean_response_minutes"": 54.45521871520539, ""mean_scene_minutes"": 10.0, ""mean_transport_minutes"": 40.23076923076921, ""p90_response_minutes"": 85.38858289098616, ""patients"": 14, ""response_count"": 13, ""response_minutes"": 707.9178432976701, ""scene_count"": 13, ""scene_minutes"": 130.0, ""transport_count"": 13, ""transport_minutes"": 522.9999999999998}, ""stroke"": {""expected_lost"": 11.578611971888158, ""expected_saved"": 4.421388028111843, ""mean_response_minutes"": 51.03609251549194, ""mean_scene_minutes"": 14.0, ""mean_transport_minutes"": 29.2076923076923, ""p90_response_minutes"": 90.09907647618137, ""patients"": 16, ""response_count"": 14, ""response_minutes"": 714.5052952168871, ""scene_count"": 14, ""scene_minutes"": 196.0, ""transport_count"": 13, ""transport_minutes"": 379.69999999999993}, ""trauma"": {""expected_lost"": 4.339731356717533, ""expected_saved"": 0.6602686432824667, ""mean_response_minutes"": 82.24346121669413, ""mean_scene_minutes"": 16.0, ""mean_transport_minutes"": 28.40999999999999, ""p90_response_minutes"": 199.373732232499, ""patients"": 5, ""response_count"": 5, ""response_minutes"": 411.21730608347065, ""scene_count"": 5, ""scene_minutes"": 80.0, ""transport_count"": 5, ""transport_minutes"": 142.04999999999995}}","{""arrive_hospital"": 100, ""arrive_scene"": 42, ""hospital_release"": 68, ""patient_arrival"": 47, ""reposition_complete"": 41, ""restock_complete"": 41, ""scene_complete"": 42, ""transfer_ready"": 77}",29.955226,17.044774,0.36265476582050044,57.276575697130674,12.523809523809524,35.18780487804877,91.86407299923506,42,0.8936170212765957,47,47,5
Central ER,28,2028,"{""cardiac"": {""expected_lost"": 9.351298862349013, ""expected_saved"": 1.6487011376509872, ""mean_response_minutes"": 23.395018177068266, ""mean_scene_minutes"": 12.0, ""mean_transport_minutes"": 36.645454545454534, ""p90_response_minutes"": 30.0, ""patients"": 11, ""response_count"": 11, ""response_minutes"": 257.3451999477509, ""scene_count"": 11, ""scene_minutes"": 132.0, ""transport_count"": 11, ""transport_minutes"": 403.0999999999999}, ""minor"": {""expected_lost"": 2.3585097879621517, ""expected_saved"": 5.641490212037848, ""mean_response_minutes"": 56.74528805643423, ""mean_scene_minutes"": 10.0, ""mean_transport_minutes"": 36.714285714285715, ""p90_response_minutes"": 89.71345456212828, ""patients"": 8, ""response_count"": 7, ""response_minutes"": 397.2170163950396, ""scene_count"": 7, ""scene_minutes"": 70.0, ""transport_count"": 7, ""transport_minutes"": 257.0}, ""stroke"": {""expected_lost"": 2.96685157774865, ""expected_saved"": 2.033148422251351, ""mean_response_minutes"": 40.195888792826246, ""mean_scene_minutes"": 14.0, ""mean_transport_minutes"": 26.0, ""p90_response_minutes"": 70.15720761961576, ""patients"": 5, ""response_count"": 5, ""response_minutes"": 200.97944396413124, ""scene_count"": 5, ""scene_minutes"": 70.0, ""transport_count"": 5, ""transport_minutes"": 130.0}, ""trauma"": {""expected_lost"": 11.392318476145197, ""expected_saved"": 1.6076815238548021, ""mean_response_minutes"": 51.70787078663436, ""mean_scene_minutes"": 16.0, ""mean_transport_minutes"": 26.903846153846153, ""p90_response_minutes"": 89.44896642557524, ""patients"": 13, ""response_count"": 13, ""response_minutes"": 672.2023202262467, ""scene_count"": 13, ""scene_minutes"": 208.0, ""transport_count"": 13, ""transport_minutes"": 349.75}}","{""arrive_hospital"": 75, ""arrive_scene"": 36, ""hospital_release"": 56, ""patient_arrival"": 37, ""reposition_complete"": 35, ""restock_complete"": 35, ""scene_complete"": 36, ""transfer_ready"": 58}",26.068979,10.931021,0.29543300799445904,42.43733279258801,13.333333333333334,31.662499999999998,87.65074099335666,36,0.972972972972973,37,37,1
Central ER,29,2029,"{""cardiac"": {""expected_lost"": 5.426893872024126, ""expected_saved"": 0.5731061279758738, ""mean_response_minutes"": 34.49380229388237, ""mean_scene_minutes"": 11.999999999999996, ""mean_transport_minutes"": 35.88000000000002, ""p90_response_minutes"": 64.44140688164705, ""patients"": 6, ""response_count"": 5, ""response_minutes"": 172.46901146941184, ""scene_count"": 5, ""scene_minutes"": 59.999999999999986, ""transport_count"": 5, ""transport_minutes"": 179.4000000000001}, ""minor"": {""expected_lost"": 0.48423747379710985, ""expected_saved"": 6.515762526202891, ""mean_response_minutes"": 28.536472412278695, ""mean_scene_minutes"": 10.0, ""mean_transport_minutes"": 39.42857142857143, ""p90_response_minutes"": 40.47268464828371, ""patients"": 7, ""response_count"": 7, ""response_minutes"": 199.75530688595086, ""scene_count"": 7, ""scene_minutes"": 70.0, ""transport_count"": 7, ""transport_minutes"": 276.0}, ""stroke"": {""expected_lost"": 6.58448995126517, ""expected_saved"": 4.415510048734829, ""mean_response_minutes"": 40.04678582349703, ""mean_scene_minutes"": 14.0, ""mean_transport_minutes"": 28.08181818181818, ""p90_response_minutes"": 83.6454887424581, ""patients"": 11, ""response_count"": 11, ""response_minutes"": 440.51464405846735, ""scene_count"": 11, ""scene_minutes"": 154.0, ""transport_count"": 11, ""transport_minutes"": 308.9}, ""trauma"": {""expected_lost"": 12.2052439899997, ""expected_saved"": 1.794756010000302, ""mean_response_minutes"": 40.6464150137406, ""mean_scene_minutes"": 14.666666666666666, ""mean_transport_minutes"": 29.15909090909091, ""p90_response_minutes"": 82.14115802810225, ""patients"": 14, ""response_count"": 12, ""response_minutes"": 487.7569801648872, ""scene_count"": 12, ""scene_minutes"": 176.0, ""transport_count"": 11, ""transport_minutes"": 320.75}}","{""arrive_hospital"": 68, ""arrive_scene"": 35, ""hospital_release"": 51, ""patient_arrival"": 38, ""reposition_complete"": 32, ""restock_complete"": 32, ""scene_complete"": 34, ""transfer_ready"": 57}",24.700865,13.299135,0.3499772292872077,37.15702693082049,13.142857142857142,31.91323529411765,84.13696129191464,35,0.9210526315789473,38,38,3
Central ER,30,2030,"{""cardiac"": {""expected_lost"": 8.150606992075204, ""expected_saved"": 0.8493930079247959, ""mean_response_minutes"": 27.816722418912782, ""mean_scene_minutes"": 10.666666666666666, ""mean_transport_minutes"": 39.325, ""p90_response_minutes"": 34.32749941704849, ""patients"": 9, ""response_count"": 9, ""response_minutes"": 250.35050177021503, ""scene_count"": 9, ""scene_minutes"": 96.0, ""transport_count"": 8, ""transport_minutes"": 314.6}, ""minor"": {""expected_lost"": 1.2069831448397008, ""expected_saved"": 2.7930168551602987, ""mean_response_minutes"": 27.665548803536996, ""mean_scene_minutes"": 10.0, ""mean_transport_minutes"": 38.0, ""p90_response_minutes"": 39.7973171284888, ""patients"": 4, ""response_count"": 3, ""response_minutes"": 82.99664641061099, ""scene_count"": 3, ""scene_minutes"": 30.0, ""transport_count"": 3, ""transport_minutes"": 114.0}, ""stroke"": {""expected_lost"": 4.470642762273623, ""expected_saved"": 3.5293572377263764, ""mean_response_minutes"": 25.45627913092578, ""mean_scene_minutes"": 12.25, ""mean_transport_minutes"": 27.45714285714285, ""p90_response_minutes"": 40.07006991422186, ""patients"": 8, ""response_count"": 8, ""response_minutes"": 203.65023304740623, ""scene_count"": 8, ""scene_minutes"": 98.0, ""transport_count"": 7, ""transport_minutes"": 192.19999999999993}, ""trauma"": {""expected_lost"": 9.724410018520448, ""expected_saved"": 2.275589981479551, ""mean_response_minutes"": 32.19967891346601, ""mean_scene_minutes"": 16.0, ""mean_transport_minutes"": 24.479166666666668, ""p90_response_minutes"": 38.952172400866594, ""patients"": 12, ""response_count"": 12, ""response_minutes"": 386.3961469615921, ""scene_count"": 12, ""scene_minutes"": 192.0, ""transport_count"": 12, ""transport_minutes"": 293.75}}","{""arrive_hospital"": 59, ""arrive_scene"": 32, ""hospital_release"": 46, ""patient_arrival"": 33, ""reposition_complete"": 30, ""restock_complete"": 30, ""scene_complete"": 30, ""transfer_ready"": 48}",23.552643,9.447357,0.28628354794821287,28.85604775593201,13.0,30.485,43.1870223896771,32,0.9696969696969697,33,33,1
Central ER,31,2031,"{""cardiac"": {""expected_lost"": 11.737256930681374, ""expected_saved"": 0.2627430693186287, ""mean_response_minutes"": 71.1453867034024, ""mean_scene_minutes"": 12.0, ""mean_transport_minutes"": 43.61999999999998, ""p90_response_minutes"": 153.3514867641755, ""patients"": 12, ""response_count"": 6, ""response_minutes"": 426.87232022041434, ""scene_count"": 6, ""scene_minutes"": 72.0, ""transport_count"": 5, ""transport_minutes"": 218.0999999999999}, ""minor"": {""expected_lost"": 2.223718086319244, ""expected_saved"": 11.776281913680755, ""mean_response_minutes"": 42.81327784457327, ""mean_scene_minutes"": 10.0, ""mean_transport_minutes"": 40.16538461538461, ""p90_response_minutes"": 61.28753279333736, ""patients"": 14, ""response_count"": 14, ""response_minutes"": 599.3858898240258, ""scene_count"": 14, ""scene_minutes"": 140.0, ""transport_count"": 13, ""transport_minutes"": 522.15}, ""stroke"": {""expected_lost"": 7.267498059235457, ""expected_saved"": 3.732501940764541, ""mean_response_minutes"": 63.56117277302862, ""mean_scene_minutes"": 14.0, ""mean_transport_minutes"": 26.022727272727273, ""p90_response_minutes"": 120.66240396633748, ""patients"": 11, ""response_count"": 11, ""response_minutes"": 699.1729005033148, ""scene_count"": 11, ""scene_minutes"": 154.0, ""transport_count"": 11, ""transport_minutes"": 286.25}, ""trauma"": {""expected_lost"": 14.897088445847325, ""expected_saved"": 1.1029115541526746, ""mean_response_minutes"": 128.8002053782511, ""mean_scene_minutes"": 14.857142857142858, ""mean_transport_minutes"": 26.130769230769243, ""p90_response_minutes"": 364.40297406118316, ""patients"": 16, ""response_count"": 14, ""response_minutes"": 1803.2028752955152, ""scene_count"": 14, ""scene_minutes"": 208.0, ""transport_count"": 13, ""transport_minutes"": 339.70000000000016}}","{""arrive_hospital"": 89, ""arrive_scene"": 45, ""hospital_release"": 63, ""patient_arrival"": 53, ""reposition_complete"": 42, ""restock_complete"": 42, ""scene_complete"": 44, ""transfer_ready"": 71}",36.125562,16.874438,0.31838563165880396,78.4140885742949,12.755555555555556,32.52857142857143,188.95455312979325,45,0.8490566037735849,53,53,8
Central ER,32,2032,"{""cardiac"": {""expected_lost"": 2.810216544641562, ""expected_saved"": 0.1897834553584381, ""mean_response_minutes"": 102.76043467349682, ""mean_scene_minutes"": 12.0, ""mean_transport_minutes"": 41.066666666666606, ""p90_response_minutes"": 207.2984006715356, ""patients"": 3, ""response_count"": 3, ""response_minutes"": 308.28130402049044, ""scene_count"": 3, ""scene_minutes"": 36.0, ""transport_count"": 3, ""transport_minutes"": 123.19999999999982}, ""minor"": {""expected_lost"": 1.7567257492880644, ""expected_saved"": 5.243274250711936, ""mean_response_minutes"": 74.94845353152333, ""mean_scene_minutes"": 10.0, ""mean_transport_minutes"": 40.207142857142856, ""p90_response_minutes"": 122.43112808015604, ""patients"": 7, ""response_count"": 7, ""response_minutes"": 524.6391747206633, ""scene_count"": 7, ""scene_minutes"": 70.0, ""transport_count"": 7, ""transport_minutes"": 281.45}, ""stroke"": {""expected_lost"": 11.270697629926598, ""expected_saved"": 6.729302370073403, ""mean_response_minutes"": 42.691843515109184, ""mean_scene_minutes"": 13.222222222222221, ""mean_transport_minutes"": 27.40625, ""p90_response_minutes"": 59.14186067462609, ""patients"": 18, ""response_count"": 18, ""response_minutes"": 768.4531832719653, ""scene_count"": 18, ""scene_minutes"": 238.0, ""transport_count"": 16, ""transport_minutes"": 438.5}, ""trauma"": {""expected_lost"": 5.800168776306695, ""expected_saved"": 1.1998312236933053, ""mean_response_minutes"": 31.664122317052627, ""mean_scene_minutes"": 16.0, ""mean_transport_minutes"": 28.37142857142856, ""p90_response_minutes"": 53.71974531250817, ""patients"": 7, ""response_count"": 7, ""response_minutes"": 221.64885621936838, ""scene_count"": 7, ""scene_minutes"": 112.0, ""transport_count"": 7, ""transport_minutes"": 198.5999999999999}}","{""arrive_hospital"": 69, ""arrive_scene"": 35, ""hospital_release"": 55, ""patient_arrival"": 35, ""reposition_complete"": 33, ""restock_complete"": 33, ""scene_complete"": 34, ""transfer_ready"": 59}",21.637809,13.362191,0.38177689428105943,52.08635766378536,13.028571428571428,31.568181818181813,79.94775033527054,35,1.0,35,35,0
Central ER,33,2033,"{""cardiac"": {""expected_lost"": 8.367252801042161, ""expected_saved"": 0.6327471989578397, ""mean_response_minutes"": 41.87329790950712, ""mean_scene_minutes"": 12.0, ""mean_transport_minutes"": 36.464285714285715, ""p90_response_minutes"": 84.47742221178845, ""patients"": 9, ""response_count"": 7, ""response_minutes"": 293.11308536654985, ""scene_count"": 7, ""scene_minutes"": 84.0, ""transport_count"": 7, ""transport_minutes"": 255.25}, ""minor"": {""expected_lost"": 1.9406757988783396, ""expected_saved"": 10.059324201121658, ""mean_response_minutes"": 46.62564400175148, ""mean_scene_minutes"": 10.0, ""mean_transport_minutes"": 39.112500000000004, ""p90_response_minutes"": 81.33487589082722, ""patients"": 12, ""response_count"": 12, ""response_minutes"": 559.5077280210178, ""scene_count"": 12, ""scene_minutes"": 120.0, ""transport_count"": 12, ""transport_minutes"": 469.35}, ""stroke"": {""expected_lost"": 9.010832341551204, ""expected_saved"": 3.989167658448798, ""mean_response_minutes"": 63.02144681561207, ""mean_scene_minutes"": 14.0, ""mean_transport_minutes"": 26.86923076923078, ""p90_response_minutes"": 144.63547715075882, ""patients"": 13, ""response_count"": 13, ""response_minutes"": 819.2788086029569, ""scene_count"": 13, ""scene_minutes"": 182.0, ""transport_count"": 13, ""transport_minutes"": 349.3000000000001}, ""trauma"": {""expected_lost"": 14.592459040428755, ""expected_saved"": 1.4075409595712447, ""mean_response_minutes"": 56.132343214689485, ""mean_scene_minutes"": 16.0, ""mean_transport_minutes"": 29.09090909090909, ""p90_response_minutes"": 120.14575208558483, ""patients"": 16, ""response_count"": 11, ""response_minutes"": 617.4557753615843, ""scene_count"": 11, ""scene_minutes"": 176.0, ""transport_count"": 11, ""transport_minutes"": 320.0}}","{""arrive_hospital"": 91, ""arrive_scene"": 43, ""hospital_release"": 61, ""patient_arrival"": 50, ""reposition_complete"": 40, ""restock_complete"": 40, ""scene_complete"": 43, ""transfer_ready"": 72}",33.91122,16.08878,0.321775600361991,53.2408231942351,13.069767441860465,32.41627906976744,91.62709354288603,43,0.86,50,50,7
Central ER,34,2034,"{""cardiac"": {""expected_lost"": 15.879698507208003, ""expected_saved"": 1.1203014927919974, ""mean_response_minutes"": 50.03086786232904, ""mean_scene_minutes"": 12.0, ""mean_transport_minutes"": 39.73750000000001, ""p90_response_minutes"": 88.59147880639853, ""patients"": 17, ""response_count"": 12, ""response_minutes"": 600.3704143479484, ""scene_count"": 12, ""scene_minutes"": 144.0, ""transport_count"": 12, ""transport_minutes"": 476.85000000000014}, ""minor"": {""expected_lost"": 2.7295290530782417, ""expected_saved"": 7.270470946921757, ""mean_response_minutes"": 55.16715079253885, ""mean_scene_minutes"": 10.0, ""mean_transport_minutes"": 41.15555555555554, ""p90_response_minutes"": 99.81251969605067, ""patients"": 10, ""response_count"": 9, ""response_minutes"": 496.50435713284963, ""scene_count"": 9, ""scene_minutes"": 90.0, ""transport_count"": 9, ""transport_minutes"": 370.39999999999986}, ""stroke"": {""expected_lost"": 10.827674274961788, ""expected_saved"": 4.172325725038211, ""mean_response_minutes"": 62.451983256254984, ""mean_scene_minutes"": 14.0, ""mean_transport_minutes"": 27.678571428571427, ""p90_response_minutes"": 143.0094878982997, ""patients"": 15, ""response_count"": 14, ""response_minutes"": 874.3277655875697, ""scene_count"": 14, ""scene_minutes"": 196.0, ""transport_count"": 14, ""transport_minutes"": 387.5}, ""trauma"": {""expected_lost"": 11.45530341672699, ""expected_saved"": 0.5446965832730117, ""mean_response_minutes"": 99.82745846372653, ""mean_scene_minutes"": 16.0, ""mean_transport_minutes"": 28.28571428571429, ""p90_response_minutes"": 218.6126733917905, ""patients"": 12, ""response_count"": 8, ""response_minutes"": 798.6196677098122, ""scene_count"": 8, ""scene_minutes"": 128.0, ""transport_count"": 7, ""transport_minutes"": 198.00000000000003}}","{""arrive_hospital"": 98, ""arrive_scene"": 43, ""hospital_release"": 68, ""patient_arrival"": 54, ""reposition_complete"": 41, ""restock_complete"": 42, ""scene_complete"": 43, ""transfer_ready"": 77}",40.892205,13.107795,0.24273693977824035,64.4144698785623,12.976744186046512,34.11309523809524,148.0393175557068,43,0.7962962962962963,54,54,11
Central ER,35,2035,"{""cardiac"": {""expected_lost"": 8.354957493374515, ""expected_saved"": 0.6450425065592004, ""mean_response_minutes"": 137.15214264442278, ""mean_scene_minutes"": 12.000000000000004, ""mean_transport_minutes"": 35.74999999999997, ""p90_response_minutes"": 454.07854682755453, ""patients"": 9, ""response_count"": 8, ""response_minutes"": 1097.2171411553823, ""scene_count"": 8, ""scene_minutes"": 96.00000000000003, ""transport_count"": 8, ""transport_minutes"": 285.9999999999998}, ""minor"": {""expected_lost"": 4.9383589865321, ""expected_saved"": 14.0616410134679, ""mean_response_minutes"": 50.597090036266145, ""mean_scene_minutes"": 10.0, ""mean_transport_minutes"": 41.0470588235294, ""p90_response_minutes"": 99.07713024417903, ""patients"": 19, ""response_count"": 17, ""response_minutes"": 860.1505306165245, ""scene_count"": 17, ""scene_minutes"": 170.0, ""transport_count"": 17, ""transport_minutes"": 697.7999999999997}, ""stroke"": {""expected_lost"": 8.827588481206668, ""expected_saved"": 2.172411518793332, ""mean_response_minutes"": 266.4035345615723, ""mean_scene_minutes"": 14.0, ""mean_transport_minutes"": 25.054545454545448, ""p90_response_minutes"": 752.2216256949579, ""patients"": 11, ""response_count"": 11, ""response_minutes"": 2930.4388801772952, ""scene_count"": 11, ""scene_minutes"": 154.0, ""transport_count"": 11, ""transport_minutes"": 275.5999999999999}, ""trauma"": {""expected_lost"": 4.331285416335229, ""expected_saved"": 0.6687145836647718, ""mean_response_minutes"": 33.72623569529179, ""mean_scene_minutes"": 16.0, ""mean_transport_minutes"": 19.0, ""p90_response_minutes"": 41.85021403981055, ""patients"": 5, ""response_count"": 4, ""response_minutes"": 134.90494278116716, ""scene_count"": 4, ""scene_minutes"": 64.0, ""transport_count"": 4, ""transport_minutes"": 76.0}}","{""arrive_hospital"": 96, ""arrive_mortuary"": 1, ""arrive_scene"": 40, ""hospital_release"": 64, ""patient_arrival"": 44, ""reposition_complete"": 38, ""restock_complete"": 38, ""scene_complete"": 40, ""transfer_ready"": 72}",26.45219,17.54781,0.398813855056482,125.56778736825918,12.1,33.384999999999984,446.46276057394186,40,0.9090909090909091,44,44,4
Central ER,36,2036,"{""cardiac"": {""expected_lost"": 10.594187891299562, ""expected_saved"": 0.40581210870043927, ""mean_response_minutes"": 52.98680700700762, ""mean_scene_minutes"": 12.0, ""mean_transport_minutes"": 44.157142857142844, ""p90_response_minutes"": 89.53606797715501, ""patients"": 11, ""response_count"": 7, ""response_minutes"": 370.90764904905336, ""scene_count"": 7, ""scene_minutes"": 84.0, ""transport_count"": 7, ""transport_minutes"": 309.0999999999999}, ""minor"": {""expected_lost"": 3.7153907076275026, ""expected_saved"": 11.284609292372497, ""mean_response_minutes"": 42.338772297304835, ""mean_scene_minutes"": 9.999999999999996, ""mean_transport_minutes"": 39.19230769230769, ""p90_response_minutes"": 68.5972368992903, ""patients"": 15, ""response_count"": 13, ""response_minutes"": 550.4040398649629, ""scene_count"": 13, ""scene_minutes"": 129.99999999999994, ""transport_count"": 13, ""transport_minutes"": 509.5}, ""stroke"": {""expected_lost"": 8.457037545209324, ""expected_saved"": 3.5429624547906764, ""mean_response_minutes"": 78.00424992039954, ""mean_scene_minutes"": 14.0, ""mean_transport_minutes"": 26.127272727272736, ""p90_response_minutes"": 156.65693350823096, ""patients"": 12, ""response_count"": 11, ""response_minutes"": 858.046749124395, ""scene_count"": 11, ""scene_minutes"": 154.0, ""transport_count"": 11, ""transport_minutes"": 287.4000000000001}, ""trauma"": {""expected_lost"": 11.003176937465367, ""expected_saved"": 0.9968230625346329, ""mean_response_minutes"": 106.87312977478341, ""mean_scene_minutes"": 16.0, ""mean_transport_minutes"": 27.681818181818183, ""p90_response_minutes"": 208.42498533289177, ""patients"": 12, ""response_count"": 11, ""response_minutes"": 1175.6044275226175, ""scene_count"": 11, ""scene_minutes"": 176.0, ""transport_count"": 11, ""transport_minutes"": 304.5}}","{""arrive_hospital"": 93, ""arrive_scene"": 42, ""hospital_release"": 68, ""patient_arrival"": 50, ""reposition_complete"": 42, ""restock_complete"": 42, ""scene_complete"": 42, ""transfer_ready"": 73}",33.769793,16.230207,0.3246041383679648,70.35625870383402,12.952380952380953,33.583333333333336,130.092773476399,42,0.84,50,50,8
Central ER,37,2037,"{""cardiac"": {""expected_lost"": 9.57057251548742, ""expected_saved"": 0.4294274845125796, ""mean_response_minutes"": 46.22974670319003, ""mean_scene_minutes"": 12.0, ""mean_transport_minutes"": 38.42857142857143, ""p90_response_minutes"": 72.2592875633246, ""patients"": 10, ""response_count"": 7, ""response_minutes"": 323.60822692233023, ""scene_count"": 7, ""scene_minutes"": 84.0, ""transport_count"": 7, ""transport_minutes"": 269.0}, ""minor"": {""expected_lost"": 1.8609673657092893, ""expected_saved"": 8.13903263429071, ""mean_response_minutes"": 55.16852754092921, ""mean_scene_minutes"": 10.0, ""mean_transport_minutes"": 40.075, ""p90_response_minutes"": 82.73178262824244, ""patients"": 10, ""response_count"": 10, ""response_minutes"": 551.6852754092921, ""scene_count"": 10, ""scene_minutes"": 100.0, ""transport_count"": 10, ""transport_minutes"": 400.75}, ""stroke"": {""expected_lost"": 11.902963046105043, ""expected_saved"": 3.09703695389496, ""mean_response_minutes"": 195.50819921263061, ""mean_scene_minutes"": 14.0, ""mean_transport_minutes"": 28.456666666666685, ""p90_response_minutes"": 530.8752139652988, ""patients"": 15, ""response_count"": 15, ""response_minutes"": 2932.622988189459, ""scene_count"": 15, ""scene_minutes"": 210.0, ""transport_count"": 15, ""transport_minutes"": 426.85000000000025}, ""trauma"": {""expected_lost"": 13.085373525692956, ""expected_saved"": 1.914626474307047, ""mean_response_minutes"": 93.55165868526912, ""mean_scene_minutes"": 16.0, ""mean_transport_minutes"": 21.769999999999996, ""p90_response_minutes"": 98.24493602433162, ""patients"": 15, ""response_count"": 15, ""response_minutes"": 1403.2748802790368, ""scene_count"": 15, ""scene_minutes"": 240.0, ""transport_count"": 15, ""transport_minutes"": 326.54999999999995}}","{""arrive_hospital"": 95, ""arrive_mortuary"": 1, ""arrive_scene"": 47, ""hospital_release"": 64, ""patient_arrival"": 50, ""reposition_complete"": 44, ""restock_complete"": 45, ""scene_complete"": 47, ""transfer_ready"": 78}",36.419876,13.580124,0.271602470940106,110.87641214468336,13.48936170212766,30.27978723404256,304.31323405378936,47,0.94,50,50,3
Central ER,38,2038,"{""cardiac"": {""expected_lost"": 13.141348664311638, ""expected_saved"": 0.858651334698586, ""mean_response_minutes"": 75.45039037526033, ""mean_scene_minutes"": 12.0, ""mean_transport_minutes"": 41.00416666666664, ""p90_response_minutes"": 227.35409356039554, ""patients"": 14, ""response_count"": 12, ""response_minutes"": 905.4046845031239, ""scene_count"": 12, ""scene_minutes"": 144.0, ""transport_count"": 12, ""transport_minutes"": 492.0499999999997}, ""minor"": {""expected_lost"": 1.1853697815427309, ""expected_saved"": 8.81463021845727, ""mean_response_minutes"": 39.21330238026074, ""mean_scene_minutes"": 10.0, ""mean_transport_minutes"": 38.9, ""p90_response_minutes"": 71.85470044234852, ""patients"": 10, ""response_count"": 10, ""response_minutes"": 392.13302380260745, ""scene_count"": 10, ""scene_minutes"": 100.0, ""transport_count"": 10, ""transport_minutes"": 389.0}, ""stroke"": {""expected_lost"": 14.424974177393334, ""expected_saved"": 4.575025822606665, ""mean_response_minutes"": 121.508618886565, ""mean_scene_minutes"": 13.125, ""mean_transport_minutes"": 26.183333333333334, ""p90_response_minutes"": 383.0631844926311, ""patients"": 19, ""response_count"": 16, ""response_minutes"": 1944.13790218504, ""scene_count"": 16, ""scene_minutes"": 210.0, ""transport_count"": 15, ""transport_minutes"": 392.75}, ""trauma"": {""expected_lost"": 6.48558297628682, ""expected_saved"": 0.5144170237131789, ""mean_response_minutes"": 174.21690092989016, ""mean_scene_minutes"": 16.0, ""mean_transport_minutes"": 19.714285714285715, ""p90_response_minutes"": 492.75418317652054, ""patients"": 7, ""response_count"": 7, ""response_minutes"": 1219.518306509231, ""scene_count"": 7, ""scene_minutes"": 112.0, ""transport_count"": 7, ""transport_minutes"": 138.0}}","{""arrive_hospital"": 102, ""arrive_scene"": 45, ""hospital_release"": 72, ""patient_arrival"": 50, ""reposition_complete"": 43, ""restock_complete"": 43, ""scene_complete"": 44, ""transfer_ready"": 79}",35.237276,14.762724,0.2952544879895139,99.13764260000005,12.577777777777778,32.08636363636363,304.77264086014895,45,0.9,50,50,5
Central ER,39,2039,"{""cardiac"": {""expected_lost"": 12.946398956201598, ""expected_saved"": 1.053601043798401, ""mean_response_minutes"": 52.16959411830543, ""mean_scene_minutes"": 11.999999999999991, ""mean_transport_minutes"": 40.21249999999999, ""p90_response_minutes"": 150.14755448523155, ""patients"": 14, ""response_count"": 12, ""response_minutes"": 626.0351294196652, ""scene_count"": 12, ""scene_minutes"": 143.9999999999999, ""transport_count"": 12, ""transport_minutes"": 482.5499999999999}, ""minor"": {""expected_lost"": 1.7483025197035498, ""expected_saved"": 4.251697480296451, ""mean_response_minutes"": 48.365296909611835, ""mean_scene_minutes"": 8.333333333333334, ""mean_transport_minutes"": 41.09999999999998, ""p90_response_minutes"": 79.39463273585409, ""patients"": 6, ""response_count"": 6, ""response_minutes"": 290.191781457671, ""scene_count"": 6, ""scene_minutes"": 50.0, ""transport_count"": 5, ""transport_minutes"": 205.4999999999999}, ""stroke"": {""expected_lost"": 7.646974590659548, ""expected_saved"": 4.353025409340453, ""mean_response_minutes"": 51.9657460614465, ""mean_scene_minutes"": 14.0, ""mean_transport_minutes"": 26.47083333333332, ""p90_response_minutes"": 96.69382474494343, ""patients"": 12, ""response_count"": 12, ""response_minutes"": 623.588952737358, ""scene_count"": 12, ""scene_minutes"": 168.0, ""transport_count"": 12, ""transport_minutes"": 317.64999999999986}, ""trauma"": {""expected_lost"": 7.319908739313385, ""expected_saved"": 0.680091260686615, ""mean_response_minutes"": 54.8050138158913, ""mean_scene_minutes"": 16.0, ""mean_transport_minutes"": 21.833333333333332, ""p90_response_minutes"": 89.49097961434093, ""patients"": 8, ""response_count"": 6, ""response_minutes"": 328.8300828953478, ""scene_count"": 6, ""scene_minutes"": 96.0, ""transport_count"": 6, ""transport_minutes"": 131.0}}","{""arrive_hospital"": 80, ""arrive_scene"": 36, ""hospital_release"": 59, ""patient_arrival"": 40, ""reposition_complete"": 33, ""restock_complete"": 33, ""scene_complete"": 35, ""transfer_ready"": 62}",29.661585,10.338415,0.25846037985304793,51.90683184750117,12.72222222222222,32.477142857142844,103.17190755159793,36,0.9,40,40,4
Central ER,40,2040,"{""cardiac"": {""expected_lost"": 8.404960682504882, ""expected_saved"": 0.5950393174951167, ""mean_response_minutes"": 74.3685526943373, ""mean_scene_minutes"": 12.0, ""mean_transport_minutes"": 39.69285714285713, ""p90_response_minutes"": 162.7949323677417, ""patients"": 9, ""response_count"": 7, ""response_minutes"": 520.5798688603611, ""scene_count"": 7, ""scene_minutes"": 84.0, ""transport_count"": 7, ""transport_minutes"": 277.8499999999999}, ""minor"": {""expected_lost"": 2.1269626876963836, ""expected_saved"": 7.873037312303617, ""mean_response_minutes"": 41.07862142402531, ""mean_scene_minutes"": 10.0, ""mean_transport_minutes"": 37.888888888888886, ""p90_response_minutes"": 89.6967585702019, ""patients"": 10, ""response_count"": 9, ""response_minutes"": 369.70759281622776, ""scene_count"": 9, ""scene_minutes"": 90.0, ""transport_count"": 9, ""transport_minutes"": 341.0}, ""stroke"": {""expected_lost"": 8.202586917230516, ""expected_saved"": 5.797413082769483, ""mean_response_minutes"": 33.688088265686055, ""mean_scene_minutes"": 13.999999999999996, ""mean_transport_minutes"": 27.57692307692306, ""p90_response_minutes"": 49.82439279208732, ""patients"": 14, ""response_count"": 14, ""response_minutes"": 471.6332357196047, ""scene_count"": 14, ""scene_minutes"": 195.99999999999994, ""transport_count"": 13, ""transport_minutes"": 358.4999999999998}, ""trauma"": {""expected_lost"": 10.053422712876284, ""expected_saved"": 0.9465772871237175, ""mean_response_minutes"": 64.94809028018491, ""mean_scene_minutes"": 16.0, ""mean_transport_minutes"": 26.377777777777787, ""p90_response_minutes"": 116.71135591677023, ""patients"": 11, ""response_count"": 9, ""response_minutes"": 584.5328125216643, ""scene_count"": 9, ""scene_minutes"": 144.0, ""transport_count"": 9, ""transport_minutes"": 237.4000000000001}}","{""arrive_hospital"": 82, ""arrive_scene"": 39, ""hospital_release"": 61, ""patient_arrival"": 44, ""reposition_complete"": 36, ""restock_complete"": 36, ""scene_complete"": 39, ""transfer_ready"": 65}",28.787933,15.212067,0.3457287954475437,49.90906435686815,13.179487179487179,31.96710526315789,96.01925089110439,39,0.8863636363636364,44,44,5
Central ER,41,2041,"{""cardiac"": {""expected_lost"": 5.455108354254588, ""expected_saved"": 0.5448916457454112, ""mean_response_minutes"": 27.390000000000008, ""mean_scene_minutes"": 12.0, ""mean_transport_minutes"": 43.83999999999996, ""p90_response_minutes"": 30.62999999999997, ""patients"": 6, ""response_count"": 5, ""response_minutes"": 136.95000000000005, ""scene_count"": 5, ""scene_minutes"": 60.0, ""transport_count"": 5, ""transport_minutes"": 219.19999999999982}, ""minor"": {""expected_lost"": 1.304343528020794, ""expected_saved"": 12.695656471979206, ""mean_response_minutes"": 33.884267956016, ""mean_scene_minutes"": 10.0, ""mean_transport_minutes"": 39.0535714285714, ""p90_response_minutes"": 53.87265214104861, ""patients"": 14, ""response_count"": 14, ""response_minutes"": 474.37975138422394, ""scene_count"": 14, ""scene_minutes"": 140.0, ""transport_count"": 14, ""transport_minutes"": 546.7499999999997}, ""stroke"": {""expected_lost"": 10.30816197041137, ""expected_saved"": 4.69183802958863, ""mean_response_minutes"": 90.56247933211282, ""mean_scene_minutes"": 13.066666666666666, ""mean_transport_minutes"": 27.20714285714286, ""p90_response_minutes"": 243.69413332286103, ""patients"": 15, ""response_count"": 15, ""response_minutes"": 1358.4371899816922, ""scene_count"": 15, ""scene_minutes"": 196.0, ""transport_count"": 14, ""transport_minutes"": 380.90000000000003}, ""trauma"": {""expected_lost"": 4.387496188297987, ""expected_saved"": 0.6125038117020143, ""mean_response_minutes"": 87.50769056623801, ""mean_scene_minutes"": 16.0, ""mean_transport_minutes"": 18.400000000000002, ""p90_response_minutes"": 178.08931129080787, ""patients"": 5, ""response_count"": 5, ""response_minutes"": 437.53845283119006, ""scene_count"": 5, ""scene_minutes"": 80.0, ""transport_count"": 5, ""transport_minutes"": 92.00000000000001}}","{""arrive_hospital"": 89, ""arrive_scene"": 39, ""hospital_release"": 68, ""patient_arrival"": 40, ""reposition_complete"": 36, ""restock_complete"": 37, ""scene_complete"": 38, ""transfer_ready"": 69}",21.45511,18.54489,0.4636222489753815,61.72577933838733,12.205128205128204,32.60131578947367,143.51042229595606,39,0.975,40,40,1
Central ER,42,2042,"{""cardiac"": {""expected_lost"": 8.626608690954113, ""expected_saved"": 0.3733913090458871, ""mean_response_minutes"": 116.05744222857234, ""mean_scene_minutes"": 12.0, ""mean_transport_minutes"": 38.82499999999999, ""p90_response_minutes"": 249.2802212345985, ""patients"": 9, ""response_count"": 8, ""response_minutes"": 928.4595378285787, ""scene_count"": 8, ""scene_minutes"": 96.0, ""transport_count"": 8, ""transport_minutes"": 310.5999999999999}, ""minor"": {""expected_lost"": 3.613147242520777, ""expected_saved"": 14.386852757479224, ""mean_response_minutes"": 56.30117515468474, ""mean_scene_minutes"": 10.0, ""mean_transport_minutes"": 39.31944444444444, ""p90_response_minutes"": 119.15175011128858, ""patients"": 18, ""response_count"": 18, ""response_minutes"": 1013.4211527843254, ""scene_count"": 18, ""scene_minutes"": 180.0, ""transport_count"": 18, ""transport_minutes"": 707.75}, ""stroke"": {""expected_lost"": 8.131415723339185, ""expected_saved"": 2.8685842766608163, ""mean_response_minutes"": 60.835846120391466, ""mean_scene_minutes"": 13.999999999999996, ""mean_transport_minutes"": 28.789999999999985, ""p90_response_minutes"": 141.98627604466606, ""patients"": 11, ""response_count"": 10, ""response_minutes"": 608.3584612039147, ""scene_count"": 10, ""scene_minutes"": 139.99999999999997, ""transport_count"": 10, ""transport_minutes"": 287.89999999999986}, ""trauma"": {""expected_lost"": 6.628407531664884, ""expected_saved"": 0.37159246833511744, ""mean_response_minutes"": 112.40370378367787, ""mean_scene_minutes"": 16.0, ""mean_transport_minutes"": 22.841666666666658, ""p90_response_minutes"": 214.44318922155725, ""patients"": 7, ""response_count"": 6, ""response_minutes"": 674.4222227020672, ""scene_count"": 6, ""scene_minutes"": 96.0, ""transport_count"": 6, ""transport_minutes"": 137.04999999999995}}","{""arrive_hospital"": 104, ""arrive_scene"": 42, ""hospital_release"": 69, ""patient_arrival"": 45, ""reposition_complete"": 42, ""restock_complete"": 42, ""scene_complete"": 42, ""transfer_ready"": 78}",26.999579,18.000421,0.4000093513671345,76.77765177425917,12.19047619047619,34.36428571428571,164.74680013580527,42,0.9333333333333333,45,45,3
Central ER,43,2043,"{""cardiac"": {""expected_lost"": 6.227706923427404, ""expected_saved"": 0.7722930765725955, ""mean_response_minutes"": 54.38968881053985, ""mean_scene_minutes"": 12.0, ""mean_transport_minutes"": 40.31428571428569, ""p90_response_minutes"": 117.25110464013318, ""patients"": 7, ""response_count"": 7, ""response_minutes"": 380.727821673779, ""scene_count"": 7, ""scene_minutes"": 84.0, ""transport_count"": 7, ""transport_minutes"": 282.1999999999998}, ""minor"": {""expected_lost"": 1.6301130906461536, ""expected_saved"": 5.369886909353846, ""mean_response_minutes"": 35.035999025043374, ""mean_scene_minutes"": 10.0, ""mean_transport_minutes"": 42.24999999999998, ""p90_response_minutes"": 52.59515748105787, ""patients"": 7, ""response_count"": 6, ""response_minutes"": 210.21599415026026, ""scene_count"": 6, ""scene_minutes"": 60.0, ""transport_count"": 6, ""transport_minutes"": 253.49999999999986}, ""stroke"": {""expected_lost"": 7.336619319885631, ""expected_saved"": 3.6633806801143693, ""mean_response_minutes"": 35.463464569347295, ""mean_scene_minutes"": 14.0, ""mean_transport_minutes"": 30.055, ""p90_response_minutes"": 72.88618436842836, ""patients"": 11, ""response_count"": 11, ""response_minutes"": 390.0981102628202, ""scene_count"": 11, ""scene_minutes"": 154.0, ""transport_count"": 10, ""transport_minutes"": 300.55}, ""trauma"": {""expected_lost"": 8.478615419167028, ""expected_saved"": 1.5213845808329722, ""mean_response_minutes"": 41.33492117510769, ""mean_scene_minutes"": 14.222222222222221, ""mean_transport_minutes"": 21.59375, ""p90_response_minutes"": 67.26204658597821, ""patients"": 10, ""response_count"": 9, ""response_minutes"": 372.0142905759692, ""scene_count"": 9, ""scene_minutes"": 128.0, ""transport_count"": 8, ""transport_minutes"": 172.75}}","{""arrive_hospital"": 67, ""arrive_scene"": 33, ""hospital_release"": 52, ""patient_arrival"": 35, ""reposition_complete"": 30, ""restock_complete"": 30, ""scene_complete"": 32, ""transfer_ready"": 54}",23.673055,11.326945,0.3236270070535365,41.001703535237226,12.909090909090908,32.548387096774185,69.06067425978725,33,0.9428571428571428,35,35,2
Central ER,44,2044,"{""cardiac"": {""expected_lost"": 14.254500963032676, ""expected_saved"": 0.7454990369673253, ""mean_response_minutes"": 64.85400796382228, ""mean_scene_minutes"": 12.0, ""mean_transport_minutes"": 38.8, ""p90_response_minutes"": 91.11323354626902, ""patients"": 15, ""response_count"": 10, ""response_minutes"": 648.5400796382228, ""scene_count"": 10, ""scene_minutes"": 120.0, ""transport_count"": 10, ""transport_minutes"": 388.0}, ""minor"": {""expected_lost"": 2.2996631875469755, ""expected_saved"": 9.700336812453024, ""mean_response_minutes"": 38.23445019868606, ""mean_scene_minutes"": 10.0, ""mean_transport_minutes"": 40.73636363636363, ""p90_response_minutes"": 50.80635218930047, ""patients"": 12, ""response_count"": 11, ""response_minutes"": 420.5789521855467, ""scene_count"": 11, ""scene_minutes"": 110.0, ""transport_count"": 11, ""transport_minutes"": 448.0999999999999}, ""stroke"": {""expected_lost"": 10.720870893147524, ""expected_saved"": 5.279129106852478, ""mean_response_minutes"": 45.22135997176196, ""mean_scene_minutes"": 14.000000000000007, ""mean_transport_minutes"": 28.57, ""p90_response_minutes"": 92.56637268685415, ""patients"": 16, ""response_count"": 15, ""response_minutes"": 678.3203995764294, ""scene_count"": 15, ""scene_minutes"": 210.0000000000001, ""transport_count"": 15, ""transport_minutes"": 428.55}, ""trauma"": {""expected_lost"": 9.340399335531382, ""expected_saved"": 0.659600664468618, ""mean_response_minutes"": 61.14692005332233, ""mean_scene_minutes"": 16.0, ""mean_transport_minutes"": 23.366666666666674, ""p90_response_minutes"": 117.23672720347588, ""patients"": 10, ""response_count"": 6, ""response_minutes"": 366.881520319934, ""scene_count"": 6, ""scene_minutes"": 96.0, ""transport_count"": 6, ""transport_minutes"": 140.20000000000005}}","{""arrive_hospital"": 99, ""arrive_scene"": 42, ""hospital_release"": 66, ""patient_arrival"": 53, ""reposition_complete"": 41, ""restock_complete"": 41, ""scene_complete"": 42, ""transfer_ready"": 78}",36.615434,16.384566,0.30914274756115945,50.34097504095554,12.761904761904765,33.44880952380952,81.88140758145379,42,0.7924528301886793,53,53,11
Central ER,45,2045,"{""cardiac"": {""expected_lost"": 10.128283374220203, ""expected_saved"": 0.8717166257797985, ""mean_response_minutes"": 51.98093431464095, ""mean_scene_minutes"": 12.0, ""mean_transport_minutes"": 42.93499999999999, ""p90_response_minutes"": 122.51486785079572, ""patients"": 11, ""response_count"": 10, ""response_minutes"": 519.8093431464094, ""scene_count"": 10, ""scene_minutes"": 120.0, ""transport_count"": 10, ""transport_minutes"": 429.3499999999999}, ""minor"": {""expected_lost"": 2.1306982118582964, ""expected_saved"": 8.869301788141703, ""mean_response_minutes"": 35.97430667961468, ""mean_scene_minutes"": 10.0, ""mean_transport_minutes"": 38.625000000000014, ""p90_response_minutes"": 67.88135432600996, ""patients"": 11, ""response_count"": 10, ""response_minutes"": 359.74306679614676, ""scene_count"": 10, ""scene_minutes"": 100.0, ""transport_count"": 10, ""transport_minutes"": 386.2500000000001}, ""stroke"": {""expected_lost"": 6.3066836910107025, ""expected_saved"": 2.6933163089892975, ""mean_response_minutes"": 51.72925540507244, ""mean_scene_minutes"": 14.0, ""mean_transport_minutes"": 27.293750000000003, ""p90_response_minutes"": 85.9101698676287, ""patients"": 9, ""response_count"": 8, ""response_minutes"": 413.83404324057955, ""scene_count"": 8, ""scene_minutes"": 112.0, ""transport_count"": 8, ""transport_minutes"": 218.35000000000002}, ""trauma"": {""expected_lost"": 6.228112111883375, ""expected_saved"": 0.7718878881166257, ""mean_response_minutes"": 83.4481339714592, ""mean_scene_minutes"": 16.0, ""mean_transport_minutes"": 27.592857142857138, ""p90_response_minutes"": 193.0250539484676, ""patients"": 7, ""response_count"": 7, ""response_minutes"": 584.1369378002144, ""scene_count"": 7, ""scene_minutes"": 112.0, ""transport_count"": 7, ""transport_minutes"": 193.14999999999998}}","{""arrive_hospital"": 83, ""arrive_scene"": 35, ""hospital_release"": 60, ""patient_arrival"": 38, ""reposition_complete"": 34, ""restock_complete"": 34, ""scene_complete"": 35, ""transfer_ready"": 63}",24.793777,13.206223,0.347532173974406,53.64352545666714,12.685714285714285,35.059999999999995,119.69705071157331,35,0.9210526315789473,38,38,3
Central ER,46,2046,"{""cardiac"": {""expected_lost"": 14.467313303854155, ""expected_saved"": 0.5326866961458432, ""mean_response_minutes"": 47.41758113838313, ""mean_scene_minutes"": 12.0, ""mean_transport_minutes"": 41.550000000000004, ""p90_response_minutes"": 85.00135845145383, ""patients"": 15, ""response_count"": 7, ""response_minutes"": 331.9230679686819, ""scene_count"": 7, ""scene_minutes"": 84.0, ""transport_count"": 7, ""transport_minutes"": 290.85}, ""minor"": {""expected_lost"": 2.6376740504573344, ""expected_saved"": 9.362325949542665, ""mean_response_minutes"": 63.189604267883105, ""mean_scene_minutes"": 10.0, ""mean_transport_minutes"": 38.45416666666666, ""p90_response_minutes"": 86.86835417935617, ""patients"": 12, ""response_count"": 12, ""response_minutes"": 758.2752512145972, ""scene_count"": 12, ""scene_minutes"": 120.0, ""transport_count"": 12, ""transport_minutes"": 461.44999999999993}, ""stroke"": {""expected_lost"": 8.713947737661544, ""expected_saved"": 3.2860522623384556, ""mean_response_minutes"": 51.9399370238009, ""mean_scene_minutes"": 14.0, ""mean_transport_minutes"": 26.327272727272717, ""p90_response_minutes"": 77.50500014268209, ""patients"": 12, ""response_count"": 11, ""response_minutes"": 571.33930726181, ""scene_count"": 11, ""scene_minutes"": 154.0, ""transport_count"": 11, ""transport_minutes"": 289.5999999999999}, ""trauma"": {""expected_lost"": 13.05244276534292, ""expected_saved"": 0.9475572346570806, ""mean_response_minutes"": 96.63901461487937, ""mean_scene_minutes"": 14.666666666666666, ""mean_transport_minutes"": 29.336363636363618, ""p90_response_minutes"": 196.8086321903698, ""patients"": 14, ""response_count"": 12, ""response_minutes"": 1159.6681753785524, ""scene_count"": 12, ""scene_minutes"": 176.0, ""transport_count"": 11, ""transport_minutes"": 322.6999999999998}}","{""arrive_hospital"": 90, ""arrive_scene"": 42, ""hospital_release"": 60, ""patient_arrival"": 53, ""reposition_complete"": 41, ""restock_complete"": 41, ""scene_complete"": 41, ""transfer_ready"": 71}",38.871378,14.128622,0.2665777762770574,67.1715667100867,12.714285714285714,33.282926829268284,104.76847118905002,42,0.7924528301886793,53,53,11
Central ER,47,2047,"{""cardiac"": {""expected_lost"": 10.731382112319483, ""expected_saved"": 1.268617887680517, ""mean_response_minutes"": 35.13002153698557, ""mean_scene_minutes"": 12.000000000000009, ""mean_transport_minutes"": 39.34166666666666, ""p90_response_minutes"": 67.16222013512639, ""patients"": 12, ""response_count"": 12, ""response_minutes"": 421.56025844382685, ""scene_count"": 12, ""scene_minutes"": 144.0000000000001, ""transport_count"": 12, ""transport_minutes"": 472.0999999999999}, ""minor"": {""expected_lost"": 2.2207791005048074, ""expected_saved"": 11.779220899495192, ""mean_response_minutes"": 36.15866078836414, ""mean_scene_minutes"": 9.285714285714286, ""mean_transport_minutes"": 40.884615384615394, ""p90_response_minutes"": 60.59814336413126, ""patients"": 14, ""response_count"": 14, ""response_minutes"": 506.2212510370979, ""scene_count"": 14, ""scene_minutes"": 130.0, ""transport_count"": 13, ""transport_minutes"": 531.5000000000001}, ""stroke"": {""expected_lost"": 2.707665230052658, ""expected_saved"": 2.292334769947342, ""mean_response_minutes"": 27.85464123473031, ""mean_scene_minutes"": 14.0, ""mean_transport_minutes"": 28.35, ""p90_response_minutes"": 39.45312620809294, ""patients"": 5, ""response_count"": 5, ""response_minutes"": 139.27320617365154, ""scene_count"": 5, ""scene_minutes"": 70.0, ""transport_count"": 5, ""transport_minutes"": 141.75}, ""trauma"": {""expected_lost"": 11.002573195571708, ""expected_saved"": 0.9974268044282919, ""mean_response_minutes"": 35.288203115223396, ""mean_scene_minutes"": 16.000000000000014, ""mean_transport_minutes"": 31.433333333333344, ""p90_response_minutes"": 54.51825204469928, ""patients"": 12, ""response_count"": 9, ""response_minutes"": 317.59382803701055, ""scene_count"": 9, ""scene_minutes"": 144.0000000000001, ""transport_count"": 9, ""transport_minutes"": 282.9000000000001}}","{""arrive_hospital"": 94, ""arrive_scene"": 40, ""hospital_release"": 67, ""patient_arrival"": 43, ""reposition_complete"": 38, ""restock_complete"": 38, ""scene_complete"": 39, ""transfer_ready"": 69}",26.6624,16.3376,0.3799441944546825,34.61621359228967,12.200000000000006,36.62179487179487,57.86846538480189,40,0.9302325581395349,43,43,3
Central ER,48,2048,"{""cardiac"": {""expected_lost"": 11.620535521439288, ""expected_saved"": 0.3794644785095684, ""mean_response_minutes"": 104.15973451182947, ""mean_scene_minutes"": 12.0, ""mean_transport_minutes"": 40.27916666666663, ""p90_response_minutes"": 175.2924529414949, ""patients"": 12, ""response_count"": 12, ""response_minutes"": 1249.9168141419536, ""scene_count"": 12, ""scene_minutes"": 144.0, ""transport_count"": 12, ""transport_minutes"": 483.3499999999996}, ""minor"": {""expected_lost"": 2.527678762101296, ""expected_saved"": 7.472321237898703, ""mean_response_minutes"": 59.96964081078062, ""mean_scene_minutes"": 10.0, ""mean_transport_minutes"": 41.42222222222222, ""p90_response_minutes"": 98.5861660568677, ""patients"": 10, ""response_count"": 10, ""response_minutes"": 599.6964081078062, ""scene_count"": 10, ""scene_minutes"": 100.0, ""transport_count"": 9, ""transport_minutes"": 372.79999999999995}, ""stroke"": {""expected_lost"": 9.271576588928369, ""expected_saved"": 2.7284234110716317, ""mean_response_minutes"": 96.66846805533153, ""mean_scene_minutes"": 14.0, ""mean_transport_minutes"": 28.044444444444455, ""p90_response_minutes"": 218.09489874541816, ""patients"": 12, ""response_count"": 9, ""response_minutes"": 870.0162124979838, ""scene_count"": 9, ""scene_minutes"": 126.0, ""transport_count"": 9, ""transport_minutes"": 252.4000000000001}, ""trauma"": {""expected_lost"": 14.032181846656384, ""expected_saved"": 1.9678181533436154, ""mean_response_minutes"": 45.46327671391581, ""mean_scene_minutes"": 16.0, ""mean_transport_minutes"": 23.607142857142865, ""p90_response_minutes"": 75.34937981690241, ""patients"": 16, ""response_count"": 14, ""response_minutes"": 636.4858739948213, ""scene_count"": 14, ""scene_minutes"": 224.0, ""transport_count"": 14, ""transport_minutes"": 330.5000000000001}}","{""arrive_hospital"": 92, ""arrive_scene"": 45, ""hospital_release"": 63, ""patient_arrival"": 50, ""reposition_complete"": 43, ""restock_complete"": 43, ""scene_complete"": 45, ""transfer_ready"": 71}",37.451973,12.548027,0.25096054561647035,74.58034019427926,13.2,32.70568181818181,157.45129249767214,45,0.9,50,50,5
Central ER,49,2049,"{""cardiac"": {""expected_lost"": 6.558554783843379, ""expected_saved"": 0.4414452161566206, ""mean_response_minutes"": 35.16798144851073, ""mean_scene_minutes"": 12.0, ""mean_transport_minutes"": 43.019999999999996, ""p90_response_minutes"": 52.8730014957021, ""patients"": 7, ""response_count"": 5, ""response_minutes"": 175.83990724255364, ""scene_count"": 5, ""scene_minutes"": 60.0, ""transport_count"": 5, ""transport_minutes"": 215.09999999999997}, ""minor"": {""expected_lost"": 3.2792569870255535, ""expected_saved"": 11.720743012974447, ""mean_response_minutes"": 61.459130381473656, ""mean_scene_minutes"": 10.0, ""mean_transport_minutes"": 39.31333333333332, ""p90_response_minutes"": 114.03934835883258, ""patients"": 15, ""response_count"": 15, ""response_minutes"": 921.8869557221049, ""scene_count"": 15, ""scene_minutes"": 150.0, ""transport_count"": 15, ""transport_minutes"": 589.6999999999998}, ""stroke"": {""expected_lost"": 7.489800701262132, ""expected_saved"": 2.5101992987378674, ""mean_response_minutes"": 78.21863622968449, ""mean_scene_minutes"": 12.6, ""mean_transport_minutes"": 27.855555555555537, ""p90_response_minutes"": 168.5879243081967, ""patients"": 10, ""response_count"": 10, ""response_minutes"": 782.1863622968449, ""scene_count"": 10, ""scene_minutes"": 126.0, ""transport_count"": 9, ""transport_minutes"": 250.69999999999982}, ""trauma"": {""expected_lost"": 10.13923201361165, ""expected_saved"": 0.8607679863883497, ""mean_response_minutes"": 165.9066345788691, ""mean_scene_minutes"": 16.0, ""mean_transport_minutes"": 27.766666666666676, ""p90_response_minutes"": 355.7544752345418, ""patients"": 11, ""response_count"": 10, ""response_minutes"": 1659.066345788691, ""scene_count"": 10, ""scene_minutes"": 160.0, ""transport_count"": 9, ""transport_minutes"": 249.9000000000001}}","{""arrive_hospital"": 87, ""arrive_scene"": 40, ""hospital_release"": 61, ""patient_arrival"": 43, ""reposition_complete"": 37, ""restock_complete"": 37, ""scene_complete"": 39, ""transfer_ready"": 67}",27.466844,15.533156,0.36123617475016945,88.47448927625487,12.4,34.35263157894736,253.2150382069528,40,0.9302325581395349,43,43,3
Central ER,50,2050,"{""cardiac"": {""expected_lost"": 14.150484424020597, ""expected_saved"": 0.8495155759794025, ""mean_response_minutes"": 45.247482966053596, ""mean_scene_minutes"": 12.0, ""mean_transport_minutes"": 40.81363636363636, ""p90_response_minutes"": 77.776750149588, ""patients"": 15, ""response_count"": 11, ""response_minutes"": 497.72231262658954, ""scene_count"": 11, ""scene_minutes"": 132.0, ""transport_count"": 11, ""transport_minutes"": 448.95}, ""minor"": {""expected_lost"": 0.6990209855564357, ""expected_saved"": 8.300979014443564, ""mean_response_minutes"": 30.104548872755206, ""mean_scene_minutes"": 10.0, ""mean_transport_minutes"": 38.70000000000001, ""p90_response_minutes"": 39.5346790739216, ""patients"": 9, ""response_count"": 9, ""response_minutes"": 270.94093985479685, ""scene_count"": 9, ""scene_minutes"": 90.0, ""transport_count"": 9, ""transport_minutes"": 348.30000000000007}, ""stroke"": {""expected_lost"": 7.974667463936076, ""expected_saved"": 4.025332536063924, ""mean_response_minutes"": 41.57209417651986, ""mean_scene_minutes"": 14.0, ""mean_transport_minutes"": 23.636363636363637, ""p90_response_minutes"": 72.05644148219903, ""patients"": 12, ""response_count"": 11, ""response_minutes"": 457.2930359417185, ""scene_count"": 11, ""scene_minutes"": 154.0, ""transport_count"": 11, ""transport_minutes"": 260.0}, ""trauma"": {""expected_lost"": 3.4563028391727353, ""expected_saved"": 0.5436971608272645, ""mean_response_minutes"": 28.56620219834993, ""mean_scene_minutes"": 16.0, ""mean_transport_minutes"": 20.333333333333332, ""p90_response_minutes"": 33.12888527603986, ""patients"": 4, ""response_count"": 3, ""response_minutes"": 85.6986065950498, ""scene_count"": 3, ""scene_minutes"": 48.0, ""transport_count"": 3, ""transport_minutes"": 61.0}}","{""arrive_hospital"": 82, ""arrive_scene"": 34, ""hospital_release"": 59, ""patient_arrival"": 40, ""reposition_complete"": 31, ""restock_complete"": 31, ""scene_complete"": 34, ""transfer_ready"": 62}",26.280476,13.719524,0.3429881071828539,38.57808514759278,12.470588235294118,32.88970588235294,69.89487765901357,34,0.85,40,40,6
Central ER,51,2051,"{""cardiac"": {""expected_lost"": 4.730333228461482, ""expected_saved"": 0.2696667715385189, ""mean_response_minutes"": 40.73030787779521, ""mean_scene_minutes"": 12.0, ""mean_transport_minutes"": 41.53333333333334, ""p90_response_minutes"": 68.50273890670852, ""patients"": 5, ""response_count"": 3, ""response_minutes"": 122.19092363338564, ""scene_count"": 3, ""scene_minutes"": 36.0, ""transport_count"": 3, ""transport_minutes"": 124.60000000000002}, ""minor"": {""expected_lost"": 1.127502341607555, ""expected_saved"": 10.872497658392444, ""mean_response_minutes"": 33.25499550103367, ""mean_scene_minutes"": 10.0, ""mean_transport_minutes"": 41.12499999999998, ""p90_response_minutes"": 78.1761943213959, ""patients"": 12, ""response_count"": 12, ""response_minutes"": 399.059946012404, ""scene_count"": 12, ""scene_minutes"": 120.0, ""transport_count"": 12, ""transport_minutes"": 493.4999999999998}, ""stroke"": {""expected_lost"": 5.007059972921096, ""expected_saved"": 1.992940027078904, ""mean_response_minutes"": 33.61182792944613, ""mean_scene_minutes"": 14.0, ""mean_transport_minutes"": 27.0, ""p90_response_minutes"": 49.70533733976663, ""patients"": 7, ""response_count"": 5, ""response_minutes"": 168.05913964723064, ""scene_count"": 5, ""scene_minutes"": 70.0, ""transport_count"": 5, ""transport_minutes"": 135.0}, ""trauma"": {""expected_lost"": 14.052332175230159, ""expected_saved"": 1.947667824769841, ""mean_response_minutes"": 42.32899207471734, ""mean_scene_minutes"": 16.0, ""mean_transport_minutes"": 28.04615384615384, ""p90_response_minutes"": 72.14137740595801, ""patients"": 16, ""response_count"": 15, ""response_minutes"": 634.9348811207601, ""scene_count"": 15, ""scene_minutes"": 240.0, ""transport_count"": 13, ""transport_minutes"": 364.5999999999999}}","{""arrive_hospital"": 68, ""arrive_scene"": 35, ""hospital_release"": 47, ""patient_arrival"": 40, ""reposition_complete"": 33, ""restock_complete"": 33, ""scene_complete"": 35, ""transfer_ready"": 53}",24.917228,15.082772,0.3770693070444926,37.83556829753658,13.314285714285715,33.86969696969697,77.6732106561803,35,0.875,40,40,5
Central ER,52,2052,"{""cardiac"": {""expected_lost"": 8.674074022733818, ""expected_saved"": 0.32592597719421074, ""mean_response_minutes"": 171.07065845966184, ""mean_scene_minutes"": 12.0, ""mean_transport_minutes"": 38.214285714285715, ""p90_response_minutes"": 305.64489158465665, ""patients"": 9, ""response_count"": 7, ""response_minutes"": 1197.4946092176328, ""scene_count"": 7, ""scene_minutes"": 84.0, ""transport_count"": 7, ""transport_minutes"": 267.5}, ""minor"": {""expected_lost"": 0.7199298077127398, ""expected_saved"": 6.28007019228726, ""mean_response_minutes"": 34.74611117453003, ""mean_scene_minutes"": 10.0, ""mean_transport_minutes"": 39.285714285714285, ""p90_response_minutes"": 47.7905502810635, ""patients"": 7, ""response_count"": 7, ""response_minutes"": 243.2227782217102, ""scene_count"": 7, ""scene_minutes"": 70.0, ""transport_count"": 7, ""transport_minutes"": 275.0}, ""stroke"": {""expected_lost"": 12.235587330174669, ""expected_saved"": 3.7644126698253317, ""mean_response_minutes"": 105.62634552298682, ""mean_scene_minutes"": 14.0, ""mean_transport_minutes"": 26.689285714285706, ""p90_response_minutes"": 147.3584690083676, ""patients"": 16, ""response_count"": 15, ""response_minutes"": 1584.3951828448023, ""scene_count"": 15, ""scene_minutes"": 210.0, ""transport_count"": 14, ""transport_minutes"": 373.64999999999986}, ""trauma"": {""expected_lost"": 13.437338415831928, ""expected_saved"": 1.5626615841680722, ""mean_response_minutes"": 85.00373698324906, ""mean_scene_minutes"": 16.0, ""mean_transport_minutes"": 29.20357142857144, ""p90_response_minutes"": 182.0241655540634, ""patients"": 15, ""response_count"": 14, ""response_minutes"": 1190.0523177654868, ""scene_count"": 14, ""scene_minutes"": 224.0, ""transport_count"": 14, ""transport_minutes"": 408.85000000000014}}","{""arrive_hospital"": 82, ""arrive_scene"": 43, ""hospital_release"": 60, ""patient_arrival"": 47, ""reposition_complete"": 41, ""restock_complete"": 41, ""scene_complete"": 43, ""transfer_ready"": 68}",35.06693,11.93307,0.2538951153930824,98.02709041975889,13.674418604651162,31.547619047619047,220.8345056308109,43,0.9148936170212766,47,47,4
Central ER,53,2053,"{""cardiac"": {""expected_lost"": 9.64836292700862, ""expected_saved"": 0.35163707299138003, ""mean_response_minutes"": 70.29427178245945, ""mean_scene_minutes"": 12.000000000000005, ""mean_transport_minutes"": 40.16666666666667, ""p90_response_minutes"": 132.26586026740307, ""patients"": 10, ""response_count"": 6, ""response_minutes"": 421.7656306947567, ""scene_count"": 6, ""scene_minutes"": 72.00000000000003, ""transport_count"": 6, ""transport_minutes"": 241.00000000000003}, ""minor"": {""expected_lost"": 4.038363433024343, ""expected_saved"": 13.961636566975656, ""mean_response_minutes"": 62.309345293610235, ""mean_scene_minutes"": 10.0, ""mean_transport_minutes"": 41.032352941176455, ""p90_response_minutes"": 89.2317050296439, ""patients"": 18, ""response_count"": 17, ""response_minutes"": 1059.258869991374, ""scene_count"": 17, ""scene_minutes"": 170.0, ""transport_count"": 17, ""transport_minutes"": 697.5499999999997}, ""stroke"": {""expected_lost"": 9.833025929214983, ""expected_saved"": 4.166974070785018, ""mean_response_minutes"": 61.59754182427398, ""mean_scene_minutes"": 14.0, ""mean_transport_minutes"": 27.55909090909091, ""p90_response_minutes"": 83.72007113948906, ""patients"": 14, ""response_count"": 12, ""response_minutes"": 739.1705018912878, ""scene_count"": 12, ""scene_minutes"": 168.0, ""transport_count"": 11, ""transport_minutes"": 303.15}, ""trauma"": {""expected_lost"": 7.373357140975466, ""expected_saved"": 0.6266428590245338, ""mean_response_minutes"": 64.70215800673107, ""mean_scene_minutes"": 16.0, ""mean_transport_minutes"": 29.0, ""p90_response_minutes"": 103.35114255900557, ""patients"": 8, ""response_count"": 7, ""response_minutes"": 452.91510604711743, ""scene_count"": 7, ""scene_minutes"": 112.0, ""transport_count"": 6, ""transport_minutes"": 174.0}}","{""arrive_hospital"": 96, ""arrive_scene"": 42, ""hospital_release"": 67, ""patient_arrival"": 50, ""reposition_complete"": 39, ""restock_complete"": 39, ""scene_complete"": 42, ""transfer_ready"": 73}",30.893109,19.106891,0.38213781139553177,63.64547877677468,12.428571428571429,35.39249999999999,128.2668239996352,42,0.84,50,50,8
Central ER,54,2054,"{""cardiac"": {""expected_lost"": 8.338893010567302, ""expected_saved"": 0.6611069894326974, ""mean_response_minutes"": 67.47664088276649, ""mean_scene_minutes"": 12.0, ""mean_transport_minutes"": 39.61874999999997, ""p90_response_minutes"": 129.9845053153406, ""patients"": 9, ""response_count"": 8, ""response_minutes"": 539.8131270621319, ""scene_count"": 8, ""scene_minutes"": 96.0, ""transport_count"": 8, ""transport_minutes"": 316.94999999999976}, ""minor"": {""expected_lost"": 0.862678500205563, ""expected_saved"": 4.137321499794438, ""mean_response_minutes"": 49.544859399836675, ""mean_scene_minutes"": 10.0, ""mean_transport_minutes"": 40.98, ""p90_response_minutes"": 64.226905652987, ""patients"": 5, ""response_count"": 5, ""response_minutes"": 247.72429699918337, ""scene_count"": 5, ""scene_minutes"": 50.0, ""transport_count"": 5, ""transport_minutes"": 204.89999999999998}, ""stroke"": {""expected_lost"": 13.098231374494052, ""expected_saved"": 5.90176862550595, ""mean_response_minutes"": 72.28719082060155, ""mean_scene_minutes"": 14.0, ""mean_transport_minutes"": 25.950000000000003, ""p90_response_minutes"": 120.56247323624783, ""patients"": 19, ""response_count"": 19, ""response_minutes"": 1373.4566255914294, ""scene_count"": 19, ""scene_minutes"": 266.0, ""transport_count"": 19, ""transport_minutes"": 493.05000000000007}, ""trauma"": {""expected_lost"": 12.939496830871, ""expected_saved"": 1.0605031691289983, ""mean_response_minutes"": 65.86536215777214, ""mean_scene_minutes"": 16.0, ""mean_transport_minutes"": 27.079999999999995, ""p90_response_minutes"": 149.25549111516654, ""patients"": 14, ""response_count"": 10, ""response_minutes"": 658.6536215777214, ""scene_count"": 10, ""scene_minutes"": 160.0, ""transport_count"": 10, ""transport_minutes"": 270.79999999999995}}","{""arrive_hospital"": 84, ""arrive_scene"": 42, ""hospital_release"": 60, ""patient_arrival"": 47, ""reposition_complete"": 40, ""restock_complete"": 40, ""scene_complete"": 42, ""transfer_ready"": 72}",35.2393,11.7607,0.25022766561408677,67.13446836263014,13.619047619047619,30.611904761904757,142.99690198667687,42,0.8936170212765957,47,47,5
Central ER,55,2055,"{""cardiac"": {""expected_lost"": 9.636118210402564, ""expected_saved"": 0.36388178920059666, ""mean_response_minutes"": 108.9652350421212, ""mean_scene_minutes"": 11.999999999999991, ""mean_transport_minutes"": 38.51428571428572, ""p90_response_minutes"": 206.17468865970517, ""patients"": 10, ""response_count"": 7, ""response_minutes"": 762.7566452948483, ""scene_count"": 7, ""scene_minutes"": 83.99999999999994, ""transport_count"": 7, ""transport_minutes"": 269.6}, ""minor"": {""expected_lost"": 4.036036313701434, ""expected_saved"": 11.963963686298566, ""mean_response_minutes"": 64.50194758435161, ""mean_scene_minutes"": 10.0, ""mean_transport_minutes"": 40.79333333333333, ""p90_response_minutes"": 107.23270368810842, ""patients"": 16, ""response_count"": 15, ""response_minutes"": 967.5292137652742, ""scene_count"": 15, ""scene_minutes"": 150.0, ""transport_count"": 15, ""transport_minutes"": 611.9}, ""stroke"": {""expected_lost"": 9.96145385067268, ""expected_saved"": 3.0385461493273214, ""mean_response_minutes"": 93.86896174756521, ""mean_scene_minutes"": 14.0, ""mean_transport_minutes"": 27.791666666666668, ""p90_response_minutes"": 179.09907964503782, ""patients"": 13, ""response_count"": 13, ""response_minutes"": 1220.2965027183477, ""scene_count"": 13, ""scene_minutes"": 182.0, ""transport_count"": 12, ""transport_minutes"": 333.5}, ""trauma"": {""expected_lost"": 9.62218400795785, ""expected_saved"": 1.3778159920421493, ""mean_response_minutes"": 34.85363506687174, ""mean_scene_minutes"": 16.0, ""mean_transport_minutes"": 29.88333333333334, ""p90_response_minutes"": 61.23546811015578, ""patients"": 11, ""response_count"": 9, ""response_minutes"": 313.68271560184564, ""scene_count"": 9, ""scene_minutes"": 144.0, ""transport_count"": 9, ""transport_minutes"": 268.95000000000005}}","{""arrive_hospital"": 98, ""arrive_scene"": 44, ""hospital_release"": 66, ""patient_arrival"": 50, ""reposition_complete"": 42, ""restock_complete"": 42, ""scene_complete"": 44, ""transfer_ready"": 76}",33.255792,16.744208,0.3348841523373726,74.18784266773447,12.727272727272727,34.51046511627907,134.99273038530043,44,0.88,50,50,6
Central ER,56,2056,"{""cardiac"": {""expected_lost"": 5.654263002187736, ""expected_saved"": 0.3457369978122646, ""mean_response_minutes"": 84.98139170400918, ""mean_scene_minutes"": 12.0, ""mean_transport_minutes"": 41.433333333333316, ""p90_response_minutes"": 172.3398069376858, ""patients"": 6, ""response_count"": 6, ""response_minutes"": 509.8883502240551, ""scene_count"": 6, ""scene_minutes"": 72.0, ""transport_count"": 6, ""transport_minutes"": 248.5999999999999}, ""minor"": {""expected_lost"": 2.27965816394965, ""expected_saved"": 8.720341836050348, ""mean_response_minutes"": 30.506198312632602, ""mean_scene_minutes"": 10.0, ""mean_transport_minutes"": 40.69444444444444, ""p90_response_minutes"": 44.90559264639084, ""patients"": 11, ""response_count"": 10, ""response_minutes"": 305.061983126326, ""scene_count"": 10, ""scene_minutes"": 100.0, ""transport_count"": 9, ""transport_minutes"": 366.25}, ""stroke"": {""expected_lost"": 8.264622172475459, ""expected_saved"": 3.7353778275245397, ""mean_response_minutes"": 44.13426740777498, ""mean_scene_minutes"": 14.0, ""mean_transport_minutes"": 25.304999999999993, ""p90_response_minutes"": 54.138770925708, ""patients"": 12, ""response_count"": 11, ""response_minutes"": 485.4769414855247, ""scene_count"": 11, ""scene_minutes"": 154.0, ""transport_count"": 10, ""transport_minutes"": 253.04999999999993}, ""trauma"": {""expected_lost"": 10.533410086219, ""expected_saved"": 2.4665899137809983, ""mean_response_minutes"": 30.204331311541594, ""mean_scene_minutes"": 16.0, ""mean_transport_minutes"": 25.55384615384616, ""p90_response_minutes"": 55.755025901531866, ""patients"": 13, ""response_count"": 13, ""response_minutes"": 392.6563070500407, ""scene_count"": 13, ""scene_minutes"": 208.0, ""transport_count"": 13, ""transport_minutes"": 332.20000000000005}}","{""arrive_hospital"": 78, ""arrive_scene"": 40, ""hospital_release"": 60, ""patient_arrival"": 42, ""reposition_complete"": 38, ""restock_complete"": 38, ""scene_complete"": 40, ""transfer_ready"": 63}",26.731953,15.268047,0.36352491845638457,42.32708954714867,13.35,31.581578947368417,67.76679959813126,40,0.9523809523809523,42,42,2
Central ER,57,2057,"{""cardiac"": {""expected_lost"": 7.662034186981716, ""expected_saved"": 0.3379658130182847, ""mean_response_minutes"": 78.72172997574373, ""mean_scene_minutes"": 12.000000000000016, ""mean_transport_minutes"": 43.46428571428568, ""p90_response_minutes"": 161.26042022077564, ""patients"": 8, ""response_count"": 7, ""response_minutes"": 551.0521098302061, ""scene_count"": 7, ""scene_minutes"": 84.00000000000011, ""transport_count"": 7, ""transport_minutes"": 304.2499999999998}, ""minor"": {""expected_lost"": 1.785787246570971, ""expected_saved"": 7.214212753429028, ""mean_response_minutes"": 56.87277569891422, ""mean_scene_minutes"": 10.0, ""mean_transport_minutes"": 39.955555555555556, ""p90_response_minutes"": 86.41667089736538, ""patients"": 9, ""response_count"": 9, ""response_minutes"": 511.85498129022795, ""scene_count"": 9, ""scene_minutes"": 90.0, ""transport_count"": 9, ""transport_minutes"": 359.6}, ""stroke"": {""expected_lost"": 4.107845879466078, ""expected_saved"": 2.8921541205339216, ""mean_response_minutes"": 37.22025102131246, ""mean_scene_minutes"": 14.0, ""mean_transport_minutes"": 25.857142857142858, ""p90_response_minutes"": 63.07792489391984, ""patients"": 7, ""response_count"": 7, ""response_minutes"": 260.5417571491872, ""scene_count"": 7, ""scene_minutes"": 98.0, ""transport_count"": 7, ""transport_minutes"": 181.0}, ""trauma"": {""expected_lost"": 12.973792989628615, ""expected_saved"": 1.0262070103713867, ""mean_response_minutes"": 89.0721364920442, ""mean_scene_minutes"": 16.0, ""mean_transport_minutes"": 25.875, ""p90_response_minutes"": 180.7345899166179, ""patients"": 14, ""response_count"": 13, ""response_minutes"": 1157.9377743965745, ""scene_count"": 13, ""scene_minutes"": 208.0, ""transport_count"": 12, ""transport_minutes"": 310.5}}","{""arrive_hospital"": 74, ""arrive_scene"": 36, ""hospital_release"": 51, ""patient_arrival"": 38, ""reposition_complete"": 34, ""restock_complete"": 34, ""scene_complete"": 36, ""transfer_ready"": 58}",26.52946,11.47054,0.30185630782506895,68.92740618517207,13.333333333333336,33.01,158.9851817314344,36,0.9473684210526315,38,38,2
Central ER,58,2058,"{""cardiac"": {""expected_lost"": 13.177950635197158, ""expected_saved"": 0.8220493648028424, ""mean_response_minutes"": 56.035592663866204, ""mean_scene_minutes"": 12.0, ""mean_transport_minutes"": 36.92916666666667, ""p90_response_minutes"": 109.09584637207631, ""patients"": 14, ""response_count"": 12, ""response_minutes"": 672.4271119663945, ""scene_count"": 12, ""scene_minutes"": 144.0, ""transport_count"": 12, ""transport_minutes"": 443.15}, ""minor"": {""expected_lost"": 3.361840301103902, ""expected_saved"": 10.6381596988961, ""mean_response_minutes"": 67.7836073346629, ""mean_scene_minutes"": 10.0, ""mean_transport_minutes"": 37.94285714285713, ""p90_response_minutes"": 113.7503892307896, ""patients"": 14, ""response_count"": 14, ""response_minutes"": 948.9705026852806, ""scene_count"": 14, ""scene_minutes"": 140.0, ""transport_count"": 14, ""transport_minutes"": 531.1999999999998}, ""stroke"": {""expected_lost"": 8.934157173032567, ""expected_saved"": 4.065842826967433, ""mean_response_minutes"": 114.72099103616104, ""mean_scene_minutes"": 14.0, ""mean_transport_minutes"": 27.320833333333336, ""p90_response_minutes"": 285.48348047089013, ""patients"": 13, ""response_count"": 12, ""response_minutes"": 1376.6518924339325, ""scene_count"": 12, ""scene_minutes"": 168.0, ""transport_count"": 12, ""transport_minutes"": 327.85}, ""trauma"": {""expected_lost"": 5.432206207003216, ""expected_saved"": 0.5677937929967847, ""mean_response_minutes"": 123.42313074945169, ""mean_scene_minutes"": 16.0, ""mean_transport_minutes"": 20.9, ""p90_response_minutes"": 305.12725278261075, ""patients"": 6, ""response_count"": 5, ""response_minutes"": 617.1156537472584, ""scene_count"": 5, ""scene_minutes"": 80.0, ""transport_count"": 5, ""transport_minutes"": 104.5}}","{""arrive_hospital"": 104, ""arrive_scene"": 43, ""hospital_release"": 74, ""patient_arrival"": 47, ""reposition_complete"": 41, ""restock_complete"": 41, ""scene_complete"": 43, ""transfer_ready"": 80}",30.906154,16.093846,0.34242224858857784,84.07360839146199,12.372093023255815,32.71395348837209,127.48394285635229,43,0.9148936170212766,47,47,4
Central ER,59,2059,"{""cardiac"": {""expected_lost"": 12.335460917426488, ""expected_saved"": 0.6645390825735131, ""mean_response_minutes"": 47.698347321745686, ""mean_scene_minutes"": 12.0, ""mean_transport_minutes"": 38.19999999999999, ""p90_response_minutes"": 93.42290399453435, ""patients"": 13, ""response_count"": 8, ""response_minutes"": 381.5867785739655, ""scene_count"": 8, ""scene_minutes"": 96.0, ""transport_count"": 8, ""transport_minutes"": 305.5999999999999}, ""minor"": {""expected_lost"": 1.7454897840990202, ""expected_saved"": 9.254510215900979, ""mean_response_minutes"": 47.29531843793362, ""mean_scene_minutes"": 10.0, ""mean_transport_minutes"": 41.47727272727274, ""p90_response_minutes"": 72.20381036563003, ""patients"": 11, ""response_count"": 11, ""response_minutes"": 520.2485028172698, ""scene_count"": 11, ""scene_minutes"": 110.0, ""transport_count"": 11, ""transport_minutes"": 456.2500000000001}, ""stroke"": {""expected_lost"": 12.48795174048334, ""expected_saved"": 2.5120482595166633, ""mean_response_minutes"": 125.7357887763225, ""mean_scene_minutes"": 11.846153846153847, ""mean_transport_minutes"": 25.822727272727267, ""p90_response_minutes"": 255.5715498767338, ""patients"": 15, ""response_count"": 13, ""response_minutes"": 1634.5652540921924, ""scene_count"": 13, ""scene_minutes"": 154.0, ""transport_count"": 11, ""transport_minutes"": 284.04999999999995}, ""trauma"": {""expected_lost"": 15.04825411632373, ""expected_saved"": 0.9517458836762708, ""mean_response_minutes"": 100.9122005628381, ""mean_scene_minutes"": 16.000000000000004, ""mean_transport_minutes"": 28.16428571428571, ""p90_response_minutes"": 212.11454013198446, ""patients"": 16, ""response_count"": 14, ""response_minutes"": 1412.7708078797334, ""scene_count"": 14, ""scene_minutes"": 224.00000000000003, ""transport_count"": 14, ""transport_minutes"": 394.29999999999995}}","{""arrive_hospital"": 92, ""arrive_scene"": 46, ""hospital_release"": 66, ""patient_arrival"": 55, ""reposition_complete"": 43, ""restock_complete"": 43, ""scene_complete"": 44, ""transfer_ready"": 73}",41.617157,13.382843,0.24332442621213501,85.85155094267739,12.695652173913043,32.73181818181818,194.8754654705668,46,0.8363636363636363,55,55,9
Central ER,60,2060,"{""cardiac"": {""expected_lost"": 6.9918832612846105, ""expected_saved"": 1.0081167387153902, ""mean_response_minutes"": 25.13381815151338, ""mean_scene_minutes"": 12.0, ""mean_transport_minutes"": 40.525000000000006, ""p90_response_minutes"": 34.5136832378879, ""patients"": 8, ""response_count"": 8, ""response_minutes"": 201.07054521210705, ""scene_count"": 8, ""scene_minutes"": 96.0, ""transport_count"": 8, ""transport_minutes"": 324.20000000000005}, ""minor"": {""expected_lost"": 2.5241815085725587, ""expected_saved"": 6.475818491427441, ""mean_response_minutes"": 28.5470934770429, ""mean_scene_minutes"": 8.75, ""mean_transport_minutes"": 42.414285714285676, ""p90_response_minutes"": 34.7146269959162, ""patients"": 9, ""response_count"": 8, ""response_minutes"": 228.3767478163432, ""scene_count"": 8, ""scene_minutes"": 70.0, ""transport_count"": 7, ""transport_minutes"": 296.89999999999975}, ""stroke"": {""expected_lost"": 6.014666894048327, ""expected_saved"": 3.985333105951673, ""mean_response_minutes"": 25.454661979697292, ""mean_scene_minutes"": 13.999999999999986, ""mean_transport_minutes"": 27.02499999999999, ""p90_response_minutes"": 41.17618875127351, ""patients"": 10, ""response_count"": 8, ""response_minutes"": 203.63729583757834, ""scene_count"": 8, ""scene_minutes"": 111.99999999999989, ""transport_count"": 8, ""transport_minutes"": 216.19999999999993}, ""trauma"": {""expected_lost"": 8.47820485847243, ""expected_saved"": 1.5217951415275701, ""mean_response_minutes"": 26.025743781129528, ""mean_scene_minutes"": 14.4, ""mean_transport_minutes"": 27.5, ""p90_response_minutes"": 44.420229276441155, ""patients"": 10, ""response_count"": 10, ""response_minutes"": 260.2574378112953, ""scene_count"": 10, ""scene_minutes"": 144.0, ""transport_count"": 8, ""transport_minutes"": 220.0}}","{""arrive_hospital"": 69, ""arrive_scene"": 34, ""hospital_release"": 54, ""patient_arrival"": 37, ""reposition_complete"": 31, ""restock_complete"": 31, ""scene_complete"": 32, ""transfer_ready"": 54}",24.008937,12.991063,0.35110982371951543,26.274765490509527,12.41176470588235,34.106451612903214,41.396372829735185,34,0.918918918918919,37,37,3
Central ER,61,2061,"{""cardiac"": {""expected_lost"": 14.476699014061028, ""expected_saved"": 0.5233009859389733, ""mean_response_minutes"": 69.1840918511909, ""mean_scene_minutes"": 11.999999999999998, ""mean_transport_minutes"": 40.02916666666666, ""p90_response_minutes"": 106.77629921037831, ""patients"": 15, ""response_count"": 12, ""response_minutes"": 830.2091022142909, ""scene_count"": 12, ""scene_minutes"": 143.99999999999997, ""transport_count"": 12, ""transport_minutes"": 480.3499999999999}, ""minor"": {""expected_lost"": 4.02656683521676, ""expected_saved"": 6.973433164783241, ""mean_response_minutes"": 41.69791894835639, ""mean_scene_minutes"": 10.0, ""mean_transport_minutes"": 40.89374999999998, ""p90_response_minutes"": 66.15680289846895, ""patients"": 11, ""response_count"": 8, ""response_minutes"": 333.5833515868511, ""scene_count"": 8, ""scene_minutes"": 80.0, ""transport_count"": 8, ""transport_minutes"": 327.14999999999986}, ""stroke"": {""expected_lost"": 8.928940749795817, ""expected_saved"": 4.071059250204185, ""mean_response_minutes"": 45.11454257181056, ""mean_scene_minutes"": 14.0, ""mean_transport_minutes"": 26.313636363636366, ""p90_response_minutes"": 87.90360348925333, ""patients"": 13, ""response_count"": 11, ""response_minutes"": 496.2599682899162, ""scene_count"": 11, ""scene_minutes"": 154.0, ""transport_count"": 11, ""transport_minutes"": 289.45000000000005}, ""trauma"": {""expected_lost"": 16.123857288602828, ""expected_saved"": 1.8761427113971716, ""mean_response_minutes"": 60.888220528756555, ""mean_scene_minutes"": 16.0, ""mean_transport_minutes"": 25.824999999999996, ""p90_response_minutes"": 103.20635059267823, ""patients"": 18, ""response_count"": 14, ""response_minutes"": 852.4350874025918, ""scene_count"": 14, ""scene_minutes"": 224.0, ""transport_count"": 14, ""transport_minutes"": 361.54999999999995}}","{""arrive_hospital"": 96, ""arrive_scene"": 45, ""hospital_release"": 66, ""patient_arrival"": 57, ""reposition_complete"": 45, ""restock_complete"": 45, ""scene_complete"": 45, ""transfer_ready"": 76}",43.556064,13.443936,0.2358585282863785,55.83305576652555,13.377777777777778,32.411111111111104,103.51674192264929,45,0.7894736842105263,57,57,12
Central ER,62,2062,"{""cardiac"": {""expected_lost"": 13.249290871969766, ""expected_saved"": 0.7507091280302357, ""mean_response_minutes"": 39.569113279379586, ""mean_scene_minutes"": 10.8, ""mean_transport_minutes"": 39.3111111111111, ""p90_response_minutes"": 57.55762869470467, ""patients"": 14, ""response_count"": 10, ""response_minutes"": 395.6911327937959, ""scene_count"": 10, ""scene_minutes"": 108.0, ""transport_count"": 9, ""transport_minutes"": 353.79999999999995}, ""minor"": {""expected_lost"": 1.0561034633202249, ""expected_saved"": 4.943896536679775, ""mean_response_minutes"": 49.8128192048473, ""mean_scene_minutes"": 10.0, ""mean_transport_minutes"": 39.93333333333334, ""p90_response_minutes"": 86.07153198573042, ""patients"": 6, ""response_count"": 6, ""response_minutes"": 298.8769152290838, ""scene_count"": 6, ""scene_minutes"": 60.0, ""transport_count"": 6, ""transport_minutes"": 239.60000000000002}, ""stroke"": {""expected_lost"": 9.074280446268663, ""expected_saved"": 4.9257195537313345, ""mean_response_minutes"": 34.57048174117408, ""mean_scene_minutes"": 14.0, ""mean_transport_minutes"": 24.609090909090913, ""p90_response_minutes"": 65.7738570059247, ""patients"": 14, ""response_count"": 11, ""response_minutes"": 380.27529915291484, ""scene_count"": 11, ""scene_minutes"": 154.0, ""transport_count"": 11, ""transport_minutes"": 270.70000000000005}, ""trauma"": {""expected_lost"": 13.268468373241404, ""expected_saved"": 1.731531626758594, ""mean_response_minutes"": 36.06012034338287, ""mean_scene_minutes"": 16.0, ""mean_transport_minutes"": 23.269230769230777, ""p90_response_minutes"": 57.02830221150842, ""patients"": 15, ""response_count"": 13, ""response_minutes"": 468.7815644639773, ""scene_count"": 13, ""scene_minutes"": 208.0, ""transport_count"": 13, ""transport_minutes"": 302.5000000000001}}","{""arrive_hospital"": 79, ""arrive_scene"": 40, ""hospital_release"": 54, ""patient_arrival"": 49, ""reposition_complete"": 38, ""restock_complete"": 38, ""scene_complete"": 39, ""transfer_ready"": 65}",36.648143,12.351857,0.25207871112652935,38.59062279099429,13.25,29.912820512820517,66.39648850712308,40,0.8163265306122449,49,49,9
Central ER,63,2063,"{""cardiac"": {""expected_lost"": 14.851310147144858, ""expected_saved"": 1.148689852855142, ""mean_response_minutes"": 38.49071474777069, ""mean_scene_minutes"": 12.0, ""mean_transport_minutes"": 40.762499999999996, ""p90_response_minutes"": 71.94485150464365, ""patients"": 16, ""response_count"": 12, ""response_minutes"": 461.8885769732483, ""scene_count"": 12, ""scene_minutes"": 144.0, ""transport_count"": 12, ""transport_minutes"": 489.15}, ""minor"": {""expected_lost"": 3.2605023752760647, ""expected_saved"": 11.739497624723937, ""mean_response_minutes"": 50.511383550512974, ""mean_scene_minutes"": 10.0, ""mean_transport_minutes"": 39.94285714285713, ""p90_response_minutes"": 76.60430806717784, ""patients"": 15, ""response_count"": 14, ""response_minutes"": 707.1593697071817, ""scene_count"": 14, ""scene_minutes"": 140.0, ""transport_count"": 14, ""transport_minutes"": 559.1999999999998}, ""stroke"": {""expected_lost"": 7.143092356852803, ""expected_saved"": 1.8569076431471974, ""mean_response_minutes"": 65.9274243609605, ""mean_scene_minutes"": 14.0, ""mean_transport_minutes"": 26.492857142857133, ""p90_response_minutes"": 95.58652505516926, ""patients"": 9, ""response_count"": 7, ""response_minutes"": 461.4919705267235, ""scene_count"": 7, ""scene_minutes"": 98.0, ""transport_count"": 7, ""transport_minutes"": 185.44999999999993}, ""trauma"": {""expected_lost"": 16.663710424534052, ""expected_saved"": 1.336289575465947, ""mean_response_minutes"": 56.030629177952626, ""mean_scene_minutes"": 16.0, ""mean_transport_minutes"": 22.975, ""p90_response_minutes"": 69.75848619172325, ""patients"": 18, ""response_count"": 11, ""response_minutes"": 616.3369209574789, ""scene_count"": 11, ""scene_minutes"": 176.0, ""transport_count"": 10, ""transport_minutes"": 229.75}}","{""arrive_hospital"": 102, ""arrive_scene"": 44, ""hospital_release"": 71, ""patient_arrival"": 58, ""reposition_complete"": 41, ""restock_complete"": 42, ""scene_complete"": 44, ""transfer_ready"": 76}",41.918615,16.081385,0.27726525338262437,51.065382685559804,12.681818181818182,34.0360465116279,93.68736967517003,44,0.7586206896551724,58,58,14
Central ER,64,2064,"{""cardiac"": {""expected_lost"": 10.660149513776684, ""expected_saved"": 0.33985048582592847, ""mean_response_minutes"": 153.9541934397363, ""mean_scene_minutes"": 12.000000000000007, ""mean_transport_minutes"": 37.26111111111113, ""p90_response_minutes"": 393.04653469632314, ""patients"": 11, ""response_count"": 9, ""response_minutes"": 1385.5877409576265, ""scene_count"": 9, ""scene_minutes"": 108.00000000000006, ""transport_count"": 9, ""transport_minutes"": 335.35000000000014}, ""minor"": {""expected_lost"": 3.9437270145030086, ""expected_saved"": 7.056272985496991, ""mean_response_minutes"": 66.9915291748408, ""mean_scene_minutes"": 10.0, ""mean_transport_minutes"": 40.361111111111114, ""p90_response_minutes"": 102.60704216996868, ""patients"": 11, ""response_count"": 9, ""response_minutes"": 602.9237625735673, ""scene_count"": 9, ""scene_minutes"": 90.0, ""transport_count"": 9, ""transport_minutes"": 363.25}, ""stroke"": {""expected_lost"": 11.225451699437205, ""expected_saved"": 3.7745483005627967, ""mean_response_minutes"": 98.90347599895331, ""mean_scene_minutes"": 14.0, ""mean_transport_minutes"": 27.176666666666673, ""p90_response_minutes"": 231.64929915707535, ""patients"": 15, ""response_count"": 15, ""response_minutes"": 1483.5521399842996, ""scene_count"": 15, ""scene_minutes"": 210.0, ""transport_count"": 15, ""transport_minutes"": 407.6500000000001}, ""trauma"": {""expected_lost"": 11.481953555947525, ""expected_saved"": 1.5180464440524728, ""mean_response_minutes"": 50.028229247844, ""mean_scene_minutes"": 16.0, ""mean_transport_minutes"": 25.725000000000005, ""p90_response_minutes"": 59.685929329335366, ""patients"": 13, ""response_count"": 12, ""response_minutes"": 600.3387509741281, ""scene_count"": 12, ""scene_minutes"": 192.0, ""transport_count"": 12, ""transport_minutes"": 308.70000000000005}}","{""arrive_hospital"": 92, ""arrive_scene"": 45, ""hospital_release"": 62, ""patient_arrival"": 50, ""reposition_complete"": 43, ""restock_complete"": 44, ""scene_complete"": 45, ""transfer_ready"": 75}",37.311282,12.688718,0.2537743643187638,90.49783098865824,13.333333333333334,31.44333333333334,267.96896198780576,45,0.9,50,50,5
Central ER,65,2065,"{""cardiac"": {""expected_lost"": 10.431545722536988, ""expected_saved"": 0.5684542774630127, ""mean_response_minutes"": 74.48777662254932, ""mean_scene_minutes"": 12.0, ""mean_transport_minutes"": 39.299999999999976, ""p90_response_minutes"": 117.53865008367785, ""patients"": 11, ""response_count"": 10, ""response_minutes"": 744.8777662254932, ""scene_count"": 10, ""scene_minutes"": 120.0, ""transport_count"": 10, ""transport_minutes"": 392.9999999999998}, ""minor"": {""expected_lost"": 3.138995399355683, ""expected_saved"": 9.861004600644316, ""mean_response_minutes"": 33.52680789259435, ""mean_scene_minutes"": 10.0, ""mean_transport_minutes"": 38.72727272727273, ""p90_response_minutes"": 45.379472023145865, ""patients"": 13, ""response_count"": 11, ""response_minutes"": 368.79488681853786, ""scene_count"": 11, ""scene_minutes"": 110.0, ""transport_count"": 11, ""transport_minutes"": 426.0}, ""stroke"": {""expected_lost"": 8.37840561630657, ""expected_saved"": 3.6215943836934312, ""mean_response_minutes"": 57.578643966953194, ""mean_scene_minutes"": 14.0, ""mean_transport_minutes"": 26.837499999999988, ""p90_response_minutes"": 105.38027563174282, ""patients"": 12, ""response_count"": 12, ""response_minutes"": 690.9437276034383, ""scene_count"": 12, ""scene_minutes"": 168.0, ""transport_count"": 12, ""transport_minutes"": 322.04999999999984}, ""trauma"": {""expected_lost"": 8.874068654487607, ""expected_saved"": 1.1259313455123934, ""mean_response_minutes"": 104.48260631123085, ""mean_scene_minutes"": 16.0, ""mean_transport_minutes"": 28.05000000000001, ""p90_response_minutes"": 247.19857774620013, ""patients"": 10, ""response_count"": 9, ""response_minutes"": 940.3434568010777, ""scene_count"": 9, ""scene_minutes"": 144.0, ""transport_count"": 8, ""transport_minutes"": 224.4000000000001}}","{""arrive_hospital"": 94, ""arrive_scene"": 42, ""hospital_release"": 64, ""patient_arrival"": 46, ""reposition_complete"": 40, ""restock_complete"": 40, ""scene_complete"": 42, ""transfer_ready"": 74}",30.823015,15.176985,0.32993444798506827,65.3561866059178,12.904761904761905,33.30365853658535,108.83241384508717,42,0.9130434782608695,46,46,4
Central ER,66,2066,"{""cardiac"": {""expected_lost"": 16.520478669630567, ""expected_saved"": 1.4795213303694346, ""mean_response_minutes"": 52.971644088654244, ""mean_scene_minutes"": 12.0, ""mean_transport_minutes"": 39.43055555555555, ""p90_response_minutes"": 131.32867313114411, ""patients"": 18, ""response_count"": 18, ""response_minutes"": 953.4895935957763, ""scene_count"": 18, ""scene_minutes"": 216.0, ""transport_count"": 18, ""transport_minutes"": 709.7499999999999}, ""minor"": {""expected_lost"": 0.7749564541754327, ""expected_saved"": 6.225043545824567, ""mean_response_minutes"": 40.172907719310636, ""mean_scene_minutes"": 10.0, ""mean_transport_minutes"": 39.085714285714275, ""p90_response_minutes"": 72.03292400272083, ""patients"": 7, ""response_count"": 7, ""response_minutes"": 281.2103540351745, ""scene_count"": 7, ""scene_minutes"": 70.0, ""transport_count"": 7, ""transport_minutes"": 273.5999999999999}, ""stroke"": {""expected_lost"": 4.681572301909148, ""expected_saved"": 2.3184276980908516, ""mean_response_minutes"": 45.18562039126719, ""mean_scene_minutes"": 14.0, ""mean_transport_minutes"": 26.92857142857142, ""p90_response_minutes"": 62.29994631865466, ""patients"": 7, ""response_count"": 7, ""response_minutes"": 316.29934273887034, ""scene_count"": 7, ""scene_minutes"": 98.0, ""transport_count"": 7, ""transport_minutes"": 188.49999999999994}, ""trauma"": {""expected_lost"": 9.268507621699296, ""expected_saved"": 0.7314923783007028, ""mean_response_minutes"": 52.77698823036523, ""mean_scene_minutes"": 16.0, ""mean_transport_minutes"": 26.222222222222218, ""p90_response_minutes"": 100.56452610996848, ""patients"": 10, ""response_count"": 9, ""response_minutes"": 474.99289407328706, ""scene_count"": 9, ""scene_minutes"": 144.0, ""transport_count"": 9, ""transport_minutes"": 235.99999999999997}}","{""arrive_hospital"": 97, ""arrive_scene"": 41, ""hospital_release"": 66, ""patient_arrival"": 42, ""reposition_complete"": 40, ""restock_complete"": 40, ""scene_complete"": 41, ""transfer_ready"": 73}",31.245515,10.754485,0.2560591655377514,49.41444352300263,12.878048780487806,34.33780487804878,100.11417406220176,41,0.9761904761904762,42,42,1
Central ER,67,2067,"{""cardiac"": {""expected_lost"": 17.034814583466574, ""expected_saved"": 0.9651854165334263, ""mean_response_minutes"": 51.97706843451373, ""mean_scene_minutes"": 12.0, ""mean_transport_minutes"": 38.23571428571428, ""p90_response_minutes"": 109.45750689044374, ""patients"": 18, ""response_count"": 14, ""response_minutes"": 727.6789580831922, ""scene_count"": 14, ""scene_minutes"": 168.0, ""transport_count"": 14, ""transport_minutes"": 535.3}, ""minor"": {""expected_lost"": 1.9249328938796786, ""expected_saved"": 9.07506710612032, ""mean_response_minutes"": 49.27125304487265, ""mean_scene_minutes"": 10.0, ""mean_transport_minutes"": 39.57272727272727, ""p90_response_minutes"": 76.99329213467274, ""patients"": 11, ""response_count"": 11, ""response_minutes"": 541.9837834935992, ""scene_count"": 11, ""scene_minutes"": 110.0, ""transport_count"": 11, ""transport_minutes"": 435.29999999999995}, ""stroke"": {""expected_lost"": 3.5093306450602206, ""expected_saved"": 1.4906693549397794, ""mean_response_minutes"": 39.88920820384128, ""mean_scene_minutes"": 11.2, ""mean_transport_minutes"": 26.25, ""p90_response_minutes"": 53.17201284628138, ""patients"": 5, ""response_count"": 5, ""response_minutes"": 199.4460410192064, ""scene_count"": 5, ""scene_minutes"": 56.0, ""transport_count"": 4, ""transport_minutes"": 105.0}, ""trauma"": {""expected_lost"": 11.741193697428539, ""expected_saved"": 1.2588063025714606, ""mean_response_minutes"": 89.36540408996406, ""mean_scene_minutes"": 16.0, ""mean_transport_minutes"": 27.958333333333332, ""p90_response_minutes"": 301.7390328608449, ""patients"": 13, ""response_count"": 12, ""response_minutes"": 1072.3848490795688, ""scene_count"": 12, ""scene_minutes"": 192.0, ""transport_count"": 12, ""transport_minutes"": 335.5}}","{""arrive_hospital"": 94, ""arrive_scene"": 42, ""hospital_release"": 59, ""patient_arrival"": 47, ""reposition_complete"": 40, ""restock_complete"": 40, ""scene_complete"": 41, ""transfer_ready"": 69}",34.210272,12.789728,0.2721218761737231,60.51175313513254,12.523809523809524,34.417073170731705,92.81621052625643,42,0.8936170212765957,47,47,5
Central ER,68,2068,"{""cardiac"": {""expected_lost"": 19.897542821032754, ""expected_saved"": 1.1024571789672457, ""mean_response_minutes"": 49.57839380115407, ""mean_scene_minutes"": 12.0, ""mean_transport_minutes"": 41.157142857142844, ""p90_response_minutes"": 74.09700038668792, ""patients"": 21, ""response_count"": 15, ""response_minutes"": 743.675907017311, ""scene_count"": 15, ""scene_minutes"": 180.0, ""transport_count"": 14, ""transport_minutes"": 576.1999999999998}, ""minor"": {""expected_lost"": 0.4356582519152081, ""expected_saved"": 5.564341748084792, ""mean_response_minutes"": 29.15705595752208, ""mean_scene_minutes"": 10.0, ""mean_transport_minutes"": 39.75833333333335, ""p90_response_minutes"": 44.01087058098835, ""patients"": 6, ""response_count"": 6, ""response_minutes"": 174.94233574513248, ""scene_count"": 6, ""scene_minutes"": 60.0, ""transport_count"": 6, ""transport_minutes"": 238.55000000000007}, ""stroke"": {""expected_lost"": 6.651878401213683, ""expected_saved"": 3.3481215987863173, ""mean_response_minutes"": 42.97804329034804, ""mean_scene_minutes"": 14.0, ""mean_transport_minutes"": 27.11111111111111, ""p90_response_minutes"": 62.52119526984435, ""patients"": 10, ""response_count"": 9, ""response_minutes"": 386.8023896131324, ""scene_count"": 9, ""scene_minutes"": 126.0, ""transport_count"": 9, ""transport_minutes"": 244.0}, ""trauma"": {""expected_lost"": 10.824020375212458, ""expected_saved"": 1.1759796247875416, ""mean_response_minutes"": 50.36374234018128, ""mean_scene_minutes"": 16.0, ""mean_transport_minutes"": 24.625, ""p90_response_minutes"": 63.413582287373856, ""patients"": 12, ""response_count"": 11, ""response_minutes"": 554.0011657419941, ""scene_count"": 11, ""scene_minutes"": 176.0, ""transport_count"": 10, ""transport_minutes"": 246.25}}","{""arrive_hospital"": 88, ""arrive_scene"": 41, ""hospital_release"": 64, ""patient_arrival"": 49, ""reposition_complete"": 39, ""restock_complete"": 39, ""scene_complete"": 41, ""transfer_ready"": 68}",37.8091,11.1909,0.22838571735971208,45.35175117359927,13.21951219512195,33.46153846153846,63.413582287373856,41,0.8367346938775511,49,49,8
Central ER,69,2069,"{""cardiac"": {""expected_lost"": 11.411265399678816, ""expected_saved"": 0.588734600321184, ""mean_response_minutes"": 35.56953661162313, ""mean_scene_minutes"": 12.0, ""mean_transport_minutes"": 38.333333333333336, ""p90_response_minutes"": 54.287103748027434, ""patients"": 12, ""response_count"": 6, ""response_minutes"": 213.41721966973876, ""scene_count"": 6, ""scene_minutes"": 72.0, ""transport_count"": 6, ""transport_minutes"": 230.0}, ""minor"": {""expected_lost"": 3.5567022108478774, ""expected_saved"": 12.443297789152124, ""mean_response_minutes"": 49.86343560708568, ""mean_scene_minutes"": 10.0, ""mean_transport_minutes"": 39.92333333333332, ""p90_response_minutes"": 95.78400574428738, ""patients"": 16, ""response_count"": 15, ""response_minutes"": 747.9515341062852, ""scene_count"": 15, ""scene_minutes"": 150.0, ""transport_count"": 15, ""transport_minutes"": 598.8499999999998}, ""stroke"": {""expected_lost"": 12.990973786205252, ""expected_saved"": 4.0090262137947485, ""mean_response_minutes"": 44.350577114799194, ""mean_scene_minutes"": 13.0, ""mean_transport_minutes"": 26.21153846153846, ""p90_response_minutes"": 75.75087097356396, ""patients"": 17, ""response_count"": 14, ""response_minutes"": 620.9080796071887, ""scene_count"": 14, ""scene_minutes"": 182.0, ""transport_count"": 13, ""transport_minutes"": 340.75}, ""trauma"": {""expected_lost"": 17.040995719742668, ""expected_saved"": 0.9590042802573298, ""mean_response_minutes"": 108.7403349342434, ""mean_scene_minutes"": 16.0, ""mean_transport_minutes"": 28.83636363636364, ""p90_response_minutes"": 232.4360459651536, ""patients"": 18, ""response_count"": 11, ""response_minutes"": 1196.1436842766775, ""scene_count"": 11, ""scene_minutes"": 176.0, ""transport_count"": 11, ""transport_minutes"": 317.20000000000005}}","{""arrive_hospital"": 98, ""arrive_scene"": 46, ""hospital_release"": 66, ""patient_arrival"": 63, ""reposition_complete"": 43, ""restock_complete"": 43, ""scene_complete"": 45, ""transfer_ready"": 77}",44.999937,18.000063,0.2857152838654823,60.40044603608455,12.608695652173912,33.04,120.43561101605616,46,0.7301587301587301,63,63,17
Central ER,70,2070,"{""cardiac"": {""expected_lost"": 4.6150660990214085, ""expected_saved"": 0.38493390097859154, ""mean_response_minutes"": 43.720860472640894, ""mean_scene_minutes"": 9.6, ""mean_transport_minutes"": 40.89999999999998, ""p90_response_minutes"": 69.40440166839834, ""patients"": 5, ""response_count"": 5, ""response_minutes"": 218.60430236320445, ""scene_count"": 5, ""scene_minutes"": 48.0, ""transport_count"": 4, ""transport_minutes"": 163.5999999999999}, ""minor"": {""expected_lost"": 2.095345918942506, ""expected_saved"": 7.904654081057494, ""mean_response_minutes"": 64.8090141519584, ""mean_scene_minutes"": 10.0, ""mean_transport_minutes"": 39.830000000000005, ""p90_response_minutes"": 125.06209599018341, ""patients"": 10, ""response_count"": 10, ""response_minutes"": 648.0901415195839, ""scene_count"": 10, ""scene_minutes"": 100.0, ""transport_count"": 10, ""transport_minutes"": 398.30000000000007}, ""stroke"": {""expected_lost"": 11.031009186556325, ""expected_saved"": 5.968990813443676, ""mean_response_minutes"": 42.108297908033975, ""mean_scene_minutes"": 14.0, ""mean_transport_minutes"": 28.525000000000006, ""p90_response_minutes"": 72.15748653479505, ""patients"": 17, ""response_count"": 16, ""response_minutes"": 673.7327665285436, ""scene_count"": 16, ""scene_minutes"": 224.0, ""transport_count"": 16, ""transport_minutes"": 456.4000000000001}, ""trauma"": {""expected_lost"": 6.943592855532379, ""expected_saved"": 1.0564071444676206, ""mean_response_minutes"": 73.1972080442219, ""mean_scene_minutes"": 16.0, ""mean_transport_minutes"": 29.75, ""p90_response_minutes"": 165.66138199964178, ""patients"": 8, ""response_count"": 8, ""response_minutes"": 585.5776643537752, ""scene_count"": 8, ""scene_minutes"": 128.0, ""transport_count"": 8, ""transport_minutes"": 238.0}}","{""arrive_hospital"": 82, ""arrive_scene"": 39, ""hospital_release"": 59, ""patient_arrival"": 40, ""reposition_complete"": 38, ""restock_complete"": 38, ""scene_complete"": 38, ""transfer_ready"": 68}",24.685014,15.314986,0.38287464849868447,54.51294550679761,12.820512820512821,33.06052631578948,100.43563672871726,39,0.975,40,40,1
Central ER,71,2071,"{""cardiac"": {""expected_lost"": 11.045147773628464, ""expected_saved"": 0.9548522263715361, ""mean_response_minutes"": 30.310225641778413, ""mean_scene_minutes"": 12.0, ""mean_transport_minutes"": 41.99444444444442, ""p90_response_minutes"": 44.36246823150712, ""patients"": 12, ""response_count"": 10, ""response_minutes"": 303.10225641778413, ""scene_count"": 10, ""scene_minutes"": 120.0, ""transport_count"": 9, ""transport_minutes"": 377.94999999999976}, ""minor"": {""expected_lost"": 5.443167114498262, ""expected_saved"": 11.556832885501738, ""mean_response_minutes"": 65.8246646906023, ""mean_scene_minutes"": 10.0, ""mean_transport_minutes"": 40.14666666666667, ""p90_response_minutes"": 130.24249561277264, ""patients"": 17, ""response_count"": 15, ""response_minutes"": 987.3699703590345, ""scene_count"": 15, ""scene_minutes"": 150.0, ""transport_count"": 15, ""transport_minutes"": 602.2}, ""stroke"": {""expected_lost"": 8.130209849106516, ""expected_saved"": 3.869790150893484, ""mean_response_minutes"": 84.70416511763906, ""mean_scene_minutes"": 12.727272727272727, ""mean_transport_minutes"": 26.338888888888885, ""p90_response_minutes"": 274.68524358676177, ""patients"": 12, ""response_count"": 11, ""response_minutes"": 931.7458162940297, ""scene_count"": 11, ""scene_minutes"": 140.0, ""transport_count"": 9, ""transport_minutes"": 237.04999999999995}, ""trauma"": {""expected_lost"": 6.259718273382241, ""expected_saved"": 0.7402817266177595, ""mean_response_minutes"": 44.55604993817983, ""mean_scene_minutes"": 16.000000000000004, ""mean_transport_minutes"": 29.0, ""p90_response_minutes"": 79.13773259952842, ""patients"": 7, ""response_count"": 6, ""response_minutes"": 267.336299629079, ""scene_count"": 6, ""scene_minutes"": 96.00000000000003, ""transport_count"": 6, ""transport_minutes"": 174.0}}","{""arrive_hospital"": 96, ""arrive_scene"": 42, ""hospital_release"": 65, ""patient_arrival"": 48, ""reposition_complete"": 39, ""restock_complete"": 39, ""scene_complete"": 41, ""transfer_ready"": 72}",30.878243,17.121757,0.3567032706121776,59.27510339761732,12.047619047619047,35.671794871794866,113.90798474551724,42,0.875,48,48,6
Central ER,72,2072,"{""cardiac"": {""expected_lost"": 7.6031006027547505, ""expected_saved"": 0.39689939708620825, ""mean_response_minutes"": 96.82530724246732, ""mean_scene_minutes"": 12.0, ""mean_transport_minutes"": 39.318749999999994, ""p90_response_minutes"": 205.64556167197566, ""patients"": 8, ""response_count"": 8, ""response_minutes"": 774.6024579397385, ""scene_count"": 8, ""scene_minutes"": 96.0, ""transport_count"": 8, ""transport_minutes"": 314.54999999999995}, ""minor"": {""expected_lost"": 1.6611249409545872, ""expected_saved"": 7.338875059045412, ""mean_response_minutes"": 57.7175541814183, ""mean_scene_minutes"": 10.0, ""mean_transport_minutes"": 39.28888888888889, ""p90_response_minutes"": 91.73590567305493, ""patients"": 9, ""response_count"": 9, ""response_minutes"": 519.4579876327647, ""scene_count"": 9, ""scene_minutes"": 90.0, ""transport_count"": 9, ""transport_minutes"": 353.6}, ""stroke"": {""expected_lost"": 6.683530654520441, ""expected_saved"": 4.316469345479559, ""mean_response_minutes"": 87.5098185494236, ""mean_scene_minutes"": 14.0, ""mean_transport_minutes"": 25.34545454545452, ""p90_response_minutes"": 63.56553829433835, ""patients"": 11, ""response_count"": 11, ""response_minutes"": 962.6080040436597, ""scene_count"": 11, ""scene_minutes"": 154.0, ""transport_count"": 11, ""transport_minutes"": 278.7999999999997}, ""trauma"": {""expected_lost"": 8.712830787872367, ""expected_saved"": 1.2871692121276324, ""mean_response_minutes"": 106.92329304857505, ""mean_scene_minutes"": 16.0, ""mean_transport_minutes"": 24.02777777777777, ""p90_response_minutes"": 208.97522105179914, ""patients"": 10, ""response_count"": 9, ""response_minutes"": 962.3096374371754, ""scene_count"": 9, ""scene_minutes"": 144.0, ""transport_count"": 9, ""transport_minutes"": 216.24999999999994}}","{""arrive_hospital"": 79, ""arrive_scene"": 37, ""hospital_release"": 59, ""patient_arrival"": 38, ""reposition_complete"": 36, ""restock_complete"": 36, ""scene_complete"": 37, ""transfer_ready"": 62}",24.660587,13.339413,0.35103718457207406,86.99940775819833,13.08108108108108,31.437837837837826,131.0959139450712,37,0.9736842105263158,38,38,1
Central ER,73,2073,"{""cardiac"": {""expected_lost"": 12.775683585558436, ""expected_saved"": 0.22431641362115273, ""mean_response_minutes"": 158.3138121642031, ""mean_scene_minutes"": 12.0, ""mean_transport_minutes"": 37.70624999999999, ""p90_response_minutes"": 370.1353132836326, ""patients"": 13, ""response_count"": 8, ""response_minutes"": 1266.510497313625, ""scene_count"": 8, ""scene_minutes"": 96.0, ""transport_count"": 8, ""transport_minutes"": 301.6499999999999}, ""minor"": {""expected_lost"": 4.463749101737589, ""expected_saved"": 12.536250898262413, ""mean_response_minutes"": 59.59178765993748, ""mean_scene_minutes"": 10.0, ""mean_transport_minutes"": 40.912499999999994, ""p90_response_minutes"": 91.19733331947167, ""patients"": 17, ""response_count"": 16, ""response_minutes"": 953.4686025589997, ""scene_count"": 16, ""scene_minutes"": 160.0, ""transport_count"": 16, ""transport_minutes"": 654.5999999999999}, ""stroke"": {""expected_lost"": 8.209375797696856, ""expected_saved"": 3.7906242023031433, ""mean_response_minutes"": 134.492161115308, ""mean_scene_minutes"": 14.0, ""mean_transport_minutes"": 25.829166666666662, ""p90_response_minutes"": 438.63039629934985, ""patients"": 12, ""response_count"": 12, ""response_minutes"": 1613.9059333836958, ""scene_count"": 12, ""scene_minutes"": 168.0, ""transport_count"": 12, ""transport_minutes"": 309.94999999999993}, ""trauma"": {""expected_lost"": 11.304379458751036, ""expected_saved"": 0.6956205412489634, ""mean_response_minutes"": 62.390750481614376, ""mean_scene_minutes"": 14.4, ""mean_transport_minutes"": 25.974999999999994, ""p90_response_minutes"": 142.34092432578262, ""patients"": 12, ""response_count"": 10, ""response_minutes"": 623.9075048161437, ""scene_count"": 10, ""scene_minutes"": 144.0, ""transport_count"": 8, ""transport_minutes"": 207.79999999999995}}","{""arrive_hospital"": 102, ""arrive_scene"": 46, ""hospital_release"": 72, ""patient_arrival"": 54, ""reposition_complete"": 43, ""restock_complete"": 43, ""scene_complete"": 45, ""transfer_ready"": 78}",36.753188,17.246812,0.31938540843399393,96.90853343635793,12.347826086956522,33.49999999999999,302.35318457292175,46,0.8518518518518519,54,54,8
Central ER,74,2074,"{""cardiac"": {""expected_lost"": 10.590755960429746, ""expected_saved"": 0.4092440389973209, ""mean_response_minutes"": 114.0381587244361, ""mean_scene_minutes"": 10.8, ""mean_transport_minutes"": 36.333333333333336, ""p90_response_minutes"": 238.90911895019485, ""patients"": 11, ""response_count"": 10, ""response_minutes"": 1140.381587244361, ""scene_count"": 10, ""scene_minutes"": 108.0, ""transport_count"": 9, ""transport_minutes"": 327.0}, ""minor"": {""expected_lost"": 2.6706280727635257, ""expected_saved"": 13.329371927236478, ""mean_response_minutes"": 48.56591322491997, ""mean_scene_minutes"": 10.0, ""mean_transport_minutes"": 41.531249999999986, ""p90_response_minutes"": 74.75246572623422, ""patients"": 16, ""response_count"": 16, ""response_minutes"": 777.0546115987195, ""scene_count"": 16, ""scene_minutes"": 160.0, ""transport_count"": 16, ""transport_minutes"": 664.4999999999998}, ""stroke"": {""expected_lost"": 5.782791402461552, ""expected_saved"": 2.2172085975384483, ""mean_response_minutes"": 80.61067130938893, ""mean_scene_minutes"": 14.0, ""mean_transport_minutes"": 26.200000000000003, ""p90_response_minutes"": 151.49880436925883, ""patients"": 8, ""response_count"": 8, ""response_minutes"": 644.8853704751115, ""scene_count"": 8, ""scene_minutes"": 112.0, ""transport_count"": 8, ""transport_minutes"": 209.60000000000002}, ""trauma"": {""expected_lost"": 10.605840333391566, ""expected_saved"": 1.3941596666084333, ""mean_response_minutes"": 46.03475788883767, ""mean_scene_minutes"": 16.0, ""mean_transport_minutes"": 26.563636363636377, ""p90_response_minutes"": 122.14450251456174, ""patients"": 12, ""response_count"": 11, ""response_minutes"": 506.38233677721433, ""scene_count"": 11, ""scene_minutes"": 176.0, ""transport_count"": 11, ""transport_minutes"": 292.20000000000016}}","{""arrive_hospital"": 101, ""arrive_scene"": 45, ""hospital_release"": 68, ""patient_arrival"": 47, ""reposition_complete"": 43, ""restock_complete"": 44, ""scene_complete"": 44, ""transfer_ready"": 76}",29.650016,17.349984,0.3691486006463973,68.19342013545347,12.355555555555556,33.93863636363636,136.45689582767656,45,0.9574468085106383,47,47,2
Central ER,75,2075,"{""cardiac"": {""expected_lost"": 18.91749940173307, ""expected_saved"": 1.0825005982669291, ""mean_response_minutes"": 54.16112999132088, ""mean_scene_minutes"": 12.0, ""mean_transport_minutes"": 39.31785714285713, ""p90_response_minutes"": 102.5385750211386, ""patients"": 20, ""response_count"": 15, ""response_minutes"": 812.4169498698132, ""scene_count"": 15, ""scene_minutes"": 180.0, ""transport_count"": 14, ""transport_minutes"": 550.4499999999998}, ""minor"": {""expected_lost"": 1.6340994162989615, ""expected_saved"": 8.365900583701038, ""mean_response_minutes"": 51.2408525971086, ""mean_scene_minutes"": 10.0, ""mean_transport_minutes"": 42.97499999999998, ""p90_response_minutes"": 74.92024199965881, ""patients"": 10, ""response_count"": 10, ""response_minutes"": 512.408525971086, ""scene_count"": 10, ""scene_minutes"": 100.0, ""transport_count"": 10, ""transport_minutes"": 429.7499999999998}, ""stroke"": {""expected_lost"": 5.060607901589553, ""expected_saved"": 2.9393920984104476, ""mean_response_minutes"": 53.10086768752065, ""mean_scene_minutes"": 14.0, ""mean_transport_minutes"": 23.75, ""p90_response_minutes"": 105.78202859236798, ""patients"": 8, ""response_count"": 8, ""response_minutes"": 424.8069415001652, ""scene_count"": 8, ""scene_minutes"": 112.0, ""transport_count"": 8, ""transport_minutes"": 190.0}, ""trauma"": {""expected_lost"": 11.149920194242048, ""expected_saved"": 0.8500798057579518, ""mean_response_minutes"": 52.86334393828219, ""mean_scene_minutes"": 16.0, ""mean_transport_minutes"": 23.285714285714285, ""p90_response_minutes"": 101.52226795556436, ""patients"": 12, ""response_count"": 8, ""response_minutes"": 422.90675150625754, ""scene_count"": 8, ""scene_minutes"": 128.0, ""transport_count"": 7, ""transport_minutes"": 163.0}}","{""arrive_hospital"": 94, ""arrive_scene"": 41, ""hospital_release"": 66, ""patient_arrival"": 50, ""reposition_complete"": 38, ""restock_complete"": 38, ""scene_complete"": 41, ""transfer_ready"": 70}",36.762127,13.237873,0.26475746172272724,52.98876021578834,12.682926829268293,34.18461538461538,101.56180336495032,41,0.82,50,50,9
Central ER,76,2076,"{""cardiac"": {""expected_lost"": 10.710928802839186, ""expected_saved"": 0.28907119716081275, ""mean_response_minutes"": 93.1282746071702, ""mean_scene_minutes"": 12.0, ""mean_transport_minutes"": 38.643750000000004, ""p90_response_minutes"": 198.06115223795265, ""patients"": 11, ""response_count"": 8, ""response_minutes"": 745.0261968573616, ""scene_count"": 8, ""scene_minutes"": 96.0, ""transport_count"": 8, ""transport_minutes"": 309.15000000000003}, ""minor"": {""expected_lost"": 3.4398206100910755, ""expected_saved"": 10.560179389908924, ""mean_response_minutes"": 54.42423243290146, ""mean_scene_minutes"": 9.285714285714286, ""mean_transport_minutes"": 43.250000000000014, ""p90_response_minutes"": 79.26874250207365, ""patients"": 14, ""response_count"": 14, ""response_minutes"": 761.9392540606204, ""scene_count"": 14, ""scene_minutes"": 130.0, ""transport_count"": 13, ""transport_minutes"": 562.2500000000002}, ""stroke"": {""expected_lost"": 7.326121419946598, ""expected_saved"": 3.673878580053402, ""mean_response_minutes"": 35.88981708455976, ""mean_scene_minutes"": 14.0, ""mean_transport_minutes"": 27.327777777777783, ""p90_response_minutes"": 58.748903551952054, ""patients"": 11, ""response_count"": 9, ""response_minutes"": 323.0083537610378, ""scene_count"": 9, ""scene_minutes"": 126.0, ""transport_count"": 9, ""transport_minutes"": 245.95000000000005}, ""trauma"": {""expected_lost"": 7.346404940715204, ""expected_saved"": 0.6535950592847957, ""mean_response_minutes"": 109.35627787361119, ""mean_scene_minutes"": 16.0, ""mean_transport_minutes"": 26.5, ""p90_response_minutes"": 251.89941615586352, ""patients"": 8, ""response_count"": 8, ""response_minutes"": 874.8502229888895, ""scene_count"": 8, ""scene_minutes"": 128.0, ""transport_count"": 8, ""transport_minutes"": 212.0}}","{""arrive_hospital"": 88, ""arrive_scene"": 39, ""hospital_release"": 61, ""patient_arrival"": 44, ""reposition_complete"": 36, ""restock_complete"": 36, ""scene_complete"": 38, ""transfer_ready"": 68}",28.823276,15.176724,0.3449255506001803,69.35446224789513,12.307692307692308,34.98289473684211,150.24855056336875,39,0.8863636363636364,44,44,5
Central ER,77,2077,"{""cardiac"": {""expected_lost"": 9.479996584915309, ""expected_saved"": 0.5200034150846896, ""mean_response_minutes"": 41.760208558149394, ""mean_scene_minutes"": 12.000000000000016, ""mean_transport_minutes"": 39.63571428571426, ""p90_response_minutes"": 64.18134793552153, ""patients"": 10, ""response_count"": 7, ""response_minutes"": 292.3214599070458, ""scene_count"": 7, ""scene_minutes"": 84.00000000000011, ""transport_count"": 7, ""transport_minutes"": 277.4499999999998}, ""minor"": {""expected_lost"": 2.770118825958813, ""expected_saved"": 11.229881174041187, ""mean_response_minutes"": 42.07858438155118, ""mean_scene_minutes"": 9.285714285714286, ""mean_transport_minutes"": 42.7730769230769, ""p90_response_minutes"": 59.29362919646876, ""patients"": 14, ""response_count"": 14, ""response_minutes"": 589.1001813417165, ""scene_count"": 14, ""scene_minutes"": 130.0, ""transport_count"": 13, ""transport_minutes"": 556.0499999999997}, ""stroke"": {""expected_lost"": 7.527387074033859, ""expected_saved"": 2.472612925966141, ""mean_response_minutes"": 79.26394477463613, ""mean_scene_minutes"": 14.0, ""mean_transport_minutes"": 26.000000000000004, ""p90_response_minutes"": 171.85532198921055, ""patients"": 10, ""response_count"": 8, ""response_minutes"": 634.111558197089, ""scene_count"": 8, ""scene_minutes"": 112.0, ""transport_count"": 8, ""transport_minutes"": 208.00000000000003}, ""trauma"": {""expected_lost"": 9.916185788243332, ""expected_saved"": 1.0838142117566671, ""mean_response_minutes"": 74.9240945850445, ""mean_scene_minutes"": 16.0, ""mean_transport_minutes"": 22.22222222222222, ""p90_response_minutes"": 130.78205150244037, ""patients"": 11, ""response_count"": 10, ""response_minutes"": 749.240945850445, ""scene_count"": 10, ""scene_minutes"": 160.0, ""transport_count"": 9, ""transport_minutes"": 200.0}}","{""arrive_hospital"": 84, ""arrive_scene"": 39, ""hospital_release"": 57, ""patient_arrival"": 45, ""reposition_complete"": 36, ""restock_complete"": 36, ""scene_complete"": 38, ""transfer_ready"": 65}",29.693688,15.306312,0.34014026059663743,58.07113193067427,12.461538461538465,33.55405405405404,121.90218747658515,39,0.8666666666666667,45,45,6
Central ER,78,2078,"{""cardiac"": {""expected_lost"": 10.182731811422551, ""expected_saved"": 0.817268188577449, ""mean_response_minutes"": 44.696865968305815, ""mean_scene_minutes"": 12.0, ""mean_transport_minutes"": 39.88125000000001, ""p90_response_minutes"": 90.11449803233616, ""patients"": 11, ""response_count"": 8, ""response_minutes"": 357.5749277464465, ""scene_count"": 8, ""scene_minutes"": 96.0, ""transport_count"": 8, ""transport_minutes"": 319.05000000000007}, ""minor"": {""expected_lost"": 2.292910766735192, ""expected_saved"": 6.707089233264808, ""mean_response_minutes"": 50.76008076706235, ""mean_scene_minutes"": 10.0, ""mean_transport_minutes"": 38.0, ""p90_response_minutes"": 86.72762341794802, ""patients"": 9, ""response_count"": 8, ""response_minutes"": 406.0806461364988, ""scene_count"": 8, ""scene_minutes"": 80.0, ""transport_count"": 8, ""transport_minutes"": 304.0}, ""stroke"": {""expected_lost"": 7.591360083242284, ""expected_saved"": 3.4086399167577164, ""mean_response_minutes"": 59.90421160052833, ""mean_scene_minutes"": 14.0, ""mean_transport_minutes"": 26.25, ""p90_response_minutes"": 79.0616069987841, ""patients"": 11, ""response_count"": 11, ""response_minutes"": 658.9463276058116, ""scene_count"": 11, ""scene_minutes"": 154.0, ""transport_count"": 10, ""transport_minutes"": 262.5}, ""trauma"": {""expected_lost"": 9.859269446196727, ""expected_saved"": 1.1407305538032726, ""mean_response_minutes"": 44.99526746126576, ""mean_scene_minutes"": 16.0, ""mean_transport_minutes"": 27.811111111111106, ""p90_response_minutes"": 80.51706952794571, ""patients"": 11, ""response_count"": 9, ""response_minutes"": 404.95740715139186, ""scene_count"": 9, ""scene_minutes"": 144.0, ""transport_count"": 9, ""transport_minutes"": 250.29999999999995}}","{""arrive_hospital"": 77, ""arrive_scene"": 36, ""hospital_release"": 53, ""patient_arrival"": 42, ""reposition_complete"": 34, ""restock_complete"": 34, ""scene_complete"": 36, ""transfer_ready"": 60}",29.926272,12.073728,0.2874697117238869,50.76553635111524,13.166666666666666,32.45285714285714,86.1645034214381,36,0.8571428571428571,42,42,6
Central ER,79,2079,"{""cardiac"": {""expected_lost"": 12.008174924677494, ""expected_saved"": 0.9918250753225077, ""mean_response_minutes"": 32.238688951294655, ""mean_scene_minutes"": 12.0, ""mean_transport_minutes"": 43.44545454545455, ""p90_response_minutes"": 42.568750140561065, ""patients"": 13, ""response_count"": 11, ""response_minutes"": 354.62557846424124, ""scene_count"": 11, ""scene_minutes"": 132.0, ""transport_count"": 11, ""transport_minutes"": 477.9000000000001}, ""minor"": {""expected_lost"": 2.450330045703882, ""expected_saved"": 10.549669954296117, ""mean_response_minutes"": 59.25044087122375, ""mean_scene_minutes"": 10.0, ""mean_transport_minutes"": 37.61538461538461, ""p90_response_minutes"": 131.84945739440437, ""patients"": 13, ""response_count"": 13, ""response_minutes"": 770.2557313259088, ""scene_count"": 13, ""scene_minutes"": 130.0, ""transport_count"": 13, ""transport_minutes"": 489.0}, ""stroke"": {""expected_lost"": 8.199512019369502, ""expected_saved"": 3.800487980630499, ""mean_response_minutes"": 55.11739773873073, ""mean_scene_minutes"": 14.0, ""mean_transport_minutes"": 24.46, ""p90_response_minutes"": 96.7185284235373, ""patients"": 12, ""response_count"": 10, ""response_minutes"": 551.1739773873073, ""scene_count"": 10, ""scene_minutes"": 140.0, ""transport_count"": 10, ""transport_minutes"": 244.60000000000002}, ""trauma"": {""expected_lost"": 8.86884183521838, ""expected_saved"": 1.1311581647816205, ""mean_response_minutes"": 33.26291173698603, ""mean_scene_minutes"": 16.0, ""mean_transport_minutes"": 21.6, ""p90_response_minutes"": 62.85972396013865, ""patients"": 10, ""response_count"": 5, ""response_minutes"": 166.31455868493015, ""scene_count"": 5, ""scene_minutes"": 80.0, ""transport_count"": 5, ""transport_minutes"": 108.0}}","{""arrive_hospital"": 95, ""arrive_scene"": 39, ""hospital_release"": 64, ""patient_arrival"": 48, ""reposition_complete"": 37, ""restock_complete"": 37, ""scene_complete"": 39, ""transfer_ready"": 70}",31.526859,16.473141,0.3431904411464739,47.240252458009934,12.35897435897436,33.833333333333336,76.45796281153639,39,0.8125,48,48,9
Central ER,80,2080,"{""cardiac"": {""expected_lost"": 8.42853279834506, ""expected_saved"": 0.5714672016549391, ""mean_response_minutes"": 48.60669530396833, ""mean_scene_minutes"": 12.0, ""mean_transport_minutes"": 39.69166666666667, ""p90_response_minutes"": 99.084052684001, ""patients"": 9, ""response_count"": 6, ""response_minutes"": 291.64017182380996, ""scene_count"": 6, ""scene_minutes"": 72.0, ""transport_count"": 6, ""transport_minutes"": 238.15000000000003}, ""minor"": {""expected_lost"": 2.624282557783802, ""expected_saved"": 11.375717442216198, ""mean_response_minutes"": 57.445374551864525, ""mean_scene_minutes"": 10.0, ""mean_transport_minutes"": 38.22857142857141, ""p90_response_minutes"": 92.6543054051085, ""patients"": 14, ""response_count"": 14, ""response_minutes"": 804.2352437261034, ""scene_count"": 14, ""scene_minutes"": 140.0, ""transport_count"": 14, ""transport_minutes"": 535.1999999999998}, ""stroke"": {""expected_lost"": 12.167592358456638, ""expected_saved"": 2.832407641543363, ""mean_response_minutes"": 117.77402731270831, ""mean_scene_minutes"": 13.0, ""mean_transport_minutes"": 28.78461538461537, ""p90_response_minutes"": 195.5146950942583, ""patients"": 15, ""response_count"": 14, ""response_minutes"": 1648.8363823779164, ""scene_count"": 14, ""scene_minutes"": 182.0, ""transport_count"": 13, ""transport_minutes"": 374.1999999999998}, ""trauma"": {""expected_lost"": 8.223155215370063, ""expected_saved"": 0.7768447846299373, ""mean_response_minutes"": 55.56740031954842, ""mean_scene_minutes"": 16.0, ""mean_transport_minutes"": 19.0, ""p90_response_minutes"": 94.08200870904221, ""patients"": 9, ""response_count"": 7, ""response_minutes"": 388.9718022368389, ""scene_count"": 7, ""scene_minutes"": 112.0, ""transport_count"": 6, ""transport_minutes"": 114.0}}","{""arrive_hospital"": 90, ""arrive_scene"": 41, ""hospital_release"": 64, ""patient_arrival"": 47, ""reposition_complete"": 38, ""restock_complete"": 38, ""scene_complete"": 40, ""transfer_ready"": 70}",31.443563,15.556437,0.3309880227669029,76.43130732108949,12.341463414634147,32.34743589743589,171.21417704752457,41,0.8723404255319149,47,47,6
Central ER,81,2081,"{""cardiac"": {""expected_lost"": 9.983797984260706, ""expected_saved"": 1.0162020157392941, ""mean_response_minutes"": 25.01384819890487, ""mean_scene_minutes"": 10.666666666666666, ""mean_transport_minutes"": 39.43125, ""p90_response_minutes"": 33.84457053349147, ""patients"": 11, ""response_count"": 9, ""response_minutes"": 225.12463379014383, ""scene_count"": 9, ""scene_minutes"": 96.0, ""transport_count"": 8, ""transport_minutes"": 315.45}, ""minor"": {""expected_lost"": 0.45047610205708294, ""expected_saved"": 6.549523897942917, ""mean_response_minutes"": 28.53201134424983, ""mean_scene_minutes"": 10.0, ""mean_transport_minutes"": 39.142857142857146, ""p90_response_minutes"": 42.450530652910594, ""patients"": 7, ""response_count"": 7, ""response_minutes"": 199.7240794097488, ""scene_count"": 7, ""scene_minutes"": 70.0, ""transport_count"": 7, ""transport_minutes"": 274.0}, ""stroke"": {""expected_lost"": 6.820691768891517, ""expected_saved"": 5.179308231108482, ""mean_response_minutes"": 32.28325357450253, ""mean_scene_minutes"": 14.0, ""mean_transport_minutes"": 27.92916666666667, ""p90_response_minutes"": 43.41864194029297, ""patients"": 12, ""response_count"": 12, ""response_minutes"": 387.3990428940304, ""scene_count"": 12, ""scene_minutes"": 168.0, ""transport_count"": 12, ""transport_minutes"": 335.15000000000003}, ""trauma"": {""expected_lost"": 4.243214737885085, ""expected_saved"": 0.7567852621149153, ""mean_response_minutes"": 40.56116647700827, ""mean_scene_minutes"": 16.0, ""mean_transport_minutes"": 23.25, ""p90_response_minutes"": 66.05044978331973, ""patients"": 5, ""response_count"": 4, ""response_minutes"": 162.24466590803308, ""scene_count"": 4, ""scene_minutes"": 64.0, ""transport_count"": 4, ""transport_minutes"": 93.0}}","{""arrive_hospital"": 73, ""arrive_scene"": 32, ""hospital_release"": 56, ""patient_arrival"": 35, ""reposition_complete"": 31, ""restock_complete"": 31, ""scene_complete"": 31, ""transfer_ready"": 58}",21.498181,13.501819,0.38576626876873155,30.45288818756113,12.4375,32.825806451612905,43.47031862278029,32,0.9142857142857143,35,35,3
Central ER,82,2082,"{""cardiac"": {""expected_lost"": 11.339819486067384, ""expected_saved"": 0.6601805133563157, ""mean_response_minutes"": 120.88147409429162, ""mean_scene_minutes"": 12.0, ""mean_transport_minutes"": 37.418181818181786, ""p90_response_minutes"": 432.360983980695, ""patients"": 12, ""response_count"": 11, ""response_minutes"": 1329.6962150372078, ""scene_count"": 11, ""scene_minutes"": 132.0, ""transport_count"": 11, ""transport_minutes"": 411.5999999999997}, ""minor"": {""expected_lost"": 2.6068560386529427, ""expected_saved"": 6.393143961347057, ""mean_response_minutes"": 51.03813293654467, ""mean_scene_minutes"": 10.0, ""mean_transport_minutes"": 36.41874999999999, ""p90_response_minutes"": 78.12912058290587, ""patients"": 9, ""response_count"": 8, ""response_minutes"": 408.30506349235736, ""scene_count"": 8, ""scene_minutes"": 80.0, ""transport_count"": 8, ""transport_minutes"": 291.3499999999999}, ""stroke"": {""expected_lost"": 8.905100302551404, ""expected_saved"": 6.094899697448596, ""mean_response_minutes"": 44.68876048048672, ""mean_scene_minutes"": 14.0, ""mean_transport_minutes"": 25.683333333333334, ""p90_response_minutes"": 72.27646821889334, ""patients"": 15, ""response_count"": 15, ""response_minutes"": 670.3314072073008, ""scene_count"": 15, ""scene_minutes"": 210.0, ""transport_count"": 15, ""transport_minutes"": 385.25}, ""trauma"": {""expected_lost"": 10.493041510679422, ""expected_saved"": 0.5069584893205775, ""mean_response_minutes"": 97.320575599533, ""mean_scene_minutes"": 16.0, ""mean_transport_minutes"": 26.916666666666668, ""p90_response_minutes"": 221.97988784417387, ""patients"": 11, ""response_count"": 6, ""response_minutes"": 583.923453597198, ""scene_count"": 6, ""scene_minutes"": 96.0, ""transport_count"": 6, ""transport_minutes"": 161.5}}","{""arrive_hospital"": 86, ""arrive_mortuary"": 1, ""arrive_scene"": 40, ""hospital_release"": 62, ""patient_arrival"": 47, ""reposition_complete"": 38, ""restock_complete"": 38, ""scene_complete"": 40, ""transfer_ready"": 69}",33.344817,13.655183,0.29053580130792644,74.8064034833516,12.95,31.24249999999999,123.84858668492716,40,0.851063829787234,47,47,7
Central ER,83,2083,"{""cardiac"": {""expected_lost"": 7.2709937889296095, ""expected_saved"": 0.72900621107039, ""mean_response_minutes"": 61.88875165972571, ""mean_scene_minutes"": 12.0, ""mean_transport_minutes"": 41.981249999999996, ""p90_response_minutes"": 147.96040023018554, ""patients"": 8, ""response_count"": 8, ""response_minutes"": 495.1100132778057, ""scene_count"": 8, ""scene_minutes"": 96.0, ""transport_count"": 8, ""transport_minutes"": 335.84999999999997}, ""minor"": {""expected_lost"": 2.171409625513563, ""expected_saved"": 8.828590374486437, ""mean_response_minutes"": 38.27904152127145, ""mean_scene_minutes"": 10.0, ""mean_transport_minutes"": 35.760000000000005, ""p90_response_minutes"": 67.20437384440642, ""patients"": 11, ""response_count"": 10, ""response_minutes"": 382.79041521271455, ""scene_count"": 10, ""scene_minutes"": 100.0, ""transport_count"": 10, ""transport_minutes"": 357.6}, ""stroke"": {""expected_lost"": 6.1081966883897785, ""expected_saved"": 2.8918033116102206, ""mean_response_minutes"": 32.83725233281321, ""mean_scene_minutes"": 14.0, ""mean_transport_minutes"": 28.171428571428578, ""p90_response_minutes"": 43.560357290056416, ""patients"": 9, ""response_count"": 7, ""response_minutes"": 229.86076632969247, ""scene_count"": 7, ""scene_minutes"": 98.0, ""transport_count"": 7, ""transport_minutes"": 197.20000000000005}, ""trauma"": {""expected_lost"": 12.25234790922315, ""expected_saved"": 1.7476520907768505, ""mean_response_minutes"": 39.98205715233593, ""mean_scene_minutes"": 16.0, ""mean_transport_minutes"": 24.119230769230775, ""p90_response_minutes"": 62.68235149008039, ""patients"": 14, ""response_count"": 14, ""response_minutes"": 559.7488001327031, ""scene_count"": 14, ""scene_minutes"": 224.0, ""transport_count"": 13, ""transport_minutes"": 313.55000000000007}}","{""arrive_hospital"": 79, ""arrive_scene"": 39, ""hospital_release"": 55, ""patient_arrival"": 42, ""reposition_complete"": 36, ""restock_complete"": 36, ""scene_complete"": 39, ""transfer_ready"": 63}",27.802948,14.197052,0.3380250473319976,42.756666537254254,13.282051282051283,31.689473684210533,66.41750233858093,39,0.9285714285714286,42,42,3
Central ER,84,2084,"{""cardiac"": {""expected_lost"": 12.294042049078591, ""expected_saved"": 0.7059579507376655, ""mean_response_minutes"": 91.71877812416513, ""mean_scene_minutes"": 12.0, ""mean_transport_minutes"": 35.5, ""p90_response_minutes"": 203.21541639809706, ""patients"": 13, ""response_count"": 8, ""response_minutes"": 733.750224993321, ""scene_count"": 8, ""scene_minutes"": 96.0, ""transport_count"": 8, ""transport_minutes"": 284.0}, ""minor"": {""expected_lost"": 2.0924192034436224, ""expected_saved"": 7.907580796556378, ""mean_response_minutes"": 37.45338321504144, ""mean_scene_minutes"": 10.0, ""mean_transport_minutes"": 41.66666666666664, ""p90_response_minutes"": 59.12736849183776, ""patients"": 10, ""response_count"": 9, ""response_minutes"": 337.08044893537294, ""scene_count"": 9, ""scene_minutes"": 90.0, ""transport_count"": 9, ""transport_minutes"": 374.9999999999998}, ""stroke"": {""expected_lost"": 14.849392690900185, ""expected_saved"": 4.150607309099814, ""mean_response_minutes"": 84.06124554367517, ""mean_scene_minutes"": 14.0, ""mean_transport_minutes"": 28.621875000000003, ""p90_response_minutes"": 178.795119745372, ""patients"": 19, ""response_count"": 18, ""response_minutes"": 1513.102419786153, ""scene_count"": 18, ""scene_minutes"": 252.0, ""transport_count"": 16, ""transport_minutes"": 457.95000000000005}, ""trauma"": {""expected_lost"": 8.24028272530462, ""expected_saved"": 0.7597172746953786, ""mean_response_minutes"": 44.732102169546856, ""mean_scene_minutes"": 16.0, ""mean_transport_minutes"": 31.666666666666668, ""p90_response_minutes"": 77.98977629383415, ""patients"": 9, ""response_count"": 6, ""response_minutes"": 268.3926130172811, ""scene_count"": 6, ""scene_minutes"": 96.0, ""transport_count"": 6, ""transport_minutes"": 190.0}}","{""arrive_hospital"": 87, ""arrive_scene"": 41, ""hospital_release"": 62, ""patient_arrival"": 51, ""reposition_complete"": 39, ""restock_complete"": 39, ""scene_complete"": 41, ""transfer_ready"": 70}",37.476137,13.523863,0.2651737908056713,69.56891967639335,13.024390243902438,33.51153846153846,137.17973432364812,41,0.803921568627451,51,51,10
Central ER,85,2085,"{""cardiac"": {""expected_lost"": 12.421705627981472, ""expected_saved"": 0.5782943720185255, ""mean_response_minutes"": 77.87522355157253, ""mean_scene_minutes"": 12.0, ""mean_transport_minutes"": 39.779999999999994, ""p90_response_minutes"": 162.33204950080375, ""patients"": 13, ""response_count"": 10, ""response_minutes"": 778.7522355157253, ""scene_count"": 10, ""scene_minutes"": 120.0, ""transport_count"": 10, ""transport_minutes"": 397.79999999999995}, ""minor"": {""expected_lost"": 1.0438557413240996, ""expected_saved"": 7.956144258675901, ""mean_response_minutes"": 39.205426874825406, ""mean_scene_minutes"": 10.0, ""mean_transport_minutes"": 40.10555555555553, ""p90_response_minutes"": 55.52655423677498, ""patients"": 9, ""response_count"": 9, ""response_minutes"": 352.8488418734287, ""scene_count"": 9, ""scene_minutes"": 90.0, ""transport_count"": 9, ""transport_minutes"": 360.9499999999998}, ""stroke"": {""expected_lost"": 10.857205795154009, ""expected_saved"": 4.142794204845992, ""mean_response_minutes"": 50.46851213382838, ""mean_scene_minutes"": 14.0, ""mean_transport_minutes"": 26.562499999999996, ""p90_response_minutes"": 89.0510762295577, ""patients"": 15, ""response_count"": 13, ""response_minutes"": 656.090657739769, ""scene_count"": 13, ""scene_minutes"": 182.0, ""transport_count"": 12, ""transport_minutes"": 318.74999999999994}, ""trauma"": {""expected_lost"": 10.922923199123963, ""expected_saved"": 1.0770768008760365, ""mean_response_minutes"": 53.18954473506509, ""mean_scene_minutes"": 16.0, ""mean_transport_minutes"": 28.99000000000001, ""p90_response_minutes"": 75.47753184998724, ""patients"": 12, ""response_count"": 10, ""response_minutes"": 531.8954473506509, ""scene_count"": 10, ""scene_minutes"": 160.0, ""transport_count"": 10, ""transport_minutes"": 289.9000000000001}}","{""arrive_hospital"": 91, ""arrive_scene"": 42, ""hospital_release"": 63, ""patient_arrival"": 49, ""reposition_complete"": 41, ""restock_complete"": 41, ""scene_complete"": 42, ""transfer_ready"": 72}",35.24569,13.75431,0.2807001966615603,55.228266249513666,13.142857142857142,33.351219512195115,91.19530182387999,42,0.8571428571428571,49,49,7
Central ER,86,2086,"{""cardiac"": {""expected_lost"": 9.213987448910538, ""expected_saved"": 0.78601255108946, ""mean_response_minutes"": 57.71904364421231, ""mean_scene_minutes"": 12.0, ""mean_transport_minutes"": 41.29374999999999, ""p90_response_minutes"": 125.96102284958897, ""patients"": 10, ""response_count"": 8, ""response_minutes"": 461.7523491536985, ""scene_count"": 8, ""scene_minutes"": 96.0, ""transport_count"": 8, ""transport_minutes"": 330.3499999999999}, ""minor"": {""expected_lost"": 2.290936453492984, ""expected_saved"": 10.709063546507018, ""mean_response_minutes"": 52.89193025142251, ""mean_scene_minutes"": 9.999999999999998, ""mean_transport_minutes"": 41.74615384615382, ""p90_response_minutes"": 72.77104751920663, ""patients"": 13, ""response_count"": 13, ""response_minutes"": 687.5950932684926, ""scene_count"": 13, ""scene_minutes"": 129.99999999999997, ""transport_count"": 13, ""transport_minutes"": 542.6999999999996}, ""stroke"": {""expected_lost"": 8.392269763874575, ""expected_saved"": 3.607730236125427, ""mean_response_minutes"": 199.55910577445852, ""mean_scene_minutes"": 12.833333333333334, ""mean_transport_minutes"": 25.529999999999994, ""p90_response_minutes"": 831.7185095494737, ""patients"": 12, ""response_count"": 12, ""response_minutes"": 2394.709269293502, ""scene_count"": 12, ""scene_minutes"": 154.0, ""transport_count"": 10, ""transport_minutes"": 255.29999999999995}, ""trauma"": {""expected_lost"": 7.357970350964466, ""expected_saved"": 0.6420296490355336, ""mean_response_minutes"": 80.43734066995084, ""mean_scene_minutes"": 16.0, ""mean_transport_minutes"": 25.714285714285698, ""p90_response_minutes"": 149.81386846874886, ""patients"": 8, ""response_count"": 7, ""response_minutes"": 563.0613846896559, ""scene_count"": 7, ""scene_minutes"": 112.0, ""transport_count"": 7, ""transport_minutes"": 179.9999999999999}}","{""arrive_hospital"": 90, ""arrive_scene"": 40, ""hospital_release"": 66, ""patient_arrival"": 43, ""reposition_complete"": 38, ""restock_complete"": 38, ""scene_complete"": 39, ""transfer_ready"": 69}",27.255164,15.744836,0.36615897634319605,102.67795241013376,12.3,34.43026315789472,228.020141531047,40,0.9302325581395349,43,43,3
Central ER,87,2087,"{""cardiac"": {""expected_lost"": 8.586230075550423, ""expected_saved"": 0.413769924449578, ""mean_response_minutes"": 52.70192702626815, ""mean_scene_minutes"": 12.0, ""mean_transport_minutes"": 37.1, ""p90_response_minutes"": 89.52326629893764, ""patients"": 9, ""response_count"": 6, ""response_minutes"": 316.2115621576089, ""scene_count"": 6, ""scene_minutes"": 72.0, ""transport_count"": 6, ""transport_minutes"": 222.6}, ""minor"": {""expected_lost"": 3.1487267399275454, ""expected_saved"": 10.851273260072453, ""mean_response_minutes"": 64.9115057392812, ""mean_scene_minutes"": 9.285714285714286, ""mean_transport_minutes"": 41.64999999999999, ""p90_response_minutes"": 95.77136271718402, ""patients"": 14, ""response_count"": 14, ""response_minutes"": 908.7610803499367, ""scene_count"": 14, ""scene_minutes"": 130.0, ""transport_count"": 13, ""transport_minutes"": 541.4499999999999}, ""stroke"": {""expected_lost"": 6.0645012023502645, ""expected_saved"": 1.9354987976497349, ""mean_response_minutes"": 78.50209626119363, ""mean_scene_minutes"": 12.25, ""mean_transport_minutes"": 28.578571428571422, ""p90_response_minutes"": 141.97504477462238, ""patients"": 8, ""response_count"": 8, ""response_minutes"": 628.016770089549, ""scene_count"": 8, ""scene_minutes"": 98.0, ""transport_count"": 7, ""transport_minutes"": 200.04999999999995}, ""trauma"": {""expected_lost"": 14.132483876994874, ""expected_saved"": 1.8675161230051271, ""mean_response_minutes"": 72.68257133803122, ""mean_scene_minutes"": 16.0, ""mean_transport_minutes"": 23.75666666666666, ""p90_response_minutes"": 150.29981078396526, ""patients"": 16, ""response_count"": 15, ""response_minutes"": 1090.2385700704683, ""scene_count"": 15, ""scene_minutes"": 240.0, ""transport_count"": 15, ""transport_minutes"": 356.3499999999999}}","{""arrive_hospital"": 85, ""arrive_scene"": 43, ""hospital_release"": 59, ""patient_arrival"": 47, ""reposition_complete"": 40, ""restock_complete"": 40, ""scene_complete"": 41, ""transfer_ready"": 67}",31.931942,15.068058,0.3205969809612105,68.44716238761775,12.55813953488372,32.20609756097561,113.30260751087525,43,0.9148936170212766,47,47,4
Central ER,88,2088,"{""cardiac"": {""expected_lost"": 16.63486292268428, ""expected_saved"": 0.36513707731571887, ""mean_response_minutes"": 94.39623748489313, ""mean_scene_minutes"": 12.0, ""mean_transport_minutes"": 41.48888888888887, ""p90_response_minutes"": 200.82166857191532, ""patients"": 17, ""response_count"": 10, ""response_minutes"": 943.9623748489314, ""scene_count"": 10, ""scene_minutes"": 120.0, ""transport_count"": 9, ""transport_minutes"": 373.39999999999986}, ""minor"": {""expected_lost"": 1.7787040801421166, ""expected_saved"": 9.221295919857885, ""mean_response_minutes"": 48.36415322323017, ""mean_scene_minutes"": 10.0, ""mean_transport_minutes"": 41.02727272727271, ""p90_response_minutes"": 58.593098795145124, ""patients"": 11, ""response_count"": 11, ""response_minutes"": 532.0056854555319, ""scene_count"": 11, ""scene_minutes"": 110.0, ""transport_count"": 11, ""transport_minutes"": 451.29999999999984}, ""stroke"": {""expected_lost"": 5.68981480993605, ""expected_saved"": 2.31018519006395, ""mean_response_minutes"": 81.55835143807604, ""mean_scene_minutes"": 14.0, ""mean_transport_minutes"": 27.018749999999997, ""p90_response_minutes"": 201.19223650092732, ""patients"": 8, ""response_count"": 8, ""response_minutes"": 652.4668115046084, ""scene_count"": 8, ""scene_minutes"": 112.0, ""transport_count"": 8, ""transport_minutes"": 216.14999999999998}, ""trauma"": {""expected_lost"": 12.741978859036013, ""expected_saved"": 1.2580211409639857, ""mean_response_minutes"": 57.57835829051798, ""mean_scene_minutes"": 16.0, ""mean_transport_minutes"": 29.619999999999997, ""p90_response_minutes"": 83.75366049510768, ""patients"": 14, ""response_count"": 10, ""response_minutes"": 575.7835829051799, ""scene_count"": 10, ""scene_minutes"": 160.0, ""transport_count"": 10, ""transport_minutes"": 296.2}}","{""arrive_hospital"": 86, ""arrive_scene"": 39, ""hospital_release"": 56, ""patient_arrival"": 50, ""reposition_complete"": 38, ""restock_complete"": 38, ""scene_complete"": 39, ""transfer_ready"": 66}",36.845361,13.154639,0.2630927865640308,69.33893473626284,12.871794871794872,35.18552631578947,192.75391685382755,39,0.78,50,50,11
Central ER,89,2089,"{""cardiac"": {""expected_lost"": 14.454985543011992, ""expected_saved"": 0.5450144569880093, ""mean_response_minutes"": 85.38632371938681, ""mean_scene_minutes"": 12.0, ""mean_transport_minutes"": 40.02999999999998, ""p90_response_minutes"": 186.5986617002398, ""patients"": 15, ""response_count"": 10, ""response_minutes"": 853.863237193868, ""scene_count"": 10, ""scene_minutes"": 120.0, ""transport_count"": 10, ""transport_minutes"": 400.2999999999998}, ""minor"": {""expected_lost"": 3.6064532960153652, ""expected_saved"": 11.393546703984637, ""mean_response_minutes"": 58.89422575809431, ""mean_scene_minutes"": 10.0, ""mean_transport_minutes"": 39.846428571428575, ""p90_response_minutes"": 78.98717777115115, ""patients"": 15, ""response_count"": 15, ""response_minutes"": 883.4133863714146, ""scene_count"": 15, ""scene_minutes"": 150.0, ""transport_count"": 14, ""transport_minutes"": 557.85}, ""stroke"": {""expected_lost"": 10.648375793902598, ""expected_saved"": 3.3516242060974033, ""mean_response_minutes"": 89.16239835285353, ""mean_scene_minutes"": 12.83333333333333, ""mean_transport_minutes"": 26.57272727272726, ""p90_response_minutes"": 102.6889646749235, ""patients"": 14, ""response_count"": 12, ""response_minutes"": 1069.9487802342423, ""scene_count"": 12, ""scene_minutes"": 153.99999999999997, ""transport_count"": 11, ""transport_minutes"": 292.29999999999984}, ""trauma"": {""expected_lost"": 6.166405706390948, ""expected_saved"": 0.8335942936090529, ""mean_response_minutes"": 44.855759415704355, ""mean_scene_minutes"": 16.0, ""mean_transport_minutes"": 21.842857142857156, ""p90_response_minutes"": 65.59604597328973, ""patients"": 7, ""response_count"": 7, ""response_minutes"": 313.9903159099305, ""scene_count"": 7, ""scene_minutes"": 112.0, ""transport_count"": 7, ""transport_minutes"": 152.9000000000001}}","{""arrive_hospital"": 101, ""arrive_scene"": 44, ""hospital_release"": 70, ""patient_arrival"": 51, ""reposition_complete"": 42, ""restock_complete"": 42, ""scene_complete"": 43, ""transfer_ready"": 77}",34.87622,16.12378,0.3161525423662569,70.93672090248761,12.181818181818182,33.41309523809523,109.07071057677922,44,0.8627450980392157,51,51,7
Central ER,90,2090,"{""cardiac"": {""expected_lost"": 13.255734215151461, ""expected_saved"": 0.744265784848537, ""mean_response_minutes"": 82.28408258890212, ""mean_scene_minutes"": 12.0, ""mean_transport_minutes"": 39.639999999999986, ""p90_response_minutes"": 202.9718659357369, ""patients"": 14, ""response_count"": 10, ""response_minutes"": 822.8408258890212, ""scene_count"": 10, ""scene_minutes"": 120.0, ""transport_count"": 10, ""transport_minutes"": 396.39999999999986}, ""minor"": {""expected_lost"": 1.8930607263173476, ""expected_saved"": 15.106939273682649, ""mean_response_minutes"": 33.433865868922275, ""mean_scene_minutes"": 10.0, ""mean_transport_minutes"": 39.97941176470589, ""p90_response_minutes"": 51.06351571400414, ""patients"": 17, ""response_count"": 17, ""response_minutes"": 568.3757197716786, ""scene_count"": 17, ""scene_minutes"": 170.0, ""transport_count"": 17, ""transport_minutes"": 679.6500000000001}, ""stroke"": {""expected_lost"": 7.394443051262534, ""expected_saved"": 1.6055569487374668, ""mean_response_minutes"": 89.95275603874192, ""mean_scene_minutes"": 14.0, ""mean_transport_minutes"": 27.375, ""p90_response_minutes"": 164.78655300026273, ""patients"": 9, ""response_count"": 8, ""response_minutes"": 719.6220483099354, ""scene_count"": 8, ""scene_minutes"": 112.0, ""transport_count"": 8, ""transport_minutes"": 219.0}, ""trauma"": {""expected_lost"": 9.906744653623788, ""expected_saved"": 1.0932553463762114, ""mean_response_minutes"": 48.77094645450628, ""mean_scene_minutes"": 16.0, ""mean_transport_minutes"": 25.39999999999999, ""p90_response_minutes"": 82.91189541547438, ""patients"": 11, ""response_count"": 9, ""response_minutes"": 438.9385180905565, ""scene_count"": 9, ""scene_minutes"": 144.0, ""transport_count"": 9, ""transport_minutes"": 228.5999999999999}}","{""arrive_hospital"": 105, ""arrive_scene"": 44, ""hospital_release"": 72, ""patient_arrival"": 51, ""reposition_complete"": 42, ""restock_complete"": 43, ""scene_complete"": 44, ""transfer_ready"": 78}",32.449983,18.550017,0.3637258304636248,57.94947981957253,12.409090909090908,34.62840909090909,139.2113201845935,44,0.8627450980392157,51,51,7
Central ER,91,2091,"{""cardiac"": {""expected_lost"": 12.09275095916005, ""expected_saved"": 0.9072490406264184, ""mean_response_minutes"": 91.09105453940676, ""mean_scene_minutes"": 12.0, ""mean_transport_minutes"": 40.154545454545435, ""p90_response_minutes"": 156.22162199904062, ""patients"": 13, ""response_count"": 11, ""response_minutes"": 1002.0015999334744, ""scene_count"": 11, ""scene_minutes"": 132.0, ""transport_count"": 11, ""transport_minutes"": 441.6999999999998}, ""minor"": {""expected_lost"": 2.652041969796743, ""expected_saved"": 7.347958030203257, ""mean_response_minutes"": 58.45969632240394, ""mean_scene_minutes"": 10.000000000000007, ""mean_transport_minutes"": 38.67222222222222, ""p90_response_minutes"": 100.88474626099983, ""patients"": 10, ""response_count"": 9, ""response_minutes"": 526.1372669016355, ""scene_count"": 9, ""scene_minutes"": 90.00000000000006, ""transport_count"": 9, ""transport_minutes"": 348.04999999999995}, ""stroke"": {""expected_lost"": 6.126375281549055, ""expected_saved"": 2.873624718450945, ""mean_response_minutes"": 44.57571623364453, ""mean_scene_minutes"": 12.444444444444445, ""mean_transport_minutes"": 26.86250000000001, ""p90_response_minutes"": 75.99397823322639, ""patients"": 9, ""response_count"": 9, ""response_minutes"": 401.18144610280075, ""scene_count"": 9, ""scene_minutes"": 112.0, ""transport_count"": 8, ""transport_minutes"": 214.9000000000001}, ""trauma"": {""expected_lost"": 8.03510527786869, ""expected_saved"": 0.96489472213131, ""mean_response_minutes"": 64.30429995416887, ""mean_scene_minutes"": 16.0, ""mean_transport_minutes"": 28.11111111111111, ""p90_response_minutes"": 105.50936279016724, ""patients"": 9, ""response_count"": 9, ""response_minutes"": 578.7386995875198, ""scene_count"": 9, ""scene_minutes"": 144.0, ""transport_count"": 9, ""transport_minutes"": 253.0}}","{""arrive_hospital"": 83, ""arrive_scene"": 38, ""hospital_release"": 60, ""patient_arrival"": 41, ""reposition_complete"": 37, ""restock_complete"": 37, ""scene_complete"": 37, ""transfer_ready"": 63}",28.906273,12.093727,0.29496893930273,66.00155296119553,12.578947368421055,33.990540540540536,132.6145991906208,38,0.926829268292683,41,41,3
Central ER,92,2092,"{""cardiac"": {""expected_lost"": 7.537719667645561, ""expected_saved"": 0.46228033235443816, ""mean_response_minutes"": 72.6835356146868, ""mean_scene_minutes"": 12.0, ""mean_transport_minutes"": 41.537499999999966, ""p90_response_minutes"": 147.639551713531, ""patients"": 8, ""response_count"": 8, ""response_minutes"": 581.4682849174944, ""scene_count"": 8, ""scene_minutes"": 96.0, ""transport_count"": 8, ""transport_minutes"": 332.2999999999997}, ""minor"": {""expected_lost"": 3.2760080659940227, ""expected_saved"": 6.723991934005977, ""mean_response_minutes"": 43.45547335617681, ""mean_scene_minutes"": 8.0, ""mean_transport_minutes"": 34.875, ""p90_response_minutes"": 80.26091852267959, ""patients"": 10, ""response_count"": 10, ""response_minutes"": 434.5547335617681, ""scene_count"": 10, ""scene_minutes"": 80.0, ""transport_count"": 8, ""transport_minutes"": 279.0}, ""stroke"": {""expected_lost"": 8.007772959223882, ""expected_saved"": 3.9922270407761182, ""mean_response_minutes"": 47.141414758185384, ""mean_scene_minutes"": 14.0, ""mean_transport_minutes"": 29.474999999999994, ""p90_response_minutes"": 70.26700100935538, ""patients"": 12, ""response_count"": 12, ""response_minutes"": 565.6969770982246, ""scene_count"": 12, ""scene_minutes"": 168.0, ""transport_count"": 12, ""transport_minutes"": 353.69999999999993}, ""trauma"": {""expected_lost"": 9.865026995270593, ""expected_saved"": 1.134973004729406, ""mean_response_minutes"": 75.01247975759343, ""mean_scene_minutes"": 16.0, ""mean_transport_minutes"": 28.931818181818183, ""p90_response_minutes"": 104.5300532669562, ""patients"": 11, ""response_count"": 11, ""response_minutes"": 825.1372773335277, ""scene_count"": 11, ""scene_minutes"": 176.0, ""transport_count"": 11, ""transport_minutes"": 318.25}}","{""arrive_hospital"": 81, ""arrive_scene"": 41, ""hospital_release"": 61, ""patient_arrival"": 41, ""reposition_complete"": 38, ""restock_complete"": 38, ""scene_complete"": 39, ""transfer_ready"": 66}",28.686528,12.313472,0.3003285929723399,58.703835924658875,12.682926829268293,32.90384615384614,104.5300532669562,41,1.0,41,41,0
Central ER,93,2093,"{""cardiac"": {""expected_lost"": 10.898842257315795, ""expected_saved"": 1.1011577426842059, ""mean_response_minutes"": 47.24631735684182, ""mean_scene_minutes"": 12.0, ""mean_transport_minutes"": 39.36363636363637, ""p90_response_minutes"": 40.7603377915342, ""patients"": 12, ""response_count"": 11, ""response_minutes"": 519.7094909252601, ""scene_count"": 11, ""scene_minutes"": 132.0, ""transport_count"": 11, ""transport_minutes"": 433.0}, ""minor"": {""expected_lost"": 1.904936234543346, ""expected_saved"": 8.095063765456654, ""mean_response_minutes"": 34.553761769585584, ""mean_scene_minutes"": 10.0, ""mean_transport_minutes"": 40.08333333333334, ""p90_response_minutes"": 46.71513369626219, ""patients"": 10, ""response_count"": 9, ""response_minutes"": 310.9838559262703, ""scene_count"": 9, ""scene_minutes"": 90.0, ""transport_count"": 9, ""transport_minutes"": 360.7500000000001}, ""stroke"": {""expected_lost"": 5.118092143480991, ""expected_saved"": 2.881907856519009, ""mean_response_minutes"": 44.12363776690476, ""mean_scene_minutes"": 14.0, ""mean_transport_minutes"": 29.82857142857143, ""p90_response_minutes"": 81.1085147111952, ""patients"": 8, ""response_count"": 7, ""response_minutes"": 308.8654643683333, ""scene_count"": 7, ""scene_minutes"": 98.0, ""transport_count"": 7, ""transport_minutes"": 208.8}, ""trauma"": {""expected_lost"": 12.465292452380464, ""expected_saved"": 1.5347075476195362, ""mean_response_minutes"": 45.85851202522351, ""mean_scene_minutes"": 16.0, ""mean_transport_minutes"": 27.040909090909096, ""p90_response_minutes"": 49.114300752890024, ""patients"": 14, ""response_count"": 12, ""response_minutes"": 550.3021443026821, ""scene_count"": 12, ""scene_minutes"": 192.0, ""transport_count"": 11, ""transport_minutes"": 297.45000000000005}}","{""arrive_hospital"": 84, ""arrive_scene"": 39, ""hospital_release"": 61, ""patient_arrival"": 44, ""reposition_complete"": 36, ""restock_complete"": 36, ""scene_complete"": 39, ""transfer_ready"": 65}",30.387163,13.612837,0.3093826570972593,43.329768090321686,13.128205128205128,34.21052631578947,49.33759157006308,39,0.8863636363636364,44,44,5
Central ER,94,2094,"{""cardiac"": {""expected_lost"": 3.1610554566817615, ""expected_saved"": 0.8389445433182382, ""mean_response_minutes"": 14.425632445509137, ""mean_scene_minutes"": 12.0, ""mean_transport_minutes"": 37.5, ""p90_response_minutes"": 21.710758934610965, ""patients"": 4, ""response_count"": 4, ""response_minutes"": 57.70252978203655, ""scene_count"": 4, ""scene_minutes"": 48.0, ""transport_count"": 4, ""transport_minutes"": 150.0}, ""minor"": {""expected_lost"": 1.020068562562899, ""expected_saved"": 10.9799314374371, ""mean_response_minutes"": 32.24883229205408, ""mean_scene_minutes"": 10.0, ""mean_transport_minutes"": 38.800000000000004, ""p90_response_minutes"": 61.62823427447116, ""patients"": 12, ""response_count"": 12, ""response_minutes"": 386.985987504649, ""scene_count"": 12, ""scene_minutes"": 120.0, ""transport_count"": 12, ""transport_minutes"": 465.6}, ""stroke"": {""expected_lost"": 6.151725031870078, ""expected_saved"": 3.8482749681299206, ""mean_response_minutes"": 29.434328155113214, ""mean_scene_minutes"": 12.6, ""mean_transport_minutes"": 29.57222222222222, ""p90_response_minutes"": 35.386861273481564, ""patients"": 10, ""response_count"": 10, ""response_minutes"": 294.3432815511321, ""scene_count"": 10, ""scene_minutes"": 126.0, ""transport_count"": 9, ""transport_minutes"": 266.15}, ""trauma"": {""expected_lost"": 6.668807817454498, ""expected_saved"": 1.3311921825455015, ""mean_response_minutes"": 40.61619778078952, ""mean_scene_minutes"": 16.0, ""mean_transport_minutes"": 26.5, ""p90_response_minutes"": 65.8867669619329, ""patients"": 8, ""response_count"": 8, ""response_minutes"": 324.92958224631616, ""scene_count"": 8, ""scene_minutes"": 128.0, ""transport_count"": 8, ""transport_minutes"": 212.0}}","{""arrive_hospital"": 74, ""arrive_scene"": 34, ""hospital_release"": 56, ""patient_arrival"": 34, ""reposition_complete"": 32, ""restock_complete"": 33, ""scene_complete"": 33, ""transfer_ready"": 58}",17.001657,16.998343,0.49995126857149286,31.29298179659217,12.411764705882353,33.14393939393939,55.39396087647522,34,1.0,34,34,0
Central ER,95,2095,"{""cardiac"": {""expected_lost"": 14.513011413738473, ""expected_saved"": 0.4869885862615263, ""mean_response_minutes"": 19.582337037758748, ""mean_scene_minutes"": 12.000000000000002, ""mean_transport_minutes"": 39.75, ""p90_response_minutes"": 23.997608890620995, ""patients"": 15, ""response_count"": 3, ""response_minutes"": 58.747011113276244, ""scene_count"": 3, ""scene_minutes"": 36.00000000000001, ""transport_count"": 3, ""transport_minutes"": 119.25}, ""minor"": {""expected_lost"": 2.0555035431523807, ""expected_saved"": 9.94449645684762, ""mean_response_minutes"": 50.54189766065247, ""mean_scene_minutes"": 10.0, ""mean_transport_minutes"": 39.58333333333334, ""p90_response_minutes"": 101.15244076975519, ""patients"": 12, ""response_count"": 12, ""response_minutes"": 606.5027719278296, ""scene_count"": 12, ""scene_minutes"": 120.0, ""transport_count"": 12, ""transport_minutes"": 475.0000000000001}, ""stroke"": {""expected_lost"": 12.022171250613464, ""expected_saved"": 3.9778287493865325, ""mean_response_minutes"": 54.6374861708918, ""mean_scene_minutes"": 14.0, ""mean_transport_minutes"": 29.907692307692294, ""p90_response_minutes"": 74.12597621972164, ""patients"": 16, ""response_count"": 13, ""response_minutes"": 710.2873202215934, ""scene_count"": 13, ""scene_minutes"": 182.0, ""transport_count"": 13, ""transport_minutes"": 388.79999999999984}, ""trauma"": {""expected_lost"": 14.600375568065662, ""expected_saved"": 1.3996244319343387, ""mean_response_minutes"": 65.41772694623877, ""mean_scene_minutes"": 15.999999999999998, ""mean_transport_minutes"": 24.00454545454545, ""p90_response_minutes"": 141.06090358371694, ""patients"": 16, ""response_count"": 11, ""response_minutes"": 719.5949964086265, ""scene_count"": 11, ""scene_minutes"": 175.99999999999997, ""transport_count"": 11, ""transport_minutes"": 264.04999999999995}}","{""arrive_hospital"": 82, ""arrive_scene"": 39, ""hospital_release"": 61, ""patient_arrival"": 59, ""reposition_complete"": 38, ""restock_complete"": 38, ""scene_complete"": 39, ""transfer_ready"": 67}",43.191062,15.808938,0.2679481054988139,53.72133588900835,13.179487179487179,31.976923076923075,107.13580976881202,39,0.6610169491525424,59,59,20
Central ER,96,2096,"{""cardiac"": {""expected_lost"": 7.352086394167146, ""expected_saved"": 0.6479136058328538, ""mean_response_minutes"": 62.34636911198575, ""mean_scene_minutes"": 12.0, ""mean_transport_minutes"": 35.993750000000006, ""p90_response_minutes"": 122.88165598851367, ""patients"": 8, ""response_count"": 8, ""response_minutes"": 498.770952895886, ""scene_count"": 8, ""scene_minutes"": 96.0, ""transport_count"": 8, ""transport_minutes"": 287.95000000000005}, ""minor"": {""expected_lost"": 0.8745585907631435, ""expected_saved"": 10.125441409236856, ""mean_response_minutes"": 27.15072748594266, ""mean_scene_minutes"": 10.0, ""mean_transport_minutes"": 41.277272727272745, ""p90_response_minutes"": 40.270863582531206, ""patients"": 11, ""response_count"": 11, ""response_minutes"": 298.65800234536925, ""scene_count"": 11, ""scene_minutes"": 110.0, ""transport_count"": 11, ""transport_minutes"": 454.0500000000002}, ""stroke"": {""expected_lost"": 7.113957030901945, ""expected_saved"": 3.886042969098056, ""mean_response_minutes"": 35.74781039462016, ""mean_scene_minutes"": 14.0, ""mean_transport_minutes"": 30.072222222222234, ""p90_response_minutes"": 59.92017059787589, ""patients"": 11, ""response_count"": 10, ""response_minutes"": 357.4781039462016, ""scene_count"": 10, ""scene_minutes"": 140.0, ""transport_count"": 9, ""transport_minutes"": 270.6500000000001}, ""trauma"": {""expected_lost"": 7.623543440651472, ""expected_saved"": 1.3764565593485267, ""mean_response_minutes"": 59.980371378985375, ""mean_scene_minutes"": 16.0, ""mean_transport_minutes"": 25.094444444444434, ""p90_response_minutes"": 107.27838389326868, ""patients"": 9, ""response_count"": 9, ""response_minutes"": 539.8233424108683, ""scene_count"": 9, ""scene_minutes"": 144.0, ""transport_count"": 9, ""transport_minutes"": 225.8499999999999}}","{""arrive_hospital"": 82, ""arrive_scene"": 38, ""hospital_release"": 61, ""patient_arrival"": 39, ""reposition_complete"": 36, ""restock_complete"": 36, ""scene_complete"": 38, ""transfer_ready"": 64}",22.964145,16.035855,0.4111757575260587,44.59816846311382,12.894736842105264,33.47297297297298,79.11470051713184,38,0.9743589743589743,39,39,1
Central ER,97,2097,"{""cardiac"": {""expected_lost"": 13.84851618232337, ""expected_saved"": 1.1514838176766282, ""mean_response_minutes"": 54.66641481371679, ""mean_scene_minutes"": 12.0, ""mean_transport_minutes"": 37.142857142857146, ""p90_response_minutes"": 76.27460064093182, ""patients"": 15, ""response_count"": 14, ""response_minutes"": 765.329807392035, ""scene_count"": 14, ""scene_minutes"": 168.0, ""transport_count"": 14, ""transport_minutes"": 520.0}, ""minor"": {""expected_lost"": 2.4069131956454166, ""expected_saved"": 8.593086804354584, ""mean_response_minutes"": 39.65938084601929, ""mean_scene_minutes"": 9.090909090909095, ""mean_transport_minutes"": 43.489999999999974, ""p90_response_minutes"": 61.7240496588671, ""patients"": 11, ""response_count"": 11, ""response_minutes"": 436.25318930621216, ""scene_count"": 11, ""scene_minutes"": 100.00000000000006, ""transport_count"": 10, ""transport_minutes"": 434.89999999999975}, ""stroke"": {""expected_lost"": 6.822817310034399, ""expected_saved"": 3.1771826899656017, ""mean_response_minutes"": 74.3028083062683, ""mean_scene_minutes"": 14.0, ""mean_transport_minutes"": 25.325, ""p90_response_minutes"": 108.79535738180735, ""patients"": 10, ""response_count"": 10, ""response_minutes"": 743.028083062683, ""scene_count"": 10, ""scene_minutes"": 140.0, ""transport_count"": 10, ""transport_minutes"": 253.25}, ""trauma"": {""expected_lost"": 9.57802785097809, ""expected_saved"": 1.42197214902191, ""mean_response_minutes"": 78.88446459909566, ""mean_scene_minutes"": 14.4, ""mean_transport_minutes"": 20.166666666666668, ""p90_response_minutes"": 141.22450870604212, ""patients"": 11, ""response_count"": 10, ""response_minutes"": 788.8446459909567, ""scene_count"": 10, ""scene_minutes"": 144.0, ""transport_count"": 9, ""transport_minutes"": 181.5}}","{""arrive_hospital"": 99, ""arrive_scene"": 45, ""hospital_release"": 70, ""patient_arrival"": 47, ""reposition_complete"": 42, ""restock_complete"": 42, ""scene_complete"": 43, ""transfer_ready"": 76}",32.656275,14.343725,0.30518564810678134,60.74346057226416,12.266666666666667,32.31744186046511,87.92301624994411,45,0.9574468085106383,47,47,2
Central ER,98,2098,"{""cardiac"": {""expected_lost"": 9.698636419575605, ""expected_saved"": 0.30136358042439493, ""mean_response_minutes"": 92.22230084063551, ""mean_scene_minutes"": 12.0, ""mean_transport_minutes"": 44.37142857142857, ""p90_response_minutes"": 219.9602493929894, ""patients"": 10, ""response_count"": 8, ""response_minutes"": 737.7784067250841, ""scene_count"": 8, ""scene_minutes"": 96.0, ""transport_count"": 7, ""transport_minutes"": 310.59999999999997}, ""minor"": {""expected_lost"": 0.8472539598650847, ""expected_saved"": 6.152746040134915, ""mean_response_minutes"": 40.53604524267801, ""mean_scene_minutes"": 10.0, ""mean_transport_minutes"": 38.57142857142857, ""p90_response_minutes"": 59.20227296218861, ""patients"": 7, ""response_count"": 7, ""response_minutes"": 283.75231669874603, ""scene_count"": 7, ""scene_minutes"": 70.0, ""transport_count"": 7, ""transport_minutes"": 270.0}, ""stroke"": {""expected_lost"": 10.597331785298554, ""expected_saved"": 5.402668214701448, ""mean_response_minutes"": 43.29791073056766, ""mean_scene_minutes"": 14.0, ""mean_transport_minutes"": 26.29333333333334, ""p90_response_minutes"": 72.44100270240573, ""patients"": 16, ""response_count"": 15, ""response_minutes"": 649.4686609585149, ""scene_count"": 15, ""scene_minutes"": 210.0, ""transport_count"": 15, ""transport_minutes"": 394.4000000000001}, ""trauma"": {""expected_lost"": 9.917682291740327, ""expected_saved"": 1.0823177082596733, ""mean_response_minutes"": 104.95734663242723, ""mean_scene_minutes"": 16.000000000000004, ""mean_transport_minutes"": 28.786363636363628, ""p90_response_minutes"": 250.82343945797504, ""patients"": 11, ""response_count"": 11, ""response_minutes"": 1154.5308129566995, ""scene_count"": 11, ""scene_minutes"": 176.00000000000003, ""transport_count"": 11, ""transport_minutes"": 316.6499999999999}}","{""arrive_hospital"": 82, ""arrive_scene"": 41, ""hospital_release"": 58, ""patient_arrival"": 44, ""reposition_complete"": 38, ""restock_complete"": 38, ""scene_complete"": 41, ""transfer_ready"": 68}",31.060904,12.939096,0.29407035326182807,68.91537066680596,13.463414634146341,32.291250000000005,171.93137533308493,41,0.9318181818181818,44,44,3
Central ER,99,2099,"{""cardiac"": {""expected_lost"": 14.109693713953883, ""expected_saved"": 0.8903062846763137, ""mean_response_minutes"": 104.4545805217704, ""mean_scene_minutes"": 12.0, ""mean_transport_minutes"": 37.530769230769245, ""p90_response_minutes"": 326.3330758083361, ""patients"": 15, ""response_count"": 13, ""response_minutes"": 1357.9095467830152, ""scene_count"": 13, ""scene_minutes"": 156.0, ""transport_count"": 13, ""transport_minutes"": 487.90000000000015}, ""minor"": {""expected_lost"": 1.864571142316103, ""expected_saved"": 6.135428857683897, ""mean_response_minutes"": 38.985230689277905, ""mean_scene_minutes"": 10.0, ""mean_transport_minutes"": 38.714285714285715, ""p90_response_minutes"": 70.47073141810993, ""patients"": 8, ""response_count"": 7, ""response_minutes"": 272.89661482494535, ""scene_count"": 7, ""scene_minutes"": 70.0, ""transport_count"": 7, ""transport_minutes"": 271.0}, ""stroke"": {""expected_lost"": 10.576188803762449, ""expected_saved"": 4.423811196237552, ""mean_response_minutes"": 60.396650469473066, ""mean_scene_minutes"": 13.999999999999991, ""mean_transport_minutes"": 26.074999999999996, ""p90_response_minutes"": 86.98831485837397, ""patients"": 15, ""response_count"": 14, ""response_minutes"": 845.5531065726229, ""scene_count"": 14, ""scene_minutes"": 195.9999999999999, ""transport_count"": 14, ""transport_minutes"": 365.04999999999995}, ""trauma"": {""expected_lost"": 11.104217124243212, ""expected_saved"": 0.895782875756788, ""mean_response_minutes"": 101.68537483384225, ""mean_scene_minutes"": 14.222222222222221, ""mean_transport_minutes"": 28.07499999999999, ""p90_response_minutes"": 312.4788709839408, ""patients"": 12, ""response_count"": 9, ""response_minutes"": 915.1683735045802, ""scene_count"": 9, ""scene_minutes"": 128.0, ""transport_count"": 8, ""transport_minutes"": 224.5999999999999}}","{""arrive_hospital"": 91, ""arrive_scene"": 43, ""hospital_release"": 67, ""patient_arrival"": 50, ""reposition_complete"": 40, ""restock_complete"": 40, ""scene_complete"": 42, ""transfer_ready"": 70}",37.654671,12.345329,0.24690658428709103,78.87273585314333,12.790697674418603,32.108333333333334,255.4218818549209,43,0.86,50,50,7
Regional ER,0,2000,"{""cardiac"": {""expected_lost"": 17.80205521506359, ""expected_saved"": 1.1979447849364087, ""mean_response_minutes"": 95.73665729694403, ""mean_scene_minutes"": 12.0, ""mean_transport_minutes"": 40.09687499999999, ""p90_response_minutes"": 268.3397709449441, ""patients"": 19, ""response_count"": 16, ""response_minutes"": 1531.7865167511045, ""scene_count"": 16, ""scene_minutes"": 192.0, ""transport_count"": 16, ""transport_minutes"": 641.5499999999998}, ""minor"": {""expected_lost"": 3.6824403339383833, ""expected_saved"": 11.317559666061616, ""mean_response_minutes"": 38.89233579234193, ""mean_scene_minutes"": 10.000000000000009, ""mean_transport_minutes"": 40.399999999999984, ""p90_response_minutes"": 68.80219600817026, ""patients"": 15, ""response_count"": 13, ""response_minutes"": 505.6003653004451, ""scene_count"": 13, ""scene_minutes"": 130.0000000000001, ""transport_count"": 13, ""transport_minutes"": 525.1999999999998}, ""stroke"": {""expected_lost"": 4.797521681948844, ""expected_saved"": 2.2024783180511562, ""mean_response_minutes"": 66.79481282231765, ""mean_scene_minutes"": 14.000000000000009, ""mean_transport_minutes"": 27.371428571428574, ""p90_response_minutes"": 127.25412000214965, ""patients"": 7, ""response_count"": 7, ""response_minutes"": 467.56368975622354, ""scene_count"": 7, ""scene_minutes"": 98.00000000000006, ""transport_count"": 7, ""transport_minutes"": 191.60000000000002}, ""trauma"": {""expected_lost"": 8.33345573825723, ""expected_saved"": 0.6665442617427685, ""mean_response_minutes"": 93.33401710836723, ""mean_scene_minutes"": 16.0, ""mean_transport_minutes"": 23.542857142857137, ""p90_response_minutes"": 196.6922601280628, ""patients"": 9, ""response_count"": 7, ""response_minutes"": 653.3381197585707, ""scene_count"": 7, ""scene_minutes"": 112.0, ""transport_count"": 7, ""transport_minutes"": 164.79999999999995}}","{""arrive_hospital"": 106, ""arrive_scene"": 43, ""hospital_release"": 70, ""patient_arrival"": 50, ""reposition_complete"": 40, ""restock_complete"": 41, ""scene_complete"": 43, ""transfer_ready"": 77}",34.615473,15.384527,0.307690540615839,73.4485742224731,12.37209302325582,35.422093023255805,245.998673964217,43,0.86,50,50,7
Regional ER,1,2001,"{""cardiac"": {""expected_lost"": 10.145944500020892, ""expected_saved"": 0.8540554995757091, ""mean_response_minutes"": 65.47383767348818, ""mean_scene_minutes"": 12.0, ""mean_transport_minutes"": 40.275000000000006, ""p90_response_minutes"": 145.36636802779017, ""patients"": 11, ""response_count"": 8, ""response_minutes"": 523.7907013879054, ""scene_count"": 8, ""scene_minutes"": 96.0, ""transport_count"": 8, ""transport_minutes"": 322.20000000000005}, ""minor"": {""expected_lost"": 2.765245040117299, ""expected_saved"": 7.234754959882701, ""mean_response_minutes"": 33.97007992344591, ""mean_scene_minutes"": 10.0, ""mean_transport_minutes"": 42.28749999999997, ""p90_response_minutes"": 50.386894465275255, ""patients"": 10, ""response_count"": 8, ""response_minutes"": 271.76063938756727, ""scene_count"": 8, ""scene_minutes"": 80.0, ""transport_count"": 8, ""transport_minutes"": 338.2999999999998}, ""stroke"": {""expected_lost"": 9.144969708036125, ""expected_saved"": 2.8550302919638733, ""mean_response_minutes"": 58.38807164774729, ""mean_scene_minutes"": 14.0, ""mean_transport_minutes"": 28.23333333333335, ""p90_response_minutes"": 111.19987770965336, ""patients"": 12, ""response_count"": 9, ""response_minutes"": 525.4926448297256, ""scene_count"": 9, ""scene_minutes"": 126.0, ""transport_count"": 9, ""transport_minutes"": 254.10000000000014}, ""trauma"": {""expected_lost"": 15.224674388285917, ""expected_saved"": 1.7753256117140823, ""mean_response_minutes"": 59.44011604515713, ""mean_scene_minutes"": 16.0, ""mean_transport_minutes"": 24.433333333333334, ""p90_response_minutes"": 121.32638686026041, ""patients"": 17, ""response_count"": 15, ""response_minutes"": 891.601740677357, ""scene_count"": 15, ""scene_minutes"": 240.0, ""transport_count"": 15, ""transport_minutes"": 366.5}}","{""arrive_hospital"": 80, ""arrive_scene"": 40, ""hospital_release"": 55, ""patient_arrival"": 50, ""reposition_complete"": 39, ""restock_complete"": 39, ""scene_complete"": 40, ""transfer_ready"": 64}",37.280834,12.719166,0.25438332726272733,55.31614315706388,13.55,32.027499999999996,107.2785360792876,40,0.8,50,50,10
Regional ER,2,2002,"{""cardiac"": {""expected_lost"": 10.055526654334317, ""expected_saved"": 0.9444733456656846, ""mean_response_minutes"": 44.380472988105815, ""mean_scene_minutes"": 12.00000000000001, ""mean_transport_minutes"": 40.199999999999974, ""p90_response_minutes"": 68.72641446752277, ""patients"": 11, ""response_count"": 10, ""response_minutes"": 443.80472988105817, ""scene_count"": 10, ""scene_minutes"": 120.00000000000011, ""transport_count"": 10, ""transport_minutes"": 401.9999999999998}, ""minor"": {""expected_lost"": 2.0159648245639916, ""expected_saved"": 7.984035175436008, ""mean_response_minutes"": 38.84111206306832, ""mean_scene_minutes"": 10.000000000000002, ""mean_transport_minutes"": 42.23888888888887, ""p90_response_minutes"": 65.36572395418054, ""patients"": 10, ""response_count"": 9, ""response_minutes"": 349.5700085676149, ""scene_count"": 9, ""scene_minutes"": 90.00000000000001, ""transport_count"": 9, ""transport_minutes"": 380.14999999999986}, ""stroke"": {""expected_lost"": 5.0794886057251905, ""expected_saved"": 3.92051139427481, ""mean_response_minutes"": 31.228265606468185, ""mean_scene_minutes"": 14.0, ""mean_transport_minutes"": 24.11111111111111, ""p90_response_minutes"": 49.73028745262477, ""patients"": 9, ""response_count"": 9, ""response_minutes"": 281.0543904582137, ""scene_count"": 9, ""scene_minutes"": 126.0, ""transport_count"": 9, ""transport_minutes"": 217.0}, ""trauma"": {""expected_lost"": 13.410575517586727, ""expected_saved"": 1.5894244824132735, ""mean_response_minutes"": 95.40219423428655, ""mean_scene_minutes"": 16.0, ""mean_transport_minutes"": 26.996428571428574, ""p90_response_minutes"": 293.3127926361213, ""patients"": 15, ""response_count"": 14, ""response_minutes"": 1335.6307192800118, ""scene_count"": 14, ""scene_minutes"": 224.0, ""transport_count"": 14, ""transport_minutes"": 377.95000000000005}}","{""arrive_hospital"": 88, ""arrive_scene"": 42, ""hospital_release"": 59, ""patient_arrival"": 45, ""reposition_complete"": 40, ""restock_complete"": 40, ""scene_complete"": 42, ""transfer_ready"": 68}",30.561556,14.438444,0.32085431995088376,57.382377337783296,13.333333333333336,32.78809523809523,90.7750712239178,42,0.9333333333333333,45,45,3
Regional ER,3,2003,"{""cardiac"": {""expected_lost"": 10.18594674465007, ""expected_saved"": 0.8140532553499291, ""mean_response_minutes"": 50.39222188409172, ""mean_scene_minutes"": 12.0, ""mean_transport_minutes"": 38.22222222222222, ""p90_response_minutes"": 95.4152631938196, ""patients"": 11, ""response_count"": 9, ""response_minutes"": 453.52999695682547, ""scene_count"": 9, ""scene_minutes"": 108.0, ""transport_count"": 9, ""transport_minutes"": 344.0}, ""minor"": {""expected_lost"": 2.475533305456196, ""expected_saved"": 7.524466694543804, ""mean_response_minutes"": 71.26744359330412, ""mean_scene_minutes"": 10.0, ""mean_transport_minutes"": 38.6, ""p90_response_minutes"": 112.37681903585734, ""patients"": 10, ""response_count"": 10, ""response_minutes"": 712.6744359330412, ""scene_count"": 10, ""scene_minutes"": 100.0, ""transport_count"": 10, ""transport_minutes"": 386.0}, ""stroke"": {""expected_lost"": 9.288110577752521, ""expected_saved"": 3.711889422247479, ""mean_response_minutes"": 95.28665914569645, ""mean_scene_minutes"": 14.0, ""mean_transport_minutes"": 28.930769230769208, ""p90_response_minutes"": 197.82346031937269, ""patients"": 13, ""response_count"": 13, ""response_minutes"": 1238.7265688940538, ""scene_count"": 13, ""scene_minutes"": 182.0, ""transport_count"": 13, ""transport_minutes"": 376.0999999999997}, ""trauma"": {""expected_lost"": 10.671497315978701, ""expected_saved"": 1.328502684021299, ""mean_response_minutes"": 53.16020593844794, ""mean_scene_minutes"": 14.4, ""mean_transport_minutes"": 22.25, ""p90_response_minutes"": 121.10621736944032, ""patients"": 12, ""response_count"": 10, ""response_minutes"": 531.6020593844794, ""scene_count"": 10, ""scene_minutes"": 144.0, ""transport_count"": 8, ""transport_minutes"": 178.0}}","{""arrive_hospital"": 89, ""arrive_scene"": 42, ""hospital_release"": 63, ""patient_arrival"": 46, ""reposition_complete"": 39, ""restock_complete"": 39, ""scene_complete"": 41, ""transfer_ready"": 70}",32.621088,13.378912,0.2908459142644025,69.91745383734288,12.714285714285714,32.10249999999999,146.024717004839,42,0.9130434782608695,46,46,4
Regional ER,4,2004,"{""cardiac"": {""expected_lost"": 6.596301286534433, ""expected_saved"": 0.4036987134655672, ""mean_response_minutes"": 44.66926862759001, ""mean_scene_minutes"": 12.0, ""mean_transport_minutes"": 44.429999999999964, ""p90_response_minutes"": 75.55909369320975, ""patients"": 7, ""response_count"": 5, ""response_minutes"": 223.34634313795004, ""scene_count"": 5, ""scene_minutes"": 60.0, ""transport_count"": 5, ""transport_minutes"": 222.1499999999998}, ""minor"": {""expected_lost"": 1.1340033201975988, ""expected_saved"": 8.8659966798024, ""mean_response_minutes"": 36.214386298083284, ""mean_scene_minutes"": 10.0, ""mean_transport_minutes"": 38.0, ""p90_response_minutes"": 56.06078216471741, ""patients"": 10, ""response_count"": 10, ""response_minutes"": 362.14386298083286, ""scene_count"": 10, ""scene_minutes"": 100.0, ""transport_count"": 10, ""transport_minutes"": 380.0}, ""stroke"": {""expected_lost"": 9.869039821689281, ""expected_saved"": 4.130960178310719, ""mean_response_minutes"": 64.00295018271169, ""mean_scene_minutes"": 13.0, ""mean_transport_minutes"": 30.508333333333326, ""p90_response_minutes"": 100.51213655424831, ""patients"": 14, ""response_count"": 14, ""response_minutes"": 896.0413025579636, ""scene_count"": 14, ""scene_minutes"": 182.0, ""transport_count"": 12, ""transport_minutes"": 366.0999999999999}, ""trauma"": {""expected_lost"": 7.448502797925393, ""expected_saved"": 0.5514972020746074, ""mean_response_minutes"": 70.29321576569525, ""mean_scene_minutes"": 16.0, ""mean_transport_minutes"": 28.37142857142856, ""p90_response_minutes"": 165.85185649981673, ""patients"": 8, ""response_count"": 7, ""response_minutes"": 492.0525103598668, ""scene_count"": 7, ""scene_minutes"": 112.0, ""transport_count"": 7, ""transport_minutes"": 198.5999999999999}}","{""arrive_hospital"": 76, ""arrive_scene"": 36, ""hospital_release"": 54, ""patient_arrival"": 39, ""reposition_complete"": 33, ""restock_complete"": 33, ""scene_complete"": 35, ""transfer_ready"": 61}",25.047847,13.952153,0.35774750701675095,54.8217783065726,12.61111111111111,34.31911764705882,96.64850038490619,36,0.9230769230769231,39,39,3
Regional ER,5,2005,"{""cardiac"": {""expected_lost"": 11.153316225201198, ""expected_saved"": 0.8466837747987993, ""mean_response_minutes"": 70.1224819347245, ""mean_scene_minutes"": 12.0, ""mean_transport_minutes"": 40.677272727272715, ""p90_response_minutes"": 215.33404824268644, ""patients"": 12, ""response_count"": 11, ""response_minutes"": 771.3473012819695, ""scene_count"": 11, ""scene_minutes"": 132.0, ""transport_count"": 11, ""transport_minutes"": 447.4499999999999}, ""minor"": {""expected_lost"": 3.180988699199162, ""expected_saved"": 8.819011300800836, ""mean_response_minutes"": 34.71948673409776, ""mean_scene_minutes"": 10.0, ""mean_transport_minutes"": 38.3, ""p90_response_minutes"": 64.47521538203826, ""patients"": 12, ""response_count"": 10, ""response_minutes"": 347.19486734097757, ""scene_count"": 10, ""scene_minutes"": 100.0, ""transport_count"": 10, ""transport_minutes"": 383.0}, ""stroke"": {""expected_lost"": 9.0779338715217, ""expected_saved"": 2.922066128478299, ""mean_response_minutes"": 83.89814210197763, ""mean_scene_minutes"": 14.0, ""mean_transport_minutes"": 25.600000000000012, ""p90_response_minutes"": 169.48937866569906, ""patients"": 12, ""response_count"": 12, ""response_minutes"": 1006.7777052237316, ""scene_count"": 12, ""scene_minutes"": 168.0, ""transport_count"": 11, ""transport_minutes"": 281.60000000000014}, ""trauma"": {""expected_lost"": 9.594523196952705, ""expected_saved"": 1.4054768030472937, ""mean_response_minutes"": 51.737539930706546, ""mean_scene_minutes"": 14.545454545454545, ""mean_transport_minutes"": 27.870000000000005, ""p90_response_minutes"": 87.2989032557673, ""patients"": 11, ""response_count"": 11, ""response_minutes"": 569.112939237772, ""scene_count"": 11, ""scene_minutes"": 160.0, ""transport_count"": 10, ""transport_minutes"": 278.70000000000005}}","{""arrive_hospital"": 94, ""arrive_scene"": 44, ""hospital_release"": 64, ""patient_arrival"": 47, ""reposition_complete"": 41, ""restock_complete"": 41, ""scene_complete"": 43, ""transfer_ready"": 72}",33.006762,13.993238,0.29772846823670696,61.23710938828299,12.727272727272727,33.11309523809524,150.24575414789234,44,0.9361702127659575,47,47,3
Regional ER,6,2006,"{""cardiac"": {""expected_lost"": 10.586414656187548, ""expected_saved"": 0.41358534381245055, ""mean_response_minutes"": 93.78736586317851, ""mean_scene_minutes"": 12.0, ""mean_transport_minutes"": 38.970000000000006, ""p90_response_minutes"": 169.83976298716607, ""patients"": 11, ""response_count"": 10, ""response_minutes"": 937.8736586317851, ""scene_count"": 10, ""scene_minutes"": 120.0, ""transport_count"": 10, ""transport_minutes"": 389.70000000000005}, ""minor"": {""expected_lost"": 0.7681662069580044, ""expected_saved"": 6.231833793041996, ""mean_response_minutes"": 36.97800679254025, ""mean_scene_minutes"": 10.0, ""mean_transport_minutes"": 36.0, ""p90_response_minutes"": 64.21204757095843, ""patients"": 7, ""response_count"": 7, ""response_minutes"": 258.8460475477817, ""scene_count"": 7, ""scene_minutes"": 70.0, ""transport_count"": 7, ""transport_minutes"": 252.0}, ""stroke"": {""expected_lost"": 7.64462069034214, ""expected_saved"": 4.355379309657861, ""mean_response_minutes"": 45.097079619152815, ""mean_scene_minutes"": 14.0, ""mean_transport_minutes"": 27.425, ""p90_response_minutes"": 94.05665191441187, ""patients"": 12, ""response_count"": 12, ""response_minutes"": 541.1649554298338, ""scene_count"": 12, ""scene_minutes"": 168.0, ""transport_count"": 12, ""transport_minutes"": 329.1}, ""trauma"": {""expected_lost"": 8.92030488831178, ""expected_saved"": 2.0796951116882196, ""mean_response_minutes"": 30.957660542100786, ""mean_scene_minutes"": 16.0, ""mean_transport_minutes"": 26.22000000000001, ""p90_response_minutes"": 37.80043629927348, ""patients"": 11, ""response_count"": 10, ""response_minutes"": 309.57660542100786, ""scene_count"": 10, ""scene_minutes"": 160.0, ""transport_count"": 10, ""transport_minutes"": 262.2000000000001}}","{""arrive_hospital"": 82, ""arrive_scene"": 39, ""hospital_release"": 57, ""patient_arrival"": 41, ""reposition_complete"": 37, ""restock_complete"": 37, ""scene_complete"": 39, ""transfer_ready"": 66}",27.919506,13.080494,0.3190364282487934,52.49900684693355,13.282051282051283,31.615384615384617,105.11809181226147,39,0.9512195121951219,41,41,2
Regional ER,7,2007,"{""cardiac"": {""expected_lost"": 7.545481184218807, ""expected_saved"": 0.454518815476964, ""mean_response_minutes"": 160.86044116316174, ""mean_scene_minutes"": 8.571428571428571, ""mean_transport_minutes"": 40.9, ""p90_response_minutes"": 319.03844721393335, ""patients"": 8, ""response_count"": 7, ""response_minutes"": 1126.023088142132, ""scene_count"": 7, ""scene_minutes"": 60.0, ""transport_count"": 5, ""transport_minutes"": 204.5}, ""minor"": {""expected_lost"": 1.6170562275250433, ""expected_saved"": 9.382943772474958, ""mean_response_minutes"": 44.88458742759712, ""mean_scene_minutes"": 10.0, ""mean_transport_minutes"": 41.91363636363633, ""p90_response_minutes"": 74.97483454340971, ""patients"": 11, ""response_count"": 11, ""response_minutes"": 493.7304617035683, ""scene_count"": 11, ""scene_minutes"": 110.0, ""transport_count"": 11, ""transport_minutes"": 461.0499999999996}, ""stroke"": {""expected_lost"": 8.23442380116856, ""expected_saved"": 4.765576198831439, ""mean_response_minutes"": 85.79752609138941, ""mean_scene_minutes"": 14.000000000000002, ""mean_transport_minutes"": 26.48846153846152, ""p90_response_minutes"": 273.87466341833203, ""patients"": 13, ""response_count"": 13, ""response_minutes"": 1115.3678391880624, ""scene_count"": 13, ""scene_minutes"": 182.00000000000003, ""transport_count"": 13, ""transport_minutes"": 344.3499999999998}, ""trauma"": {""expected_lost"": 13.955135451893709, ""expected_saved"": 1.044864548106293, ""mean_response_minutes"": 74.45956725221855, ""mean_scene_minutes"": 16.0, ""mean_transport_minutes"": 26.264285714285716, ""p90_response_minutes"": 96.7349305235906, ""patients"": 15, ""response_count"": 14, ""response_minutes"": 1042.4339415310596, ""scene_count"": 14, ""scene_minutes"": 224.0, ""transport_count"": 14, ""transport_minutes"": 367.70000000000005}}","{""arrive_hospital"": 88, ""arrive_scene"": 45, ""hospital_release"": 64, ""patient_arrival"": 47, ""reposition_complete"": 43, ""restock_complete"": 43, ""scene_complete"": 43, ""transfer_ready"": 72}",31.352097,15.647903,0.33293411350829044,83.94567401255162,12.8,32.03720930232557,313.04976851776564,45,0.9574468085106383,47,47,2
Regional ER,8,2008,"{""cardiac"": {""expected_lost"": 8.392047897434866, ""expected_saved"": 0.6079521018223283, ""mean_response_minutes"": 113.092055348836, ""mean_scene_minutes"": 10.666666666666666, ""mean_transport_minutes"": 42.8875, ""p90_response_minutes"": 307.9736943621476, ""patients"": 9, ""response_count"": 9, ""response_minutes"": 1017.828498139524, ""scene_count"": 9, ""scene_minutes"": 96.0, ""transport_count"": 8, ""transport_minutes"": 343.1}, ""minor"": {""expected_lost"": 1.3175079271117147, ""expected_saved"": 9.682492072888284, ""mean_response_minutes"": 38.71215178159604, ""mean_scene_minutes"": 10.0, ""mean_transport_minutes"": 40.22727272727273, ""p90_response_minutes"": 64.42887366391619, ""patients"": 11, ""response_count"": 11, ""response_minutes"": 425.8336695975564, ""scene_count"": 11, ""scene_minutes"": 110.0, ""transport_count"": 11, ""transport_minutes"": 442.5}, ""stroke"": {""expected_lost"": 6.972427165495483, ""expected_saved"": 4.027572834504518, ""mean_response_minutes"": 52.14638511008099, ""mean_scene_minutes"": 14.0, ""mean_transport_minutes"": 26.577272727272728, ""p90_response_minutes"": 133.32697426765398, ""patients"": 11, ""response_count"": 11, ""response_minutes"": 573.6102362108909, ""scene_count"": 11, ""scene_minutes"": 154.0, ""transport_count"": 11, ""transport_minutes"": 292.35}, ""trauma"": {""expected_lost"": 9.611043852477739, ""expected_saved"": 1.3889561475222614, ""mean_response_minutes"": 77.98788027533105, ""mean_scene_minutes"": 16.0, ""mean_transport_minutes"": 25.5090909090909, ""p90_response_minutes"": 201.4130352075342, ""patients"": 11, ""response_count"": 11, ""response_minutes"": 857.8666830286415, ""scene_count"": 11, ""scene_minutes"": 176.0, ""transport_count"": 11, ""transport_minutes"": 280.5999999999999}}","{""arrive_hospital"": 90, ""arrive_scene"": 42, ""hospital_release"": 67, ""patient_arrival"": 42, ""reposition_complete"": 41, ""restock_complete"": 41, ""scene_complete"": 41, ""transfer_ready"": 71}",26.293027,15.706973,0.37397555135089033,68.45569254706226,12.761904761904763,33.135365853658534,197.34686012790655,42,1.0,42,42,0
Regional ER,9,2009,"{""cardiac"": {""expected_lost"": 8.591233889771688, ""expected_saved"": 0.4087661102283131, ""mean_response_minutes"": 57.700066643822446, ""mean_scene_minutes"": 12.0, ""mean_transport_minutes"": 39.0, ""p90_response_minutes"": 84.6717676107948, ""patients"": 9, ""response_count"": 8, ""response_minutes"": 461.60053315057957, ""scene_count"": 8, ""scene_minutes"": 96.0, ""transport_count"": 8, ""transport_minutes"": 312.0}, ""minor"": {""expected_lost"": 1.1114867343492647, ""expected_saved"": 7.888513265650736, ""mean_response_minutes"": 40.8036773488957, ""mean_scene_minutes"": 10.0, ""mean_transport_minutes"": 43.022222222222226, ""p90_response_minutes"": 62.75108055349913, ""patients"": 9, ""response_count"": 9, ""response_minutes"": 367.23309614006126, ""scene_count"": 9, ""scene_minutes"": 90.0, ""transport_count"": 9, ""transport_minutes"": 387.20000000000005}, ""stroke"": {""expected_lost"": 4.6227056772829025, ""expected_saved"": 2.3772943227170984, ""mean_response_minutes"": 47.23087657359514, ""mean_scene_minutes"": 14.0, ""mean_transport_minutes"": 27.892857142857142, ""p90_response_minutes"": 75.96819058832368, ""patients"": 7, ""response_count"": 7, ""response_minutes"": 330.616136015166, ""scene_count"": 7, ""scene_minutes"": 98.0, ""transport_count"": 7, ""transport_minutes"": 195.25}, ""trauma"": {""expected_lost"": 9.22424833491523, ""expected_saved"": 1.775751665084769, ""mean_response_minutes"": 44.301985303733204, ""mean_scene_minutes"": 15.999999999999998, ""mean_transport_minutes"": 29.436363636363634, ""p90_response_minutes"": 89.50847170594545, ""patients"": 11, ""response_count"": 11, ""response_minutes"": 487.32183834106525, ""scene_count"": 11, ""scene_minutes"": 175.99999999999997, ""transport_count"": 11, ""transport_minutes"": 323.79999999999995}}","{""arrive_hospital"": 76, ""arrive_scene"": 35, ""hospital_release"": 60, ""patient_arrival"": 36, ""reposition_complete"": 35, ""restock_complete"": 35, ""scene_complete"": 35, ""transfer_ready"": 59}",23.549675,12.450325,0.34584237121335865,47.05061724705349,13.142857142857142,34.80714285714286,88.46819339039355,35,0.9722222222222222,36,36,1
Regional ER,10,2010,"{""cardiac"": {""expected_lost"": 17.378448582109947, ""expected_saved"": 0.6215514178900533, ""mean_response_minutes"": 56.604594621184035, ""mean_scene_minutes"": 12.0, ""mean_transport_minutes"": 37.462500000000006, ""p90_response_minutes"": 106.68146863459359, ""patients"": 18, ""response_count"": 8, ""response_minutes"": 452.8367569694723, ""scene_count"": 8, ""scene_minutes"": 96.0, ""transport_count"": 8, ""transport_minutes"": 299.70000000000005}, ""minor"": {""expected_lost"": 3.616182486447649, ""expected_saved"": 11.38381751355235, ""mean_response_minutes"": 56.350499949532086, ""mean_scene_minutes"": 10.0, ""mean_transport_minutes"": 40.73928571428571, ""p90_response_minutes"": 73.6716549928517, ""patients"": 15, ""response_count"": 14, ""response_minutes"": 788.9069992934492, ""scene_count"": 14, ""scene_minutes"": 140.0, ""transport_count"": 14, ""transport_minutes"": 570.3499999999999}, ""stroke"": {""expected_lost"": 12.349661363214796, ""expected_saved"": 3.650338636785206, ""mean_response_minutes"": 71.08550277764779, ""mean_scene_minutes"": 14.0, ""mean_transport_minutes"": 27.942307692307672, ""p90_response_minutes"": 134.72681025793622, ""patients"": 16, ""response_count"": 14, ""response_minutes"": 995.1970388870691, ""scene_count"": 14, ""scene_minutes"": 196.0, ""transport_count"": 13, ""transport_minutes"": 363.2499999999997}, ""trauma"": {""expected_lost"": 12.425590518846056, ""expected_saved"": 1.5744094811539435, ""mean_response_minutes"": 121.2069915797179, ""mean_scene_minutes"": 16.0, ""mean_transport_minutes"": 24.0, ""p90_response_minutes"": 386.6069803624985, ""patients"": 14, ""response_count"": 11, ""response_minutes"": 1333.2769073768968, ""scene_count"": 11, ""scene_minutes"": 176.0, ""transport_count"": 11, ""transport_minutes"": 264.0}}","{""arrive_hospital"": 102, ""arrive_scene"": 47, ""hospital_release"": 68, ""patient_arrival"": 63, ""reposition_complete"": 45, ""restock_complete"": 45, ""scene_complete"": 47, ""transfer_ready"": 81}",45.769883,17.230117,0.27349392141875484,75.96207877716782,12.936170212765957,32.55,189.85069365237916,47,0.746031746031746,63,63,16
Regional ER,11,2011,"{""cardiac"": {""expected_lost"": 10.159383655524097, ""expected_saved"": 0.8406163444759019, ""mean_response_minutes"": 60.855865902600875, ""mean_scene_minutes"": 12.0, ""mean_transport_minutes"": 39.93499999999998, ""p90_response_minutes"": 168.25228049947214, ""patients"": 11, ""response_count"": 10, ""response_minutes"": 608.5586590260087, ""scene_count"": 10, ""scene_minutes"": 120.0, ""transport_count"": 10, ""transport_minutes"": 399.3499999999998}, ""minor"": {""expected_lost"": 1.6592331044081072, ""expected_saved"": 9.340766895591893, ""mean_response_minutes"": 45.84265126732459, ""mean_scene_minutes"": 10.0, ""mean_transport_minutes"": 39.19999999999998, ""p90_response_minutes"": 90.5008778137256, ""patients"": 11, ""response_count"": 11, ""response_minutes"": 504.2691639405705, ""scene_count"": 11, ""scene_minutes"": 110.0, ""transport_count"": 11, ""transport_minutes"": 431.1999999999998}, ""stroke"": {""expected_lost"": 4.612714828101348, ""expected_saved"": 2.3872851718986516, ""mean_response_minutes"": 46.19196292699997, ""mean_scene_minutes"": 14.0, ""mean_transport_minutes"": 27.142857142857142, ""p90_response_minutes"": 89.29306381918737, ""patients"": 7, ""response_count"": 7, ""response_minutes"": 323.3437404889998, ""scene_count"": 7, ""scene_minutes"": 98.0, ""transport_count"": 7, ""transport_minutes"": 190.0}, ""trauma"": {""expected_lost"": 9.848680417501708, ""expected_saved"": 1.1513195824982934, ""mean_response_minutes"": 87.60064515687685, ""mean_scene_minutes"": 16.0, ""mean_transport_minutes"": 28.620000000000005, ""p90_response_minutes"": 162.23095903153478, ""patients"": 11, ""response_count"": 10, ""response_minutes"": 876.0064515687685, ""scene_count"": 10, ""scene_minutes"": 160.0, ""transport_count"": 10, ""transport_minutes"": 286.20000000000005}}","{""arrive_hospital"": 86, ""arrive_scene"": 38, ""hospital_release"": 60, ""patient_arrival"": 40, ""reposition_complete"": 37, ""restock_complete"": 37, ""scene_complete"": 38, ""transfer_ready"": 65}",26.280012,13.719988,0.34299969986161843,60.84678986906175,12.842105263157896,34.388157894736835,134.8996601534248,38,0.95,40,40,2
Regional ER,12,2012,"{""cardiac"": {""expected_lost"": 13.238766035729872, ""expected_saved"": 0.7612339642701286, ""mean_response_minutes"": 70.1908364639443, ""mean_scene_minutes"": 12.0, ""mean_transport_minutes"": 40.74615384615384, ""p90_response_minutes"": 131.53735475446064, ""patients"": 14, ""response_count"": 13, ""response_minutes"": 912.4808740312758, ""scene_count"": 13, ""scene_minutes"": 156.0, ""transport_count"": 13, ""transport_minutes"": 529.6999999999999}, ""minor"": {""expected_lost"": 3.1144300314298365, ""expected_saved"": 9.885569968570163, ""mean_response_minutes"": 46.79737415241083, ""mean_scene_minutes"": 10.0, ""mean_transport_minutes"": 36.32916666666667, ""p90_response_minutes"": 103.10627254954186, ""patients"": 13, ""response_count"": 12, ""response_minutes"": 561.56848982893, ""scene_count"": 12, ""scene_minutes"": 120.0, ""transport_count"": 12, ""transport_minutes"": 435.95000000000005}, ""stroke"": {""expected_lost"": 10.65964075088386, ""expected_saved"": 3.3403592491161422, ""mean_response_minutes"": 106.38870575385208, ""mean_scene_minutes"": 14.0, ""mean_transport_minutes"": 27.678571428571427, ""p90_response_minutes"": 273.7712249341598, ""patients"": 14, ""response_count"": 14, ""response_minutes"": 1489.4418805539292, ""scene_count"": 14, ""scene_minutes"": 196.0, ""transport_count"": 14, ""transport_minutes"": 387.5}, ""trauma"": {""expected_lost"": 7.341278405136365, ""expected_saved"": 0.6587215948636342, ""mean_response_minutes"": 150.72287570123396, ""mean_scene_minutes"": 14.0, ""mean_transport_minutes"": 28.06666666666668, ""p90_response_minutes"": 390.7524864104514, ""patients"": 8, ""response_count"": 8, ""response_minutes"": 1205.7830056098717, ""scene_count"": 8, ""scene_minutes"": 112.0, ""transport_count"": 6, ""transport_minutes"": 168.4000000000001}}","{""arrive_hospital"": 107, ""arrive_scene"": 47, ""hospital_release"": 73, ""patient_arrival"": 49, ""reposition_complete"": 44, ""restock_complete"": 44, ""scene_complete"": 46, ""transfer_ready"": 83}",34.354115,14.645885,0.29889560769020546,88.70796276646819,12.425531914893616,33.81222222222222,241.7337961846959,47,0.9591836734693877,49,49,2
Regional ER,13,2013,"{""cardiac"": {""expected_lost"": 2.492315807155987, ""expected_saved"": 0.5076841928440129, ""mean_response_minutes"": 18.666666666666668, ""mean_scene_minutes"": 12.0, ""mean_transport_minutes"": 39.0, ""p90_response_minutes"": 21.8, ""patients"": 3, ""response_count"": 3, ""response_minutes"": 56.0, ""scene_count"": 3, ""scene_minutes"": 36.0, ""transport_count"": 3, ""transport_minutes"": 117.0}, ""minor"": {""expected_lost"": 1.323884876994326, ""expected_saved"": 8.676115123005674, ""mean_response_minutes"": 40.8977406714765, ""mean_scene_minutes"": 10.0, ""mean_transport_minutes"": 39.999999999999986, ""p90_response_minutes"": 59.83220797806666, ""patients"": 10, ""response_count"": 10, ""response_minutes"": 408.977406714765, ""scene_count"": 10, ""scene_minutes"": 100.0, ""transport_count"": 10, ""transport_minutes"": 399.9999999999999}, ""stroke"": {""expected_lost"": 8.233500843512008, ""expected_saved"": 4.766499156487994, ""mean_response_minutes"": 39.60614062388826, ""mean_scene_minutes"": 14.000000000000009, ""mean_transport_minutes"": 26.245833333333337, ""p90_response_minutes"": 98.46772352993953, ""patients"": 13, ""response_count"": 13, ""response_minutes"": 514.8798281105474, ""scene_count"": 13, ""scene_minutes"": 182.0000000000001, ""transport_count"": 12, ""transport_minutes"": 314.95000000000005}, ""trauma"": {""expected_lost"": 7.870122177770029, ""expected_saved"": 1.12987782222997, ""mean_response_minutes"": 67.0599436319328, ""mean_scene_minutes"": 16.000000000000007, ""mean_transport_minutes"": 27.466666666666672, ""p90_response_minutes"": 178.0353289847631, ""patients"": 9, ""response_count"": 9, ""response_minutes"": 603.5394926873952, ""scene_count"": 9, ""scene_minutes"": 144.00000000000006, ""transport_count"": 9, ""transport_minutes"": 247.20000000000005}}","{""arrive_hospital"": 72, ""arrive_scene"": 35, ""hospital_release"": 51, ""patient_arrival"": 35, ""reposition_complete"": 33, ""restock_complete"": 33, ""scene_complete"": 35, ""transfer_ready"": 59}",19.919824,15.080176,0.43086217984478997,45.23990650036307,13.200000000000005,31.739705882352943,108.83256826981824,35,1.0,35,35,0
Regional ER,14,2014,"{""cardiac"": {""expected_lost"": 11.572956229054888, ""expected_saved"": 0.4270437709451122, ""mean_response_minutes"": 72.84250965087962, ""mean_scene_minutes"": 10.0, ""mean_transport_minutes"": 40.01999999999998, ""p90_response_minutes"": 143.89177442309335, ""patients"": 12, ""response_count"": 6, ""response_minutes"": 437.0550579052777, ""scene_count"": 6, ""scene_minutes"": 60.0, ""transport_count"": 5, ""transport_minutes"": 200.0999999999999}, ""minor"": {""expected_lost"": 5.348521220126973, ""expected_saved"": 13.651478779873027, ""mean_response_minutes"": 82.2352678339072, ""mean_scene_minutes"": 10.0, ""mean_transport_minutes"": 40.541666666666664, ""p90_response_minutes"": 149.80597280094182, ""patients"": 19, ""response_count"": 19, ""response_minutes"": 1562.470088844237, ""scene_count"": 19, ""scene_minutes"": 190.0, ""transport_count"": 18, ""transport_minutes"": 729.75}, ""stroke"": {""expected_lost"": 8.691071754385442, ""expected_saved"": 3.308928245614558, ""mean_response_minutes"": 93.46256204319627, ""mean_scene_minutes"": 14.0, ""mean_transport_minutes"": 26.839999999999968, ""p90_response_minutes"": 111.03443979939449, ""patients"": 12, ""response_count"": 10, ""response_minutes"": 934.6256204319627, ""scene_count"": 10, ""scene_minutes"": 140.0, ""transport_count"": 10, ""transport_minutes"": 268.3999999999997}, ""trauma"": {""expected_lost"": 14.908724861628889, ""expected_saved"": 1.0912751383711101, ""mean_response_minutes"": 68.29706887757669, ""mean_scene_minutes"": 15.999999999999998, ""mean_transport_minutes"": 25.325000000000006, ""p90_response_minutes"": 169.1640430318836, ""patients"": 16, ""response_count"": 12, ""response_minutes"": 819.5648265309203, ""scene_count"": 12, ""scene_minutes"": 191.99999999999997, ""transport_count"": 12, ""transport_minutes"": 303.9000000000001}}","{""arrive_hospital"": 100, ""arrive_scene"": 47, ""hospital_release"": 67, ""patient_arrival"": 59, ""reposition_complete"": 44, ""restock_complete"": 44, ""scene_complete"": 46, ""transfer_ready"": 77}",40.521274,18.478726,0.3131987446576916,79.86628922792336,12.382978723404255,33.3811111111111,179.09815966197525,47,0.7966101694915254,59,59,12
Regional ER,15,2015,"{""cardiac"": {""expected_lost"": 9.601139031442663, ""expected_saved"": 1.398860968557335, ""mean_response_minutes"": 27.07039685957652, ""mean_scene_minutes"": 12.0, ""mean_transport_minutes"": 37.82727272727272, ""p90_response_minutes"": 43.85100517372905, ""patients"": 11, ""response_count"": 11, ""response_minutes"": 297.7743654553417, ""scene_count"": 11, ""scene_minutes"": 132.0, ""transport_count"": 11, ""transport_minutes"": 416.0999999999999}, ""minor"": {""expected_lost"": 1.3611322347741084, ""expected_saved"": 5.638867765225892, ""mean_response_minutes"": 39.06814285100971, ""mean_scene_minutes"": 10.0, ""mean_transport_minutes"": 38.0, ""p90_response_minutes"": 57.33703729233749, ""patients"": 7, ""response_count"": 7, ""response_minutes"": 273.47699995706796, ""scene_count"": 7, ""scene_minutes"": 70.0, ""transport_count"": 6, ""transport_minutes"": 228.0}, ""stroke"": {""expected_lost"": 3.828981317768397, ""expected_saved"": 1.1710186822316029, ""mean_response_minutes"": 51.47382330902229, ""mean_scene_minutes"": 14.0, ""mean_transport_minutes"": 30.350000000000023, ""p90_response_minutes"": 81.78413127632776, ""patients"": 5, ""response_count"": 4, ""response_minutes"": 205.89529323608917, ""scene_count"": 4, ""scene_minutes"": 56.0, ""transport_count"": 4, ""transport_minutes"": 121.40000000000009}, ""trauma"": {""expected_lost"": 10.564457181709797, ""expected_saved"": 2.4355428182902017, ""mean_response_minutes"": 39.641088034339276, ""mean_scene_minutes"": 16.0, ""mean_transport_minutes"": 23.08636363636364, ""p90_response_minutes"": 45.60089138608954, ""patients"": 13, ""response_count"": 12, ""response_minutes"": 475.6930564120713, ""scene_count"": 12, ""scene_minutes"": 192.0, ""transport_count"": 11, ""transport_minutes"": 253.95000000000005}}","{""arrive_hospital"": 70, ""arrive_scene"": 34, ""hospital_release"": 50, ""patient_arrival"": 36, ""reposition_complete"": 32, ""restock_complete"": 32, ""scene_complete"": 34, ""transfer_ready"": 53}",25.35571,10.64429,0.29567472873069534,36.84822691354618,13.235294117647058,31.8578125,48.722772015073694,34,0.9444444444444444,36,36,2
Regional ER,16,2016,"{""cardiac"": {""expected_lost"": 8.208540721424335, ""expected_saved"": 0.7914592785756652, ""mean_response_minutes"": 47.33412817617263, ""mean_scene_minutes"": 12.0, ""mean_transport_minutes"": 40.46874999999999, ""p90_response_minutes"": 85.6454294876764, ""patients"": 9, ""response_count"": 8, ""response_minutes"": 378.673025409381, ""scene_count"": 8, ""scene_minutes"": 96.0, ""transport_count"": 8, ""transport_minutes"": 323.74999999999994}, ""minor"": {""expected_lost"": 2.5372067773842204, ""expected_saved"": 12.462793222615778, ""mean_response_minutes"": 50.862954979346554, ""mean_scene_minutes"": 10.0, ""mean_transport_minutes"": 39.13333333333333, ""p90_response_minutes"": 82.2155429920696, ""patients"": 15, ""response_count"": 15, ""response_minutes"": 762.9443246901983, ""scene_count"": 15, ""scene_minutes"": 150.0, ""transport_count"": 15, ""transport_minutes"": 587.0}, ""stroke"": {""expected_lost"": 9.05057444914469, ""expected_saved"": 2.9494255508553096, ""mean_response_minutes"": 69.41393968995295, ""mean_scene_minutes"": 14.0, ""mean_transport_minutes"": 27.486363636363638, ""p90_response_minutes"": 147.83897547646728, ""patients"": 12, ""response_count"": 11, ""response_minutes"": 763.5533365894825, ""scene_count"": 11, ""scene_minutes"": 154.0, ""transport_count"": 11, ""transport_minutes"": 302.35}, ""trauma"": {""expected_lost"": 7.19076836203699, ""expected_saved"": 0.8092316379630091, ""mean_response_minutes"": 29.114114298629204, ""mean_scene_minutes"": 16.0, ""mean_transport_minutes"": 31.028571428571436, ""p90_response_minutes"": 42.39542170487255, ""patients"": 8, ""response_count"": 7, ""response_minutes"": 203.79880009040443, ""scene_count"": 7, ""scene_minutes"": 112.0, ""transport_count"": 7, ""transport_minutes"": 217.20000000000005}}","{""arrive_hospital"": 95, ""arrive_scene"": 41, ""hospital_release"": 66, ""patient_arrival"": 44, ""reposition_complete"": 38, ""restock_complete"": 38, ""scene_complete"": 41, ""transfer_ready"": 73}",26.98709,17.01291,0.38665703840931265,51.43828016535283,12.487804878048781,34.885365853658534,90.68961369008252,41,0.9318181818181818,44,44,3
Regional ER,17,2017,"{""cardiac"": {""expected_lost"": 8.4236771283117, ""expected_saved"": 0.5763228708583483, ""mean_response_minutes"": 68.60785553632768, ""mean_scene_minutes"": 12.000000000000014, ""mean_transport_minutes"": 43.03749999999999, ""p90_response_minutes"": 132.47513066839787, ""patients"": 9, ""response_count"": 8, ""response_minutes"": 548.8628442906214, ""scene_count"": 8, ""scene_minutes"": 96.00000000000011, ""transport_count"": 8, ""transport_minutes"": 344.2999999999999}, ""minor"": {""expected_lost"": 4.795975723009909, ""expected_saved"": 11.20402427699009, ""mean_response_minutes"": 78.11626977146854, ""mean_scene_minutes"": 10.0, ""mean_transport_minutes"": 41.12333333333333, ""p90_response_minutes"": 185.0698877207474, ""patients"": 16, ""response_count"": 15, ""response_minutes"": 1171.744046572028, ""scene_count"": 15, ""scene_minutes"": 150.0, ""transport_count"": 15, ""transport_minutes"": 616.8499999999999}, ""stroke"": {""expected_lost"": 4.769034180826009, ""expected_saved"": 3.2309658191739916, ""mean_response_minutes"": 68.31271169735676, ""mean_scene_minutes"": 14.0, ""mean_transport_minutes"": 24.857142857142858, ""p90_response_minutes"": 193.5481876241026, ""patients"": 8, ""response_count"": 8, ""response_minutes"": 546.5016935788541, ""scene_count"": 8, ""scene_minutes"": 112.0, ""transport_count"": 7, ""transport_minutes"": 174.0}, ""trauma"": {""expected_lost"": 12.732583004053048, ""expected_saved"": 1.2674169959469506, ""mean_response_minutes"": 115.56052438025289, ""mean_scene_minutes"": 15.999999999999998, ""mean_transport_minutes"": 27.26666666666667, ""p90_response_minutes"": 334.1135733200933, ""patients"": 14, ""response_count"": 12, ""response_minutes"": 1386.7262925630346, ""scene_count"": 12, ""scene_minutes"": 191.99999999999997, ""transport_count"": 12, ""transport_minutes"": 327.20000000000005}}","{""arrive_hospital"": 95, ""arrive_scene"": 43, ""hospital_release"": 63, ""patient_arrival"": 47, ""reposition_complete"": 41, ""restock_complete"": 41, ""scene_complete"": 43, ""transfer_ready"": 71}",30.72127,16.27873,0.34635595665892266,84.97290411638458,12.790697674418608,34.81785714285714,265.7414490081053,43,0.9148936170212766,47,47,4
Regional ER,18,2018,"{""cardiac"": {""expected_lost"": 11.17414249901299, ""expected_saved"": 0.8258575009870099, ""mean_response_minutes"": 54.85680708491302, ""mean_scene_minutes"": 12.0, ""mean_transport_minutes"": 38.3, ""p90_response_minutes"": 96.44046879360405, ""patients"": 12, ""response_count"": 11, ""response_minutes"": 603.4248779340433, ""scene_count"": 11, ""scene_minutes"": 132.0, ""transport_count"": 11, ""transport_minutes"": 421.29999999999995}, ""minor"": {""expected_lost"": 3.9368506174081332, ""expected_saved"": 12.063149382591867, ""mean_response_minutes"": 58.04594605796376, ""mean_scene_minutes"": 10.0, ""mean_transport_minutes"": 40.53, ""p90_response_minutes"": 88.27392630806872, ""patients"": 16, ""response_count"": 15, ""response_minutes"": 870.6891908694564, ""scene_count"": 15, ""scene_minutes"": 150.0, ""transport_count"": 15, ""transport_minutes"": 607.95}, ""stroke"": {""expected_lost"": 7.66043600101649, ""expected_saved"": 2.33956399898351, ""mean_response_minutes"": 104.47995036058941, ""mean_scene_minutes"": 13.999999999999998, ""mean_transport_minutes"": 25.571428571428573, ""p90_response_minutes"": 286.92124937589267, ""patients"": 10, ""response_count"": 8, ""response_minutes"": 835.8396028847153, ""scene_count"": 8, ""scene_minutes"": 111.99999999999999, ""transport_count"": 7, ""transport_minutes"": 179.0}, ""trauma"": {""expected_lost"": 8.296929210907395, ""expected_saved"": 0.7030707890926042, ""mean_response_minutes"": 66.49945925160418, ""mean_scene_minutes"": 16.0, ""mean_transport_minutes"": 25.63888888888889, ""p90_response_minutes"": 102.09998411479474, ""patients"": 9, ""response_count"": 9, ""response_minutes"": 598.4951332644376, ""scene_count"": 9, ""scene_minutes"": 144.0, ""transport_count"": 9, ""transport_minutes"": 230.75}}","{""arrive_hospital"": 101, ""arrive_scene"": 43, ""hospital_release"": 66, ""patient_arrival"": 47, ""reposition_complete"": 42, ""restock_complete"": 42, ""scene_complete"": 43, ""transfer_ready"": 75}",31.068358,15.931642,0.3389710993969146,67.63834430122448,12.511627906976743,34.26190476190476,110.93857108159239,43,0.9148936170212766,47,47,4
Regional ER,19,2019,"{""cardiac"": {""expected_lost"": 13.641453803907599, ""expected_saved"": 1.3585461960923992, ""mean_response_minutes"": 30.402916562259744, ""mean_scene_minutes"": 12.000000000000002, ""mean_transport_minutes"": 40.884615384615365, ""p90_response_minutes"": 53.15206237969991, ""patients"": 15, ""response_count"": 13, ""response_minutes"": 395.23791530937666, ""scene_count"": 13, ""scene_minutes"": 156.00000000000003, ""transport_count"": 13, ""transport_minutes"": 531.4999999999998}, ""minor"": {""expected_lost"": 0.9154468496735194, ""expected_saved"": 6.08455315032648, ""mean_response_minutes"": 43.02905842213327, ""mean_scene_minutes"": 10.0, ""mean_transport_minutes"": 39.892857142857146, ""p90_response_minutes"": 71.79970533015299, ""patients"": 7, ""response_count"": 7, ""response_minutes"": 301.20340895493285, ""scene_count"": 7, ""scene_minutes"": 70.0, ""transport_count"": 7, ""transport_minutes"": 279.25}, ""stroke"": {""expected_lost"": 6.522232579462118, ""expected_saved"": 3.4777674205378823, ""mean_response_minutes"": 24.83929300743362, ""mean_scene_minutes"": 14.0, ""mean_transport_minutes"": 26.571428571428573, ""p90_response_minutes"": 37.444326758286664, ""patients"": 10, ""response_count"": 7, ""response_minutes"": 173.87505105203536, ""scene_count"": 7, ""scene_minutes"": 98.0, ""transport_count"": 7, ""transport_minutes"": 186.0}, ""trauma"": {""expected_lost"": 13.148757100940335, ""expected_saved"": 1.8512428990596645, ""mean_response_minutes"": 40.732318417021176, ""mean_scene_minutes"": 16.0, ""mean_transport_minutes"": 21.645833333333332, ""p90_response_minutes"": 67.01202148428582, ""patients"": 15, ""response_count"": 12, ""response_minutes"": 488.7878210042541, ""scene_count"": 12, ""scene_minutes"": 192.0, ""transport_count"": 12, ""transport_minutes"": 259.75}}","{""arrive_hospital"": 86, ""arrive_scene"": 39, ""hospital_release"": 60, ""patient_arrival"": 47, ""reposition_complete"": 36, ""restock_complete"": 36, ""scene_complete"": 39, ""transfer_ready"": 66}",34.22789,12.77211,0.2717470141705622,34.84882554668202,13.23076923076923,32.217948717948715,61.452188016162424,39,0.8297872340425532,47,47,8
Regional ER,20,2020,"{""cardiac"": {""expected_lost"": 3.6472060753277558, ""expected_saved"": 0.352793924672244, ""mean_response_minutes"": 24.55901334390607, ""mean_scene_minutes"": 12.0, ""mean_transport_minutes"": 43.09999999999999, ""p90_response_minutes"": 30.141632025374566, ""patients"": 4, ""response_count"": 3, ""response_minutes"": 73.6770400317182, ""scene_count"": 3, ""scene_minutes"": 36.0, ""transport_count"": 3, ""transport_minutes"": 129.29999999999995}, ""minor"": {""expected_lost"": 3.134773759342652, ""expected_saved"": 14.86522624065735, ""mean_response_minutes"": 50.71643050831675, ""mean_scene_minutes"": 10.0, ""mean_transport_minutes"": 40.18888888888888, ""p90_response_minutes"": 74.63337404920748, ""patients"": 18, ""response_count"": 18, ""response_minutes"": 912.8957491497015, ""scene_count"": 18, ""scene_minutes"": 180.0, ""transport_count"": 18, ""transport_minutes"": 723.3999999999999}, ""stroke"": {""expected_lost"": 6.005116760576398, ""expected_saved"": 1.9948832394236025, ""mean_response_minutes"": 153.89144643669127, ""mean_scene_minutes"": 14.0, ""mean_transport_minutes"": 26.25, ""p90_response_minutes"": 359.52418885530017, ""patients"": 8, ""response_count"": 8, ""response_minutes"": 1231.1315714935301, ""scene_count"": 8, ""scene_minutes"": 112.0, ""transport_count"": 8, ""transport_minutes"": 210.0}, ""trauma"": {""expected_lost"": 9.995188480846966, ""expected_saved"": 1.0048115191530338, ""mean_response_minutes"": 61.51009234278662, ""mean_scene_minutes"": 15.999999999999995, ""mean_transport_minutes"": 25.69000000000001, ""p90_response_minutes"": 131.1467903136334, ""patients"": 11, ""response_count"": 10, ""response_minutes"": 615.1009234278662, ""scene_count"": 10, ""scene_minutes"": 159.99999999999994, ""transport_count"": 10, ""transport_minutes"": 256.9000000000001}}","{""arrive_hospital"": 89, ""arrive_scene"": 39, ""hospital_release"": 62, ""patient_arrival"": 41, ""reposition_complete"": 37, ""restock_complete"": 38, ""scene_complete"": 39, ""transfer_ready"": 68}",22.782285,18.217715,0.4443345103391763,72.63603292571322,12.512820512820511,33.83589743589744,135.96563370193766,39,0.9512195121951219,41,41,2
Regional ER,21,2021,"{""cardiac"": {""expected_lost"": 10.533669700665202, ""expected_saved"": 0.46633029933479736, ""mean_response_minutes"": 57.12281530107031, ""mean_scene_minutes"": 12.0, ""mean_transport_minutes"": 42.87142857142857, ""p90_response_minutes"": 121.90307175136199, ""patients"": 11, ""response_count"": 7, ""response_minutes"": 399.85970710749217, ""scene_count"": 7, ""scene_minutes"": 84.0, ""transport_count"": 7, ""transport_minutes"": 300.09999999999997}, ""minor"": {""expected_lost"": 2.2187174573636943, ""expected_saved"": 9.781282542636307, ""mean_response_minutes"": 50.8821120963614, ""mean_scene_minutes"": 10.0, ""mean_transport_minutes"": 39.395833333333336, ""p90_response_minutes"": 94.01326400691215, ""patients"": 12, ""response_count"": 12, ""response_minutes"": 610.5853451563369, ""scene_count"": 12, ""scene_minutes"": 120.0, ""transport_count"": 12, ""transport_minutes"": 472.75}, ""stroke"": {""expected_lost"": 9.605877523612229, ""expected_saved"": 3.3941224763877704, ""mean_response_minutes"": 62.20206894090265, ""mean_scene_minutes"": 14.0, ""mean_transport_minutes"": 26.368750000000006, ""p90_response_minutes"": 149.76181544068533, ""patients"": 13, ""response_count"": 9, ""response_minutes"": 559.8186204681239, ""scene_count"": 9, ""scene_minutes"": 126.0, ""transport_count"": 8, ""transport_minutes"": 210.95000000000005}, ""trauma"": {""expected_lost"": 19.46373144224729, ""expected_saved"": 1.5362685577527115, ""mean_response_minutes"": 60.36963814044908, ""mean_scene_minutes"": 16.0, ""mean_transport_minutes"": 23.333333333333332, ""p90_response_minutes"": 89.98748173702012, ""patients"": 21, ""response_count"": 15, ""response_minutes"": 905.5445721067362, ""scene_count"": 15, ""scene_minutes"": 240.0, ""transport_count"": 15, ""transport_minutes"": 350.0}}","{""arrive_hospital"": 86, ""arrive_scene"": 43, ""hospital_release"": 58, ""patient_arrival"": 57, ""reposition_complete"": 40, ""restock_complete"": 41, ""scene_complete"": 43, ""transfer_ready"": 68}",41.821996,15.178004,0.2662807697563436,57.57693592648115,13.255813953488373,31.757142857142856,123.74368245583926,43,0.7543859649122807,57,57,14
Regional ER,22,2022,"{""cardiac"": {""expected_lost"": 14.049779450242228, ""expected_saved"": 0.9502205497577713, ""mean_response_minutes"": 36.004209225185356, ""mean_scene_minutes"": 12.0, ""mean_transport_minutes"": 40.4090909090909, ""p90_response_minutes"": 51.57329981208272, ""patients"": 15, ""response_count"": 11, ""response_minutes"": 396.0463014770389, ""scene_count"": 11, ""scene_minutes"": 132.0, ""transport_count"": 11, ""transport_minutes"": 444.4999999999999}, ""minor"": {""expected_lost"": 1.9504593831559498, ""expected_saved"": 11.049540616844048, ""mean_response_minutes"": 42.96769556672695, ""mean_scene_minutes"": 10.0, ""mean_transport_minutes"": 42.81923076923074, ""p90_response_minutes"": 75.53813101102384, ""patients"": 13, ""response_count"": 13, ""response_minutes"": 558.5800423674503, ""scene_count"": 13, ""scene_minutes"": 130.0, ""transport_count"": 13, ""transport_minutes"": 556.6499999999996}, ""stroke"": {""expected_lost"": 11.403781651130558, ""expected_saved"": 2.5962183488694404, ""mean_response_minutes"": 139.90654070183564, ""mean_scene_minutes"": 14.0, ""mean_transport_minutes"": 25.438461538461542, ""p90_response_minutes"": 312.6513813045066, ""patients"": 14, ""response_count"": 13, ""response_minutes"": 1818.7850291238633, ""scene_count"": 13, ""scene_minutes"": 182.0, ""transport_count"": 13, ""transport_minutes"": 330.70000000000005}, ""trauma"": {""expected_lost"": 8.16280217222722, ""expected_saved"": 0.8371978277727808, ""mean_response_minutes"": 74.66473323994715, ""mean_scene_minutes"": 16.0, ""mean_transport_minutes"": 23.333333333333332, ""p90_response_minutes"": 177.77793256391828, ""patients"": 9, ""response_count"": 6, ""response_minutes"": 447.9883994396829, ""scene_count"": 6, ""scene_minutes"": 96.0, ""transport_count"": 6, ""transport_minutes"": 140.0}}","{""arrive_hospital"": 103, ""arrive_scene"": 43, ""hospital_release"": 68, ""patient_arrival"": 51, ""reposition_complete"": 41, ""restock_complete"": 41, ""scene_complete"": 43, ""transfer_ready"": 80}",35.566823,15.433177,0.30261132045576533,74.91627377693106,12.55813953488372,34.22906976744185,243.3282127998395,43,0.8431372549019608,51,51,8
Regional ER,23,2023,"{""cardiac"": {""expected_lost"": 13.394973487864165, ""expected_saved"": 0.6050265121358329, ""mean_response_minutes"": 66.23624641355741, ""mean_scene_minutes"": 12.0, ""mean_transport_minutes"": 41.20555555555555, ""p90_response_minutes"": 115.17268628546233, ""patients"": 14, ""response_count"": 9, ""response_minutes"": 596.1262177220167, ""scene_count"": 9, ""scene_minutes"": 108.0, ""transport_count"": 9, ""transport_minutes"": 370.8499999999999}, ""minor"": {""expected_lost"": 3.5743084949992747, ""expected_saved"": 13.425691505000724, ""mean_response_minutes"": 56.67756123514467, ""mean_scene_minutes"": 10.0, ""mean_transport_minutes"": 38.47058823529411, ""p90_response_minutes"": 94.38714473892485, ""patients"": 17, ""response_count"": 17, ""response_minutes"": 963.5185409974595, ""scene_count"": 17, ""scene_minutes"": 170.0, ""transport_count"": 17, ""transport_minutes"": 653.9999999999999}, ""stroke"": {""expected_lost"": 9.901070912129612, ""expected_saved"": 2.0989290878703892, ""mean_response_minutes"": 94.94213959870778, ""mean_scene_minutes"": 14.0, ""mean_transport_minutes"": 24.7, ""p90_response_minutes"": 131.30450105989704, ""patients"": 12, ""response_count"": 10, ""response_minutes"": 949.4213959870779, ""scene_count"": 10, ""scene_minutes"": 140.0, ""transport_count"": 10, ""transport_minutes"": 247.0}, ""trauma"": {""expected_lost"": 9.2427991790983, ""expected_saved"": 0.7572008209016985, ""mean_response_minutes"": 36.450254477153145, ""mean_scene_minutes"": 16.0, ""mean_transport_minutes"": 25.639999999999997, ""p90_response_minutes"": 56.07501253871558, ""patients"": 10, ""response_count"": 5, ""response_minutes"": 182.25127238576573, ""scene_count"": 5, ""scene_minutes"": 80.0, ""transport_count"": 5, ""transport_minutes"": 128.2}}","{""arrive_hospital"": 100, ""arrive_scene"": 41, ""hospital_release"": 69, ""patient_arrival"": 53, ""reposition_complete"": 39, ""restock_complete"": 39, ""scene_complete"": 41, ""transfer_ready"": 74}",36.113152,16.886848,0.3186197721869556,65.64188846566634,12.146341463414634,34.14756097560975,103.37114585107338,41,0.7735849056603774,53,53,12
Regional ER,24,2024,"{""cardiac"": {""expected_lost"": 8.948810091799603, ""expected_saved"": 0.05118990820039622, ""mean_response_minutes"": 29.589850915112265, ""mean_scene_minutes"": 12.0, ""mean_transport_minutes"": 60.19999999999982, ""p90_response_minutes"": 29.589850915112265, ""patients"": 9, ""response_count"": 1, ""response_minutes"": 29.589850915112265, ""scene_count"": 1, ""scene_minutes"": 12.0, ""transport_count"": 1, ""transport_minutes"": 60.19999999999982}, ""minor"": {""expected_lost"": 5.703965147379454, ""expected_saved"": 13.296034852620545, ""mean_response_minutes"": 38.50118987642629, ""mean_scene_minutes"": 9.375000000000007, ""mean_transport_minutes"": 41.713333333333324, ""p90_response_minutes"": 57.96204748859549, ""patients"": 19, ""response_count"": 16, ""response_minutes"": 616.0190380228206, ""scene_count"": 16, ""scene_minutes"": 150.0000000000001, ""transport_count"": 15, ""transport_minutes"": 625.6999999999998}, ""stroke"": {""expected_lost"": 12.4941121997795, ""expected_saved"": 5.505887800220498, ""mean_response_minutes"": 40.3850900457633, ""mean_scene_minutes"": 13.999999999999996, ""mean_transport_minutes"": 26.259999999999998, ""p90_response_minutes"": 66.30670659299253, ""patients"": 18, ""response_count"": 15, ""response_minutes"": 605.7763506864495, ""scene_count"": 15, ""scene_minutes"": 209.99999999999994, ""transport_count"": 15, ""transport_minutes"": 393.9}, ""trauma"": {""expected_lost"": 11.983751004702638, ""expected_saved"": 1.0162489952973606, ""mean_response_minutes"": 47.38828197627171, ""mean_scene_minutes"": 16.0, ""mean_transport_minutes"": 27.0, ""p90_response_minutes"": 92.033218174525, ""patients"": 13, ""response_count"": 9, ""response_minutes"": 426.49453778644545, ""scene_count"": 9, ""scene_minutes"": 144.0, ""transport_count"": 9, ""transport_minutes"": 243.0}}","{""arrive_hospital"": 87, ""arrive_scene"": 41, ""hospital_release"": 60, ""patient_arrival"": 59, ""reposition_complete"": 40, ""restock_complete"": 40, ""scene_complete"": 40, ""transfer_ready"": 71}",39.130638,19.869362,0.3367688399379455,40.92389701002019,12.585365853658537,33.06999999999999,62.8285517612411,41,0.6949152542372882,59,59,18
Regional ER,25,2025,"{""cardiac"": {""expected_lost"": 8.104217401583444, ""expected_saved"": 0.8957825984165559, ""mean_response_minutes"": 98.72556764197554, ""mean_scene_minutes"": 12.0, ""mean_transport_minutes"": 38.64444444444444, ""p90_response_minutes"": 290.90512491762775, ""patients"": 9, ""response_count"": 9, ""response_minutes"": 888.5301087777799, ""scene_count"": 9, ""scene_minutes"": 108.0, ""transport_count"": 9, ""transport_minutes"": 347.79999999999995}, ""minor"": {""expected_lost"": 1.5100629784239898, ""expected_saved"": 8.48993702157601, ""mean_response_minutes"": 32.10136201862336, ""mean_scene_minutes"": 10.0, ""mean_transport_minutes"": 40.366666666666674, ""p90_response_minutes"": 48.255342633709894, ""patients"": 10, ""response_count"": 10, ""response_minutes"": 321.01362018623365, ""scene_count"": 10, ""scene_minutes"": 100.0, ""transport_count"": 9, ""transport_minutes"": 363.30000000000007}, ""stroke"": {""expected_lost"": 5.340406800013903, ""expected_saved"": 2.6595931999860967, ""mean_response_minutes"": 49.98741041255012, ""mean_scene_minutes"": 14.0, ""mean_transport_minutes"": 26.625, ""p90_response_minutes"": 92.09376174016136, ""patients"": 8, ""response_count"": 8, ""response_minutes"": 399.89928330040095, ""scene_count"": 8, ""scene_minutes"": 112.0, ""transport_count"": 8, ""transport_minutes"": 213.0}, ""trauma"": {""expected_lost"": 14.436603716587015, ""expected_saved"": 1.5633962834129833, ""mean_response_minutes"": 85.83712561814102, ""mean_scene_minutes"": 16.0, ""mean_transport_minutes"": 27.666666666666675, ""p90_response_minutes"": 240.32074631071362, ""patients"": 16, ""response_count"": 15, ""response_minutes"": 1287.5568842721152, ""scene_count"": 15, ""scene_minutes"": 240.0, ""transport_count"": 15, ""transport_minutes"": 415.0000000000001}}","{""arrive_hospital"": 82, ""arrive_mortuary"": 1, ""arrive_scene"": 42, ""hospital_release"": 57, ""patient_arrival"": 43, ""reposition_complete"": 40, ""restock_complete"": 40, ""scene_complete"": 42, ""transfer_ready"": 65}",29.391291,13.608709,0.3164816070556196,68.97618801277453,13.333333333333334,32.6609756097561,163.03933113705497,42,0.9767441860465116,43,43,1
Regional ER,26,2026,"{""cardiac"": {""expected_lost"": 8.897025971550999, ""expected_saved"": 1.1029740284490006, ""mean_response_minutes"": 41.61717664688955, ""mean_scene_minutes"": 12.0, ""mean_transport_minutes"": 40.879999999999974, ""p90_response_minutes"": 60.46737037883577, ""patients"": 10, ""response_count"": 10, ""response_minutes"": 416.1717664688955, ""scene_count"": 10, ""scene_minutes"": 120.0, ""transport_count"": 10, ""transport_minutes"": 408.7999999999997}, ""minor"": {""expected_lost"": 0.6023172451147332, ""expected_saved"": 8.397682754885267, ""mean_response_minutes"": 27.209203709684775, ""mean_scene_minutes"": 10.0, ""mean_transport_minutes"": 40.79444444444445, ""p90_response_minutes"": 47.88723807481089, ""patients"": 9, ""response_count"": 9, ""response_minutes"": 244.88283338716298, ""scene_count"": 9, ""scene_minutes"": 90.0, ""transport_count"": 9, ""transport_minutes"": 367.15000000000003}, ""stroke"": {""expected_lost"": 4.220596720395403, ""expected_saved"": 3.7794032796045958, ""mean_response_minutes"": 29.172771539126657, ""mean_scene_minutes"": 14.0, ""mean_transport_minutes"": 27.92500000000001, ""p90_response_minutes"": 50.64319813185327, ""patients"": 8, ""response_count"": 8, ""response_minutes"": 233.38217231301326, ""scene_count"": 8, ""scene_minutes"": 112.0, ""transport_count"": 8, ""transport_minutes"": 223.4000000000001}, ""trauma"": {""expected_lost"": 4.502059693467711, ""expected_saved"": 0.49794030653228916, ""mean_response_minutes"": 52.99651154042424, ""mean_scene_minutes"": 16.0, ""mean_transport_minutes"": 28.400000000000023, ""p90_response_minutes"": 79.88340621019942, ""patients"": 5, ""response_count"": 5, ""response_minutes"": 264.9825577021212, ""scene_count"": 5, ""scene_minutes"": 80.0, ""transport_count"": 5, ""transport_minutes"": 142.0000000000001}}","{""arrive_hospital"": 78, ""arrive_scene"": 32, ""hospital_release"": 64, ""patient_arrival"": 32, ""reposition_complete"": 32, ""restock_complete"": 32, ""scene_complete"": 32, ""transfer_ready"": 59}",18.222,13.778,0.43056251154597347,36.23185405847478,12.5625,35.6671875,69.55298825202811,32,1.0,32,32,0
Regional ER,27,2027,"{""cardiac"": {""expected_lost"": 10.866273623911463, ""expected_saved"": 1.1337263757131426, ""mean_response_minutes"": 69.99061319017059, ""mean_scene_minutes"": 12.0, ""mean_transport_minutes"": 36.44499999999999, ""p90_response_minutes"": 115.37036403501371, ""patients"": 12, ""response_count"": 10, ""response_minutes"": 699.906131901706, ""scene_count"": 10, ""scene_minutes"": 120.0, ""transport_count"": 10, ""transport_minutes"": 364.44999999999993}, ""minor"": {""expected_lost"": 2.6467617961113765, ""expected_saved"": 11.353238203888624, ""mean_response_minutes"": 40.5253052242859, ""mean_scene_minutes"": 10.0, ""mean_transport_minutes"": 39.6153846153846, ""p90_response_minutes"": 58.530797031031675, ""patients"": 14, ""response_count"": 13, ""response_minutes"": 526.8289679157167, ""scene_count"": 13, ""scene_minutes"": 130.0, ""transport_count"": 13, ""transport_minutes"": 514.9999999999998}, ""stroke"": {""expected_lost"": 11.839454155582665, ""expected_saved"": 4.160545844417333, ""mean_response_minutes"": 55.38813024772698, ""mean_scene_minutes"": 14.0, ""mean_transport_minutes"": 28.70384615384616, ""p90_response_minutes"": 67.06906522681517, ""patients"": 16, ""response_count"": 14, ""response_minutes"": 775.4338234681777, ""scene_count"": 14, ""scene_minutes"": 196.0, ""transport_count"": 13, ""transport_minutes"": 373.1500000000001}, ""trauma"": {""expected_lost"": 4.349020765863243, ""expected_saved"": 0.6509792341367564, ""mean_response_minutes"": 78.10551199588738, ""mean_scene_minutes"": 16.0, ""mean_transport_minutes"": 28.40999999999999, ""p90_response_minutes"": 186.3598845700788, ""patients"": 5, ""response_count"": 5, ""response_minutes"": 390.52755997943694, ""scene_count"": 5, ""scene_minutes"": 80.0, ""transport_count"": 5, ""transport_minutes"": 142.04999999999995}}","{""arrive_hospital"": 98, ""arrive_scene"": 42, ""hospital_release"": 68, ""patient_arrival"": 47, ""reposition_complete"": 40, ""restock_complete"": 40, ""scene_complete"": 42, ""transfer_ready"": 75}",29.70151,17.29849,0.36805297145012467,56.96896388726278,12.523809523809524,34.015853658536585,67.11266405411791,42,0.8936170212765957,47,47,5
Regional ER,28,2028,"{""cardiac"": {""expected_lost"": 9.442566828153115, ""expected_saved"": 1.5574331718468855, ""mean_response_minutes"": 25.035047081838044, ""mean_scene_minutes"": 12.0, ""mean_transport_minutes"": 36.645454545454534, ""p90_response_minutes"": 36.17527064749993, ""patients"": 11, ""response_count"": 11, ""response_minutes"": 275.3855179002185, ""scene_count"": 11, ""scene_minutes"": 132.0, ""transport_count"": 11, ""transport_minutes"": 403.0999999999999}, ""minor"": {""expected_lost"": 2.2732753624006423, ""expected_saved"": 5.726724637599359, ""mean_response_minutes"": 54.085302236332616, ""mean_scene_minutes"": 10.0, ""mean_transport_minutes"": 37.42857142857143, ""p90_response_minutes"": 87.98530963685317, ""patients"": 8, ""response_count"": 7, ""response_minutes"": 378.5971156543283, ""scene_count"": 7, ""scene_minutes"": 70.0, ""transport_count"": 7, ""transport_minutes"": 262.0}, ""stroke"": {""expected_lost"": 2.767297109270978, ""expected_saved"": 2.232702890729022, ""mean_response_minutes"": 32.724653870303904, ""mean_scene_minutes"": 14.0, ""mean_transport_minutes"": 26.0, ""p90_response_minutes"": 51.440528570100845, ""patients"": 5, ""response_count"": 5, ""response_minutes"": 163.62326935151953, ""scene_count"": 5, ""scene_minutes"": 70.0, ""transport_count"": 5, ""transport_minutes"": 130.0}, ""trauma"": {""expected_lost"": 11.378378317938243, ""expected_saved"": 1.6216216820617577, ""mean_response_minutes"": 44.75479318092069, ""mean_scene_minutes"": 16.0, ""mean_transport_minutes"": 26.46153846153846, ""p90_response_minutes"": 67.10768998559833, ""patients"": 13, ""response_count"": 13, ""response_minutes"": 581.812311351969, ""scene_count"": 13, ""scene_minutes"": 208.0, ""transport_count"": 13, ""transport_minutes"": 344.0}}","{""arrive_hospital"": 75, ""arrive_scene"": 36, ""hospital_release"": 56, ""patient_arrival"": 37, ""reposition_complete"": 35, ""restock_complete"": 35, ""scene_complete"": 36, ""transfer_ready"": 58}",25.861518,11.138482,0.30104006438478437,38.87272817383432,13.333333333333334,31.641666666666666,71.38624531062689,36,0.972972972972973,37,37,1
Regional ER,29,2029,"{""cardiac"": {""expected_lost"": 5.397618827368176, ""expected_saved"": 0.6023811726318237, ""mean_response_minutes"": 35.69380229388237, ""mean_scene_minutes"": 11.999999999999996, ""mean_transport_minutes"": 34.08000000000002, ""p90_response_minutes"": 68.64140688164706, ""patients"": 6, ""response_count"": 5, ""response_minutes"": 178.46901146941184, ""scene_count"": 5, ""scene_minutes"": 59.999999999999986, ""transport_count"": 5, ""transport_minutes"": 170.4000000000001}, ""minor"": {""expected_lost"": 0.37308593243746196, ""expected_saved"": 6.626914067562539, ""mean_response_minutes"": 23.905014315201633, ""mean_scene_minutes"": 10.0, ""mean_transport_minutes"": 40.142857142857146, ""p90_response_minutes"": 36.65761767526819, ""patients"": 7, ""response_count"": 7, ""response_minutes"": 167.33510020641143, ""scene_count"": 7, ""scene_minutes"": 70.0, ""transport_count"": 7, ""transport_minutes"": 281.0}, ""stroke"": {""expected_lost"": 6.031659962647264, ""expected_saved"": 4.968340037352736, ""mean_response_minutes"": 32.515886988803736, ""mean_scene_minutes"": 14.0, ""mean_transport_minutes"": 27.44545454545454, ""p90_response_minutes"": 73.19548874245794, ""patients"": 11, ""response_count"": 11, ""response_minutes"": 357.6747568768411, ""scene_count"": 11, ""scene_minutes"": 154.0, ""transport_count"": 11, ""transport_minutes"": 301.9}, ""trauma"": {""expected_lost"": 12.35470061025671, ""expected_saved"": 1.645299389743289, ""mean_response_minutes"": 37.162477464774945, ""mean_scene_minutes"": 16.0, ""mean_transport_minutes"": 27.99545454545455, ""p90_response_minutes"": 80.89065098783472, ""patients"": 14, ""response_count"": 12, ""response_minutes"": 445.94972957729937, ""scene_count"": 12, ""scene_minutes"": 192.0, ""transport_count"": 11, ""transport_minutes"": 307.95000000000005}}","{""arrive_hospital"": 67, ""arrive_scene"": 35, ""hospital_release"": 53, ""patient_arrival"": 38, ""reposition_complete"": 32, ""restock_complete"": 32, ""scene_complete"": 35, ""transfer_ready"": 56}",24.157065,13.842935,0.3642877544023786,32.84081708942754,13.6,31.21323529411765,75.60857173407327,35,0.9210526315789473,38,38,3
Regional ER,30,2030,"{""cardiac"": {""expected_lost"": 8.070582991764955, ""expected_saved"": 0.929417008235045, ""mean_response_minutes"": 28.38756272127688, ""mean_scene_minutes"": 12.0, ""mean_transport_minutes"": 39.325, ""p90_response_minutes"": 38.61535240505354, ""patients"": 9, ""response_count"": 8, ""response_minutes"": 227.10050177021503, ""scene_count"": 8, ""scene_minutes"": 96.0, ""transport_count"": 8, ""transport_minutes"": 314.6}, ""minor"": {""expected_lost"": 1.1591164205936444, ""expected_saved"": 2.8408835794063556, ""mean_response_minutes"": 25.44410228841245, ""mean_scene_minutes"": 10.0, ""mean_transport_minutes"": 38.0, ""p90_response_minutes"": 28.865845492189873, ""patients"": 4, ""response_count"": 3, ""response_minutes"": 76.33230686523734, ""scene_count"": 3, ""scene_minutes"": 30.0, ""transport_count"": 3, ""transport_minutes"": 114.0}, ""stroke"": {""expected_lost"": 4.249569012730683, ""expected_saved"": 3.7504309872693162, ""mean_response_minutes"": 21.70627913092578, ""mean_scene_minutes"": 14.0, ""mean_transport_minutes"": 27.457142857142863, ""p90_response_minutes"": 33.770069914221864, ""patients"": 8, ""response_count"": 8, ""response_minutes"": 173.65023304740623, ""scene_count"": 8, ""scene_minutes"": 112.0, ""transport_count"": 7, ""transport_minutes"": 192.20000000000005}, ""trauma"": {""expected_lost"": 9.460267455332604, ""expected_saved"": 2.5397325446673964, ""mean_response_minutes"": 28.588373875580476, ""mean_scene_minutes"": 16.0, ""mean_transport_minutes"": 24.479166666666668, ""p90_response_minutes"": 35.70405311354382, ""patients"": 12, ""response_count"": 12, ""response_minutes"": 343.06048650696573, ""scene_count"": 12, ""scene_minutes"": 192.0, ""transport_count"": 12, ""transport_minutes"": 293.75}}","{""arrive_hospital"": 59, ""arrive_scene"": 31, ""hospital_release"": 47, ""patient_arrival"": 33, ""reposition_complete"": 30, ""restock_complete"": 30, ""scene_complete"": 31, ""transfer_ready"": 48}",22.939536,10.060464,0.30486254907812466,26.456242844833042,13.870967741935484,30.485000000000003,36.46300468497259,31,0.9393939393939394,33,33,2
Regional ER,31,2031,"{""cardiac"": {""expected_lost"": 11.509093474940723, ""expected_saved"": 0.4909065250592794, ""mean_response_minutes"": 67.86666612758239, ""mean_scene_minutes"": 12.0, ""mean_transport_minutes"": 40.093749999999986, ""p90_response_minutes"": 152.36299476326968, ""patients"": 12, ""response_count"": 8, ""response_minutes"": 542.9333290206591, ""scene_count"": 8, ""scene_minutes"": 96.0, ""transport_count"": 8, ""transport_minutes"": 320.7499999999999}, ""minor"": {""expected_lost"": 2.5014267941271737, ""expected_saved"": 11.498573205872825, ""mean_response_minutes"": 36.0155330995488, ""mean_scene_minutes"": 10.0, ""mean_transport_minutes"": 39.184615384615384, ""p90_response_minutes"": 65.25235027715394, ""patients"": 14, ""response_count"": 13, ""response_minutes"": 468.2019302941344, ""scene_count"": 13, ""scene_minutes"": 130.0, ""transport_count"": 13, ""transport_minutes"": 509.4}, ""stroke"": {""expected_lost"": 7.008638943202151, ""expected_saved"": 3.991361056797849, ""mean_response_minutes"": 63.548749993701136, ""mean_scene_minutes"": 14.0, ""mean_transport_minutes"": 25.386363636363637, ""p90_response_minutes"": 62.40651631224023, ""patients"": 11, ""response_count"": 11, ""response_minutes"": 699.0362499307125, ""scene_count"": 11, ""scene_minutes"": 154.0, ""transport_count"": 11, ""transport_minutes"": 279.25}, ""trauma"": {""expected_lost"": 14.871806507121356, ""expected_saved"": 1.128193492446201, ""mean_response_minutes"": 170.0766562841095, ""mean_scene_minutes"": 14.857142857142858, ""mean_transport_minutes"": 25.28461538461539, ""p90_response_minutes"": 548.8205645002361, ""patients"": 16, ""response_count"": 14, ""response_minutes"": 2381.073187977533, ""scene_count"": 14, ""scene_minutes"": 208.0, ""transport_count"": 13, ""transport_minutes"": 328.70000000000005}}","{""arrive_hospital"": 94, ""arrive_scene"": 46, ""hospital_release"": 64, ""patient_arrival"": 53, ""reposition_complete"": 43, ""restock_complete"": 43, ""scene_complete"": 45, ""transfer_ready"": 73}",35.890966,17.109034,0.32281196755049346,88.94010211354434,12.782608695652174,31.957777777777775,206.60216177035767,46,0.8679245283018868,53,53,7
Regional ER,32,2032,"{""cardiac"": {""expected_lost"": 2.7810251027749033, ""expected_saved"": 0.2189748972250961, ""mean_response_minutes"": 95.05240237343203, ""mean_scene_minutes"": 12.0, ""mean_transport_minutes"": 41.066666666666606, ""p90_response_minutes"": 193.48576569623694, ""patients"": 3, ""response_count"": 3, ""response_minutes"": 285.1572071202961, ""scene_count"": 3, ""scene_minutes"": 36.0, ""transport_count"": 3, ""transport_minutes"": 123.19999999999982}, ""minor"": {""expected_lost"": 1.430268264562031, ""expected_saved"": 5.569731735437968, ""mean_response_minutes"": 57.86397781524574, ""mean_scene_minutes"": 10.0, ""mean_transport_minutes"": 40.635714285714286, ""p90_response_minutes"": 76.21486947515416, ""patients"": 7, ""response_count"": 7, ""response_minutes"": 405.0478447067202, ""scene_count"": 7, ""scene_minutes"": 70.0, ""transport_count"": 7, ""transport_minutes"": 284.45}, ""stroke"": {""expected_lost"": 10.711816012396671, ""expected_saved"": 7.288183987603328, ""mean_response_minutes"": 38.51307621703785, ""mean_scene_minutes"": 13.222222222222221, ""mean_transport_minutes"": 27.029411764705884, ""p90_response_minutes"": 57.25154170728814, ""patients"": 18, ""response_count"": 18, ""response_minutes"": 693.2353719066813, ""scene_count"": 18, ""scene_minutes"": 238.0, ""transport_count"": 17, ""transport_minutes"": 459.50000000000006}, ""trauma"": {""expected_lost"": 5.941736154585942, ""expected_saved"": 1.058263845414058, ""mean_response_minutes"": 43.26955091164118, ""mean_scene_minutes"": 16.0, ""mean_transport_minutes"": 28.828571428571422, ""p90_response_minutes"": 91.2877425232065, ""patients"": 7, ""response_count"": 7, ""response_minutes"": 302.88685638148826, ""scene_count"": 7, ""scene_minutes"": 112.0, ""transport_count"": 7, ""transport_minutes"": 201.79999999999995}}","{""arrive_hospital"": 70, ""arrive_scene"": 35, ""hospital_release"": 55, ""patient_arrival"": 35, ""reposition_complete"": 33, ""restock_complete"": 33, ""scene_complete"": 34, ""transfer_ready"": 60}",20.864846,14.135154,0.40386155616229874,48.18077943186245,13.028571428571428,31.439705882352936,78.74137664394341,35,1.0,35,35,0
Regional ER,33,2033,"{""cardiac"": {""expected_lost"": 8.426746967476625, ""expected_saved"": 0.5732530325233743, ""mean_response_minutes"": 41.30868228022564, ""mean_scene_minutes"": 12.0, ""mean_transport_minutes"": 37.67499999999999, ""p90_response_minutes"": 73.09258290109551, ""patients"": 9, ""response_count"": 6, ""response_minutes"": 247.85209368135384, ""scene_count"": 6, ""scene_minutes"": 72.0, ""transport_count"": 6, ""transport_minutes"": 226.04999999999995}, ""minor"": {""expected_lost"": 1.6471248049507565, ""expected_saved"": 10.352875195049245, ""mean_response_minutes"": 40.83345365688475, ""mean_scene_minutes"": 10.0, ""mean_transport_minutes"": 39.862500000000004, ""p90_response_minutes"": 59.29003645856457, ""patients"": 12, ""response_count"": 12, ""response_minutes"": 490.001443882617, ""scene_count"": 12, ""scene_minutes"": 120.0, ""transport_count"": 12, ""transport_minutes"": 478.35}, ""stroke"": {""expected_lost"": 9.361154071245211, ""expected_saved"": 3.6388459287547894, ""mean_response_minutes"": 68.10259687528414, ""mean_scene_minutes"": 14.0, ""mean_transport_minutes"": 25.833333333333332, ""p90_response_minutes"": 127.43748522089919, ""patients"": 13, ""response_count"": 12, ""response_minutes"": 817.2311625034097, ""scene_count"": 12, ""scene_minutes"": 168.0, ""transport_count"": 12, ""transport_minutes"": 310.0}, ""trauma"": {""expected_lost"": 14.567605721830883, ""expected_saved"": 1.432394278169119, ""mean_response_minutes"": 68.55453728740152, ""mean_scene_minutes"": 16.0, ""mean_transport_minutes"": 27.94285714285714, ""p90_response_minutes"": 141.9599841782414, ""patients"": 16, ""response_count"": 14, ""response_minutes"": 959.7635220236211, ""scene_count"": 14, ""scene_minutes"": 224.0, ""transport_count"": 14, ""transport_minutes"": 391.19999999999993}}","{""arrive_hospital"": 89, ""arrive_scene"": 44, ""hospital_release"": 60, ""patient_arrival"": 50, ""reposition_complete"": 42, ""restock_complete"": 42, ""scene_complete"": 44, ""transfer_ready"": 72}",34.002632,15.997368,0.3199473686899304,57.155641411159124,13.272727272727273,31.94545454545454,106.3981859650656,44,0.88,50,50,6
Regional ER,34,2034,"{""cardiac"": {""expected_lost"": 16.0145527375147, ""expected_saved"": 0.9854472624853021, ""mean_response_minutes"": 54.50507469799183, ""mean_scene_minutes"": 12.0, ""mean_transport_minutes"": 39.70416666666667, ""p90_response_minutes"": 84.20196142708457, ""patients"": 17, ""response_count"": 12, ""response_minutes"": 654.060896375902, ""scene_count"": 12, ""scene_minutes"": 144.0, ""transport_count"": 12, ""transport_minutes"": 476.45000000000005}, ""minor"": {""expected_lost"": 2.421860261912832, ""expected_saved"": 7.5781397380871685, ""mean_response_minutes"": 49.246816000992965, ""mean_scene_minutes"": 10.000000000000004, ""mean_transport_minutes"": 40.14444444444442, ""p90_response_minutes"": 73.21666191110448, ""patients"": 10, ""response_count"": 9, ""response_minutes"": 443.2213440089367, ""scene_count"": 9, ""scene_minutes"": 90.00000000000003, ""transport_count"": 9, ""transport_minutes"": 361.2999999999997}, ""stroke"": {""expected_lost"": 10.646964859948396, ""expected_saved"": 4.353035140051603, ""mean_response_minutes"": 56.514909469698374, ""mean_scene_minutes"": 14.0, ""mean_transport_minutes"": 28.269230769230774, ""p90_response_minutes"": 112.4765589411758, ""patients"": 15, ""response_count"": 13, ""response_minutes"": 734.6938231060789, ""scene_count"": 13, ""scene_minutes"": 182.0, ""transport_count"": 13, ""transport_minutes"": 367.50000000000006}, ""trauma"": {""expected_lost"": 11.445646482288218, ""expected_saved"": 0.5543535177117832, ""mean_response_minutes"": 107.67189813918998, ""mean_scene_minutes"": 16.0, ""mean_transport_minutes"": 27.222222222222225, ""p90_response_minutes"": 210.29693036557248, ""patients"": 12, ""response_count"": 9, ""response_minutes"": 969.0470832527097, ""scene_count"": 9, ""scene_minutes"": 144.0, ""transport_count"": 9, ""transport_minutes"": 245.00000000000003}}","{""arrive_hospital"": 98, ""arrive_scene"": 43, ""hospital_release"": 68, ""patient_arrival"": 54, ""reposition_complete"": 42, ""restock_complete"": 42, ""scene_complete"": 43, ""transfer_ready"": 76}",40.529024,13.470976,0.2494625121914048,65.14007318008437,13.023255813953488,33.72674418604651,159.86471258411572,43,0.7962962962962963,54,54,11
Regional ER,35,2035,"{""cardiac"": {""expected_lost"": 8.602396404248632, ""expected_saved"": 0.3976035949999407, ""mean_response_minutes"": 178.98737603622266, ""mean_scene_minutes"": 11.999999999999984, ""mean_transport_minutes"": 37.157142857142844, ""p90_response_minutes"": 380.62739682226464, ""patients"": 9, ""response_count"": 7, ""response_minutes"": 1252.9116322535585, ""scene_count"": 7, ""scene_minutes"": 83.99999999999989, ""transport_count"": 7, ""transport_minutes"": 260.0999999999999}, ""minor"": {""expected_lost"": 3.8937586851179673, ""expected_saved"": 15.10624131488203, ""mean_response_minutes"": 40.11904315134538, ""mean_scene_minutes"": 10.0, ""mean_transport_minutes"": 40.9470588235294, ""p90_response_minutes"": 79.92990534280744, ""patients"": 19, ""response_count"": 18, ""response_minutes"": 722.1427767242169, ""scene_count"": 18, ""scene_minutes"": 180.0, ""transport_count"": 17, ""transport_minutes"": 696.0999999999999}, ""stroke"": {""expected_lost"": 8.965090055698942, ""expected_saved"": 2.0349099443010576, ""mean_response_minutes"": 163.81429341704873, ""mean_scene_minutes"": 14.0, ""mean_transport_minutes"": 25.618181818181835, ""p90_response_minutes"": 419.87577303526575, ""patients"": 11, ""response_count"": 11, ""response_minutes"": 1801.9572275875362, ""scene_count"": 11, ""scene_minutes"": 154.0, ""transport_count"": 11, ""transport_minutes"": 281.8000000000002}, ""trauma"": {""expected_lost"": 4.209996642745284, ""expected_saved"": 0.7900033572547154, ""mean_response_minutes"": 73.15843610870816, ""mean_scene_minutes"": 16.0, ""mean_transport_minutes"": 19.4, ""p90_response_minutes"": 163.5096487754365, ""patients"": 5, ""response_count"": 5, ""response_minutes"": 365.7921805435408, ""scene_count"": 5, ""scene_minutes"": 80.0, ""transport_count"": 5, ""transport_minutes"": 97.0}}","{""arrive_hospital"": 96, ""arrive_scene"": 41, ""hospital_release"": 66, ""patient_arrival"": 44, ""reposition_complete"": 39, ""restock_complete"": 39, ""scene_complete"": 41, ""transfer_ready"": 71}",25.671242,18.328758,0.41656268662358537,101.04399553924029,12.14634146341463,33.375,343.6173155444468,41,0.9318181818181818,44,44,3
Regional ER,36,2036,"{""cardiac"": {""expected_lost"": 10.659400577016816, ""expected_saved"": 0.3405994229831839, ""mean_response_minutes"": 84.11518868977193, ""mean_scene_minutes"": 12.0, ""mean_transport_minutes"": 42.84374999999997, ""p90_response_minutes"": 154.14213329354124, ""patients"": 11, ""response_count"": 8, ""response_minutes"": 672.9215095181754, ""scene_count"": 8, ""scene_minutes"": 96.0, ""transport_count"": 8, ""transport_minutes"": 342.7499999999998}, ""minor"": {""expected_lost"": 4.4171043524130305, ""expected_saved"": 10.58289564758697, ""mean_response_minutes"": 53.37338768192019, ""mean_scene_minutes"": 9.999999999999996, ""mean_transport_minutes"": 39.98076923076923, ""p90_response_minutes"": 82.08187887746728, ""patients"": 15, ""response_count"": 13, ""response_minutes"": 693.8540398649625, ""scene_count"": 13, ""scene_minutes"": 129.99999999999994, ""transport_count"": 13, ""transport_minutes"": 519.75}, ""stroke"": {""expected_lost"": 8.522860756436707, ""expected_saved"": 3.477139243563294, ""mean_response_minutes"": 75.86074087683268, ""mean_scene_minutes"": 14.0, ""mean_transport_minutes"": 27.009090909090922, ""p90_response_minutes"": 156.65693350823096, ""patients"": 12, ""response_count"": 11, ""response_minutes"": 834.4681496451594, ""scene_count"": 11, ""scene_minutes"": 154.0, ""transport_count"": 11, ""transport_minutes"": 297.10000000000014}, ""trauma"": {""expected_lost"": 10.803163786264749, ""expected_saved"": 1.1968362137352513, ""mean_response_minutes"": 89.33235484993271, ""mean_scene_minutes"": 16.0, ""mean_transport_minutes"": 27.25, ""p90_response_minutes"": 233.0378029871555, ""patients"": 12, ""response_count"": 11, ""response_minutes"": 982.6559033492598, ""scene_count"": 11, ""scene_minutes"": 176.0, ""transport_count"": 10, ""transport_minutes"": 272.5}}","{""arrive_hospital"": 95, ""arrive_scene"": 43, ""hospital_release"": 70, ""patient_arrival"": 50, ""reposition_complete"": 40, ""restock_complete"": 40, ""scene_complete"": 43, ""transfer_ready"": 73}",34.402529,15.597471,0.3119494105573738,74.04417679947807,12.930232558139535,34.09761904761905,165.47137496795946,43,0.86,50,50,7
Regional ER,37,2037,"{""cardiac"": {""expected_lost"": 9.439252609223699, ""expected_saved"": 0.560747390776302, ""mean_response_minutes"": 46.66704467066292, ""mean_scene_minutes"": 12.0, ""mean_transport_minutes"": 38.0, ""p90_response_minutes"": 84.79058239647084, ""patients"": 10, ""response_count"": 7, ""response_minutes"": 326.66931269464044, ""scene_count"": 7, ""scene_minutes"": 84.0, ""transport_count"": 7, ""transport_minutes"": 266.0}, ""minor"": {""expected_lost"": 2.0825193450406223, ""expected_saved"": 7.917480654959379, ""mean_response_minutes"": 59.8169436435597, ""mean_scene_minutes"": 10.0, ""mean_transport_minutes"": 36.65, ""p90_response_minutes"": 123.84195245232195, ""patients"": 10, ""response_count"": 10, ""response_minutes"": 598.169436435597, ""scene_count"": 10, ""scene_minutes"": 100.0, ""transport_count"": 10, ""transport_minutes"": 366.5}, ""stroke"": {""expected_lost"": 11.010217905364387, ""expected_saved"": 3.989782094635614, ""mean_response_minutes"": 171.6438874251872, ""mean_scene_minutes"": 14.0, ""mean_transport_minutes"": 27.62999999999999, ""p90_response_minutes"": 549.2730255235224, ""patients"": 15, ""response_count"": 15, ""response_minutes"": 2574.658311377808, ""scene_count"": 15, ""scene_minutes"": 210.0, ""transport_count"": 15, ""transport_minutes"": 414.4499999999998}, ""trauma"": {""expected_lost"": 13.483496245559918, ""expected_saved"": 1.5165037544400826, ""mean_response_minutes"": 51.49187295762114, ""mean_scene_minutes"": 16.0, ""mean_transport_minutes"": 22.73461538461538, ""p90_response_minutes"": 102.74641324978099, ""patients"": 15, ""response_count"": 14, ""response_minutes"": 720.886221406696, ""scene_count"": 14, ""scene_minutes"": 224.0, ""transport_count"": 13, ""transport_minutes"": 295.54999999999995}}","{""arrive_hospital"": 92, ""arrive_scene"": 46, ""hospital_release"": 64, ""patient_arrival"": 50, ""reposition_complete"": 44, ""restock_complete"": 44, ""scene_complete"": 46, ""transfer_ready"": 76}",36.015486,13.984514,0.2796902778962275,91.74746265032047,13.434782608695652,29.83333333333333,145.91051972911055,46,0.92,50,50,4
Regional ER,38,2038,"{""cardiac"": {""expected_lost"": 12.763013119155671, ""expected_saved"": 1.2369868808443283, ""mean_response_minutes"": 45.97810849621349, ""mean_scene_minutes"": 12.0, ""mean_transport_minutes"": 41.45833333333331, ""p90_response_minutes"": 64.97777544048245, ""patients"": 14, ""response_count"": 12, ""response_minutes"": 551.7373019545619, ""scene_count"": 12, ""scene_minutes"": 144.0, ""transport_count"": 12, ""transport_minutes"": 497.49999999999966}, ""minor"": {""expected_lost"": 1.2244881722369256, ""expected_saved"": 8.775511827763076, ""mean_response_minutes"": 38.36678938357014, ""mean_scene_minutes"": 10.0, ""mean_transport_minutes"": 38.9, ""p90_response_minutes"": 60.225828978597704, ""patients"": 10, ""response_count"": 10, ""response_minutes"": 383.6678938357014, ""scene_count"": 10, ""scene_minutes"": 100.0, ""transport_count"": 10, ""transport_minutes"": 389.0}, ""stroke"": {""expected_lost"": 14.662575954073036, ""expected_saved"": 4.337424045926963, ""mean_response_minutes"": 107.02985677159259, ""mean_scene_minutes"": 14.0, ""mean_transport_minutes"": 27.94375, ""p90_response_minutes"": 289.19311308360375, ""patients"": 19, ""response_count"": 16, ""response_minutes"": 1712.4777083454815, ""scene_count"": 16, ""scene_minutes"": 224.0, ""transport_count"": 16, ""transport_minutes"": 447.1}, ""trauma"": {""expected_lost"": 6.645822098244525, ""expected_saved"": 0.3541779017554733, ""mean_response_minutes"": 237.8757368515848, ""mean_scene_minutes"": 16.0, ""mean_transport_minutes"": 19.714285714285715, ""p90_response_minutes"": 511.28564684575326, ""patients"": 7, ""response_count"": 7, ""response_minutes"": 1665.1301579610936, ""scene_count"": 7, ""scene_minutes"": 112.0, ""transport_count"": 7, ""transport_minutes"": 138.0}}","{""arrive_hospital"": 104, ""arrive_scene"": 45, ""hospital_release"": 72, ""patient_arrival"": 50, ""reposition_complete"": 44, ""restock_complete"": 44, ""scene_complete"": 45, ""transfer_ready"": 82}",35.295899,14.704101,0.2940820131257966,95.84473471326305,12.88888888888889,32.70222222222222,329.8037883416927,45,0.9,50,50,5
Regional ER,39,2039,"{""cardiac"": {""expected_lost"": 12.666170688972471, ""expected_saved"": 1.333829311027529, ""mean_response_minutes"": 42.46318483675485, ""mean_scene_minutes"": 12.0, ""mean_transport_minutes"": 38.965384615384615, ""p90_response_minutes"": 74.35665038544819, ""patients"": 14, ""response_count"": 13, ""response_minutes"": 552.021402877813, ""scene_count"": 13, ""scene_minutes"": 156.0, ""transport_count"": 13, ""transport_minutes"": 506.55}, ""minor"": {""expected_lost"": 2.052131508351098, ""expected_saved"": 3.947868491648902, ""mean_response_minutes"": 56.45410741747362, ""mean_scene_minutes"": 10.0, ""mean_transport_minutes"": 41.699999999999974, ""p90_response_minutes"": 90.68884933146583, ""patients"": 6, ""response_count"": 5, ""response_minutes"": 282.2705370873681, ""scene_count"": 5, ""scene_minutes"": 50.0, ""transport_count"": 5, ""transport_minutes"": 208.4999999999999}, ""stroke"": {""expected_lost"": 7.17924840082517, ""expected_saved"": 4.82075159917483, ""mean_response_minutes"": 44.86195916846748, ""mean_scene_minutes"": 14.0, ""mean_transport_minutes"": 26.47083333333332, ""p90_response_minutes"": 81.24045143212939, ""patients"": 12, ""response_count"": 12, ""response_minutes"": 538.3435100216097, ""scene_count"": 12, ""scene_minutes"": 168.0, ""transport_count"": 12, ""transport_minutes"": 317.64999999999986}, ""trauma"": {""expected_lost"": 7.195578011706776, ""expected_saved"": 0.8044219882932235, ""mean_response_minutes"": 58.296106514399376, ""mean_scene_minutes"": 16.0, ""mean_transport_minutes"": 20.0, ""p90_response_minutes"": 101.06346066570107, ""patients"": 8, ""response_count"": 6, ""response_minutes"": 349.77663908639624, ""scene_count"": 6, ""scene_minutes"": 96.0, ""transport_count"": 6, ""transport_minutes"": 120.0}}","{""arrive_hospital"": 81, ""arrive_scene"": 36, ""hospital_release"": 59, ""patient_arrival"": 40, ""reposition_complete"": 33, ""restock_complete"": 34, ""scene_complete"": 36, ""transfer_ready"": 64}",29.093129,10.906871,0.27267178475361215,47.844780252032976,13.055555555555555,32.01944444444444,96.73371566440488,36,0.9,40,40,4
Regional ER,40,2040,"{""cardiac"": {""expected_lost"": 8.400966514431767, ""expected_saved"": 0.5990334855682339, ""mean_response_minutes"": 63.11402509368418, ""mean_scene_minutes"": 12.0, ""mean_transport_minutes"": 40.12142857142856, ""p90_response_minutes"": 132.85493236774178, ""patients"": 9, ""response_count"": 7, ""response_minutes"": 441.79817565578924, ""scene_count"": 7, ""scene_minutes"": 84.0, ""transport_count"": 7, ""transport_minutes"": 280.8499999999999}, ""minor"": {""expected_lost"": 1.9890882781857488, ""expected_saved"": 8.010911721814251, ""mean_response_minutes"": 35.73280720954883, ""mean_scene_minutes"": 10.0, ""mean_transport_minutes"": 39.888888888888886, ""p90_response_minutes"": 60.40689622597125, ""patients"": 10, ""response_count"": 9, ""response_minutes"": 321.59526488593946, ""scene_count"": 9, ""scene_minutes"": 90.0, ""transport_count"": 9, ""transport_minutes"": 359.0}, ""stroke"": {""expected_lost"": 8.670501281543247, ""expected_saved"": 5.329498718456753, ""mean_response_minutes"": 37.72111168927808, ""mean_scene_minutes"": 14.0, ""mean_transport_minutes"": 27.00769230769231, ""p90_response_minutes"": 55.09649049031237, ""patients"": 14, ""response_count"": 14, ""response_minutes"": 528.0955636498932, ""scene_count"": 14, ""scene_minutes"": 196.0, ""transport_count"": 13, ""transport_minutes"": 351.1}, ""trauma"": {""expected_lost"": 9.979496861637333, ""expected_saved"": 1.0205031383626655, ""mean_response_minutes"": 60.80621039173809, ""mean_scene_minutes"": 16.0, ""mean_transport_minutes"": 25.877777777777776, ""p90_response_minutes"": 110.08673971597466, ""patients"": 11, ""response_count"": 9, ""response_minutes"": 547.2558935256428, ""scene_count"": 9, ""scene_minutes"": 144.0, ""transport_count"": 9, ""transport_minutes"": 232.89999999999998}}","{""arrive_hospital"": 82, ""arrive_scene"": 39, ""hospital_release"": 58, ""patient_arrival"": 44, ""reposition_complete"": 36, ""restock_complete"": 37, ""scene_complete"": 39, ""transfer_ready"": 66}",29.040053,14.959947,0.33999879691367946,47.14730506967345,13.179487179487179,32.20657894736842,89.25223999104276,39,0.8863636363636364,44,44,5
Regional ER,41,2041,"{""cardiac"": {""expected_lost"": 5.247741649980592, ""expected_saved"": 0.7522583500194084, ""mean_response_minutes"": 19.020000000000003, ""mean_scene_minutes"": 12.0, ""mean_transport_minutes"": 42.11999999999998, ""p90_response_minutes"": 22.200000000000003, ""patients"": 6, ""response_count"": 5, ""response_minutes"": 95.10000000000002, ""scene_count"": 5, ""scene_minutes"": 60.0, ""transport_count"": 5, ""transport_minutes"": 210.5999999999999}, ""minor"": {""expected_lost"": 1.3649759091227947, ""expected_saved"": 12.635024090877206, ""mean_response_minutes"": 34.18640677900478, ""mean_scene_minutes"": 10.0, ""mean_transport_minutes"": 40.66428571428569, ""p90_response_minutes"": 52.22213031474272, ""patients"": 14, ""response_count"": 14, ""response_minutes"": 478.6096949060669, ""scene_count"": 14, ""scene_minutes"": 140.0, ""transport_count"": 14, ""transport_minutes"": 569.2999999999996}, ""stroke"": {""expected_lost"": 10.022060719446321, ""expected_saved"": 4.977939280553681, ""mean_response_minutes"": 78.78209277865069, ""mean_scene_minutes"": 14.0, ""mean_transport_minutes"": 27.79166666666666, ""p90_response_minutes"": 257.4692644000337, ""patients"": 15, ""response_count"": 14, ""response_minutes"": 1102.9492989011096, ""scene_count"": 14, ""scene_minutes"": 196.0, ""transport_count"": 12, ""transport_minutes"": 333.49999999999994}, ""trauma"": {""expected_lost"": 4.454331898333126, ""expected_saved"": 0.5456681016668734, ""mean_response_minutes"": 96.80811229804279, ""mean_scene_minutes"": 16.0, ""mean_transport_minutes"": 18.400000000000002, ""p90_response_minutes"": 156.53331791543766, ""patients"": 5, ""response_count"": 5, ""response_minutes"": 484.0405614902139, ""scene_count"": 5, ""scene_minutes"": 80.0, ""transport_count"": 5, ""transport_minutes"": 92.00000000000001}}","{""arrive_hospital"": 86, ""arrive_scene"": 38, ""hospital_release"": 70, ""patient_arrival"": 40, ""reposition_complete"": 36, ""restock_complete"": 36, ""scene_complete"": 38, ""transfer_ready"": 67}",21.08911,18.91089,0.4727722455779292,56.86051461308922,12.526315789473685,33.48333333333332,120.47016687188886,38,0.95,40,40,2
Regional ER,42,2042,"{""cardiac"": {""expected_lost"": 8.607984679745144, ""expected_saved"": 0.39201532025485714, ""mean_response_minutes"": 115.5513946120719, ""mean_scene_minutes"": 12.0, ""mean_transport_minutes"": 40.449999999999974, ""p90_response_minutes"": 250.753259540671, ""patients"": 9, ""response_count"": 8, ""response_minutes"": 924.4111568965752, ""scene_count"": 8, ""scene_minutes"": 96.0, ""transport_count"": 8, ""transport_minutes"": 323.5999999999998}, ""minor"": {""expected_lost"": 3.672163452095397, ""expected_saved"": 14.327836547904603, ""mean_response_minutes"": 57.70014097468366, ""mean_scene_minutes"": 10.0, ""mean_transport_minutes"": 38.81944444444444, ""p90_response_minutes"": 94.97287154267866, ""patients"": 18, ""response_count"": 18, ""response_minutes"": 1038.602537544306, ""scene_count"": 18, ""scene_minutes"": 180.0, ""transport_count"": 18, ""transport_minutes"": 698.75}, ""stroke"": {""expected_lost"": 7.8318829558756535, ""expected_saved"": 3.168117044124346, ""mean_response_minutes"": 50.3108415534208, ""mean_scene_minutes"": 13.999999999999996, ""mean_transport_minutes"": 28.789999999999985, ""p90_response_minutes"": 78.96005390248949, ""patients"": 11, ""response_count"": 10, ""response_minutes"": 503.108415534208, ""scene_count"": 10, ""scene_minutes"": 139.99999999999997, ""transport_count"": 10, ""transport_minutes"": 287.89999999999986}, ""trauma"": {""expected_lost"": 6.6376198958349235, ""expected_saved"": 0.3623801041650769, ""mean_response_minutes"": 101.68037814425354, ""mean_scene_minutes"": 16.0, ""mean_transport_minutes"": 22.841666666666658, ""p90_response_minutes"": 202.37198943639135, ""patients"": 7, ""response_count"": 6, ""response_minutes"": 610.0822688655212, ""scene_count"": 6, ""scene_minutes"": 96.0, ""transport_count"": 6, ""transport_minutes"": 137.04999999999995}}","{""arrive_hospital"": 104, ""arrive_scene"": 42, ""hospital_release"": 67, ""patient_arrival"": 45, ""reposition_complete"": 42, ""restock_complete"": 42, ""scene_complete"": 42, ""transfer_ready"": 78}",26.749651,18.250349,0.4055633114766421,73.2429614009669,12.19047619047619,34.459523809523795,171.39536958333562,42,0.9333333333333333,45,45,3
Regional ER,43,2043,"{""cardiac"": {""expected_lost"": 6.1858408536675835, ""expected_saved"": 0.8141591463324157, ""mean_response_minutes"": 50.38952062463378, ""mean_scene_minutes"": 12.0, ""mean_transport_minutes"": 40.185714285714276, ""p90_response_minutes"": 111.45063371959615, ""patients"": 7, ""response_count"": 7, ""response_minutes"": 352.72664437243645, ""scene_count"": 7, ""scene_minutes"": 84.0, ""transport_count"": 7, ""transport_minutes"": 281.29999999999995}, ""minor"": {""expected_lost"": 1.5375528853463707, ""expected_saved"": 5.462447114653629, ""mean_response_minutes"": 33.40286190860047, ""mean_scene_minutes"": 10.0, ""mean_transport_minutes"": 42.24999999999998, ""p90_response_minutes"": 44.49274515735493, ""patients"": 7, ""response_count"": 6, ""response_minutes"": 200.41717145160283, ""scene_count"": 6, ""scene_minutes"": 60.0, ""transport_count"": 6, ""transport_minutes"": 253.4999999999999}, ""stroke"": {""expected_lost"": 6.84400818612413, ""expected_saved"": 4.15599181387587, ""mean_response_minutes"": 32.281646387529115, ""mean_scene_minutes"": 12.727272727272727, ""mean_transport_minutes"": 30.055, ""p90_response_minutes"": 72.88618436842836, ""patients"": 11, ""response_count"": 11, ""response_minutes"": 355.0981102628202, ""scene_count"": 11, ""scene_minutes"": 140.0, ""transport_count"": 10, ""transport_minutes"": 300.55}, ""trauma"": {""expected_lost"": 8.408355189147905, ""expected_saved"": 1.591644810852095, ""mean_response_minutes"": 38.934921175107675, ""mean_scene_minutes"": 16.0, ""mean_transport_minutes"": 21.59375, ""p90_response_minutes"": 67.26204658597821, ""patients"": 10, ""response_count"": 9, ""response_minutes"": 350.41429057596906, ""scene_count"": 9, ""scene_minutes"": 144.0, ""transport_count"": 8, ""transport_minutes"": 172.75}}","{""arrive_hospital"": 67, ""arrive_scene"": 33, ""hospital_release"": 54, ""patient_arrival"": 35, ""reposition_complete"": 30, ""restock_complete"": 30, ""scene_complete"": 32, ""transfer_ready"": 54}",22.975757,12.024243,0.3435497967346859,38.141097474631174,12.969696969696969,32.519354838709674,69.74508306862612,33,0.9428571428571428,35,35,2
Regional ER,44,2044,"{""cardiac"": {""expected_lost"": 14.154594829910662, ""expected_saved"": 0.8454051700893381, ""mean_response_minutes"": 42.53822477679458, ""mean_scene_minutes"": 10.909090909090908, ""mean_transport_minutes"": 38.9, ""p90_response_minutes"": 74.20503837362457, ""patients"": 15, ""response_count"": 11, ""response_minutes"": 467.9204725447404, ""scene_count"": 11, ""scene_minutes"": 120.0, ""transport_count"": 10, ""transport_minutes"": 389.0}, ""minor"": {""expected_lost"": 3.1241533079073673, ""expected_saved"": 8.875846692092633, ""mean_response_minutes"": 49.66358231650642, ""mean_scene_minutes"": 10.0, ""mean_transport_minutes"": 39.584999999999994, ""p90_response_minutes"": 98.23635092190375, ""patients"": 12, ""response_count"": 11, ""response_minutes"": 546.2994054815706, ""scene_count"": 11, ""scene_minutes"": 110.0, ""transport_count"": 10, ""transport_minutes"": 395.8499999999999}, ""stroke"": {""expected_lost"": 10.684174378923297, ""expected_saved"": 5.315825621076705, ""mean_response_minutes"": 46.12592088610946, ""mean_scene_minutes"": 14.000000000000007, ""mean_transport_minutes"": 28.506666666666664, ""p90_response_minutes"": 75.61521289576429, ""patients"": 16, ""response_count"": 15, ""response_minutes"": 691.8888132916419, ""scene_count"": 15, ""scene_minutes"": 210.0000000000001, ""transport_count"": 15, ""transport_minutes"": 427.59999999999997}, ""trauma"": {""expected_lost"": 9.353049444728565, ""expected_saved"": 0.6469505552714351, ""mean_response_minutes"": 75.27165871797106, ""mean_scene_minutes"": 14.0, ""mean_transport_minutes"": 24.600000000000005, ""p90_response_minutes"": 158.3577794062925, ""patients"": 10, ""response_count"": 8, ""response_minutes"": 602.1732697437685, ""scene_count"": 8, ""scene_minutes"": 112.0, ""transport_count"": 7, ""transport_minutes"": 172.20000000000005}}","{""arrive_hospital"": 97, ""arrive_scene"": 45, ""hospital_release"": 65, ""patient_arrival"": 53, ""reposition_complete"": 42, ""restock_complete"": 42, ""scene_complete"": 43, ""transfer_ready"": 77}",37.315972,15.684028,0.29592505733075686,51.29515469026048,12.26666666666667,32.96785714285714,96.55162377259772,45,0.8490566037735849,53,53,8
Regional ER,45,2045,"{""cardiac"": {""expected_lost"": 10.108622638047759, ""expected_saved"": 0.89137736195224, ""mean_response_minutes"": 44.11122100297676, ""mean_scene_minutes"": 12.0, ""mean_transport_minutes"": 43.02499999999998, ""p90_response_minutes"": 94.57340613212834, ""patients"": 11, ""response_count"": 10, ""response_minutes"": 441.1122100297676, ""scene_count"": 10, ""scene_minutes"": 120.0, ""transport_count"": 10, ""transport_minutes"": 430.2499999999998}, ""minor"": {""expected_lost"": 1.6989907571755571, ""expected_saved"": 9.301009242824444, ""mean_response_minutes"": 36.0649508757725, ""mean_scene_minutes"": 10.0, ""mean_transport_minutes"": 38.625, ""p90_response_minutes"": 57.96567385287244, ""patients"": 11, ""response_count"": 11, ""response_minutes"": 396.71445963349754, ""scene_count"": 11, ""scene_minutes"": 110.0, ""transport_count"": 10, ""transport_minutes"": 386.25}, ""stroke"": {""expected_lost"": 6.269918948855237, ""expected_saved"": 2.730081051144764, ""mean_response_minutes"": 48.451274304293115, ""mean_scene_minutes"": 14.0, ""mean_transport_minutes"": 27.293750000000003, ""p90_response_minutes"": 89.79740140775449, ""patients"": 9, ""response_count"": 8, ""response_minutes"": 387.6101944343449, ""scene_count"": 8, ""scene_minutes"": 112.0, ""transport_count"": 8, ""transport_minutes"": 218.35000000000002}, ""trauma"": {""expected_lost"": 6.070506839546673, ""expected_saved"": 0.9294931604533262, ""mean_response_minutes"": 85.04388544074193, ""mean_scene_minutes"": 16.000000000000018, ""mean_transport_minutes"": 27.37857142857144, ""p90_response_minutes"": 189.00505394846755, ""patients"": 7, ""response_count"": 7, ""response_minutes"": 595.3071980851935, ""scene_count"": 7, ""scene_minutes"": 112.00000000000011, ""transport_count"": 7, ""transport_minutes"": 191.6500000000001}}","{""arrive_hospital"": 83, ""arrive_scene"": 36, ""hospital_release"": 59, ""patient_arrival"": 38, ""reposition_complete"": 34, ""restock_complete"": 34, ""scene_complete"": 36, ""transfer_ready"": 62}",24.148039,13.851961,0.3645252846414414,50.57622394952232,12.611111111111114,35.042857142857144,96.9388645306766,36,0.9473684210526315,38,38,2
Regional ER,46,2046,"{""cardiac"": {""expected_lost"": 14.288062095130158, ""expected_saved"": 0.7119379048698419, ""mean_response_minutes"": 38.29133551183151, ""mean_scene_minutes"": 12.0, ""mean_transport_minutes"": 41.28125, ""p90_response_minutes"": 62.76452583551176, ""patients"": 15, ""response_count"": 8, ""response_minutes"": 306.3306840946521, ""scene_count"": 8, ""scene_minutes"": 96.0, ""transport_count"": 8, ""transport_minutes"": 330.25}, ""minor"": {""expected_lost"": 2.805879418023631, ""expected_saved"": 9.19412058197637, ""mean_response_minutes"": 77.91142711651773, ""mean_scene_minutes"": 10.0, ""mean_transport_minutes"": 40.27916666666667, ""p90_response_minutes"": 94.820959390808, ""patients"": 12, ""response_count"": 12, ""response_minutes"": 934.9371253982127, ""scene_count"": 12, ""scene_minutes"": 120.0, ""transport_count"": 12, ""transport_minutes"": 483.35}, ""stroke"": {""expected_lost"": 9.125266996221395, ""expected_saved"": 2.874733003778604, ""mean_response_minutes"": 54.365731572330844, ""mean_scene_minutes"": 14.0, ""mean_transport_minutes"": 27.519999999999982, ""p90_response_minutes"": 81.5376546758619, ""patients"": 12, ""response_count"": 10, ""response_minutes"": 543.6573157233084, ""scene_count"": 10, ""scene_minutes"": 140.0, ""transport_count"": 10, ""transport_minutes"": 275.1999999999998}, ""trauma"": {""expected_lost"": 13.18170738724086, ""expected_saved"": 0.8182926127591393, ""mean_response_minutes"": 99.55284018345395, ""mean_scene_minutes"": 14.666666666666671, ""mean_transport_minutes"": 28.74545454545455, ""p90_response_minutes"": 243.12566204309945, ""patients"": 14, ""response_count"": 12, ""response_minutes"": 1194.6340822014474, ""scene_count"": 12, ""scene_minutes"": 176.00000000000006, ""transport_count"": 11, ""transport_minutes"": 316.20000000000005}}","{""arrive_hospital"": 91, ""arrive_scene"": 42, ""hospital_release"": 61, ""patient_arrival"": 53, ""reposition_complete"": 41, ""restock_complete"": 41, ""scene_complete"": 41, ""transfer_ready"": 71}",39.400916,13.599084,0.25658649251667826,70.94188589089572,12.666666666666666,34.26829268292683,107.95928135954205,42,0.7924528301886793,53,53,11
Regional ER,47,2047,"{""cardiac"": {""expected_lost"": 10.934351875696864, ""expected_saved"": 1.0656481243031357, ""mean_response_minutes"": 41.32750165582002, ""mean_scene_minutes"": 12.00000000000001, ""mean_transport_minutes"": 39.0090909090909, ""p90_response_minutes"": 83.51919540711606, ""patients"": 12, ""response_count"": 11, ""response_minutes"": 454.6025182140203, ""scene_count"": 11, ""scene_minutes"": 132.0000000000001, ""transport_count"": 11, ""transport_minutes"": 429.0999999999999}, ""minor"": {""expected_lost"": 1.3504549497688156, ""expected_saved"": 12.649545050231186, ""mean_response_minutes"": 34.63223710399499, ""mean_scene_minutes"": 10.0, ""mean_transport_minutes"": 39.69285714285714, ""p90_response_minutes"": 47.46504684149768, ""patients"": 14, ""response_count"": 14, ""response_minutes"": 484.8513194559298, ""scene_count"": 14, ""scene_minutes"": 140.0, ""transport_count"": 14, ""transport_minutes"": 555.7}, ""stroke"": {""expected_lost"": 2.64050186761217, ""expected_saved"": 2.35949813238783, ""mean_response_minutes"": 28.539810113707823, ""mean_scene_minutes"": 14.0, ""mean_transport_minutes"": 28.349999999999987, ""p90_response_minutes"": 49.77346396604798, ""patients"": 5, ""response_count"": 5, ""response_minutes"": 142.69905056853912, ""scene_count"": 5, ""scene_minutes"": 70.0, ""transport_count"": 5, ""transport_minutes"": 141.74999999999994}, ""trauma"": {""expected_lost"": 10.892034372134615, ""expected_saved"": 1.1079656278653855, ""mean_response_minutes"": 40.08575930318368, ""mean_scene_minutes"": 16.00000000000001, ""mean_transport_minutes"": 28.210000000000015, ""p90_response_minutes"": 54.397500046705765, ""patients"": 12, ""response_count"": 10, ""response_minutes"": 400.8575930318368, ""scene_count"": 10, ""scene_minutes"": 160.0000000000001, ""transport_count"": 10, ""transport_minutes"": 282.10000000000014}}","{""arrive_hospital"": 94, ""arrive_scene"": 40, ""hospital_release"": 67, ""patient_arrival"": 43, ""reposition_complete"": 37, ""restock_complete"": 37, ""scene_complete"": 40, ""transfer_ready"": 69}",25.817343,17.182657,0.3995966729020356,37.07526203175816,12.550000000000006,35.21625,58.44152726186796,40,0.9302325581395349,43,43,3
Regional ER,48,2048,"{""cardiac"": {""expected_lost"": 11.651742276488235, ""expected_saved"": 0.3482577226283316, ""mean_response_minutes"": 98.06026520998807, ""mean_scene_minutes"": 12.0, ""mean_transport_minutes"": 39.78181818181815, ""p90_response_minutes"": 155.29024864338788, ""patients"": 12, ""response_count"": 11, ""response_minutes"": 1078.6629173098688, ""scene_count"": 11, ""scene_minutes"": 132.0, ""transport_count"": 11, ""transport_minutes"": 437.5999999999997}, ""minor"": {""expected_lost"": 2.046724545332889, ""expected_saved"": 7.953275454667111, ""mean_response_minutes"": 44.34312685106342, ""mean_scene_minutes"": 10.0, ""mean_transport_minutes"": 40.7111111111111, ""p90_response_minutes"": 65.12676172990692, ""patients"": 10, ""response_count"": 10, ""response_minutes"": 443.43126851063414, ""scene_count"": 10, ""scene_minutes"": 100.0, ""transport_count"": 9, ""transport_minutes"": 366.3999999999999}, ""stroke"": {""expected_lost"": 8.41906204993317, ""expected_saved"": 3.58093795006683, ""mean_response_minutes"": 72.27920162205137, ""mean_scene_minutes"": 13.99999999999999, ""mean_transport_minutes"": 28.35, ""p90_response_minutes"": 186.2839091551367, ""patients"": 12, ""response_count"": 10, ""response_minutes"": 722.7920162205137, ""scene_count"": 10, ""scene_minutes"": 139.9999999999999, ""transport_count"": 10, ""transport_minutes"": 283.5}, ""trauma"": {""expected_lost"": 13.507429362420668, ""expected_saved"": 2.4925706375793313, ""mean_response_minutes"": 42.02321172172186, ""mean_scene_minutes"": 16.0, ""mean_transport_minutes"": 23.13333333333334, ""p90_response_minutes"": 62.5102186363528, ""patients"": 16, ""response_count"": 15, ""response_minutes"": 630.3481758258279, ""scene_count"": 15, ""scene_minutes"": 240.0, ""transport_count"": 15, ""transport_minutes"": 347.0000000000001}}","{""arrive_hospital"": 92, ""arrive_scene"": 46, ""hospital_release"": 61, ""patient_arrival"": 50, ""reposition_complete"": 44, ""restock_complete"": 44, ""scene_complete"": 46, ""transfer_ready"": 72}",35.624958,14.375042,0.28750083529883225,62.50509517101836,13.304347826086953,31.877777777777773,133.95265640990837,46,0.92,50,50,4
Regional ER,49,2049,"{""cardiac"": {""expected_lost"": 6.447162810510158, ""expected_saved"": 0.5528371894898424, ""mean_response_minutes"": 84.59396068016191, ""mean_scene_minutes"": 12.0, ""mean_transport_minutes"": 37.95000000000001, ""p90_response_minutes"": 206.95204198479325, ""patients"": 7, ""response_count"": 6, ""response_minutes"": 507.5637640809715, ""scene_count"": 6, ""scene_minutes"": 72.0, ""transport_count"": 6, ""transport_minutes"": 227.70000000000005}, ""minor"": {""expected_lost"": 3.0807510241669784, ""expected_saved"": 11.919248975833023, ""mean_response_minutes"": 64.03623100961163, ""mean_scene_minutes"": 10.0, ""mean_transport_minutes"": 39.179999999999986, ""p90_response_minutes"": 84.7096085591071, ""patients"": 15, ""response_count"": 15, ""response_minutes"": 960.5434651441744, ""scene_count"": 15, ""scene_minutes"": 150.0, ""transport_count"": 15, ""transport_minutes"": 587.6999999999998}, ""stroke"": {""expected_lost"": 7.815786573798043, ""expected_saved"": 2.184213426201957, ""mean_response_minutes"": 86.5775834483872, ""mean_scene_minutes"": 14.0, ""mean_transport_minutes"": 28.15555555555555, ""p90_response_minutes"": 178.31962510143327, ""patients"": 10, ""response_count"": 9, ""response_minutes"": 779.1982510354849, ""scene_count"": 9, ""scene_minutes"": 126.0, ""transport_count"": 9, ""transport_minutes"": 253.39999999999998}, ""trauma"": {""expected_lost"": 9.937641480644551, ""expected_saved"": 1.0623585193554497, ""mean_response_minutes"": 118.60659954084423, ""mean_scene_minutes"": 16.0, ""mean_transport_minutes"": 26.909090909090914, ""p90_response_minutes"": 328.55293528710945, ""patients"": 11, ""response_count"": 11, ""response_minutes"": 1304.6725949492866, ""scene_count"": 11, ""scene_minutes"": 176.0, ""transport_count"": 11, ""transport_minutes"": 296.00000000000006}}","{""arrive_hospital"": 89, ""arrive_scene"": 41, ""hospital_release"": 59, ""patient_arrival"": 43, ""reposition_complete"": 39, ""restock_complete"": 39, ""scene_complete"": 41, ""transfer_ready"": 70}",27.281342,15.718658,0.3655501886251226,86.63361159048577,12.78048780487805,33.287804878048775,268.5235807856684,41,0.9534883720930233,43,43,2
Regional ER,50,2050,"{""cardiac"": {""expected_lost"": 14.126416281736859, ""expected_saved"": 0.8735837182631436, ""mean_response_minutes"": 42.47299637643546, ""mean_scene_minutes"": 12.0, ""mean_transport_minutes"": 40.65909090909091, ""p90_response_minutes"": 77.776750149588, ""patients"": 15, ""response_count"": 11, ""response_minutes"": 467.2029601407901, ""scene_count"": 11, ""scene_minutes"": 132.0, ""transport_count"": 11, ""transport_minutes"": 447.25}, ""minor"": {""expected_lost"": 0.7346880051628759, ""expected_saved"": 8.265311994837125, ""mean_response_minutes"": 28.369198270831273, ""mean_scene_minutes"": 10.0, ""mean_transport_minutes"": 38.633333333333326, ""p90_response_minutes"": 45.74845618643185, ""patients"": 9, ""response_count"": 9, ""response_minutes"": 255.32278443748146, ""scene_count"": 9, ""scene_minutes"": 90.0, ""transport_count"": 9, ""transport_minutes"": 347.69999999999993}, ""stroke"": {""expected_lost"": 7.257508855181476, ""expected_saved"": 4.742491144818524, ""mean_response_minutes"": 29.362886501972824, ""mean_scene_minutes"": 14.0, ""mean_transport_minutes"": 24.6, ""p90_response_minutes"": 46.176882027424654, ""patients"": 12, ""response_count"": 11, ""response_minutes"": 322.9917515217011, ""scene_count"": 11, ""scene_minutes"": 154.0, ""transport_count"": 10, ""transport_minutes"": 246.0}, ""trauma"": {""expected_lost"": 3.3163333782796927, ""expected_saved"": 0.6836666217203073, ""mean_response_minutes"": 29.04495876143585, ""mean_scene_minutes"": 16.0, ""mean_transport_minutes"": 19.0, ""p90_response_minutes"": 34.969024616534874, ""patients"": 4, ""response_count"": 4, ""response_minutes"": 116.1798350457434, ""scene_count"": 4, ""scene_minutes"": 64.0, ""transport_count"": 4, ""transport_minutes"": 76.0}}","{""arrive_hospital"": 82, ""arrive_scene"": 35, ""hospital_release"": 60, ""patient_arrival"": 40, ""reposition_complete"": 32, ""restock_complete"": 32, ""scene_complete"": 35, ""transfer_ready"": 63}",25.434947,14.565053,0.3641263369909774,33.191352318449034,12.571428571428571,32.85147058823529,55.005915257555266,35,0.875,40,40,5
Regional ER,51,2051,"{""cardiac"": {""expected_lost"": 4.7414680085691545, ""expected_saved"": 0.2585319914308455, ""mean_response_minutes"": 21.875, ""mean_scene_minutes"": 12.0, ""mean_transport_minutes"": 44.30000000000001, ""p90_response_minutes"": 27.375, ""patients"": 5, ""response_count"": 2, ""response_minutes"": 43.75, ""scene_count"": 2, ""scene_minutes"": 24.0, ""transport_count"": 2, ""transport_minutes"": 88.60000000000002}, ""minor"": {""expected_lost"": 1.0904497078600626, ""expected_saved"": 10.909550292139937, ""mean_response_minutes"": 32.731083931845255, ""mean_scene_minutes"": 10.0, ""mean_transport_minutes"": 41.64166666666665, ""p90_response_minutes"": 65.67288386875637, ""patients"": 12, ""response_count"": 12, ""response_minutes"": 392.7730071821431, ""scene_count"": 12, ""scene_minutes"": 120.0, ""transport_count"": 12, ""transport_minutes"": 499.6999999999998}, ""stroke"": {""expected_lost"": 4.937319170827689, ""expected_saved"": 2.062680829172311, ""mean_response_minutes"": 59.62890214234718, ""mean_scene_minutes"": 14.0, ""mean_transport_minutes"": 26.333333333333332, ""p90_response_minutes"": 122.50524001973821, ""patients"": 7, ""response_count"": 6, ""response_minutes"": 357.77341285408306, ""scene_count"": 6, ""scene_minutes"": 84.0, ""transport_count"": 6, ""transport_minutes"": 158.0}, ""trauma"": {""expected_lost"": 14.051973878282524, ""expected_saved"": 1.9480261217174752, ""mean_response_minutes"": 48.56991866624532, ""mean_scene_minutes"": 14.0, ""mean_transport_minutes"": 28.04615384615384, ""p90_response_minutes"": 97.01206342389071, ""patients"": 16, ""response_count"": 16, ""response_minutes"": 777.1186986599251, ""scene_count"": 16, ""scene_minutes"": 224.0, ""transport_count"": 13, ""transport_minutes"": 364.5999999999999}}","{""arrive_hospital"": 67, ""arrive_scene"": 36, ""hospital_release"": 47, ""patient_arrival"": 40, ""reposition_complete"": 33, ""restock_complete"": 33, ""scene_complete"": 34, ""transfer_ready"": 53}",24.821211,15.178789,0.37946973086151414,43.650419963781985,12.555555555555555,33.66363636363635,94.22858574666122,36,0.9,40,40,4
Regional ER,52,2052,"{""cardiac"": {""expected_lost"": 8.714148360775004, ""expected_saved"": 0.2858516390658624, ""mean_response_minutes"": 147.69464110571496, ""mean_scene_minutes"": 10.285714285714286, ""mean_transport_minutes"": 41.041666666666664, ""p90_response_minutes"": 273.9286740079141, ""patients"": 9, ""response_count"": 7, ""response_minutes"": 1033.8624877400048, ""scene_count"": 7, ""scene_minutes"": 72.0, ""transport_count"": 6, ""transport_minutes"": 246.25}, ""minor"": {""expected_lost"": 0.7946236542851641, ""expected_saved"": 6.205376345714837, ""mean_response_minutes"": 37.84202962719861, ""mean_scene_minutes"": 10.0, ""mean_transport_minutes"": 37.714285714285715, ""p90_response_minutes"": 63.10188535457914, ""patients"": 7, ""response_count"": 7, ""response_minutes"": 264.8942073903903, ""scene_count"": 7, ""scene_minutes"": 70.0, ""transport_count"": 7, ""transport_minutes"": 264.0}, ""stroke"": {""expected_lost"": 11.643139967814509, ""expected_saved"": 4.35686003218549, ""mean_response_minutes"": 57.53255863159417, ""mean_scene_minutes"": 14.0, ""mean_transport_minutes"": 27.803571428571413, ""p90_response_minutes"": 104.10096022360571, ""patients"": 16, ""response_count"": 15, ""response_minutes"": 862.9883794739126, ""scene_count"": 15, ""scene_minutes"": 210.0, ""transport_count"": 14, ""transport_minutes"": 389.2499999999998}, ""trauma"": {""expected_lost"": 12.968974824821261, ""expected_saved"": 2.031025175178738, ""mean_response_minutes"": 101.35190522515195, ""mean_scene_minutes"": 16.0, ""mean_transport_minutes"": 28.07666666666667, ""p90_response_minutes"": 301.10924728447947, ""patients"": 15, ""response_count"": 15, ""response_minutes"": 1520.2785783772792, ""scene_count"": 15, ""scene_minutes"": 240.0, ""transport_count"": 15, ""transport_minutes"": 421.1500000000001}}","{""arrive_hospital"": 82, ""arrive_scene"": 44, ""hospital_release"": 59, ""patient_arrival"": 47, ""reposition_complete"": 42, ""restock_complete"": 42, ""scene_complete"": 43, ""transfer_ready"": 69}",34.120887,12.879113,0.2740236849392538,83.68235574958152,13.454545454545455,31.444047619047616,189.57851767890432,44,0.9361702127659575,47,47,3
Regional ER,53,2053,"{""cardiac"": {""expected_lost"": 9.51903220318275, ""expected_saved"": 0.4809677968172504, ""mean_response_minutes"": 61.85349263854033, ""mean_scene_minutes"": 12.0, ""mean_transport_minutes"": 39.933333333333344, ""p90_response_minutes"": 126.24557539532064, ""patients"": 10, ""response_count"": 6, ""response_minutes"": 371.120955831242, ""scene_count"": 6, ""scene_minutes"": 72.0, ""transport_count"": 6, ""transport_minutes"": 239.60000000000005}, ""minor"": {""expected_lost"": 4.738829529862879, ""expected_saved"": 13.26117047013712, ""mean_response_minutes"": 52.460029562103685, ""mean_scene_minutes"": 9.411764705882353, ""mean_transport_minutes"": 41.35312499999999, ""p90_response_minutes"": 71.5514308954821, ""patients"": 18, ""response_count"": 17, ""response_minutes"": 891.8205025557627, ""scene_count"": 17, ""scene_minutes"": 160.0, ""transport_count"": 16, ""transport_minutes"": 661.6499999999999}, ""stroke"": {""expected_lost"": 11.042534753064121, ""expected_saved"": 2.9574652469358793, ""mean_response_minutes"": 113.58843792441226, ""mean_scene_minutes"": 12.923076923076923, ""mean_transport_minutes"": 29.395833333333325, ""p90_response_minutes"": 269.97397056409926, ""patients"": 14, ""response_count"": 13, ""response_minutes"": 1476.6496930173594, ""scene_count"": 13, ""scene_minutes"": 168.0, ""transport_count"": 12, ""transport_minutes"": 352.7499999999999}, ""trauma"": {""expected_lost"": 7.454870179846774, ""expected_saved"": 0.5451298201532264, ""mean_response_minutes"": 62.75183194355562, ""mean_scene_minutes"": 16.000000000000004, ""mean_transport_minutes"": 29.0, ""p90_response_minutes"": 97.07020733922059, ""patients"": 8, ""response_count"": 6, ""response_minutes"": 376.5109916613337, ""scene_count"": 6, ""scene_minutes"": 96.00000000000001, ""transport_count"": 6, ""transport_minutes"": 174.0}}","{""arrive_hospital"": 96, ""arrive_scene"": 42, ""hospital_release"": 67, ""patient_arrival"": 50, ""reposition_complete"": 40, ""restock_complete"": 40, ""scene_complete"": 40, ""transfer_ready"": 74}",32.755267,17.244733,0.34489466668086943,74.19290816823091,11.80952380952381,35.699999999999996,154.3356364361593,42,0.84,50,50,8
Regional ER,54,2054,"{""cardiac"": {""expected_lost"": 8.377505891525718, ""expected_saved"": 0.6224941080333735, ""mean_response_minutes"": 73.29652567437219, ""mean_scene_minutes"": 12.0, ""mean_transport_minutes"": 41.393750000000004, ""p90_response_minutes"": 149.14568481795104, ""patients"": 9, ""response_count"": 8, ""response_minutes"": 586.3722053949775, ""scene_count"": 8, ""scene_minutes"": 96.0, ""transport_count"": 8, ""transport_minutes"": 331.15000000000003}, ""minor"": {""expected_lost"": 1.0299452488884433, ""expected_saved"": 3.9700547511115567, ""mean_response_minutes"": 61.28031319903961, ""mean_scene_minutes"": 10.0, ""mean_transport_minutes"": 41.820000000000014, ""p90_response_minutes"": 93.8770437657896, ""patients"": 5, ""response_count"": 5, ""response_minutes"": 306.40156599519804, ""scene_count"": 5, ""scene_minutes"": 50.0, ""transport_count"": 5, ""transport_minutes"": 209.10000000000008}, ""stroke"": {""expected_lost"": 12.86478204009747, ""expected_saved"": 6.135217959902531, ""mean_response_minutes"": 83.62003634704662, ""mean_scene_minutes"": 13.999999999999995, ""mean_transport_minutes"": 26.06842105263158, ""p90_response_minutes"": 163.23555602683774, ""patients"": 19, ""response_count"": 19, ""response_minutes"": 1588.7806905938858, ""scene_count"": 19, ""scene_minutes"": 265.9999999999999, ""transport_count"": 19, ""transport_minutes"": 495.30000000000007}, ""trauma"": {""expected_lost"": 12.72618573290497, ""expected_saved"": 1.2738142670950319, ""mean_response_minutes"": 45.91900895657886, ""mean_scene_minutes"": 16.0, ""mean_transport_minutes"": 25.6, ""p90_response_minutes"": 69.58139193529905, ""patients"": 14, ""response_count"": 10, ""response_minutes"": 459.1900895657886, ""scene_count"": 10, ""scene_minutes"": 160.0, ""transport_count"": 10, ""transport_minutes"": 256.0}}","{""arrive_hospital"": 86, ""arrive_scene"": 42, ""hospital_release"": 61, ""patient_arrival"": 47, ""reposition_complete"": 40, ""restock_complete"": 40, ""scene_complete"": 42, ""transfer_ready"": 72}",34.998419,12.001581,0.25535278906686154,70.01772741785358,13.619047619047617,30.75119047619048,102.54559680905342,42,0.8936170212765957,47,47,5
Regional ER,55,2055,"{""cardiac"": {""expected_lost"": 9.475951767380403, ""expected_saved"": 0.5240482319080366, ""mean_response_minutes"": 91.4380178169487, ""mean_scene_minutes"": 11.999999999999993, ""mean_transport_minutes"": 37.22499999999998, ""p90_response_minutes"": 181.94401325134496, ""patients"": 10, ""response_count"": 8, ""response_minutes"": 731.5041425355896, ""scene_count"": 8, ""scene_minutes"": 95.99999999999994, ""transport_count"": 8, ""transport_minutes"": 297.79999999999984}, ""minor"": {""expected_lost"": 4.908953772638614, ""expected_saved"": 11.091046227361387, ""mean_response_minutes"": 89.77526777158519, ""mean_scene_minutes"": 10.0, ""mean_transport_minutes"": 38.07333333333333, ""p90_response_minutes"": 230.90950417498772, ""patients"": 16, ""response_count"": 15, ""response_minutes"": 1346.6290165737778, ""scene_count"": 15, ""scene_minutes"": 150.0, ""transport_count"": 15, ""transport_minutes"": 571.0999999999999}, ""stroke"": {""expected_lost"": 9.13018569141194, ""expected_saved"": 3.8698143085880616, ""mean_response_minutes"": 47.22628391434614, ""mean_scene_minutes"": 14.0, ""mean_transport_minutes"": 27.93750000000001, ""p90_response_minutes"": 86.14620778560717, ""patients"": 13, ""response_count"": 12, ""response_minutes"": 566.7154069721537, ""scene_count"": 12, ""scene_minutes"": 168.0, ""transport_count"": 12, ""transport_minutes"": 335.2500000000001}, ""trauma"": {""expected_lost"": 9.940823157429692, ""expected_saved"": 1.0591768425703072, ""mean_response_minutes"": 31.971112627461203, ""mean_scene_minutes"": 16.0, ""mean_transport_minutes"": 31.305555555555557, ""p90_response_minutes"": 45.28592612444027, ""patients"": 11, ""response_count"": 9, ""response_minutes"": 287.7400136471508, ""scene_count"": 9, ""scene_minutes"": 144.0, ""transport_count"": 9, ""transport_minutes"": 281.75}}","{""arrive_hospital"": 98, ""arrive_scene"": 44, ""hospital_release"": 66, ""patient_arrival"": 50, ""reposition_complete"": 42, ""restock_complete"": 42, ""scene_complete"": 44, ""transfer_ready"": 76}",33.455914,16.544086,0.33088171220855583,66.64974044837889,12.681818181818182,33.77045454545454,102.00496493320709,44,0.88,50,50,6
Regional ER,56,2056,"{""cardiac"": {""expected_lost"": 5.6754987109994675, ""expected_saved"": 0.32450128900053216, ""mean_response_minutes"": 75.5813917040092, ""mean_scene_minutes"": 12.0, ""mean_transport_minutes"": 41.133333333333326, ""p90_response_minutes"": 139.37600658855519, ""patients"": 6, ""response_count"": 6, ""response_minutes"": 453.48835022405524, ""scene_count"": 6, ""scene_minutes"": 72.0, ""transport_count"": 6, ""transport_minutes"": 246.79999999999995}, ""minor"": {""expected_lost"": 2.305266481137039, ""expected_saved"": 8.694733518862959, ""mean_response_minutes"": 29.886198312632622, ""mean_scene_minutes"": 10.0, ""mean_transport_minutes"": 40.69444444444446, ""p90_response_minutes"": 48.241781032855826, ""patients"": 11, ""response_count"": 10, ""response_minutes"": 298.8619831263262, ""scene_count"": 10, ""scene_minutes"": 100.0, ""transport_count"": 9, ""transport_minutes"": 366.2500000000001}, ""stroke"": {""expected_lost"": 8.347105869054145, ""expected_saved"": 3.652894130945855, ""mean_response_minutes"": 43.10074718718028, ""mean_scene_minutes"": 14.0, ""mean_transport_minutes"": 25.654999999999994, ""p90_response_minutes"": 49.26466236430133, ""patients"": 12, ""response_count"": 11, ""response_minutes"": 474.10821905898314, ""scene_count"": 11, ""scene_minutes"": 154.0, ""transport_count"": 10, ""transport_minutes"": 256.54999999999995}, ""trauma"": {""expected_lost"": 10.774936353714976, ""expected_saved"": 2.2250636462850233, ""mean_response_minutes"": 40.82798813496346, ""mean_scene_minutes"": 16.0, ""mean_transport_minutes"": 25.55384615384616, ""p90_response_minutes"": 85.37726068847812, ""patients"": 13, ""response_count"": 13, ""response_minutes"": 530.763845754525, ""scene_count"": 13, ""scene_minutes"": 208.0, ""transport_count"": 13, ""transport_minutes"": 332.20000000000005}}","{""arrive_hospital"": 78, ""arrive_scene"": 40, ""hospital_release"": 58, ""patient_arrival"": 42, ""reposition_complete"": 38, ""restock_complete"": 38, ""scene_complete"": 40, ""transfer_ready"": 63}",27.102807,14.897193,0.35469506154986596,43.93055995409724,13.35,31.62631578947369,101.70356690204784,40,0.9523809523809523,42,42,2
Regional ER,57,2057,"{""cardiac"": {""expected_lost"": 7.523336025131841, ""expected_saved"": 0.47666397486815837, ""mean_response_minutes"": 57.32331217666344, ""mean_scene_minutes"": 12.0, ""mean_transport_minutes"": 41.735714285714266, ""p90_response_minutes"": 120.48655279928033, ""patients"": 8, ""response_count"": 7, ""response_minutes"": 401.2631852366441, ""scene_count"": 7, ""scene_minutes"": 84.0, ""transport_count"": 7, ""transport_minutes"": 292.14999999999986}, ""minor"": {""expected_lost"": 1.1056699242539243, ""expected_saved"": 7.894330075746077, ""mean_response_minutes"": 40.47283813573299, ""mean_scene_minutes"": 10.0, ""mean_transport_minutes"": 38.62222222222223, ""p90_response_minutes"": 76.95890854592753, ""patients"": 9, ""response_count"": 9, ""response_minutes"": 364.25554322159695, ""scene_count"": 9, ""scene_minutes"": 90.0, ""transport_count"": 9, ""transport_minutes"": 347.6}, ""stroke"": {""expected_lost"": 4.308847492772909, ""expected_saved"": 2.691152507227091, ""mean_response_minutes"": 32.86073272366633, ""mean_scene_minutes"": 14.0, ""mean_transport_minutes"": 26.333333333333332, ""p90_response_minutes"": 54.84405831635968, ""patients"": 7, ""response_count"": 6, ""response_minutes"": 197.16439634199799, ""scene_count"": 6, ""scene_minutes"": 84.0, ""transport_count"": 6, ""transport_minutes"": 158.0}, ""trauma"": {""expected_lost"": 13.02293657560801, ""expected_saved"": 0.9770634243919892, ""mean_response_minutes"": 109.00616224492452, ""mean_scene_minutes"": 16.0, ""mean_transport_minutes"": 26.361538461538473, ""p90_response_minutes"": 208.4504867585094, ""patients"": 14, ""response_count"": 14, ""response_minutes"": 1526.0862714289433, ""scene_count"": 14, ""scene_minutes"": 224.0, ""transport_count"": 13, ""transport_minutes"": 342.70000000000016}}","{""arrive_hospital"": 72, ""arrive_scene"": 36, ""hospital_release"": 50, ""patient_arrival"": 38, ""reposition_complete"": 33, ""restock_complete"": 33, ""scene_complete"": 36, ""transfer_ready"": 57}",25.96079,12.03921,0.31682131532192925,69.13248322858841,13.38888888888889,32.58428571428571,144.96350762935987,36,0.9473684210526315,38,38,2
Regional ER,58,2058,"{""cardiac"": {""expected_lost"": 13.28439613169879, ""expected_saved"": 0.715603868301208, ""mean_response_minutes"": 50.48434424543535, ""mean_scene_minutes"": 12.0, ""mean_transport_minutes"": 38.67916666666667, ""p90_response_minutes"": 88.81520092805076, ""patients"": 14, ""response_count"": 12, ""response_minutes"": 605.8121309452242, ""scene_count"": 12, ""scene_minutes"": 144.0, ""transport_count"": 12, ""transport_minutes"": 464.15000000000003}, ""minor"": {""expected_lost"": 2.909586509718599, ""expected_saved"": 11.090413490281401, ""mean_response_minutes"": 60.15211320671072, ""mean_scene_minutes"": 10.0, ""mean_transport_minutes"": 38.64999999999999, ""p90_response_minutes"": 105.15069781751211, ""patients"": 14, ""response_count"": 14, ""response_minutes"": 842.1295848939501, ""scene_count"": 14, ""scene_minutes"": 140.0, ""transport_count"": 14, ""transport_minutes"": 541.0999999999999}, ""stroke"": {""expected_lost"": 9.251626174718261, ""expected_saved"": 3.7483738252817402, ""mean_response_minutes"": 115.57077113367258, ""mean_scene_minutes"": 12.833333333333334, ""mean_transport_minutes"": 28.368181818181803, ""p90_response_minutes"": 290.7723042578078, ""patients"": 13, ""response_count"": 12, ""response_minutes"": 1386.849253604071, ""scene_count"": 12, ""scene_minutes"": 154.0, ""transport_count"": 11, ""transport_minutes"": 312.04999999999984}, ""trauma"": {""expected_lost"": 5.440362792114279, ""expected_saved"": 0.5596372078549048, ""mean_response_minutes"": 219.5188911956919, ""mean_scene_minutes"": 15.99999999999998, ""mean_transport_minutes"": 22.75, ""p90_response_minutes"": 602.1088246908628, ""patients"": 6, ""response_count"": 6, ""response_minutes"": 1317.1133471741514, ""scene_count"": 6, ""scene_minutes"": 95.99999999999989, ""transport_count"": 6, ""transport_minutes"": 136.5}}","{""arrive_hospital"": 106, ""arrive_scene"": 44, ""hospital_release"": 70, ""patient_arrival"": 47, ""reposition_complete"": 43, ""restock_complete"": 43, ""scene_complete"": 43, ""transfer_ready"": 79}",30.885972,16.114028,0.34285166790892024,94.36146174130448,12.136363636363633,33.80930232558139,167.4824779567988,44,0.9361702127659575,47,47,3
Regional ER,59,2059,"{""cardiac"": {""expected_lost"": 12.235440352572864, ""expected_saved"": 0.7645596472423827, ""mean_response_minutes"": 91.29720307108903, ""mean_scene_minutes"": 12.0, ""mean_transport_minutes"": 36.67, ""p90_response_minutes"": 201.94796471896956, ""patients"": 13, ""response_count"": 10, ""response_minutes"": 912.9720307108903, ""scene_count"": 10, ""scene_minutes"": 120.0, ""transport_count"": 10, ""transport_minutes"": 366.70000000000005}, ""minor"": {""expected_lost"": 2.043087823115231, ""expected_saved"": 8.956912176884767, ""mean_response_minutes"": 65.7608142902971, ""mean_scene_minutes"": 10.0, ""mean_transport_minutes"": 40.095, ""p90_response_minutes"": 58.184434858408565, ""patients"": 11, ""response_count"": 11, ""response_minutes"": 723.3689571932682, ""scene_count"": 11, ""scene_minutes"": 110.0, ""transport_count"": 10, ""transport_minutes"": 400.95}, ""stroke"": {""expected_lost"": 11.142377439420205, ""expected_saved"": 3.857622560579794, ""mean_response_minutes"": 86.44347560033809, ""mean_scene_minutes"": 14.000000000000002, ""mean_transport_minutes"": 24.92307692307693, ""p90_response_minutes"": 254.8714760686122, ""patients"": 15, ""response_count"": 13, ""response_minutes"": 1123.7651828043952, ""scene_count"": 13, ""scene_minutes"": 182.00000000000003, ""transport_count"": 13, ""transport_minutes"": 324.0000000000001}, ""trauma"": {""expected_lost"": 15.315063710397478, ""expected_saved"": 0.6849362896025205, ""mean_response_minutes"": 86.47196083979591, ""mean_scene_minutes"": 16.0, ""mean_transport_minutes"": 30.868181818181814, ""p90_response_minutes"": 160.47853451845242, ""patients"": 16, ""response_count"": 11, ""response_minutes"": 951.1915692377551, ""scene_count"": 11, ""scene_minutes"": 176.0, ""transport_count"": 11, ""transport_minutes"": 339.54999999999995}}","{""arrive_hospital"": 95, ""arrive_scene"": 45, ""hospital_release"": 67, ""patient_arrival"": 55, ""reposition_complete"": 43, ""restock_complete"": 43, ""scene_complete"": 45, ""transfer_ready"": 76}",40.735969,14.264031,0.2593460122601722,82.47328310991797,13.066666666666666,32.52727272727273,217.9714953871018,45,0.8181818181818182,55,55,10
Regional ER,60,2060,"{""cardiac"": {""expected_lost"": 6.875714728588723, ""expected_saved"": 1.1242852714112777, ""mean_response_minutes"": 22.096318151513387, ""mean_scene_minutes"": 12.0, ""mean_transport_minutes"": 40.900000000000006, ""p90_response_minutes"": 29.056631405861797, ""patients"": 8, ""response_count"": 8, ""response_minutes"": 176.7705452121071, ""scene_count"": 8, ""scene_minutes"": 96.0, ""transport_count"": 8, ""transport_minutes"": 327.20000000000005}, ""minor"": {""expected_lost"": 2.4639158302756385, ""expected_saved"": 6.5360841697243615, ""mean_response_minutes"": 26.778343477042903, ""mean_scene_minutes"": 8.75, ""mean_transport_minutes"": 42.414285714285676, ""p90_response_minutes"": 33.97962699591619, ""patients"": 9, ""response_count"": 8, ""response_minutes"": 214.22674781634322, ""scene_count"": 8, ""scene_minutes"": 70.0, ""transport_count"": 7, ""transport_minutes"": 296.89999999999975}, ""stroke"": {""expected_lost"": 6.079342357955575, ""expected_saved"": 3.920657642044425, ""mean_response_minutes"": 26.329661979697278, ""mean_scene_minutes"": 14.0, ""mean_transport_minutes"": 27.02499999999999, ""p90_response_minutes"": 41.17618875127351, ""patients"": 10, ""response_count"": 8, ""response_minutes"": 210.63729583757822, ""scene_count"": 8, ""scene_minutes"": 112.0, ""transport_count"": 8, ""transport_minutes"": 216.19999999999993}, ""trauma"": {""expected_lost"": 8.382388470818315, ""expected_saved"": 1.6176115291816848, ""mean_response_minutes"": 25.32574378112953, ""mean_scene_minutes"": 14.4, ""mean_transport_minutes"": 27.5, ""p90_response_minutes"": 35.039178495353056, ""patients"": 10, ""response_count"": 10, ""response_minutes"": 253.2574378112953, ""scene_count"": 10, ""scene_minutes"": 144.0, ""transport_count"": 8, ""transport_minutes"": 220.0}}","{""arrive_hospital"": 69, ""arrive_scene"": 34, ""hospital_release"": 55, ""patient_arrival"": 37, ""reposition_complete"": 31, ""restock_complete"": 31, ""scene_complete"": 32, ""transfer_ready"": 54}",23.801361,13.198639,0.35671996249626337,25.143883137568345,12.411764705882353,34.203225806451606,35.353683237887935,34,0.918918918918919,37,37,3
Regional ER,61,2061,"{""cardiac"": {""expected_lost"": 14.559493299856918, ""expected_saved"": 0.4405067001430807, ""mean_response_minutes"": 71.20952835805468, ""mean_scene_minutes"": 11.999999999999996, ""mean_transport_minutes"": 40.464999999999996, ""p90_response_minutes"": 124.25525417760058, ""patients"": 15, ""response_count"": 10, ""response_minutes"": 712.0952835805468, ""scene_count"": 10, ""scene_minutes"": 119.99999999999997, ""transport_count"": 10, ""transport_minutes"": 404.65}, ""minor"": {""expected_lost"": 2.804448151445863, ""expected_saved"": 8.195551848554137, ""mean_response_minutes"": 56.10755129127057, ""mean_scene_minutes"": 10.0, ""mean_transport_minutes"": 41.22999999999998, ""p90_response_minutes"": 96.08593998889398, ""patients"": 11, ""response_count"": 10, ""response_minutes"": 561.0755129127057, ""scene_count"": 10, ""scene_minutes"": 100.0, ""transport_count"": 10, ""transport_minutes"": 412.29999999999984}, ""stroke"": {""expected_lost"": 9.176102858314339, ""expected_saved"": 3.823897141685661, ""mean_response_minutes"": 48.68202891672991, ""mean_scene_minutes"": 14.0, ""mean_transport_minutes"": 26.313636363636366, ""p90_response_minutes"": 88.25243631353578, ""patients"": 13, ""response_count"": 11, ""response_minutes"": 535.5023180840291, ""scene_count"": 11, ""scene_minutes"": 154.0, ""transport_count"": 11, ""transport_minutes"": 289.45000000000005}, ""trauma"": {""expected_lost"": 16.022285249837033, ""expected_saved"": 1.9777147501629686, ""mean_response_minutes"": 59.73678261593176, ""mean_scene_minutes"": 16.0, ""mean_transport_minutes"": 25.574999999999996, ""p90_response_minutes"": 90.81991168036666, ""patients"": 18, ""response_count"": 14, ""response_minutes"": 836.3149566230446, ""scene_count"": 14, ""scene_minutes"": 224.0, ""transport_count"": 14, ""transport_minutes"": 358.04999999999995}}","{""arrive_hospital"": 96, ""arrive_scene"": 45, ""hospital_release"": 68, ""patient_arrival"": 57, ""reposition_complete"": 44, ""restock_complete"": 44, ""scene_complete"": 45, ""transfer_ready"": 76}",42.56233,14.43767,0.2532924638692254,58.777512693340576,13.28888888888889,32.54333333333333,101.89741767430921,45,0.7894736842105263,57,57,12
Regional ER,62,2062,"{""cardiac"": {""expected_lost"": 13.320245177722958, ""expected_saved"": 0.6797548222770418, ""mean_response_minutes"": 42.249645041196786, ""mean_scene_minutes"": 12.0, ""mean_transport_minutes"": 41.474999999999994, ""p90_response_minutes"": 72.01415377461333, ""patients"": 14, ""response_count"": 9, ""response_minutes"": 380.2468053707711, ""scene_count"": 9, ""scene_minutes"": 108.0, ""transport_count"": 8, ""transport_minutes"": 331.79999999999995}, ""minor"": {""expected_lost"": 1.0982911793651304, ""expected_saved"": 4.9017088206348705, ""mean_response_minutes"": 53.02924918250002, ""mean_scene_minutes"": 10.0, ""mean_transport_minutes"": 39.933333333333316, ""p90_response_minutes"": 81.77153198573046, ""patients"": 6, ""response_count"": 6, ""response_minutes"": 318.1754950950001, ""scene_count"": 6, ""scene_minutes"": 60.0, ""transport_count"": 6, ""transport_minutes"": 239.5999999999999}, ""stroke"": {""expected_lost"": 8.965205073356199, ""expected_saved"": 5.0347949266438, ""mean_response_minutes"": 38.737535764517304, ""mean_scene_minutes"": 14.0, ""mean_transport_minutes"": 24.64166666666667, ""p90_response_minutes"": 75.81702560489786, ""patients"": 14, ""response_count"": 12, ""response_minutes"": 464.85042917420765, ""scene_count"": 12, ""scene_minutes"": 168.0, ""transport_count"": 12, ""transport_minutes"": 295.70000000000005}, ""trauma"": {""expected_lost"": 13.310897326935898, ""expected_saved"": 1.6891026730641, ""mean_response_minutes"": 37.23212184084188, ""mean_scene_minutes"": 15.999999999999996, ""mean_transport_minutes"": 23.67307692307693, ""p90_response_minutes"": 54.74270999829521, ""patients"": 15, ""response_count"": 13, ""response_minutes"": 484.0175839309444, ""scene_count"": 13, ""scene_minutes"": 207.99999999999994, ""transport_count"": 13, ""transport_minutes"": 307.7500000000001}}","{""arrive_hospital"": 79, ""arrive_scene"": 40, ""hospital_release"": 51, ""patient_arrival"": 49, ""reposition_complete"": 39, ""restock_complete"": 39, ""scene_complete"": 40, ""transfer_ready"": 65}",36.694639,12.305361,0.2511298212779553,41.18225783927308,13.6,30.124358974358973,72.59478821780978,40,0.8163265306122449,49,49,9
Regional ER,63,2063,"{""cardiac"": {""expected_lost"": 15.094611641051678, ""expected_saved"": 0.9053883589483218, ""mean_response_minutes"": 50.331782963271216, ""mean_scene_minutes"": 12.0, ""mean_transport_minutes"": 39.69545454545453, ""p90_response_minutes"": 101.87888322192651, ""patients"": 16, ""response_count"": 11, ""response_minutes"": 553.6496125959834, ""scene_count"": 11, ""scene_minutes"": 132.0, ""transport_count"": 11, ""transport_minutes"": 436.64999999999986}, ""minor"": {""expected_lost"": 3.3833730104505833, ""expected_saved"": 11.616626989549413, ""mean_response_minutes"": 49.72378340536131, ""mean_scene_minutes"": 9.999999999999991, ""mean_transport_minutes"": 39.6642857142857, ""p90_response_minutes"": 76.27647391941846, ""patients"": 15, ""response_count"": 14, ""response_minutes"": 696.1329676750584, ""scene_count"": 14, ""scene_minutes"": 139.9999999999999, ""transport_count"": 14, ""transport_minutes"": 555.2999999999997}, ""stroke"": {""expected_lost"": 6.599211570519518, ""expected_saved"": 2.4007884294804818, ""mean_response_minutes"": 63.46472248531283, ""mean_scene_minutes"": 14.0, ""mean_transport_minutes"": 26.127777777777787, ""p90_response_minutes"": 95.86349410407854, ""patients"": 9, ""response_count"": 9, ""response_minutes"": 571.1825023678155, ""scene_count"": 9, ""scene_minutes"": 126.0, ""transport_count"": 9, ""transport_minutes"": 235.1500000000001}, ""trauma"": {""expected_lost"": 16.777213941298157, ""expected_saved"": 1.222786058701843, ""mean_response_minutes"": 66.75646914800234, ""mean_scene_minutes"": 16.0, ""mean_transport_minutes"": 26.825, ""p90_response_minutes"": 159.95953640081277, ""patients"": 18, ""response_count"": 10, ""response_minutes"": 667.5646914800234, ""scene_count"": 10, ""scene_minutes"": 160.0, ""transport_count"": 10, ""transport_minutes"": 268.25}}","{""arrive_hospital"": 102, ""arrive_scene"": 44, ""hospital_release"": 67, ""patient_arrival"": 58, ""reposition_complete"": 43, ""restock_complete"": 43, ""scene_complete"": 44, ""transfer_ready"": 78}",41.85441,16.14559,0.27837223856344945,56.557494866338196,12.68181818181818,33.98522727272726,100.46389822640343,44,0.7586206896551724,58,58,14
Regional ER,64,2064,"{""cardiac"": {""expected_lost"": 10.653387734191288, ""expected_saved"": 0.34661226520189514, ""mean_response_minutes"": 141.62078720498488, ""mean_scene_minutes"": 10.800000000000006, ""mean_transport_minutes"": 39.04375000000001, ""p90_response_minutes"": 372.4973216627808, ""patients"": 11, ""response_count"": 10, ""response_minutes"": 1416.2078720498487, ""scene_count"": 10, ""scene_minutes"": 108.00000000000006, ""transport_count"": 8, ""transport_minutes"": 312.3500000000001}, ""minor"": {""expected_lost"": 2.7639690197758315, ""expected_saved"": 8.236030980224168, ""mean_response_minutes"": 56.71757594564319, ""mean_scene_minutes"": 10.0, ""mean_transport_minutes"": 39.125, ""p90_response_minutes"": 75.82419677245933, ""patients"": 11, ""response_count"": 10, ""response_minutes"": 567.1757594564319, ""scene_count"": 10, ""scene_minutes"": 100.0, ""transport_count"": 10, ""transport_minutes"": 391.25}, ""stroke"": {""expected_lost"": 10.925046720224918, ""expected_saved"": 4.074953279775082, ""mean_response_minutes"": 84.78294458293438, ""mean_scene_minutes"": 14.0, ""mean_transport_minutes"": 27.083333333333332, ""p90_response_minutes"": 161.89777903150664, ""patients"": 15, ""response_count"": 15, ""response_minutes"": 1271.7441687440157, ""scene_count"": 15, ""scene_minutes"": 210.0, ""transport_count"": 15, ""transport_minutes"": 406.25}, ""trauma"": {""expected_lost"": 11.35637795111369, ""expected_saved"": 1.6436220488863083, ""mean_response_minutes"": 47.16715143284515, ""mean_scene_minutes"": 16.0, ""mean_transport_minutes"": 25.725000000000005, ""p90_response_minutes"": 89.55154366245482, ""patients"": 13, ""response_count"": 12, ""response_minutes"": 566.0058171941419, ""scene_count"": 12, ""scene_minutes"": 192.0, ""transport_count"": 12, ""transport_minutes"": 308.70000000000005}}","{""arrive_hospital"": 92, ""arrive_scene"": 47, ""hospital_release"": 63, ""patient_arrival"": 50, ""reposition_complete"": 44, ""restock_complete"": 44, ""scene_complete"": 46, ""transfer_ready"": 75}",35.698781,14.301219,0.28602437148174914,81.30071526477525,12.97872340425532,31.523333333333337,201.68403940112188,47,0.94,50,50,3
Regional ER,65,2065,"{""cardiac"": {""expected_lost"": 10.29828450586235, ""expected_saved"": 0.7017154939841764, ""mean_response_minutes"": 80.06976350978671, ""mean_scene_minutes"": 12.0, ""mean_transport_minutes"": 37.05454545454545, ""p90_response_minutes"": 100.40233462288393, ""patients"": 11, ""response_count"": 11, ""response_minutes"": 880.7673986076538, ""scene_count"": 11, ""scene_minutes"": 132.0, ""transport_count"": 11, ""transport_minutes"": 407.5999999999999}, ""minor"": {""expected_lost"": 3.189925043717149, ""expected_saved"": 9.81007495628285, ""mean_response_minutes"": 33.684888558575445, ""mean_scene_minutes"": 10.0, ""mean_transport_minutes"": 37.45454545454545, ""p90_response_minutes"": 40.02000554814205, ""patients"": 13, ""response_count"": 11, ""response_minutes"": 370.53377414432987, ""scene_count"": 11, ""scene_minutes"": 110.0, ""transport_count"": 11, ""transport_minutes"": 412.0}, ""stroke"": {""expected_lost"": 8.41416112827513, ""expected_saved"": 3.585838871724871, ""mean_response_minutes"": 52.896940253373344, ""mean_scene_minutes"": 14.0, ""mean_transport_minutes"": 27.34583333333333, ""p90_response_minutes"": 98.83564602768425, ""patients"": 12, ""response_count"": 12, ""response_minutes"": 634.7632830404801, ""scene_count"": 12, ""scene_minutes"": 168.0, ""transport_count"": 12, ""transport_minutes"": 328.15}, ""trauma"": {""expected_lost"": 9.09308346056932, ""expected_saved"": 0.9069165394306793, ""mean_response_minutes"": 113.3194062312253, ""mean_scene_minutes"": 16.0, ""mean_transport_minutes"": 27.650000000000006, ""p90_response_minutes"": 253.4385777462001, ""patients"": 10, ""response_count"": 9, ""response_minutes"": 1019.8746560810278, ""scene_count"": 9, ""scene_minutes"": 144.0, ""transport_count"": 8, ""transport_minutes"": 221.20000000000005}}","{""arrive_hospital"": 95, ""arrive_scene"": 43, ""hospital_release"": 61, ""patient_arrival"": 46, ""reposition_complete"": 41, ""restock_complete"": 41, ""scene_complete"": 43, ""transfer_ready"": 74}",30.995454,15.004546,0.326185779596143,67.57997934589514,12.883720930232558,32.59404761904762,102.14821808793354,43,0.9347826086956522,46,46,3
Regional ER,66,2066,"{""cardiac"": {""expected_lost"": 16.62617748168447, ""expected_saved"": 1.373822518315532, ""mean_response_minutes"": 57.247807563931424, ""mean_scene_minutes"": 12.000000000000004, ""mean_transport_minutes"": 39.394444444444424, ""p90_response_minutes"": 130.76806045716216, ""patients"": 18, ""response_count"": 18, ""response_minutes"": 1030.4605361507656, ""scene_count"": 18, ""scene_minutes"": 216.00000000000006, ""transport_count"": 18, ""transport_minutes"": 709.0999999999997}, ""minor"": {""expected_lost"": 0.7228283692744293, ""expected_saved"": 6.2771716307255705, ""mean_response_minutes"": 38.154328456975854, ""mean_scene_minutes"": 10.0, ""mean_transport_minutes"": 39.685714285714276, ""p90_response_minutes"": 57.360778621539836, ""patients"": 7, ""response_count"": 7, ""response_minutes"": 267.08029919883097, ""scene_count"": 7, ""scene_minutes"": 70.0, ""transport_count"": 7, ""transport_minutes"": 277.79999999999995}, ""stroke"": {""expected_lost"": 4.0156075509766165, ""expected_saved"": 2.9843924490233835, ""mean_response_minutes"": 31.348178241622684, ""mean_scene_minutes"": 14.0, ""mean_transport_minutes"": 27.628571428571426, ""p90_response_minutes"": 48.71091524653657, ""patients"": 7, ""response_count"": 7, ""response_minutes"": 219.43724769135878, ""scene_count"": 7, ""scene_minutes"": 98.0, ""transport_count"": 7, ""transport_minutes"": 193.39999999999998}, ""trauma"": {""expected_lost"": 9.14927441773885, ""expected_saved"": 0.8507255822611509, ""mean_response_minutes"": 47.26012767073826, ""mean_scene_minutes"": 16.0, ""mean_transport_minutes"": 27.46666666666667, ""p90_response_minutes"": 61.89849289660256, ""patients"": 10, ""response_count"": 9, ""response_minutes"": 425.3411490366443, ""scene_count"": 9, ""scene_minutes"": 144.0, ""transport_count"": 9, ""transport_minutes"": 247.20000000000002}}","{""arrive_hospital"": 97, ""arrive_scene"": 41, ""hospital_release"": 69, ""patient_arrival"": 42, ""reposition_complete"": 40, ""restock_complete"": 40, ""scene_complete"": 41, ""transfer_ready"": 73}",30.513888,11.486112,0.2734788614363248,47.37363980677072,12.878048780487806,34.8170731707317,78.44842151138988,41,0.9761904761904762,42,42,1
Regional ER,67,2067,"{""cardiac"": {""expected_lost"": 16.80019003251139, ""expected_saved"": 1.1998099674886094, ""mean_response_minutes"": 47.78338142757875, ""mean_scene_minutes"": 12.0, ""mean_transport_minutes"": 38.77142857142855, ""p90_response_minutes"": 83.43890593667562, ""patients"": 18, ""response_count"": 14, ""response_minutes"": 668.9673399861025, ""scene_count"": 14, ""scene_minutes"": 168.0, ""transport_count"": 14, ""transport_minutes"": 542.7999999999997}, ""minor"": {""expected_lost"": 2.2643280769717196, ""expected_saved"": 8.73567192302828, ""mean_response_minutes"": 57.33900771144697, ""mean_scene_minutes"": 10.0, ""mean_transport_minutes"": 38.536363636363625, ""p90_response_minutes"": 88.44056574901674, ""patients"": 11, ""response_count"": 11, ""response_minutes"": 630.7290848259166, ""scene_count"": 11, ""scene_minutes"": 110.0, ""transport_count"": 11, ""transport_minutes"": 423.89999999999986}, ""stroke"": {""expected_lost"": 3.834740041431424, ""expected_saved"": 1.1652599585685754, ""mean_response_minutes"": 57.58101997999097, ""mean_scene_minutes"": 11.2, ""mean_transport_minutes"": 26.25, ""p90_response_minutes"": 88.52365199061568, ""patients"": 5, ""response_count"": 5, ""response_minutes"": 287.90509989995485, ""scene_count"": 5, ""scene_minutes"": 56.0, ""transport_count"": 4, ""transport_minutes"": 105.0}, ""trauma"": {""expected_lost"": 11.89062582812331, ""expected_saved"": 1.109374171876689, ""mean_response_minutes"": 106.92133978791624, ""mean_scene_minutes"": 16.000000000000004, ""mean_transport_minutes"": 26.45416666666667, ""p90_response_minutes"": 324.499931921826, ""patients"": 13, ""response_count"": 12, ""response_minutes"": 1283.056077454995, ""scene_count"": 12, ""scene_minutes"": 192.00000000000006, ""transport_count"": 12, ""transport_minutes"": 317.45000000000005}}","{""arrive_hospital"": 93, ""arrive_scene"": 42, ""hospital_release"": 61, ""patient_arrival"": 47, ""reposition_complete"": 39, ""restock_complete"": 39, ""scene_complete"": 41, ""transfer_ready"": 69}",34.789884,12.210116,0.2597897025736629,68.34899052778498,12.523809523809524,33.881707317073165,111.867540333798,42,0.8936170212765957,47,47,5
Regional ER,68,2068,"{""cardiac"": {""expected_lost"": 20.01967899009026, ""expected_saved"": 0.9803210099097378, ""mean_response_minutes"": 45.53988676291418, ""mean_scene_minutes"": 12.0, ""mean_transport_minutes"": 40.36428571428571, ""p90_response_minutes"": 53.668692059118996, ""patients"": 21, ""response_count"": 14, ""response_minutes"": 637.5584146807985, ""scene_count"": 14, ""scene_minutes"": 168.0, ""transport_count"": 14, ""transport_minutes"": 565.0999999999999}, ""minor"": {""expected_lost"": 0.3695710902021757, ""expected_saved"": 5.630428909797824, ""mean_response_minutes"": 26.52491417884219, ""mean_scene_minutes"": 10.0, ""mean_transport_minutes"": 39.75833333333335, ""p90_response_minutes"": 37.57474253652657, ""patients"": 6, ""response_count"": 6, ""response_minutes"": 159.14948507305314, ""scene_count"": 6, ""scene_minutes"": 60.0, ""transport_count"": 6, ""transport_minutes"": 238.55000000000007}, ""stroke"": {""expected_lost"": 6.496704697647857, ""expected_saved"": 3.5032953023521443, ""mean_response_minutes"": 41.70082649085953, ""mean_scene_minutes"": 14.0, ""mean_transport_minutes"": 26.488888888888898, ""p90_response_minutes"": 65.13226696641118, ""patients"": 10, ""response_count"": 9, ""response_minutes"": 375.30743841773574, ""scene_count"": 9, ""scene_minutes"": 126.0, ""transport_count"": 9, ""transport_minutes"": 238.4000000000001}, ""trauma"": {""expected_lost"": 10.327339540970332, ""expected_saved"": 1.6726604590296685, ""mean_response_minutes"": 62.37793391638515, ""mean_scene_minutes"": 16.0, ""mean_transport_minutes"": 26.654166666666658, ""p90_response_minutes"": 166.28103996956582, ""patients"": 12, ""response_count"": 12, ""response_minutes"": 748.5352069966218, ""scene_count"": 12, ""scene_minutes"": 192.0, ""transport_count"": 12, ""transport_minutes"": 319.8499999999999}}","{""arrive_hospital"": 90, ""arrive_scene"": 41, ""hospital_release"": 62, ""patient_arrival"": 49, ""reposition_complete"": 39, ""restock_complete"": 40, ""scene_complete"": 41, ""transfer_ready"": 70}",37.213294,11.786706,0.24054501389978317,46.84269622361486,13.317073170731707,33.21707317073171,94.69720499184837,41,0.8367346938775511,49,49,8
Regional ER,69,2069,"{""cardiac"": {""expected_lost"": 11.467433203325538, ""expected_saved"": 0.5325667966744637, ""mean_response_minutes"": 33.17758167142507, ""mean_scene_minutes"": 12.0, ""mean_transport_minutes"": 40.53333333333331, ""p90_response_minutes"": 45.37837271827259, ""patients"": 12, ""response_count"": 6, ""response_minutes"": 199.0654900285504, ""scene_count"": 6, ""scene_minutes"": 72.0, ""transport_count"": 6, ""transport_minutes"": 243.19999999999985}, ""minor"": {""expected_lost"": 4.5316583652897595, ""expected_saved"": 11.468341634710242, ""mean_response_minutes"": 76.04340901340166, ""mean_scene_minutes"": 10.0, ""mean_transport_minutes"": 40.87666666666666, ""p90_response_minutes"": 101.98950980013527, ""patients"": 16, ""response_count"": 15, ""response_minutes"": 1140.6511352010248, ""scene_count"": 15, ""scene_minutes"": 150.0, ""transport_count"": 15, ""transport_minutes"": 613.1499999999999}, ""stroke"": {""expected_lost"": 13.41007143566528, ""expected_saved"": 3.58992856433472, ""mean_response_minutes"": 51.15536118386845, ""mean_scene_minutes"": 12.923076923076923, ""mean_transport_minutes"": 24.708333333333332, ""p90_response_minutes"": 76.01036829012611, ""patients"": 17, ""response_count"": 13, ""response_minutes"": 665.0196953902898, ""scene_count"": 13, ""scene_minutes"": 168.0, ""transport_count"": 12, ""transport_minutes"": 296.5}, ""trauma"": {""expected_lost"": 16.914844666807795, ""expected_saved"": 1.0851553331922061, ""mean_response_minutes"": 98.45375273810477, ""mean_scene_minutes"": 16.0, ""mean_transport_minutes"": 29.94545454545455, ""p90_response_minutes"": 258.02650903966105, ""patients"": 18, ""response_count"": 11, ""response_minutes"": 1082.9912801191524, ""scene_count"": 11, ""scene_minutes"": 176.0, ""transport_count"": 11, ""transport_minutes"": 329.40000000000003}}","{""arrive_hospital"": 96, ""arrive_scene"": 45, ""hospital_release"": 66, ""patient_arrival"": 63, ""reposition_complete"": 42, ""restock_complete"": 42, ""scene_complete"": 44, ""transfer_ready"": 75}",46.324008,16.675992,0.2646982909351052,68.6161689053115,12.577777777777778,33.68749999999999,101.98950980013531,45,0.7142857142857143,63,63,18
Regional ER,70,2070,"{""cardiac"": {""expected_lost"": 4.5685628989888025, ""expected_saved"": 0.43143710101119737, ""mean_response_minutes"": 40.50884014727181, ""mean_scene_minutes"": 9.6, ""mean_transport_minutes"": 40.900000000000006, ""p90_response_minutes"": 68.8750695070096, ""patients"": 5, ""response_count"": 5, ""response_minutes"": 202.54420073635907, ""scene_count"": 5, ""scene_minutes"": 48.0, ""transport_count"": 4, ""transport_minutes"": 163.60000000000002}, ""minor"": {""expected_lost"": 1.9859438750427327, ""expected_saved"": 8.014056124957268, ""mean_response_minutes"": 67.81603326299205, ""mean_scene_minutes"": 10.0, ""mean_transport_minutes"": 38.429999999999986, ""p90_response_minutes"": 193.87874460146128, ""patients"": 10, ""response_count"": 10, ""response_minutes"": 678.1603326299205, ""scene_count"": 10, ""scene_minutes"": 100.0, ""transport_count"": 10, ""transport_minutes"": 384.29999999999984}, ""stroke"": {""expected_lost"": 11.427164690742083, ""expected_saved"": 5.572835309257917, ""mean_response_minutes"": 44.777030197135836, ""mean_scene_minutes"": 13.176470588235293, ""mean_transport_minutes"": 28.293333333333347, ""p90_response_minutes"": 79.65878074252643, ""patients"": 17, ""response_count"": 17, ""response_minutes"": 761.2095133513092, ""scene_count"": 17, ""scene_minutes"": 224.0, ""transport_count"": 15, ""transport_minutes"": 424.4000000000002}, ""trauma"": {""expected_lost"": 6.848666799839251, ""expected_saved"": 1.1513332001607484, ""mean_response_minutes"": 36.90544657513622, ""mean_scene_minutes"": 16.0, ""mean_transport_minutes"": 29.75, ""p90_response_minutes"": 56.33516180794014, ""patients"": 8, ""response_count"": 8, ""response_minutes"": 295.24357260108974, ""scene_count"": 8, ""scene_minutes"": 128.0, ""transport_count"": 8, ""transport_minutes"": 238.0}}","{""arrive_hospital"": 80, ""arrive_scene"": 40, ""hospital_release"": 58, ""patient_arrival"": 40, ""reposition_complete"": 37, ""restock_complete"": 37, ""scene_complete"": 38, ""transfer_ready"": 66}",24.830338,15.169662,0.37924154338467814,48.42894048296696,12.5,32.71081081081081,91.56443666960621,40,1.0,40,40,0
Regional ER,71,2071,"{""cardiac"": {""expected_lost"": 11.251360152067816, ""expected_saved"": 0.7486398479321839, ""mean_response_minutes"": 34.200225641778424, ""mean_scene_minutes"": 12.0, ""mean_transport_minutes"": 39.484999999999964, ""p90_response_minutes"": 43.269274992043606, ""patients"": 12, ""response_count"": 10, ""response_minutes"": 342.0022564177842, ""scene_count"": 10, ""scene_minutes"": 120.0, ""transport_count"": 10, ""transport_minutes"": 394.8499999999996}, ""minor"": {""expected_lost"": 5.742713788678939, ""expected_saved"": 11.25728621132106, ""mean_response_minutes"": 70.29133135726897, ""mean_scene_minutes"": 10.0, ""mean_transport_minutes"": 40.88, ""p90_response_minutes"": 144.44413995382803, ""patients"": 17, ""response_count"": 15, ""response_minutes"": 1054.3699703590346, ""scene_count"": 15, ""scene_minutes"": 150.0, ""transport_count"": 15, ""transport_minutes"": 613.2}, ""stroke"": {""expected_lost"": 7.276401268561009, ""expected_saved"": 4.723598731438992, ""mean_response_minutes"": 59.54961966309358, ""mean_scene_minutes"": 12.727272727272727, ""mean_transport_minutes"": 25.865, ""p90_response_minutes"": 116.66274785047267, ""patients"": 12, ""response_count"": 11, ""response_minutes"": 655.0458162940294, ""scene_count"": 11, ""scene_minutes"": 140.0, ""transport_count"": 10, ""transport_minutes"": 258.65}, ""trauma"": {""expected_lost"": 6.306212344635642, ""expected_saved"": 0.6937876553643575, ""mean_response_minutes"": 91.28938327151315, ""mean_scene_minutes"": 13.333333333333337, ""mean_transport_minutes"": 28.4, ""p90_response_minutes"": 204.54917410187772, ""patients"": 7, ""response_count"": 6, ""response_minutes"": 547.7362996290789, ""scene_count"": 6, ""scene_minutes"": 80.00000000000003, ""transport_count"": 5, ""transport_minutes"": 142.0}}","{""arrive_hospital"": 98, ""arrive_scene"": 42, ""hospital_release"": 66, ""patient_arrival"": 48, ""reposition_complete"": 39, ""restock_complete"": 39, ""scene_complete"": 40, ""transfer_ready"": 73}",30.576688,17.423312,0.3629856759595123,61.884627207141115,11.666666666666666,35.21749999999999,114.56830394290763,42,0.875,48,48,6
Regional ER,72,2072,"{""cardiac"": {""expected_lost"": 7.667268784910046, ""expected_saved"": 0.3327312150899536, ""mean_response_minutes"": 87.99327327226399, ""mean_scene_minutes"": 12.000000000000016, ""mean_transport_minutes"": 46.49999999999994, ""p90_response_minutes"": 186.9634909821111, ""patients"": 8, ""response_count"": 7, ""response_minutes"": 615.9529129058479, ""scene_count"": 7, ""scene_minutes"": 84.00000000000011, ""transport_count"": 7, ""transport_minutes"": 325.4999999999996}, ""minor"": {""expected_lost"": 1.7398728425609096, ""expected_saved"": 7.26012715743909, ""mean_response_minutes"": 59.242419894673, ""mean_scene_minutes"": 10.0, ""mean_transport_minutes"": 40.02222222222221, ""p90_response_minutes"": 107.83826695929984, ""patients"": 9, ""response_count"": 9, ""response_minutes"": 533.181779052057, ""scene_count"": 9, ""scene_minutes"": 90.0, ""transport_count"": 9, ""transport_minutes"": 360.19999999999993}, ""stroke"": {""expected_lost"": 6.755746618982215, ""expected_saved"": 4.244253381017785, ""mean_response_minutes"": 38.52270004270906, ""mean_scene_minutes"": 14.0, ""mean_transport_minutes"": 25.71999999999998, ""p90_response_minutes"": 83.44413043012503, ""patients"": 11, ""response_count"": 11, ""response_minutes"": 423.7497004697997, ""scene_count"": 11, ""scene_minutes"": 154.0, ""transport_count"": 10, ""transport_minutes"": 257.1999999999998}, ""trauma"": {""expected_lost"": 8.393035784377187, ""expected_saved"": 1.6069642156228123, ""mean_response_minutes"": 32.82764934428327, ""mean_scene_minutes"": 16.0, ""mean_transport_minutes"": 25.049999999999997, ""p90_response_minutes"": 52.897719706111985, ""patients"": 10, ""response_count"": 9, ""response_minutes"": 295.44884409854944, ""scene_count"": 9, ""scene_minutes"": 144.0, ""transport_count"": 9, ""transport_minutes"": 225.45}}","{""arrive_hospital"": 77, ""arrive_scene"": 36, ""hospital_release"": 59, ""patient_arrival"": 38, ""reposition_complete"": 35, ""restock_complete"": 35, ""scene_complete"": 36, ""transfer_ready"": 61}",24.555924,13.444076,0.35379147287288526,51.89814545906261,13.111111111111114,33.38142857142856,99.72274176825823,36,0.9473684210526315,38,38,2
Regional ER,73,2073,"{""cardiac"": {""expected_lost"": 12.728218251679811, ""expected_saved"": 0.27178174771788505, ""mean_response_minutes"": 124.07548870142276, ""mean_scene_minutes"": 12.0, ""mean_transport_minutes"": 42.09374999999997, ""p90_response_minutes"": 337.1557263945872, ""patients"": 13, ""response_count"": 8, ""response_minutes"": 992.603909611382, ""scene_count"": 8, ""scene_minutes"": 96.0, ""transport_count"": 8, ""transport_minutes"": 336.7499999999998}, ""minor"": {""expected_lost"": 4.184833940138759, ""expected_saved"": 12.815166059861244, ""mean_response_minutes"": 56.64143221225452, ""mean_scene_minutes"": 10.0, ""mean_transport_minutes"": 41.14375, ""p90_response_minutes"": 86.64119588688611, ""patients"": 17, ""response_count"": 16, ""response_minutes"": 906.2629153960723, ""scene_count"": 16, ""scene_minutes"": 160.0, ""transport_count"": 16, ""transport_minutes"": 658.3}, ""stroke"": {""expected_lost"": 7.68578492218459, ""expected_saved"": 4.314215077815409, ""mean_response_minutes"": 130.17479013323296, ""mean_scene_minutes"": 14.0, ""mean_transport_minutes"": 25.416666666666668, ""p90_response_minutes"": 430.69174231428514, ""patients"": 12, ""response_count"": 12, ""response_minutes"": 1562.0974815987954, ""scene_count"": 12, ""scene_minutes"": 168.0, ""transport_count"": 12, ""transport_minutes"": 305.0}, ""trauma"": {""expected_lost"": 11.103556487211497, ""expected_saved"": 0.8964435127885038, ""mean_response_minutes"": 89.42430982383823, ""mean_scene_minutes"": 16.0, ""mean_transport_minutes"": 23.333333333333332, ""p90_response_minutes"": 171.0078951302981, ""patients"": 12, ""response_count"": 9, ""response_minutes"": 804.8187884145441, ""scene_count"": 9, ""scene_minutes"": 144.0, ""transport_count"": 9, ""transport_minutes"": 210.0}}","{""arrive_hospital"": 104, ""arrive_scene"": 45, ""hospital_release"": 75, ""patient_arrival"": 54, ""reposition_complete"": 44, ""restock_complete"": 44, ""scene_complete"": 45, ""transfer_ready"": 79}",35.702394,18.297606,0.33884456292931575,94.79517988935096,12.622222222222222,33.55666666666666,289.0636864392096,45,0.8333333333333334,54,54,9
Regional ER,74,2074,"{""cardiac"": {""expected_lost"": 10.515077078444413, ""expected_saved"": 0.4849229215555864, ""mean_response_minutes"": 74.48058354257799, ""mean_scene_minutes"": 10.8, ""mean_transport_minutes"": 39.12222222222223, ""p90_response_minutes"": 124.15557104534454, ""patients"": 11, ""response_count"": 10, ""response_minutes"": 744.80583542578, ""scene_count"": 10, ""scene_minutes"": 108.0, ""transport_count"": 9, ""transport_minutes"": 352.1}, ""minor"": {""expected_lost"": 2.9652706793305974, ""expected_saved"": 13.0347293206694, ""mean_response_minutes"": 56.51445860079079, ""mean_scene_minutes"": 10.0, ""mean_transport_minutes"": 42.19999999999999, ""p90_response_minutes"": 74.09469905452795, ""patients"": 16, ""response_count"": 16, ""response_minutes"": 904.2313376126526, ""scene_count"": 16, ""scene_minutes"": 160.0, ""transport_count"": 16, ""transport_minutes"": 675.1999999999998}, ""stroke"": {""expected_lost"": 6.134392295594695, ""expected_saved"": 1.8656077044053054, ""mean_response_minutes"": 88.07199747991977, ""mean_scene_minutes"": 13.999999999999996, ""mean_transport_minutes"": 28.25, ""p90_response_minutes"": 167.4706090174584, ""patients"": 8, ""response_count"": 8, ""response_minutes"": 704.5759798393582, ""scene_count"": 8, ""scene_minutes"": 111.99999999999997, ""transport_count"": 8, ""transport_minutes"": 226.0}, ""trauma"": {""expected_lost"": 10.752843776551414, ""expected_saved"": 1.2471562234485847, ""mean_response_minutes"": 100.89051562986451, ""mean_scene_minutes"": 16.0, ""mean_transport_minutes"": 26.020000000000003, ""p90_response_minutes"": 149.82172101617084, ""patients"": 12, ""response_count"": 11, ""response_minutes"": 1109.7956719285096, ""scene_count"": 11, ""scene_minutes"": 176.0, ""transport_count"": 10, ""transport_minutes"": 260.20000000000005}}","{""arrive_hospital"": 101, ""arrive_scene"": 45, ""hospital_release"": 72, ""patient_arrival"": 47, ""reposition_complete"": 43, ""restock_complete"": 43, ""scene_complete"": 44, ""transfer_ready"": 76}",30.367584,16.632416,0.3538811951080612,76.96464055125111,12.355555555555556,35.19767441860465,154.08306816931108,45,0.9574468085106383,47,47,2
Regional ER,75,2075,"{""cardiac"": {""expected_lost"": 18.94278051705705, ""expected_saved"": 1.0572194829429524, ""mean_response_minutes"": 68.77223222325088, ""mean_scene_minutes"": 12.0, ""mean_transport_minutes"": 39.265384615384605, ""p90_response_minutes"": 92.99332044810042, ""patients"": 20, ""response_count"": 13, ""response_minutes"": 894.0390189022614, ""scene_count"": 13, ""scene_minutes"": 156.0, ""transport_count"": 13, ""transport_minutes"": 510.4499999999998}, ""minor"": {""expected_lost"": 2.5195909353298083, ""expected_saved"": 7.480409064670192, ""mean_response_minutes"": 79.7554500444597, ""mean_scene_minutes"": 10.0, ""mean_transport_minutes"": 42.03499999999998, ""p90_response_minutes"": 214.49894031557756, ""patients"": 10, ""response_count"": 10, ""response_minutes"": 797.5545004445971, ""scene_count"": 10, ""scene_minutes"": 100.0, ""transport_count"": 10, ""transport_minutes"": 420.3499999999998}, ""stroke"": {""expected_lost"": 5.860040098163543, ""expected_saved"": 2.1399599018364563, ""mean_response_minutes"": 51.52113741990673, ""mean_scene_minutes"": 14.0, ""mean_transport_minutes"": 27.292857142857162, ""p90_response_minutes"": 78.67179302875864, ""patients"": 8, ""response_count"": 8, ""response_minutes"": 412.16909935925383, ""scene_count"": 8, ""scene_minutes"": 112.0, ""transport_count"": 7, ""transport_minutes"": 191.05000000000013}, ""trauma"": {""expected_lost"": 10.658894041104949, ""expected_saved"": 1.3411059588950516, ""mean_response_minutes"": 46.21045742404282, ""mean_scene_minutes"": 16.0, ""mean_transport_minutes"": 25.379999999999995, ""p90_response_minutes"": 65.99207508011463, ""patients"": 12, ""response_count"": 10, ""response_minutes"": 462.10457424042824, ""scene_count"": 10, ""scene_minutes"": 160.0, ""transport_count"": 10, ""transport_minutes"": 253.79999999999995}}","{""arrive_hospital"": 93, ""arrive_scene"": 41, ""hospital_release"": 64, ""patient_arrival"": 50, ""reposition_complete"": 38, ""restock_complete"": 39, ""scene_complete"": 41, ""transfer_ready"": 69}",37.981306,12.018694,0.24037388816689312,62.582126657232706,12.878048780487806,34.39125,105.71594190255826,41,0.82,50,50,9
Regional ER,76,2076,"{""cardiac"": {""expected_lost"": 10.698812683013706, ""expected_saved"": 0.3011873169862925, ""mean_response_minutes"": 109.58625736213065, ""mean_scene_minutes"": 12.0, ""mean_transport_minutes"": 38.50555555555556, ""p90_response_minutes"": 205.819656058695, ""patients"": 11, ""response_count"": 9, ""response_minutes"": 986.2763162591759, ""scene_count"": 9, ""scene_minutes"": 108.0, ""transport_count"": 9, ""transport_minutes"": 346.55000000000007}, ""minor"": {""expected_lost"": 2.3491044488710777, ""expected_saved"": 11.650895551128924, ""mean_response_minutes"": 48.46320205887844, ""mean_scene_minutes"": 9.999999999999991, ""mean_transport_minutes"": 40.27857142857142, ""p90_response_minutes"": 95.88522786311768, ""patients"": 14, ""response_count"": 14, ""response_minutes"": 678.4848288242981, ""scene_count"": 14, ""scene_minutes"": 139.9999999999999, ""transport_count"": 14, ""transport_minutes"": 563.8999999999999}, ""stroke"": {""expected_lost"": 7.557553109382351, ""expected_saved"": 3.44244689061765, ""mean_response_minutes"": 52.12414272220672, ""mean_scene_minutes"": 14.0, ""mean_transport_minutes"": 27.07777777777777, ""p90_response_minutes"": 120.27702879160259, ""patients"": 11, ""response_count"": 9, ""response_minutes"": 469.1172844998605, ""scene_count"": 9, ""scene_minutes"": 126.0, ""transport_count"": 9, ""transport_minutes"": 243.69999999999993}, ""trauma"": {""expected_lost"": 7.242980013818114, ""expected_saved"": 0.7570199861818867, ""mean_response_minutes"": 107.12831427939219, ""mean_scene_minutes"": 16.0, ""mean_transport_minutes"": 26.5, ""p90_response_minutes"": 254.76415310730596, ""patients"": 8, ""response_count"": 8, ""response_minutes"": 857.0265142351375, ""scene_count"": 8, ""scene_minutes"": 128.0, ""transport_count"": 8, ""transport_minutes"": 212.0}}","{""arrive_hospital"": 91, ""arrive_scene"": 40, ""hospital_release"": 63, ""patient_arrival"": 44, ""reposition_complete"": 37, ""restock_complete"": 37, ""scene_complete"": 40, ""transfer_ready"": 69}",27.84845,16.15155,0.36708067602078986,74.7726235954618,12.549999999999997,34.153749999999995,183.2191057833416,40,0.9090909090909091,44,44,4
Regional ER,77,2077,"{""cardiac"": {""expected_lost"": 9.255792571262127, ""expected_saved"": 0.7442074287378728, ""mean_response_minutes"": 26.928953334373855, ""mean_scene_minutes"": 12.0, ""mean_transport_minutes"": 40.52142857142855, ""p90_response_minutes"": 36.118539341554225, ""patients"": 10, ""response_count"": 7, ""response_minutes"": 188.50267334061698, ""scene_count"": 7, ""scene_minutes"": 84.0, ""transport_count"": 7, ""transport_minutes"": 283.64999999999986}, ""minor"": {""expected_lost"": 2.0093432516620555, ""expected_saved"": 11.990656748337946, ""mean_response_minutes"": 41.65601135071467, ""mean_scene_minutes"": 10.0, ""mean_transport_minutes"": 40.685714285714276, ""p90_response_minutes"": 64.22985251064567, ""patients"": 14, ""response_count"": 14, ""response_minutes"": 583.1841589100054, ""scene_count"": 14, ""scene_minutes"": 140.0, ""transport_count"": 14, ""transport_minutes"": 569.5999999999999}, ""stroke"": {""expected_lost"": 7.0396365824751275, ""expected_saved"": 2.9603634175248725, ""mean_response_minutes"": 56.45842915125305, ""mean_scene_minutes"": 14.0, ""mean_transport_minutes"": 26.677777777777784, ""p90_response_minutes"": 92.66949369949552, ""patients"": 10, ""response_count"": 9, ""response_minutes"": 508.1258623612774, ""scene_count"": 9, ""scene_minutes"": 126.0, ""transport_count"": 9, ""transport_minutes"": 240.10000000000005}, ""trauma"": {""expected_lost"": 10.038313079516568, ""expected_saved"": 0.9616869204834327, ""mean_response_minutes"": 81.87069503564385, ""mean_scene_minutes"": 16.0, ""mean_transport_minutes"": 25.35555555555556, ""p90_response_minutes"": 162.08564218583808, ""patients"": 11, ""response_count"": 9, ""response_minutes"": 736.8362553207946, ""scene_count"": 9, ""scene_minutes"": 144.0, ""transport_count"": 9, ""transport_minutes"": 228.20000000000005}}","{""arrive_hospital"": 88, ""arrive_scene"": 39, ""hospital_release"": 59, ""patient_arrival"": 45, ""reposition_complete"": 36, ""restock_complete"": 36, ""scene_complete"": 39, ""transfer_ready"": 67}",28.343085,16.656915,0.37015365589075827,51.70894743417165,12.666666666666666,33.885897435897434,112.9828291726221,39,0.8666666666666667,45,45,6
Regional ER,78,2078,"{""cardiac"": {""expected_lost"": 10.083226803592172, ""expected_saved"": 0.9167731964078263, ""mean_response_minutes"": 40.28839454199863, ""mean_scene_minutes"": 12.0, ""mean_transport_minutes"": 38.338888888888896, ""p90_response_minutes"": 83.92823830709965, ""patients"": 11, ""response_count"": 10, ""response_minutes"": 402.8839454199863, ""scene_count"": 10, ""scene_minutes"": 120.0, ""transport_count"": 9, ""transport_minutes"": 345.05000000000007}, ""minor"": {""expected_lost"": 2.085664691680866, ""expected_saved"": 6.914335308319135, ""mean_response_minutes"": 44.581255784199314, ""mean_scene_minutes"": 10.0, ""mean_transport_minutes"": 39.75, ""p90_response_minutes"": 85.91379880799342, ""patients"": 9, ""response_count"": 8, ""response_minutes"": 356.6500462735945, ""scene_count"": 8, ""scene_minutes"": 80.0, ""transport_count"": 8, ""transport_minutes"": 318.0}, ""stroke"": {""expected_lost"": 7.791368152226905, ""expected_saved"": 3.208631847773095, ""mean_response_minutes"": 45.882906341595366, ""mean_scene_minutes"": 14.0, ""mean_transport_minutes"": 27.388888888888886, ""p90_response_minutes"": 87.99950289014757, ""patients"": 11, ""response_count"": 10, ""response_minutes"": 458.82906341595367, ""scene_count"": 10, ""scene_minutes"": 140.0, ""transport_count"": 9, ""transport_minutes"": 246.49999999999997}, ""trauma"": {""expected_lost"": 9.464400537279339, ""expected_saved"": 1.5355994627206604, ""mean_response_minutes"": 33.09016799543974, ""mean_scene_minutes"": 16.0, ""mean_transport_minutes"": 27.64444444444444, ""p90_response_minutes"": 57.17674466122162, ""patients"": 11, ""response_count"": 9, ""response_minutes"": 297.8115119589577, ""scene_count"": 9, ""scene_minutes"": 144.0, ""transport_count"": 9, ""transport_minutes"": 248.79999999999995}}","{""arrive_hospital"": 77, ""arrive_scene"": 37, ""hospital_release"": 55, ""patient_arrival"": 42, ""reposition_complete"": 34, ""restock_complete"": 34, ""scene_complete"": 37, ""transfer_ready"": 60}",29.42466,12.57534,0.2994128527433503,40.97769100185114,13.08108108108108,33.09571428571428,84.4966070002385,37,0.8809523809523809,42,42,5
Regional ER,79,2079,"{""cardiac"": {""expected_lost"": 12.035355101647328, ""expected_saved"": 0.9646448983526711, ""mean_response_minutes"": 30.254967619336995, ""mean_scene_minutes"": 12.0, ""mean_transport_minutes"": 41.84444444444445, ""p90_response_minutes"": 53.57088256837609, ""patients"": 13, ""response_count"": 9, ""response_minutes"": 272.29470857403294, ""scene_count"": 9, ""scene_minutes"": 108.0, ""transport_count"": 9, ""transport_minutes"": 376.6}, ""minor"": {""expected_lost"": 2.5484233425006346, ""expected_saved"": 10.451576657499366, ""mean_response_minutes"": 62.241540789408084, ""mean_scene_minutes"": 10.0, ""mean_transport_minutes"": 38.38461538461539, ""p90_response_minutes"": 157.1131835291011, ""patients"": 13, ""response_count"": 13, ""response_minutes"": 809.1400302623051, ""scene_count"": 13, ""scene_minutes"": 130.0, ""transport_count"": 13, ""transport_minutes"": 499.0}, ""stroke"": {""expected_lost"": 7.611038298944324, ""expected_saved"": 4.388961701055676, ""mean_response_minutes"": 54.90362401089112, ""mean_scene_minutes"": 14.0, ""mean_transport_minutes"": 25.908333333333342, ""p90_response_minutes"": 99.39334195418202, ""patients"": 12, ""response_count"": 12, ""response_minutes"": 658.8434881306935, ""scene_count"": 12, ""scene_minutes"": 168.0, ""transport_count"": 12, ""transport_minutes"": 310.9000000000001}, ""trauma"": {""expected_lost"": 8.877840233989545, ""expected_saved"": 1.1221597660104552, ""mean_response_minutes"": 40.737714669563616, ""mean_scene_minutes"": 16.0, ""mean_transport_minutes"": 23.599999999999984, ""p90_response_minutes"": 77.85807379141158, ""patients"": 10, ""response_count"": 6, ""response_minutes"": 244.4262880173817, ""scene_count"": 6, ""scene_minutes"": 96.0, ""transport_count"": 6, ""transport_minutes"": 141.5999999999999}}","{""arrive_hospital"": 95, ""arrive_scene"": 40, ""hospital_release"": 63, ""patient_arrival"": 48, ""reposition_complete"": 38, ""restock_complete"": 38, ""scene_complete"": 40, ""transfer_ready"": 72}",31.072657,16.927343,0.3526529796441283,49.61761287461033,12.55,33.2025,98.63389723704145,40,0.8333333333333334,48,48,8
Regional ER,80,2080,"{""cardiac"": {""expected_lost"": 8.583420987380745, ""expected_saved"": 0.41657901261925584, ""mean_response_minutes"": 95.40482800611231, ""mean_scene_minutes"": 12.0, ""mean_transport_minutes"": 41.19285714285712, ""p90_response_minutes"": 158.103108641708, ""patients"": 9, ""response_count"": 7, ""response_minutes"": 667.8337960427862, ""scene_count"": 7, ""scene_minutes"": 84.0, ""transport_count"": 7, ""transport_minutes"": 288.34999999999985}, ""minor"": {""expected_lost"": 2.5787940003621217, ""expected_saved"": 11.421205999637877, ""mean_response_minutes"": 44.04256194351855, ""mean_scene_minutes"": 10.0, ""mean_transport_minutes"": 41.89230769230768, ""p90_response_minutes"": 94.3593557226798, ""patients"": 14, ""response_count"": 14, ""response_minutes"": 616.5958672092597, ""scene_count"": 14, ""scene_minutes"": 140.0, ""transport_count"": 13, ""transport_minutes"": 544.5999999999999}, ""stroke"": {""expected_lost"": 11.17544260292271, ""expected_saved"": 3.824557397077291, ""mean_response_minutes"": 91.5567671807191, ""mean_scene_minutes"": 14.0, ""mean_transport_minutes"": 26.75, ""p90_response_minutes"": 194.5527587331427, ""patients"": 15, ""response_count"": 14, ""response_minutes"": 1281.7947405300674, ""scene_count"": 14, ""scene_minutes"": 196.0, ""transport_count"": 14, ""transport_minutes"": 374.5}, ""trauma"": {""expected_lost"": 7.8886441548445685, ""expected_saved"": 1.111355845155432, ""mean_response_minutes"": 36.38139060345154, ""mean_scene_minutes"": 16.0, ""mean_transport_minutes"": 20.533333333333342, ""p90_response_minutes"": 49.19879256896485, ""patients"": 9, ""response_count"": 6, ""response_minutes"": 218.28834362070927, ""scene_count"": 6, ""scene_minutes"": 96.0, ""transport_count"": 6, ""transport_minutes"": 123.20000000000005}}","{""arrive_hospital"": 94, ""arrive_scene"": 41, ""hospital_release"": 67, ""patient_arrival"": 47, ""reposition_complete"": 38, ""restock_complete"": 39, ""scene_complete"": 41, ""transfer_ready"": 73}",30.226302,16.773698,0.35688719690403947,67.91494505860543,12.585365853658537,33.26625,147.39773875529636,41,0.8723404255319149,47,47,6
Regional ER,81,2081,"{""cardiac"": {""expected_lost"": 9.85624836487911, ""expected_saved"": 1.1437516351208898, ""mean_response_minutes"": 22.903507673767518, ""mean_scene_minutes"": 10.666666666666666, ""mean_transport_minutes"": 39.28125, ""p90_response_minutes"": 30.216145691217346, ""patients"": 11, ""response_count"": 9, ""response_minutes"": 206.13156906390765, ""scene_count"": 9, ""scene_minutes"": 96.0, ""transport_count"": 8, ""transport_minutes"": 314.25}, ""minor"": {""expected_lost"": 0.45849174088336553, ""expected_saved"": 6.541508259116635, ""mean_response_minutes"": 26.796297058535547, ""mean_scene_minutes"": 10.0, ""mean_transport_minutes"": 39.142857142857146, ""p90_response_minutes"": 42.450530652910594, ""patients"": 7, ""response_count"": 7, ""response_minutes"": 187.57407940974883, ""scene_count"": 7, ""scene_minutes"": 70.0, ""transport_count"": 7, ""transport_minutes"": 274.0}, ""stroke"": {""expected_lost"": 6.979632649242464, ""expected_saved"": 5.020367350757536, ""mean_response_minutes"": 34.09143015535828, ""mean_scene_minutes"": 14.000000000000005, ""mean_transport_minutes"": 27.700000000000017, ""p90_response_minutes"": 51.36083718638473, ""patients"": 12, ""response_count"": 12, ""response_minutes"": 409.0971618642994, ""scene_count"": 12, ""scene_minutes"": 168.00000000000006, ""transport_count"": 12, ""transport_minutes"": 332.4000000000002}, ""trauma"": {""expected_lost"": 4.304271791028679, ""expected_saved"": 0.6957282089713204, ""mean_response_minutes"": 42.83087731223568, ""mean_scene_minutes"": 12.8, ""mean_transport_minutes"": 23.25, ""p90_response_minutes"": 71.44853374913619, ""patients"": 5, ""response_count"": 5, ""response_minutes"": 214.1543865611784, ""scene_count"": 5, ""scene_minutes"": 64.0, ""transport_count"": 4, ""transport_minutes"": 93.0}}","{""arrive_hospital"": 73, ""arrive_scene"": 33, ""hospital_release"": 53, ""patient_arrival"": 35, ""reposition_complete"": 31, ""restock_complete"": 31, ""scene_complete"": 31, ""transfer_ready"": 58}",21.598645,13.401355,0.3828958701133251,30.81688475451922,12.060606060606062,32.6983870967742,56.677227540059285,33,0.9428571428571428,35,35,2
Regional ER,82,2082,"{""cardiac"": {""expected_lost"": 11.333083500630623, ""expected_saved"": 0.66691649892872, ""mean_response_minutes"": 107.10688289561641, ""mean_scene_minutes"": 12.0, ""mean_transport_minutes"": 38.54545454545451, ""p90_response_minutes"": 342.7748538301438, ""patients"": 12, ""response_count"": 11, ""response_minutes"": 1178.1757118517805, ""scene_count"": 11, ""scene_minutes"": 132.0, ""transport_count"": 11, ""transport_minutes"": 423.99999999999966}, ""minor"": {""expected_lost"": 3.3512736789473467, ""expected_saved"": 5.648726321052654, ""mean_response_minutes"": 56.185014911398376, ""mean_scene_minutes"": 10.0, ""mean_transport_minutes"": 40.90714285714285, ""p90_response_minutes"": 95.7957909235675, ""patients"": 9, ""response_count"": 7, ""response_minutes"": 393.29510437978865, ""scene_count"": 7, ""scene_minutes"": 70.0, ""transport_count"": 7, ""transport_minutes"": 286.34999999999997}, ""stroke"": {""expected_lost"": 8.727157069751172, ""expected_saved"": 6.272842930248828, ""mean_response_minutes"": 48.35811203140431, ""mean_scene_minutes"": 14.0, ""mean_transport_minutes"": 25.666666666666668, ""p90_response_minutes"": 66.5177552508433, ""patients"": 15, ""response_count"": 15, ""response_minutes"": 725.3716804710647, ""scene_count"": 15, ""scene_minutes"": 210.0, ""transport_count"": 15, ""transport_minutes"": 385.0}, ""trauma"": {""expected_lost"": 10.29578463486565, ""expected_saved"": 0.7042153651343515, ""mean_response_minutes"": 89.6096730958918, ""mean_scene_minutes"": 16.0, ""mean_transport_minutes"": 27.0, ""p90_response_minutes"": 192.2660647114025, ""patients"": 11, ""response_count"": 7, ""response_minutes"": 627.2677116712425, ""scene_count"": 7, ""scene_minutes"": 112.0, ""transport_count"": 7, ""transport_minutes"": 189.0}}","{""arrive_hospital"": 88, ""arrive_scene"": 40, ""hospital_release"": 62, ""patient_arrival"": 47, ""reposition_complete"": 39, ""restock_complete"": 39, ""scene_complete"": 40, ""transfer_ready"": 69}",33.707299,13.292701,0.28282342798647986,73.10275520934692,13.1,32.108749999999986,144.1059392420363,40,0.851063829787234,47,47,7
Regional ER,83,2083,"{""cardiac"": {""expected_lost"": 7.263124888283324, ""expected_saved"": 0.7368751117166765, ""mean_response_minutes"": 42.40353804845961, ""mean_scene_minutes"": 12.0, ""mean_transport_minutes"": 41.12857142857142, ""p90_response_minutes"": 79.7418815581118, ""patients"": 8, ""response_count"": 7, ""response_minutes"": 296.82476633921726, ""scene_count"": 7, ""scene_minutes"": 84.0, ""transport_count"": 7, ""transport_minutes"": 287.8999999999999}, ""minor"": {""expected_lost"": 2.212817888528604, ""expected_saved"": 8.787182111471395, ""mean_response_minutes"": 39.36754476964754, ""mean_scene_minutes"": 10.0, ""mean_transport_minutes"": 36.86, ""p90_response_minutes"": 60.67693402486528, ""patients"": 11, ""response_count"": 10, ""response_minutes"": 393.6754476964754, ""scene_count"": 10, ""scene_minutes"": 100.0, ""transport_count"": 10, ""transport_minutes"": 368.6}, ""stroke"": {""expected_lost"": 5.380093613614569, ""expected_saved"": 3.6199063863854315, ""mean_response_minutes"": 28.09701321693003, ""mean_scene_minutes"": 14.0, ""mean_transport_minutes"": 26.474999999999994, ""p90_response_minutes"": 39.24104258089317, ""patients"": 9, ""response_count"": 8, ""response_minutes"": 224.77610573544024, ""scene_count"": 8, ""scene_minutes"": 112.0, ""transport_count"": 8, ""transport_minutes"": 211.79999999999995}, ""trauma"": {""expected_lost"": 11.811185480144, ""expected_saved"": 2.1888145198560007, ""mean_response_minutes"": 42.506133170635636, ""mean_scene_minutes"": 16.0, ""mean_transport_minutes"": 24.99285714285714, ""p90_response_minutes"": 70.73051226280289, ""patients"": 14, ""response_count"": 14, ""response_minutes"": 595.0858643888989, ""scene_count"": 14, ""scene_minutes"": 224.0, ""transport_count"": 14, ""transport_minutes"": 349.9}}","{""arrive_hospital"": 79, ""arrive_scene"": 39, ""hospital_release"": 55, ""patient_arrival"": 42, ""reposition_complete"": 36, ""restock_complete"": 36, ""scene_complete"": 39, ""transfer_ready"": 62}",26.667222,15.332778,0.3650661459387977,38.72723549128287,13.333333333333334,31.23589743589743,64.18695942008952,39,0.9285714285714286,42,42,3
Regional ER,84,2084,"{""cardiac"": {""expected_lost"": 11.90064580751738, ""expected_saved"": 1.0993541918886758, ""mean_response_minutes"": 70.45004343881253, ""mean_scene_minutes"": 11.999999999999996, ""mean_transport_minutes"": 36.77777777777778, ""p90_response_minutes"": 118.49300103838534, ""patients"": 13, ""response_count"": 9, ""response_minutes"": 634.0503909493127, ""scene_count"": 9, ""scene_minutes"": 107.99999999999997, ""transport_count"": 9, ""transport_minutes"": 331.0}, ""minor"": {""expected_lost"": 1.8583131128923758, ""expected_saved"": 8.141686887107626, ""mean_response_minutes"": 30.04355718685728, ""mean_scene_minutes"": 10.0, ""mean_transport_minutes"": 42.09999999999996, ""p90_response_minutes"": 56.90436877705561, ""patients"": 10, ""response_count"": 9, ""response_minutes"": 270.3920146817155, ""scene_count"": 9, ""scene_minutes"": 90.0, ""transport_count"": 9, ""transport_minutes"": 378.89999999999964}, ""stroke"": {""expected_lost"": 14.93553721655599, ""expected_saved"": 4.064462783444011, ""mean_response_minutes"": 79.97210067709003, ""mean_scene_minutes"": 14.0, ""mean_transport_minutes"": 27.936666666666657, ""p90_response_minutes"": 185.4627316276642, ""patients"": 19, ""response_count"": 16, ""response_minutes"": 1279.5536108334404, ""scene_count"": 16, ""scene_minutes"": 224.0, ""transport_count"": 15, ""transport_minutes"": 419.04999999999984}, ""trauma"": {""expected_lost"": 7.995713460611738, ""expected_saved"": 1.004286539388261, ""mean_response_minutes"": 40.40133187154846, ""mean_scene_minutes"": 16.0, ""mean_transport_minutes"": 29.428571428571427, ""p90_response_minutes"": 58.81475936574206, ""patients"": 9, ""response_count"": 7, ""response_minutes"": 282.8093231008392, ""scene_count"": 7, ""scene_minutes"": 112.0, ""transport_count"": 7, ""transport_minutes"": 206.0}}","{""arrive_hospital"": 89, ""arrive_scene"": 41, ""hospital_release"": 63, ""patient_arrival"": 51, ""reposition_complete"": 38, ""restock_complete"": 38, ""scene_complete"": 41, ""transfer_ready"": 70}",36.69021,14.30979,0.2805841255260504,60.165983891836795,13.024390243902438,33.37374999999999,124.38216584032665,41,0.803921568627451,51,51,10
Regional ER,85,2085,"{""cardiac"": {""expected_lost"": 12.287486482516995, ""expected_saved"": 0.7125135174830034, ""mean_response_minutes"": 64.54128939341706, ""mean_scene_minutes"": 12.0, ""mean_transport_minutes"": 40.95, ""p90_response_minutes"": 163.21759335385786, ""patients"": 13, ""response_count"": 10, ""response_minutes"": 645.4128939341706, ""scene_count"": 10, ""scene_minutes"": 120.0, ""transport_count"": 10, ""transport_minutes"": 409.5}, ""minor"": {""expected_lost"": 1.2502406022634085, ""expected_saved"": 7.749759397736591, ""mean_response_minutes"": 44.80422439795413, ""mean_scene_minutes"": 10.0, ""mean_transport_minutes"": 39.844444444444434, ""p90_response_minutes"": 74.00465772873969, ""patients"": 9, ""response_count"": 9, ""response_minutes"": 403.2380195815872, ""scene_count"": 9, ""scene_minutes"": 90.0, ""transport_count"": 9, ""transport_minutes"": 358.5999999999999}, ""stroke"": {""expected_lost"": 11.064315009555047, ""expected_saved"": 3.9356849904449533, ""mean_response_minutes"": 68.36435823033176, ""mean_scene_minutes"": 14.0, ""mean_transport_minutes"": 26.562499999999996, ""p90_response_minutes"": 96.04699404520724, ""patients"": 15, ""response_count"": 14, ""response_minutes"": 957.1010152246446, ""scene_count"": 14, ""scene_minutes"": 196.0, ""transport_count"": 12, ""transport_minutes"": 318.74999999999994}, ""trauma"": {""expected_lost"": 11.162311396276293, ""expected_saved"": 0.8376886037237062, ""mean_response_minutes"": 61.58939499690388, ""mean_scene_minutes"": 16.0, ""mean_transport_minutes"": 29.310000000000013, ""p90_response_minutes"": 104.66073585793839, ""patients"": 12, ""response_count"": 10, ""response_minutes"": 615.8939499690388, ""scene_count"": 10, ""scene_minutes"": 160.0, ""transport_count"": 10, ""transport_minutes"": 293.10000000000014}}","{""arrive_hospital"": 91, ""arrive_scene"": 43, ""hospital_release"": 65, ""patient_arrival"": 49, ""reposition_complete"": 41, ""restock_complete"": 41, ""scene_complete"": 43, ""transfer_ready"": 72}",35.764353,13.235647,0.2701152348854746,60.968508807196294,13.162790697674419,33.65731707317073,98.35462457828976,43,0.8775510204081632,49,49,6
Regional ER,86,2086,"{""cardiac"": {""expected_lost"": 9.13427602820893, ""expected_saved"": 0.8657239712766711, ""mean_response_minutes"": 68.30221518804794, ""mean_scene_minutes"": 12.0, ""mean_transport_minutes"": 38.95, ""p90_response_minutes"": 163.75369023274845, ""patients"": 10, ""response_count"": 8, ""response_minutes"": 546.4177215043835, ""scene_count"": 8, ""scene_minutes"": 96.0, ""transport_count"": 8, ""transport_minutes"": 311.6}, ""minor"": {""expected_lost"": 3.466829759653797, ""expected_saved"": 9.533170240346205, ""mean_response_minutes"": 71.10297713440268, ""mean_scene_minutes"": 9.999999999999998, ""mean_transport_minutes"": 41.884615384615344, ""p90_response_minutes"": 91.87562549682642, ""patients"": 13, ""response_count"": 13, ""response_minutes"": 924.3387027472348, ""scene_count"": 13, ""scene_minutes"": 129.99999999999997, ""transport_count"": 13, ""transport_minutes"": 544.4999999999994}, ""stroke"": {""expected_lost"": 8.908535705766104, ""expected_saved"": 3.091464294233898, ""mean_response_minutes"": 199.2501027053496, ""mean_scene_minutes"": 14.0, ""mean_transport_minutes"": 26.087499999999995, ""p90_response_minutes"": 726.3048744990554, ""patients"": 12, ""response_count"": 12, ""response_minutes"": 2391.0012324641953, ""scene_count"": 12, ""scene_minutes"": 168.0, ""transport_count"": 12, ""transport_minutes"": 313.04999999999995}, ""trauma"": {""expected_lost"": 7.119180632146888, ""expected_saved"": 0.8808193678531123, ""mean_response_minutes"": 44.562803116816085, ""mean_scene_minutes"": 16.0, ""mean_transport_minutes"": 26.857142857142858, ""p90_response_minutes"": 75.29504881137785, ""patients"": 8, ""response_count"": 7, ""response_minutes"": 311.9396218177126, ""scene_count"": 7, ""scene_minutes"": 112.0, ""transport_count"": 7, ""transport_minutes"": 188.0}}","{""arrive_hospital"": 93, ""arrive_scene"": 40, ""hospital_release"": 63, ""patient_arrival"": 43, ""reposition_complete"": 37, ""restock_complete"": 37, ""scene_complete"": 40, ""transfer_ready"": 73}",28.628822,14.371178,0.3342134389234857,104.34243196333811,12.65,33.92874999999999,201.58887363262988,40,0.9302325581395349,43,43,3
Regional ER,87,2087,"{""cardiac"": {""expected_lost"": 8.53965827803507, ""expected_saved"": 0.4603417219649301, ""mean_response_minutes"": 65.46612988515373, ""mean_scene_minutes"": 12.0, ""mean_transport_minutes"": 37.142857142857146, ""p90_response_minutes"": 145.87232492958833, ""patients"": 9, ""response_count"": 7, ""response_minutes"": 458.2629091960762, ""scene_count"": 7, ""scene_minutes"": 84.0, ""transport_count"": 7, ""transport_minutes"": 260.0}, ""minor"": {""expected_lost"": 2.45841686702488, ""expected_saved"": 11.54158313297512, ""mean_response_minutes"": 52.68243740854889, ""mean_scene_minutes"": 10.0, ""mean_transport_minutes"": 40.60357142857141, ""p90_response_minutes"": 80.73881101339771, ""patients"": 14, ""response_count"": 14, ""response_minutes"": 737.5541237196845, ""scene_count"": 14, ""scene_minutes"": 140.0, ""transport_count"": 14, ""transport_minutes"": 568.4499999999998}, ""stroke"": {""expected_lost"": 5.972043002145189, ""expected_saved"": 2.027956997854811, ""mean_response_minutes"": 59.24866844037999, ""mean_scene_minutes"": 12.25, ""mean_transport_minutes"": 27.149999999999995, ""p90_response_minutes"": 127.2071102449193, ""patients"": 8, ""response_count"": 8, ""response_minutes"": 473.9893475230399, ""scene_count"": 8, ""scene_minutes"": 98.0, ""transport_count"": 6, ""transport_minutes"": 162.89999999999998}, ""trauma"": {""expected_lost"": 13.790526633517496, ""expected_saved"": 2.209473366482503, ""mean_response_minutes"": 56.61887303957969, ""mean_scene_minutes"": 16.0, ""mean_transport_minutes"": 23.833333333333332, ""p90_response_minutes"": 144.51920294917136, ""patients"": 16, ""response_count"": 15, ""response_minutes"": 849.2830955936953, ""scene_count"": 15, ""scene_minutes"": 240.0, ""transport_count"": 15, ""transport_minutes"": 357.5}}","{""arrive_hospital"": 88, ""arrive_scene"": 44, ""hospital_release"": 59, ""patient_arrival"": 47, ""reposition_complete"": 41, ""restock_complete"": 41, ""scene_complete"": 43, ""transfer_ready"": 68}",30.760645,16.239355,0.34551819615483736,57.25203354619309,12.772727272727273,32.11547619047619,141.96755459506272,44,0.9361702127659575,47,47,3
Regional ER,88,2088,"{""cardiac"": {""expected_lost"": 16.59725194129871, ""expected_saved"": 0.402748058701292, ""mean_response_minutes"": 90.45869117718229, ""mean_scene_minutes"": 12.0, ""mean_transport_minutes"": 40.93999999999998, ""p90_response_minutes"": 190.79957936666642, ""patients"": 17, ""response_count"": 11, ""response_minutes"": 995.0456029490051, ""scene_count"": 11, ""scene_minutes"": 132.0, ""transport_count"": 10, ""transport_minutes"": 409.39999999999986}, ""minor"": {""expected_lost"": 1.5000022114385179, ""expected_saved"": 9.499997788561483, ""mean_response_minutes"": 43.00151966766852, ""mean_scene_minutes"": 10.0, ""mean_transport_minutes"": 40.1, ""p90_response_minutes"": 49.67225126827293, ""patients"": 11, ""response_count"": 11, ""response_minutes"": 473.0167163443537, ""scene_count"": 11, ""scene_minutes"": 110.0, ""transport_count"": 11, ""transport_minutes"": 441.1}, ""stroke"": {""expected_lost"": 5.457051722599824, ""expected_saved"": 2.542948277400177, ""mean_response_minutes"": 76.24063955635802, ""mean_scene_minutes"": 14.0, ""mean_transport_minutes"": 27.81875000000001, ""p90_response_minutes"": 192.8606028300574, ""patients"": 8, ""response_count"": 8, ""response_minutes"": 609.9251164508642, ""scene_count"": 8, ""scene_minutes"": 112.0, ""transport_count"": 8, ""transport_minutes"": 222.55000000000007}, ""trauma"": {""expected_lost"": 12.797739348098156, ""expected_saved"": 1.202260651901842, ""mean_response_minutes"": 63.546547524445344, ""mean_scene_minutes"": 14.545454545454545, ""mean_transport_minutes"": 29.619999999999997, ""p90_response_minutes"": 137.53909046967215, ""patients"": 14, ""response_count"": 11, ""response_minutes"": 699.0120227688988, ""scene_count"": 11, ""scene_minutes"": 160.0, ""transport_count"": 10, ""transport_minutes"": 296.2}}","{""arrive_hospital"": 89, ""arrive_scene"": 41, ""hospital_release"": 59, ""patient_arrival"": 50, ""reposition_complete"": 38, ""restock_complete"": 38, ""scene_complete"": 40, ""transfer_ready"": 68}",36.352045,13.647955,0.2729590955312959,67.73169411007613,12.536585365853659,35.10897435897436,190.79957936666642,41,0.82,50,50,9
Regional ER,89,2089,"{""cardiac"": {""expected_lost"": 14.422873800830137, ""expected_saved"": 0.5771261991698633, ""mean_response_minutes"": 64.93869976449494, ""mean_scene_minutes"": 12.0, ""mean_transport_minutes"": 40.154999999999994, ""p90_response_minutes"": 102.43539847588703, ""patients"": 15, ""response_count"": 10, ""response_minutes"": 649.3869976449494, ""scene_count"": 10, ""scene_minutes"": 120.0, ""transport_count"": 10, ""transport_minutes"": 401.54999999999995}, ""minor"": {""expected_lost"": 3.3587866455014526, ""expected_saved"": 11.641213354498545, ""mean_response_minutes"": 60.790232324646254, ""mean_scene_minutes"": 10.0, ""mean_transport_minutes"": 39.596666666666664, ""p90_response_minutes"": 81.8510696204647, ""patients"": 15, ""response_count"": 15, ""response_minutes"": 911.8534848696938, ""scene_count"": 15, ""scene_minutes"": 150.0, ""transport_count"": 15, ""transport_minutes"": 593.9499999999999}, ""stroke"": {""expected_lost"": 9.226794310867016, ""expected_saved"": 4.773205689132984, ""mean_response_minutes"": 50.470525379523124, ""mean_scene_minutes"": 13.999999999999998, ""mean_transport_minutes"": 26.174999999999994, ""p90_response_minutes"": 85.94774219898703, ""patients"": 14, ""response_count"": 14, ""response_minutes"": 706.5873553133238, ""scene_count"": 14, ""scene_minutes"": 195.99999999999997, ""transport_count"": 14, ""transport_minutes"": 366.44999999999993}, ""trauma"": {""expected_lost"": 6.4053057098690855, ""expected_saved"": 0.5946942901309153, ""mean_response_minutes"": 66.30508339649064, ""mean_scene_minutes"": 16.0, ""mean_transport_minutes"": 22.98333333333335, ""p90_response_minutes"": 104.32443562298113, ""patients"": 7, ""response_count"": 6, ""response_minutes"": 397.83050037894384, ""scene_count"": 6, ""scene_minutes"": 96.0, ""transport_count"": 6, ""transport_minutes"": 137.9000000000001}}","{""arrive_hospital"": 107, ""arrive_scene"": 45, ""hospital_release"": 70, ""patient_arrival"": 51, ""reposition_complete"": 42, ""restock_complete"": 42, ""scene_complete"": 45, ""transfer_ready"": 81}",33.41376,17.58624,0.3448282261359277,59.23685196015358,12.488888888888889,33.33,91.95300841884412,45,0.8823529411764706,51,51,6
Regional ER,90,2090,"{""cardiac"": {""expected_lost"": 13.369506714750974, ""expected_saved"": 0.6304932852490259, ""mean_response_minutes"": 78.27238646694776, ""mean_scene_minutes"": 10.909090909090908, ""mean_transport_minutes"": 41.35999999999999, ""p90_response_minutes"": 193.75667535779246, ""patients"": 14, ""response_count"": 11, ""response_minutes"": 860.9962511364255, ""scene_count"": 11, ""scene_minutes"": 120.0, ""transport_count"": 10, ""transport_minutes"": 413.5999999999999}, ""minor"": {""expected_lost"": 2.3078091444633797, ""expected_saved"": 14.692190855536621, ""mean_response_minutes"": 42.38361114264334, ""mean_scene_minutes"": 10.0, ""mean_transport_minutes"": 41.34117647058824, ""p90_response_minutes"": 65.64423839505477, ""patients"": 17, ""response_count"": 17, ""response_minutes"": 720.5213894249367, ""scene_count"": 17, ""scene_minutes"": 170.0, ""transport_count"": 17, ""transport_minutes"": 702.8000000000001}, ""stroke"": {""expected_lost"": 7.608969107036383, ""expected_saved"": 1.391030892963618, ""mean_response_minutes"": 86.7415067747323, ""mean_scene_minutes"": 14.0, ""mean_transport_minutes"": 28.0, ""p90_response_minutes"": 185.7851907420819, ""patients"": 9, ""response_count"": 8, ""response_minutes"": 693.9320541978584, ""scene_count"": 8, ""scene_minutes"": 112.0, ""transport_count"": 7, ""transport_minutes"": 196.0}, ""trauma"": {""expected_lost"": 9.815994814644792, ""expected_saved"": 1.184005185355207, ""mean_response_minutes"": 39.009323998420534, ""mean_scene_minutes"": 14.4, ""mean_transport_minutes"": 24.39999999999999, ""p90_response_minutes"": 74.67801725560203, ""patients"": 11, ""response_count"": 10, ""response_minutes"": 390.09323998420535, ""scene_count"": 10, ""scene_minutes"": 144.0, ""transport_count"": 9, ""transport_minutes"": 219.5999999999999}}","{""arrive_hospital"": 104, ""arrive_scene"": 46, ""hospital_release"": 71, ""patient_arrival"": 51, ""reposition_complete"": 43, ""restock_complete"": 43, ""scene_complete"": 44, ""transfer_ready"": 77}",33.10228,17.89772,0.35093569057067575,57.94658553790057,11.869565217391305,35.627906976744185,137.33798284763938,46,0.9019607843137255,51,51,5
Regional ER,91,2091,"{""cardiac"": {""expected_lost"": 12.231352545678716, ""expected_saved"": 0.7686474543212845, ""mean_response_minutes"": 82.30574472167167, ""mean_scene_minutes"": 12.0, ""mean_transport_minutes"": 40.859090909090895, ""p90_response_minutes"": 156.22162199904062, ""patients"": 13, ""response_count"": 11, ""response_minutes"": 905.3631919383884, ""scene_count"": 11, ""scene_minutes"": 132.0, ""transport_count"": 11, ""transport_minutes"": 449.4499999999998}, ""minor"": {""expected_lost"": 2.923433642385321, ""expected_saved"": 7.076566357614679, ""mean_response_minutes"": 70.62178286943922, ""mean_scene_minutes"": 9.999999999999993, ""mean_transport_minutes"": 39.227777777777774, ""p90_response_minutes"": 119.07511850993812, ""patients"": 10, ""response_count"": 9, ""response_minutes"": 635.596045824953, ""scene_count"": 9, ""scene_minutes"": 89.99999999999994, ""transport_count"": 9, ""transport_minutes"": 353.04999999999995}, ""stroke"": {""expected_lost"": 6.203955259931572, ""expected_saved"": 2.7960447400684276, ""mean_response_minutes"": 42.278611842031125, ""mean_scene_minutes"": 12.444444444444445, ""mean_transport_minutes"": 26.86250000000001, ""p90_response_minutes"": 62.66109144336174, ""patients"": 9, ""response_count"": 9, ""response_minutes"": 380.50750657828013, ""scene_count"": 9, ""scene_minutes"": 112.0, ""transport_count"": 8, ""transport_minutes"": 214.9000000000001}, ""trauma"": {""expected_lost"": 7.854902361208999, ""expected_saved"": 1.1450976387910012, ""mean_response_minutes"": 35.25500902948948, ""mean_scene_minutes"": 16.0, ""mean_transport_minutes"": 28.75, ""p90_response_minutes"": 58.098161624844515, ""patients"": 9, ""response_count"": 9, ""response_minutes"": 317.2950812654053, ""scene_count"": 9, ""scene_minutes"": 144.0, ""transport_count"": 9, ""transport_minutes"": 258.75}}","{""arrive_hospital"": 85, ""arrive_scene"": 38, ""hospital_release"": 60, ""patient_arrival"": 41, ""reposition_complete"": 37, ""restock_complete"": 37, ""scene_complete"": 37, ""transfer_ready"": 65}",29.213644,11.786356,0.28747210221452174,58.91478488439543,12.578947368421051,34.490540540540536,131.54001150325885,38,0.926829268292683,41,41,3
Regional ER,92,2092,"{""cardiac"": {""expected_lost"": 7.462836966289657, ""expected_saved"": 0.5371630337103415, ""mean_response_minutes"": 52.76950040282158, ""mean_scene_minutes"": 12.0, ""mean_transport_minutes"": 40.912499999999966, ""p90_response_minutes"": 98.8922692669274, ""patients"": 8, ""response_count"": 8, ""response_minutes"": 422.1560032225726, ""scene_count"": 8, ""scene_minutes"": 96.0, ""transport_count"": 8, ""transport_minutes"": 327.2999999999997}, ""minor"": {""expected_lost"": 2.951755022086779, ""expected_saved"": 7.04824497791322, ""mean_response_minutes"": 52.043711795771344, ""mean_scene_minutes"": 10.0, ""mean_transport_minutes"": 34.875, ""p90_response_minutes"": 93.32082935654932, ""patients"": 10, ""response_count"": 10, ""response_minutes"": 520.4371179577134, ""scene_count"": 10, ""scene_minutes"": 100.0, ""transport_count"": 8, ""transport_minutes"": 279.0}, ""stroke"": {""expected_lost"": 7.821292349160031, ""expected_saved"": 4.1787076508399705, ""mean_response_minutes"": 49.33617370858061, ""mean_scene_minutes"": 14.0, ""mean_transport_minutes"": 28.633333333333326, ""p90_response_minutes"": 72.68556583812178, ""patients"": 12, ""response_count"": 12, ""response_minutes"": 592.0340845029673, ""scene_count"": 12, ""scene_minutes"": 168.0, ""transport_count"": 12, ""transport_minutes"": 343.5999999999999}, ""trauma"": {""expected_lost"": 9.819208034289563, ""expected_saved"": 1.1807919657104387, ""mean_response_minutes"": 46.602920662513164, ""mean_scene_minutes"": 16.0, ""mean_transport_minutes"": 28.931818181818183, ""p90_response_minutes"": 68.80379252156621, ""patients"": 11, ""response_count"": 11, ""response_minutes"": 512.6321272876448, ""scene_count"": 11, ""scene_minutes"": 176.0, ""transport_count"": 11, ""transport_minutes"": 318.25}}","{""arrive_hospital"": 81, ""arrive_scene"": 41, ""hospital_release"": 61, ""patient_arrival"": 41, ""reposition_complete"": 38, ""restock_complete"": 38, ""scene_complete"": 41, ""transfer_ready"": 66}",28.055092,12.944908,0.3157294543457065,49.93315446270484,13.170731707317072,32.51666666666666,91.16679320249216,41,1.0,41,41,0
Regional ER,93,2093,"{""cardiac"": {""expected_lost"": 10.965857242156874, ""expected_saved"": 1.034142757843128, ""mean_response_minutes"": 55.437574721821676, ""mean_scene_minutes"": 12.0, ""mean_transport_minutes"": 39.35454545454545, ""p90_response_minutes"": 182.09730504994832, ""patients"": 12, ""response_count"": 11, ""response_minutes"": 609.8133219400385, ""scene_count"": 11, ""scene_minutes"": 132.0, ""transport_count"": 11, ""transport_minutes"": 432.9}, ""minor"": {""expected_lost"": 1.7494699977883916, ""expected_saved"": 8.250530002211608, ""mean_response_minutes"": 32.83989970783834, ""mean_scene_minutes"": 10.0, ""mean_transport_minutes"": 40.19444444444446, ""p90_response_minutes"": 45.84287095005776, ""patients"": 10, ""response_count"": 9, ""response_minutes"": 295.5590973705451, ""scene_count"": 9, ""scene_minutes"": 90.0, ""transport_count"": 9, ""transport_minutes"": 361.7500000000001}, ""stroke"": {""expected_lost"": 4.936648940293318, ""expected_saved"": 3.063351059706682, ""mean_response_minutes"": 36.84505157347571, ""mean_scene_minutes"": 14.0, ""mean_transport_minutes"": 28.25, ""p90_response_minutes"": 74.23006402417332, ""patients"": 8, ""response_count"": 7, ""response_minutes"": 257.91536101432996, ""scene_count"": 7, ""scene_minutes"": 98.0, ""transport_count"": 7, ""transport_minutes"": 197.75}, ""trauma"": {""expected_lost"": 12.768512526126042, ""expected_saved"": 1.2314874738739576, ""mean_response_minutes"": 37.525975164304995, ""mean_scene_minutes"": 16.0, ""mean_transport_minutes"": 25.018181818181823, ""p90_response_minutes"": 61.651458259784384, ""patients"": 14, ""response_count"": 12, ""response_minutes"": 450.31170197165994, ""scene_count"": 12, ""scene_minutes"": 192.0, ""transport_count"": 11, ""transport_minutes"": 275.20000000000005}}","{""arrive_hospital"": 85, ""arrive_scene"": 39, ""hospital_release"": 60, ""patient_arrival"": 44, ""reposition_complete"": 38, ""restock_complete"": 38, ""scene_complete"": 39, ""transfer_ready"": 65}",30.420489,13.579511,0.30862525667353125,41.37434569991213,13.128205128205128,33.357894736842105,63.819023177329285,39,0.8863636363636364,44,44,5
Regional ER,94,2094,"{""cardiac"": {""expected_lost"": 3.2040717264188117, ""expected_saved"": 0.795928273581188, ""mean_response_minutes"": 16.118784884639098, ""mean_scene_minutes"": 12.0, ""mean_transport_minutes"": 37.5, ""p90_response_minutes"": 24.732597676989474, ""patients"": 4, ""response_count"": 4, ""response_minutes"": 64.47513953855639, ""scene_count"": 4, ""scene_minutes"": 48.0, ""transport_count"": 4, ""transport_minutes"": 150.0}, ""minor"": {""expected_lost"": 0.8282388157090428, ""expected_saved"": 11.17176118429096, ""mean_response_minutes"": 27.580492464728902, ""mean_scene_minutes"": 10.0, ""mean_transport_minutes"": 39.71666666666667, ""p90_response_minutes"": 49.79428155615837, ""patients"": 12, ""response_count"": 12, ""response_minutes"": 330.9659095767468, ""scene_count"": 12, ""scene_minutes"": 120.0, ""transport_count"": 12, ""transport_minutes"": 476.6}, ""stroke"": {""expected_lost"": 6.111978463003868, ""expected_saved"": 3.8880215369961317, ""mean_response_minutes"": 30.63686596765162, ""mean_scene_minutes"": 12.6, ""mean_transport_minutes"": 30.799999999999997, ""p90_response_minutes"": 45.30970158632722, ""patients"": 10, ""response_count"": 10, ""response_minutes"": 306.3686596765162, ""scene_count"": 10, ""scene_minutes"": 126.0, ""transport_count"": 9, ""transport_minutes"": 277.2}, ""trauma"": {""expected_lost"": 6.6614256391696065, ""expected_saved"": 1.3385743608303928, ""mean_response_minutes"": 37.2127740003545, ""mean_scene_minutes"": 16.0, ""mean_transport_minutes"": 26.5, ""p90_response_minutes"": 64.4469225414475, ""patients"": 8, ""response_count"": 8, ""response_minutes"": 297.702192002836, ""scene_count"": 8, ""scene_minutes"": 128.0, ""transport_count"": 8, ""transport_minutes"": 212.0}}","{""arrive_hospital"": 74, ""arrive_scene"": 34, ""hospital_release"": 58, ""patient_arrival"": 34, ""reposition_complete"": 33, ""restock_complete"": 33, ""scene_complete"": 33, ""transfer_ready"": 58}",16.805715,17.194285,0.5057142751676078,29.39740884690163,12.411764705882353,33.81212121212121,48.969288978934465,34,1.0,34,34,0
Regional ER,95,2095,"{""cardiac"": {""expected_lost"": 14.561035246478752, ""expected_saved"": 0.43896475352124625, ""mean_response_minutes"": 25.937539860737047, ""mean_scene_minutes"": 12.0, ""mean_transport_minutes"": 39.75, ""p90_response_minutes"": 41.45009566576891, ""patients"": 15, ""response_count"": 3, ""response_minutes"": 77.81261958221114, ""scene_count"": 3, ""scene_minutes"": 36.0, ""transport_count"": 3, ""transport_minutes"": 119.25}, ""minor"": {""expected_lost"": 1.8881473485054898, ""expected_saved"": 10.111852651494509, ""mean_response_minutes"": 47.19572696312243, ""mean_scene_minutes"": 10.0, ""mean_transport_minutes"": 38.866666666666674, ""p90_response_minutes"": 76.65067990812075, ""patients"": 12, ""response_count"": 12, ""response_minutes"": 566.3487235574692, ""scene_count"": 12, ""scene_minutes"": 120.0, ""transport_count"": 12, ""transport_minutes"": 466.4000000000001}, ""stroke"": {""expected_lost"": 12.430091625954834, ""expected_saved"": 3.569908374045166, ""mean_response_minutes"": 63.152683407203774, ""mean_scene_minutes"": 14.0, ""mean_transport_minutes"": 29.122727272727264, ""p90_response_minutes"": 88.4151868247061, ""patients"": 16, ""response_count"": 11, ""response_minutes"": 694.6795174792416, ""scene_count"": 11, ""scene_minutes"": 154.0, ""transport_count"": 11, ""transport_minutes"": 320.3499999999999}, ""trauma"": {""expected_lost"": 14.34020138541659, ""expected_saved"": 1.6597986145834107, ""mean_response_minutes"": 49.411665207632005, ""mean_scene_minutes"": 15.999999999999998, ""mean_transport_minutes"": 25.760714285714275, ""p90_response_minutes"": 107.40101790589567, ""patients"": 16, ""response_count"": 14, ""response_minutes"": 691.7633129068481, ""scene_count"": 14, ""scene_minutes"": 223.99999999999997, ""transport_count"": 14, ""transport_minutes"": 360.64999999999986}}","{""arrive_hospital"": 80, ""arrive_scene"": 40, ""hospital_release"": 54, ""patient_arrival"": 59, ""reposition_complete"": 37, ""restock_complete"": 37, ""scene_complete"": 40, ""transfer_ready"": 64}",43.219476,15.780524,0.2674665151465141,50.76510433814425,13.35,31.666249999999998,88.49948099358951,40,0.6779661016949152,59,59,19
Regional ER,96,2096,"{""cardiac"": {""expected_lost"": 7.331032025729931, ""expected_saved"": 0.6689679742700695, ""mean_response_minutes"": 70.80739074482034, ""mean_scene_minutes"": 12.0, ""mean_transport_minutes"": 36.96875, ""p90_response_minutes"": 141.58123222186686, ""patients"": 8, ""response_count"": 8, ""response_minutes"": 566.4591259585627, ""scene_count"": 8, ""scene_minutes"": 96.0, ""transport_count"": 8, ""transport_minutes"": 295.75}, ""minor"": {""expected_lost"": 1.2688634178346623, ""expected_saved"": 9.731136582165338, ""mean_response_minutes"": 37.13647077213648, ""mean_scene_minutes"": 10.0, ""mean_transport_minutes"": 41.38636363636363, ""p90_response_minutes"": 79.08364613102503, ""patients"": 11, ""response_count"": 11, ""response_minutes"": 408.50117849350124, ""scene_count"": 11, ""scene_minutes"": 110.0, ""transport_count"": 11, ""transport_minutes"": 455.25}, ""stroke"": {""expected_lost"": 7.097556764083547, ""expected_saved"": 3.9024432359164534, ""mean_response_minutes"": 32.237317604107304, ""mean_scene_minutes"": 12.6, ""mean_transport_minutes"": 30.91666666666668, ""p90_response_minutes"": 52.76458489093909, ""patients"": 11, ""response_count"": 10, ""response_minutes"": 322.37317604107307, ""scene_count"": 10, ""scene_minutes"": 126.0, ""transport_count"": 9, ""transport_minutes"": 278.2500000000001}, ""trauma"": {""expected_lost"": 7.407935328209131, ""expected_saved"": 1.592064671790868, ""mean_response_minutes"": 46.93031766884647, ""mean_scene_minutes"": 16.0, ""mean_transport_minutes"": 26.51666666666665, ""p90_response_minutes"": 86.52864310830576, ""patients"": 9, ""response_count"": 9, ""response_minutes"": 422.3728590196182, ""scene_count"": 9, ""scene_minutes"": 144.0, ""transport_count"": 9, ""transport_minutes"": 238.64999999999986}}","{""arrive_hospital"": 83, ""arrive_scene"": 38, ""hospital_release"": 60, ""patient_arrival"": 39, ""reposition_complete"": 35, ""restock_complete"": 35, ""scene_complete"": 37, ""transfer_ready"": 64}",23.105388,15.894612,0.40755416574724934,45.25542998717777,12.526315789473685,34.26756756756757,92.51281167684672,38,0.9743589743589743,39,39,1
Regional ER,97,2097,"{""cardiac"": {""expected_lost"": 13.884364591923786, ""expected_saved"": 1.1156354080762123, ""mean_response_minutes"": 66.94641703700583, ""mean_scene_minutes"": 12.0, ""mean_transport_minutes"": 36.785714285714285, ""p90_response_minutes"": 194.1810413003785, ""patients"": 15, ""response_count"": 14, ""response_minutes"": 937.2498385180816, ""scene_count"": 14, ""scene_minutes"": 168.0, ""transport_count"": 14, ""transport_minutes"": 515.0}, ""minor"": {""expected_lost"": 2.27721401175216, ""expected_saved"": 8.72278598824784, ""mean_response_minutes"": 40.9568911615309, ""mean_scene_minutes"": 10.0, ""mean_transport_minutes"": 42.72499999999998, ""p90_response_minutes"": 67.7793202594301, ""patients"": 11, ""response_count"": 10, ""response_minutes"": 409.568911615309, ""scene_count"": 10, ""scene_minutes"": 100.0, ""transport_count"": 10, ""transport_minutes"": 427.2499999999998}, ""stroke"": {""expected_lost"": 6.807302752926232, ""expected_saved"": 3.192697247073768, ""mean_response_minutes"": 51.911759702368535, ""mean_scene_minutes"": 14.0, ""mean_transport_minutes"": 25.5, ""p90_response_minutes"": 78.4451234056253, ""patients"": 10, ""response_count"": 10, ""response_minutes"": 519.1175970236853, ""scene_count"": 10, ""scene_minutes"": 140.0, ""transport_count"": 10, ""transport_minutes"": 255.0}, ""trauma"": {""expected_lost"": 10.088789773149468, ""expected_saved"": 0.9112102268505315, ""mean_response_minutes"": 103.30728476313193, ""mean_scene_minutes"": 16.0, ""mean_transport_minutes"": 20.75, ""p90_response_minutes"": 181.92520327084625, ""patients"": 11, ""response_count"": 10, ""response_minutes"": 1033.0728476313193, ""scene_count"": 10, ""scene_minutes"": 160.0, ""transport_count"": 9, ""transport_minutes"": 186.75}}","{""arrive_hospital"": 99, ""arrive_scene"": 44, ""hospital_release"": 69, ""patient_arrival"": 47, ""reposition_complete"": 42, ""restock_complete"": 42, ""scene_complete"": 44, ""transfer_ready"": 76}",33.057671,13.942329,0.2966452951116671,65.88657260882718,12.909090909090908,32.1860465116279,130.8703256749867,44,0.9361702127659575,47,47,3
Regional ER,98,2098,"{""cardiac"": {""expected_lost"": 9.711649856896267, ""expected_saved"": 0.28835014290465094, ""mean_response_minutes"": 116.81306308728908, ""mean_scene_minutes"": 10.5, ""mean_transport_minutes"": 39.72857142857141, ""p90_response_minutes"": 301.62369601868585, ""patients"": 10, ""response_count"": 8, ""response_minutes"": 934.5045046983126, ""scene_count"": 8, ""scene_minutes"": 84.0, ""transport_count"": 7, ""transport_minutes"": 278.0999999999999}, ""minor"": {""expected_lost"": 1.061388474622819, ""expected_saved"": 5.938611525377181, ""mean_response_minutes"": 47.24612391950223, ""mean_scene_minutes"": 10.0, ""mean_transport_minutes"": 38.94285714285714, ""p90_response_minutes"": 63.36480652741214, ""patients"": 7, ""response_count"": 7, ""response_minutes"": 330.7228674365156, ""scene_count"": 7, ""scene_minutes"": 70.0, ""transport_count"": 7, ""transport_minutes"": 272.6}, ""stroke"": {""expected_lost"": 10.775780684387165, ""expected_saved"": 5.2242193156128325, ""mean_response_minutes"": 49.78435190316216, ""mean_scene_minutes"": 14.0, ""mean_transport_minutes"": 26.94000000000001, ""p90_response_minutes"": 68.11676064419069, ""patients"": 16, ""response_count"": 15, ""response_minutes"": 746.7652785474324, ""scene_count"": 15, ""scene_minutes"": 210.0, ""transport_count"": 15, ""transport_minutes"": 404.10000000000014}, ""trauma"": {""expected_lost"": 9.771391445571606, ""expected_saved"": 1.228608554428395, ""mean_response_minutes"": 76.210740984713, ""mean_scene_minutes"": 16.000000000000004, ""mean_transport_minutes"": 29.304545454545448, ""p90_response_minutes"": 197.20956506440245, ""patients"": 11, ""response_count"": 11, ""response_minutes"": 838.318150831843, ""scene_count"": 11, ""scene_minutes"": 176.00000000000003, ""transport_count"": 11, ""transport_minutes"": 322.3499999999999}}","{""arrive_hospital"": 81, ""arrive_scene"": 41, ""hospital_release"": 57, ""patient_arrival"": 44, ""reposition_complete"": 38, ""restock_complete"": 38, ""scene_complete"": 40, ""transfer_ready"": 67}",31.32021,12.67979,0.2881770349618877,69.51977564668546,13.170731707317072,31.92875,197.20956506440245,41,0.9318181818181818,44,44,3
Regional ER,99,2099,"{""cardiac"": {""expected_lost"": 14.064542849494964, ""expected_saved"": 0.9354571496991541, ""mean_response_minutes"": 90.75854854591923, ""mean_scene_minutes"": 12.0, ""mean_transport_minutes"": 37.800000000000004, ""p90_response_minutes"": 289.9348913577814, ""patients"": 15, ""response_count"": 13, ""response_minutes"": 1179.86113109695, ""scene_count"": 13, ""scene_minutes"": 156.0, ""transport_count"": 13, ""transport_minutes"": 491.4000000000001}, ""minor"": {""expected_lost"": 2.20269346452558, ""expected_saved"": 5.797306535474421, ""mean_response_minutes"": 48.53655649535353, ""mean_scene_minutes"": 10.0, ""mean_transport_minutes"": 38.285714285714285, ""p90_response_minutes"": 64.74335896125436, ""patients"": 8, ""response_count"": 7, ""response_minutes"": 339.7558954674747, ""scene_count"": 7, ""scene_minutes"": 70.0, ""transport_count"": 7, ""transport_minutes"": 268.0}, ""stroke"": {""expected_lost"": 10.80503713106555, ""expected_saved"": 4.19496286893445, ""mean_response_minutes"": 63.343033036665425, ""mean_scene_minutes"": 13.999999999999991, ""mean_transport_minutes"": 25.926923076923075, ""p90_response_minutes"": 140.6283352396921, ""patients"": 15, ""response_count"": 14, ""response_minutes"": 886.802462513316, ""scene_count"": 14, ""scene_minutes"": 195.9999999999999, ""transport_count"": 13, ""transport_minutes"": 337.04999999999995}, ""trauma"": {""expected_lost"": 11.451865680701998, ""expected_saved"": 0.548134319298002, ""mean_response_minutes"": 136.69295115042416, ""mean_scene_minutes"": 16.0, ""mean_transport_minutes"": 28.943749999999994, ""p90_response_minutes"": 336.8937392336685, ""patients"": 12, ""response_count"": 8, ""response_minutes"": 1093.5436092033933, ""scene_count"": 8, ""scene_minutes"": 128.0, ""transport_count"": 8, ""transport_minutes"": 231.54999999999995}}","{""arrive_hospital"": 92, ""arrive_scene"": 42, ""hospital_release"": 62, ""patient_arrival"": 50, ""reposition_complete"": 40, ""restock_complete"": 40, ""scene_complete"": 42, ""transfer_ready"": 72}",38.524139,11.475861,0.22951721746812054,83.33245472097941,13.095238095238093,32.390243902439025,250.59224123766273,42,0.84,50,50,8
